,t-SNE dimension 1,t-SNE dimension 2,label,file
0,-23.292503,0.5983364,4 (Classical),asap___Bach_Fugue_bwv_846_Shi05M
1,-29.984344,-1.2056962,4 (Classical),asap___Bach_Fugue_bwv_848_Denisova06M
2,-29.599125,-2.1141677,4 (Classical),asap___Bach_Fugue_bwv_848_Lee01M
3,-29.594488,-3.119569,4 (Classical),asap___Bach_Fugue_bwv_848_LeeSH01M
4,-29.884222,-2.0908682,4 (Classical),asap___Bach_Fugue_bwv_848_Lin04M
5,-29.861969,-2.3217666,4 (Classical),asap___Bach_Fugue_bwv_848_Lou01M
6,-30.342514,-4.131058,4 (Classical),asap___Bach_Fugue_bwv_848_MiyashitaM01M
7,-29.513174,-2.1453485,4 (Classical),asap___Bach_Fugue_bwv_848_Mizumoto03M
8,-30.05049,-3.010996,4 (Classical),asap___Bach_Fugue_bwv_848_SunY01M
9,-29.974945,-2.4026608,4 (Classical),asap___Bach_Fugue_bwv_848_Zhou01M
10,-30.516968,-3.7175925,4 (Classical),asap___Bach_Fugue_bwv_854_LuA01M
11,-30.45207,-3.0021133,4 (Classical),asap___Bach_Fugue_bwv_854_MiyashitaM01M
12,-29.499502,-1.794984,4 (Classical),asap___Bach_Fugue_bwv_854_Ozaki01M
13,-30.68654,-3.72371,4 (Classical),asap___Bach_Fugue_bwv_854_Richardson01M
14,-30.184313,-2.8026435,4 (Classical),asap___Bach_Fugue_bwv_854_WangA01M
15,-29.70953,-4.5860205,4 (Classical),asap___Bach_Fugue_bwv_856_LuoJ01M
16,-28.355524,-3.4762745,4 (Classical),asap___Bach_Fugue_bwv_857_Bult-ItoS02M
17,-28.424835,-2.5880344,4 (Classical),asap___Bach_Fugue_bwv_857_Lisiecki04M
18,-28.337702,-3.339717,4 (Classical),asap___Bach_Fugue_bwv_857_ToA01M
19,-27.90595,-3.672774,4 (Classical),asap___Bach_Fugue_bwv_857_WangA01M
20,-28.55039,-3.2010195,4 (Classical),asap___Bach_Fugue_bwv_857_YuP01M
21,-24.927109,-3.1677012,4 (Classical),asap___Bach_Fugue_bwv_858_VuV01M
22,-28.805353,-2.068538,4 (Classical),asap___Bach_Fugue_bwv_858_Zhang01M
23,-30.016712,-2.84051,4 (Classical),asap___Bach_Fugue_bwv_860_Ko04M
24,-29.535963,-2.7335646,4 (Classical),asap___Bach_Fugue_bwv_860_Nikiforov05M
25,-29.855984,-2.5846505,4 (Classical),asap___Bach_Fugue_bwv_860_Tetzloff04M
26,-30.033434,-3.1430774,4 (Classical),asap___Bach_Fugue_bwv_860_TuanS01M
27,-30.548971,-3.90701,4 (Classical),asap___Bach_Fugue_bwv_860_YoungS01M
28,-29.82454,-2.088382,4 (Classical),asap___Bach_Fugue_bwv_860_ZhangH04M
29,-26.932844,-2.4354098,4 (Classical),asap___Bach_Fugue_bwv_862_Song04M
30,-25.972752,-2.7893097,4 (Classical),asap___Bach_Fugue_bwv_863_LeeN01M
31,-25.923641,-1.7220695,4 (Classical),asap___Bach_Fugue_bwv_863_Shychko01M
32,-27.488047,-3.2935517,4 (Classical),asap___Bach_Fugue_bwv_863_TongB01M
33,-29.580864,-4.255381,4 (Classical),asap___Bach_Fugue_bwv_864_SunD01M
34,-29.581676,-2.2669833,4 (Classical),asap___Bach_Fugue_bwv_865_Teo01M
35,-29.977232,-3.248654,4 (Classical),asap___Bach_Fugue_bwv_865_ZhangE01M
36,-27.568434,-3.4884188,4 (Classical),asap___Bach_Fugue_bwv_867_HuNY01M
37,-26.66269,-1.9718724,4 (Classical),asap___Bach_Fugue_bwv_867_Sham01M
38,-27.935778,-2.6004727,4 (Classical),asap___Bach_Fugue_bwv_868_GonzalezJ05M
39,-29.801165,-3.6619577,4 (Classical),asap___Bach_Fugue_bwv_870_ChenW01M
40,-30.00357,-3.952225,4 (Classical),asap___Bach_Fugue_bwv_870_LeeE01M
41,-29.880688,-1.6253572,4 (Classical),asap___Bach_Fugue_bwv_870_MaximovI01M
42,-28.77803,-1.9995843,4 (Classical),asap___Bach_Fugue_bwv_873_Lisiecki13M
43,-25.108843,-1.6065336,4 (Classical),asap___Bach_Fugue_bwv_874_BianF01
44,-24.214235,-0.3159728,4 (Classical),asap___Bach_Fugue_bwv_874_Kurz01M
45,-23.635916,0.09739678,4 (Classical),asap___Bach_Fugue_bwv_874_WongWY01M
46,-28.12115,-2.4751742,4 (Classical),asap___Bach_Fugue_bwv_875_Ahfat01M
47,-29.125502,-3.2322655,4 (Classical),asap___Bach_Fugue_bwv_875_CaoJ01M
48,-27.913553,-3.3364916,4 (Classical),asap___Bach_Fugue_bwv_876_SirajA01M
49,-28.545563,-2.336954,4 (Classical),asap___Bach_Fugue_bwv_876_Song01M
50,-30.206417,-3.1621232,4 (Classical),asap___Bach_Fugue_bwv_880_LeungR01M
51,-29.78694,-2.0670836,4 (Classical),asap___Bach_Fugue_bwv_880_WangA04M
52,-27.496609,-3.2351089,4 (Classical),asap___Bach_Fugue_bwv_883_GuoE01M
53,-28.9079,-3.6366458,4 (Classical),asap___Bach_Fugue_bwv_883_Herbert02
54,-30.176235,-3.0905714,4 (Classical),asap___Bach_Fugue_bwv_883_KaiRuiR03
55,-27.020365,-2.5867295,4 (Classical),asap___Bach_Fugue_bwv_883_Khmara04
56,-29.510378,-4.6464267,4 (Classical),asap___Bach_Fugue_bwv_883_LuM01M
57,-30.115238,-3.0961413,4 (Classical),asap___Bach_Fugue_bwv_884_LiA01M
58,-29.420162,-2.2379446,4 (Classical),asap___Bach_Fugue_bwv_885_Guo01M
59,-29.018223,-2.7759278,4 (Classical),asap___Bach_Fugue_bwv_885_Huang04M
60,-29.349207,-5.003129,4 (Classical),asap___Bach_Fugue_bwv_885_JeonH01M
61,-29.891148,-2.3655665,4 (Classical),asap___Bach_Fugue_bwv_885_SINKEV06
62,-27.26834,-3.6828017,4 (Classical),asap___Bach_Fugue_bwv_887_LiYZ01M
63,-30.190325,-4.0744567,4 (Classical),asap___Bach_Fugue_bwv_888_ZhaoK01M
64,-29.548574,-2.3288755,4 (Classical),asap___Bach_Fugue_bwv_889_Giesbrecht01M
65,-29.633501,-2.955844,4 (Classical),asap___Bach_Fugue_bwv_889_LiuY01M
66,-21.41484,-3.8466542,4 (Classical),asap___Bach_Fugue_bwv_889_MunA01M
67,-28.884966,-1.9005914,4 (Classical),asap___Bach_Fugue_bwv_889_Wang01M
68,-29.815844,-3.3458564,4 (Classical),asap___Bach_Fugue_bwv_889_YangY02M
69,-29.386139,-3.368816,4 (Classical),asap___Bach_Fugue_bwv_889_ZhangW02M
70,-28.729918,-2.58554,4 (Classical),asap___Bach_Fugue_bwv_891_Duepree06M
71,-26.153343,-1.4361992,4 (Classical),asap___Bach_Fugue_bwv_892_Hou01M
72,-26.347797,-3.1390693,4 (Classical),asap___Bach_Fugue_bwv_892_KabuliL01M
73,-29.549395,-1.6919264,4 (Classical),asap___Bach_Fugue_bwv_893_Kleisen04M
74,-30.309774,-2.133208,4 (Classical),asap___Bach_Fugue_bwv_893_Levitsky04M
75,-29.138962,-5.0598993,4 (Classical),asap___Bach_Fugue_bwv_893_Wong01M
76,-21.14861,3.4371898,4 (Classical),asap___Bach_Prelude_bwv_846_Shi05M
77,-30.396307,-1.1676503,4 (Classical),asap___Bach_Prelude_bwv_848_Denisova06M
78,-30.10587,-2.0973206,4 (Classical),asap___Bach_Prelude_bwv_848_Lee01M
79,-30.746014,-2.811145,4 (Classical),asap___Bach_Prelude_bwv_848_LeeSH01M
80,-30.164276,-1.8277171,4 (Classical),asap___Bach_Prelude_bwv_848_Lin04M
81,-30.241404,-1.8536289,4 (Classical),asap___Bach_Prelude_bwv_848_Lou01M
82,-30.797039,-4.0478992,4 (Classical),asap___Bach_Prelude_bwv_848_MiyashitaM01M
83,-29.710152,-1.605473,4 (Classical),asap___Bach_Prelude_bwv_848_Mizumoto03M
84,-30.960403,-2.8004522,4 (Classical),asap___Bach_Prelude_bwv_848_SunY01M
85,-30.52875,-2.1317773,4 (Classical),asap___Bach_Prelude_bwv_848_Zhou01M
86,-28.051748,-4.154007,4 (Classical),asap___Bach_Prelude_bwv_854_LuA01M
87,-28.806181,-3.4853225,4 (Classical),asap___Bach_Prelude_bwv_854_MiyashitaM01M
88,-26.938988,-2.1136353,4 (Classical),asap___Bach_Prelude_bwv_854_Ozaki01M
89,-27.594786,-3.7190783,4 (Classical),asap___Bach_Prelude_bwv_854_Richardson01M
90,-27.974117,-3.6230807,4 (Classical),asap___Bach_Prelude_bwv_854_WangA01M
91,-30.659557,-4.054751,4 (Classical),asap___Bach_Prelude_bwv_856_LuoJ01M
92,-28.506462,-3.8280795,4 (Classical),asap___Bach_Prelude_bwv_857_Bult-ItoS02M
93,-25.994234,-1.591261,4 (Classical),asap___Bach_Prelude_bwv_857_Lan01M
94,-27.51696,-2.9473324,4 (Classical),asap___Bach_Prelude_bwv_857_Lisiecki04M
95,-27.87888,-3.368769,4 (Classical),asap___Bach_Prelude_bwv_857_ToA01M
96,-27.692709,-3.7810786,4 (Classical),asap___Bach_Prelude_bwv_857_WangA01M
97,-28.223541,-3.4597447,4 (Classical),asap___Bach_Prelude_bwv_857_YuP01M
98,-28.086391,-4.3727984,4 (Classical),asap___Bach_Prelude_bwv_858_VuV01M
99,-29.52033,-2.9423254,4 (Classical),asap___Bach_Prelude_bwv_858_Zhang01M
100,-30.009062,-2.0353618,4 (Classical),asap___Bach_Prelude_bwv_860_Ko04M
101,-29.892979,-1.5619773,4 (Classical),asap___Bach_Prelude_bwv_860_Nikiforov05M
102,-29.827242,-1.3988411,4 (Classical),asap___Bach_Prelude_bwv_860_Tetzloff04M
103,-30.677586,-2.820379,4 (Classical),asap___Bach_Prelude_bwv_860_TuanS01M
104,-31.004501,-4.315889,4 (Classical),asap___Bach_Prelude_bwv_860_YoungS01M
105,-29.95422,-1.3149134,4 (Classical),asap___Bach_Prelude_bwv_860_ZhangH04M
106,-29.086773,-1.6142639,4 (Classical),asap___Bach_Prelude_bwv_862_Song04M
107,-27.115677,-3.544105,4 (Classical),asap___Bach_Prelude_bwv_863_LeeN01M
108,-24.623547,-0.28668413,4 (Classical),asap___Bach_Prelude_bwv_863_Shychko01M
109,-28.193369,-2.8505247,4 (Classical),asap___Bach_Prelude_bwv_863_TongB01M
110,-30.370049,-4.011611,4 (Classical),asap___Bach_Prelude_bwv_864_SunD01M
111,-29.684446,-2.2265575,4 (Classical),asap___Bach_Prelude_bwv_865_Rizikov01M
112,-29.529457,-1.5648676,4 (Classical),asap___Bach_Prelude_bwv_865_Teo01M
113,-30.387083,-2.8970387,4 (Classical),asap___Bach_Prelude_bwv_865_ZhangE01M
114,-23.132809,-0.16952518,4 (Classical),asap___Bach_Prelude_bwv_867_HuNY01M
115,-23.717716,-1.3017812,4 (Classical),asap___Bach_Prelude_bwv_867_Sham01M
116,-28.576057,-2.8944273,4 (Classical),asap___Bach_Prelude_bwv_868_GonzalezJ05M
117,-26.979424,-3.8793244,4 (Classical),asap___Bach_Prelude_bwv_870_ChenW01M
118,-28.058292,-3.6398365,4 (Classical),asap___Bach_Prelude_bwv_870_LeeE01M
119,-29.180117,-2.5321767,4 (Classical),asap___Bach_Prelude_bwv_870_MaximovI01M
120,-27.340998,-3.2311766,4 (Classical),asap___Bach_Prelude_bwv_873_Lisiecki13M
121,-29.392872,-2.1633005,4 (Classical),asap___Bach_Prelude_bwv_874_BianF01M
122,-29.762447,-4.5476084,4 (Classical),asap___Bach_Prelude_bwv_874_WongWY01M
123,-30.00551,-2.0487578,4 (Classical),asap___Bach_Prelude_bwv_875_Ahfat01M
124,-30.915487,-3.1348734,4 (Classical),asap___Bach_Prelude_bwv_875_CaoJ01M
125,-30.20947,-2.0057688,4 (Classical),asap___Bach_Prelude_bwv_875_HONG04M
126,-30.02073,-3.3937037,4 (Classical),asap___Bach_Prelude_bwv_876_SirajA01M
127,-29.342407,-2.5127494,4 (Classical),asap___Bach_Prelude_bwv_876_Song01M
128,-28.037056,-3.3344133,4 (Classical),asap___Bach_Prelude_bwv_880_LeungR01M
129,-26.340776,-1.7599767,4 (Classical),asap___Bach_Prelude_bwv_880_WangA04M
130,-27.725721,-3.3966622,4 (Classical),asap___Bach_Prelude_bwv_883_GuoE01M
131,-27.895807,-4.0611415,4 (Classical),asap___Bach_Prelude_bwv_883_LuM01M
132,-30.7668,-3.092387,4 (Classical),asap___Bach_Prelude_bwv_884_LiA01M
133,-24.424307,-0.6755561,4 (Classical),asap___Bach_Prelude_bwv_885_Guo01M
134,-27.274868,-2.6835747,4 (Classical),asap___Bach_Prelude_bwv_885_Huang04M
135,-24.021748,-1.7124121,4 (Classical),asap___Bach_Prelude_bwv_885_JeonH01M
136,-26.418798,-2.4401777,4 (Classical),asap___Bach_Prelude_bwv_885_SINKEV06
137,-29.795624,-4.913045,4 (Classical),asap___Bach_Prelude_bwv_887_LiYZ01M
138,-27.880121,-3.96494,4 (Classical),asap___Bach_Prelude_bwv_888_ZhaoK01M
139,-28.349844,-2.5719652,4 (Classical),asap___Bach_Prelude_bwv_889_Giesbrecht01M
140,-28.581385,-3.414219,4 (Classical),asap___Bach_Prelude_bwv_889_LiuY01M
141,-28.827024,-4.3191967,4 (Classical),asap___Bach_Prelude_bwv_889_MunA01M
142,-28.653357,-2.9764273,4 (Classical),asap___Bach_Prelude_bwv_889_Wang01M
143,-28.654434,-3.4501426,4 (Classical),asap___Bach_Prelude_bwv_889_YangY02M
144,-28.83856,-3.258546,4 (Classical),asap___Bach_Prelude_bwv_889_ZhangW02M
145,-28.903017,-2.4435697,4 (Classical),asap___Bach_Prelude_bwv_891_BLINOV04M
146,-28.721983,-2.29615,4 (Classical),asap___Bach_Prelude_bwv_891_Duepree06M
147,-29.667717,-2.334141,4 (Classical),asap___Bach_Prelude_bwv_892_Hou01M
148,-30.06188,-3.1069381,4 (Classical),asap___Bach_Prelude_bwv_892_KabuliL01M
149,-28.874447,-2.859376,4 (Classical),asap___Bach_Prelude_bwv_893_Kleisen04M
150,-28.686285,-2.347629,4 (Classical),asap___Bach_Prelude_bwv_893_Levitsky04M
151,-28.242228,-4.014219,4 (Classical),asap___Bach_Prelude_bwv_893_Wong01M
152,-27.765394,-1.170014,4 (Classical),asap___Balakirev_Islamey_CHEN10M
153,-25.863792,-0.544457,4 (Classical),asap___Balakirev_Islamey_Na08M
154,-26.936487,-1.5737735,4 (Classical),asap___Balakirev_Islamey_Yi04M
155,-28.38729,-2.7476892,4 (Classical),asap___Beethoven_Piano_Sonatas_10-1_Hou02M
156,-29.7681,-2.8019886,4 (Classical),asap___Beethoven_Piano_Sonatas_11-1_LiC03M
157,-25.041264,-0.11507,4 (Classical),asap___Beethoven_Piano_Sonatas_11-1_LiYZ03M
158,-29.232634,-1.5173255,4 (Classical),asap___Beethoven_Piano_Sonatas_11-1_MaximovI02M
159,-28.825912,-2.0775285,4 (Classical),asap___Beethoven_Piano_Sonatas_11-1_ZhaoK02M
160,-26.738897,-2.015474,4 (Classical),asap___Beethoven_Piano_Sonatas_12-1_Kleisen05M
161,-25.267782,0.25581485,4 (Classical),asap___Beethoven_Piano_Sonatas_16-1_BuiJL02M
162,-25.2948,0.31785053,4 (Classical),asap___Beethoven_Piano_Sonatas_16-1_Khmara05M
163,-26.170074,0.056280054,4 (Classical),asap___Beethoven_Piano_Sonatas_16-1_LeeSH02M
164,-27.40043,-0.47383136,4 (Classical),asap___Beethoven_Piano_Sonatas_16-1_LuoJ03M
165,-27.460863,-0.7211208,4 (Classical),asap___Beethoven_Piano_Sonatas_16-1_Woo05M
166,-26.104233,-2.3727078,4 (Classical),asap___Beethoven_Piano_Sonatas_17-1_KaszoS09M
167,-27.911192,-1.0415714,4 (Classical),asap___Beethoven_Piano_Sonatas_17-1_no_repeat_GuoE02M
168,-27.527035,-0.60631394,4 (Classical),asap___Beethoven_Piano_Sonatas_17-1_no_repeat_KabuliL02M
169,-20.65342,-2.2642558,4 (Classical),asap___Beethoven_Piano_Sonatas_17-1_no_repeat_Richardson02M
170,-27.688904,-0.7863764,4 (Classical),asap___Beethoven_Piano_Sonatas_17-1_no_repeat_TuanS02M
171,-26.690765,-0.098331146,4 (Classical),asap___Beethoven_Piano_Sonatas_17-1_no_repeat_WangH03M
172,-25.159931,-1.9061313,4 (Classical),asap___Beethoven_Piano_Sonatas_17-2_USHIKI05M
173,-28.96892,-2.4579856,4 (Classical),asap___Beethoven_Piano_Sonatas_17-3_KaszoS11M
174,-28.39343,-1.5813539,4 (Classical),asap___Beethoven_Piano_Sonatas_17-3_USHIKI05M
175,-28.49904,-0.9182604,4 (Classical),asap___Beethoven_Piano_Sonatas_18-1_ChenGuang03M
176,-28.769255,-1.4913518,4 (Classical),asap___Beethoven_Piano_Sonatas_18-1_KOLESO06M
177,-29.273628,-4.073743,4 (Classical),asap___Beethoven_Piano_Sonatas_18-1_LeungR02M
178,-29.409248,-2.6994333,4 (Classical),asap___Beethoven_Piano_Sonatas_18-1_Levitsky05M
179,-28.443346,-1.2683287,4 (Classical),asap___Beethoven_Piano_Sonatas_18-1_ZhangH05M
180,-26.72675,-0.783709,4 (Classical),asap___Beethoven_Piano_Sonatas_18-4_ChenGuang06M
181,-28.207361,-0.59721464,4 (Classical),asap___Beethoven_Piano_Sonatas_18-4_KOLESO06M
182,-27.138374,-0.93985087,4 (Classical),asap___Beethoven_Piano_Sonatas_21-1_KaiRuiR02M
183,-24.58769,4.1143923,4 (Classical),asap___Beethoven_Piano_Sonatas_21-1_Sekino05M
184,-24.71474,4.041861,4 (Classical),asap___Beethoven_Piano_Sonatas_21-1_no_repeat_GonzalezJ06M
185,-24.753891,3.9734411,4 (Classical),asap___Beethoven_Piano_Sonatas_21-1_no_repeat_KimSY02M
186,-24.715961,4.462437,4 (Classical),asap___Beethoven_Piano_Sonatas_21-1_no_repeat_LeeN02M
187,-24.70375,4.5704203,4 (Classical),asap___Beethoven_Piano_Sonatas_21-1_no_repeat_RichardsonC02M
188,-24.81564,3.9640007,4 (Classical),asap___Beethoven_Piano_Sonatas_21-1_no_repeat_Shychko02M
189,-24.775625,4.118883,4 (Classical),asap___Beethoven_Piano_Sonatas_21-1_no_repeat_Sladek02M
190,-24.62209,4.219669,4 (Classical),asap___Beethoven_Piano_Sonatas_21-1_no_repeat_Song03M
191,-24.70601,4.2423015,4 (Classical),asap___Beethoven_Piano_Sonatas_21-1_no_repeat_SunY02M
192,-24.461123,4.1643305,4 (Classical),asap___Beethoven_Piano_Sonatas_21-1_no_repeat_Tetzloff05M
193,-24.669819,4.302152,4 (Classical),asap___Beethoven_Piano_Sonatas_21-1_no_repeat_ToA02M
194,-24.71143,4.1289067,4 (Classical),asap___Beethoven_Piano_Sonatas_21-1_no_repeat_TongB03M
195,-24.68478,4.28519,4 (Classical),asap___Beethoven_Piano_Sonatas_21-1_no_repeat_WangA02M
196,-24.653229,4.3585453,4 (Classical),asap___Beethoven_Piano_Sonatas_21-1_no_repeat_YeZ02M
197,-24.707392,4.1995387,4 (Classical),asap___Beethoven_Piano_Sonatas_21-1_no_repeat_ZhangW01M
198,-24.277107,-1.8088185,4 (Classical),asap___Beethoven_Piano_Sonatas_21-2_YOO05M
199,-27.557966,-2.222856,4 (Classical),asap___Beethoven_Piano_Sonatas_21-3_KimSY04M
200,-25.1636,-1.4374717,4 (Classical),asap___Beethoven_Piano_Sonatas_21-3_Sekino05M
201,-26.216497,-1.9149636,4 (Classical),asap___Beethoven_Piano_Sonatas_21-3_YOO05M
202,-29.187931,-1.6356382,4 (Classical),asap___Beethoven_Piano_Sonatas_22-2_KOLESO04M
203,-23.6515,-0.28903216,4 (Classical),asap___Beethoven_Piano_Sonatas_23-1_Duepree05M
204,-25.427658,0.22737786,4 (Classical),asap___Beethoven_Piano_Sonatas_23-1_Guo03M
205,-26.513454,-0.13705124,4 (Classical),asap___Beethoven_Piano_Sonatas_23-1_LiuC02M
206,-26.157152,0.19985697,4 (Classical),asap___Beethoven_Piano_Sonatas_23-1_Mizumoto06M
207,-26.510023,-0.88780224,4 (Classical),asap___Beethoven_Piano_Sonatas_23-1_Teo02M
208,-25.936153,0.21787782,4 (Classical),asap___Beethoven_Piano_Sonatas_23-1_Yi02M
209,-24.035103,-2.239122,4 (Classical),asap___Beethoven_Piano_Sonatas_24-1_Lisiecki05M
210,-28.675882,-1.8626062,4 (Classical),asap___Beethoven_Piano_Sonatas_24-1_no_2_repeat_Cui06M
211,-28.348415,-2.1024952,4 (Classical),asap___Beethoven_Piano_Sonatas_24-1_no_2_repeat_DeTurck06M
212,-29.543158,-2.9438045,4 (Classical),asap___Beethoven_Piano_Sonatas_24-1_no_repeat_Lou02M
213,-22.884188,-2.0268369,4 (Classical),asap___Beethoven_Piano_Sonatas_24-2_Lisiecki05M
214,-22.28383,-2.410204,4 (Classical),asap___Beethoven_Piano_Sonatas_26-1_HuNY02M
215,-26.145285,-1.9573224,4 (Classical),asap___Beethoven_Piano_Sonatas_26-1_Sham03M
216,-24.339611,-2.236862,4 (Classical),asap___Beethoven_Piano_Sonatas_26-1_Zhdanov05M
217,-27.344156,-1.699664,4 (Classical),asap___Beethoven_Piano_Sonatas_26-1_no_repeat_Kim02M
218,-23.383883,-1.8392156,4 (Classical),asap___Beethoven_Piano_Sonatas_26-2_HONG05M
219,-23.16382,-1.6356395,4 (Classical),asap___Beethoven_Piano_Sonatas_26-2_LEE_K05M
220,-29.159845,-2.4148915,4 (Classical),asap___Beethoven_Piano_Sonatas_26-3_HONG05M
221,-27.459175,-0.71119034,4 (Classical),asap___Beethoven_Piano_Sonatas_26-3_Zhdanov05M
222,-27.079266,-2.4508946,4 (Classical),asap___Beethoven_Piano_Sonatas_27-1_GiacomelliN04M
223,-26.48131,-2.3282626,4 (Classical),asap___Beethoven_Piano_Sonatas_27-1_Ko05M
224,-27.546032,-2.4463644,4 (Classical),asap___Beethoven_Piano_Sonatas_27-1_MiyashitaM02M
225,-23.9385,0.13836645,4 (Classical),asap___Beethoven_Piano_Sonatas_27-2_GiacomelliN05M
226,-24.826702,-1.6853814,4 (Classical),asap___Beethoven_Piano_Sonatas_28-1_KimHJ02M
227,-25.697147,-2.198106,4 (Classical),asap___Beethoven_Piano_Sonatas_28-1_KyykhynenT06M
228,-26.648918,-2.4449835,4 (Classical),asap___Beethoven_Piano_Sonatas_28-1_WangY04M
229,-21.799755,-1.0452439,4 (Classical),asap___Beethoven_Piano_Sonatas_3-2_MiyashitaM04M
230,-24.471304,-0.06497221,4 (Classical),asap___Beethoven_Piano_Sonatas_31-1_ADIG05M
231,-24.281326,-0.22191712,4 (Classical),asap___Beethoven_Piano_Sonatas_31-1_AbdelmoulaJS03M
232,-23.794159,0.022024617,4 (Classical),asap___Beethoven_Piano_Sonatas_31-1_Ahfat02M
233,-24.229828,0.24031852,4 (Classical),asap___Beethoven_Piano_Sonatas_31-1_BrendleA03M
234,-24.336954,0.24245231,4 (Classical),asap___Beethoven_Piano_Sonatas_31-1_HuangSW08M
235,-24.202024,-0.41550186,4 (Classical),asap___Beethoven_Piano_Sonatas_31-1_LeungM03M
236,-24.182636,0.06472319,4 (Classical),asap___Beethoven_Piano_Sonatas_31-1_Na06M
237,-25.048086,-0.7658971,4 (Classical),asap___Beethoven_Piano_Sonatas_31-1_Zuber04M
238,-23.895472,-2.5053294,4 (Classical),asap___Beethoven_Piano_Sonatas_31-2_ADIG05M
239,-29.195114,-1.1257445,4 (Classical),asap___Beethoven_Piano_Sonatas_32-1_DupreeF03M
240,-29.047268,-1.6178316,4 (Classical),asap___Beethoven_Piano_Sonatas_32-1_HouY04M
241,-27.218575,-0.81009716,4 (Classical),asap___Beethoven_Piano_Sonatas_32-1_Jussow06M
242,-23.258541,-1.1709418,4 (Classical),asap___Beethoven_Piano_Sonatas_4-1_Chon03M
243,-20.120735,-2.126905,4 (Classical),asap___Beethoven_Piano_Sonatas_4-1_LeeE02M
244,-23.85064,-2.3210719,4 (Classical),asap___Beethoven_Piano_Sonatas_4-1_LiA04M
245,-21.889755,-2.2451646,4 (Classical),asap___Beethoven_Piano_Sonatas_4-1_SirajA02M
246,-26.873774,-2.5124848,4 (Classical),asap___Beethoven_Piano_Sonatas_5-1_Colafelice02M
247,-24.901869,-1.476227,4 (Classical),asap___Beethoven_Piano_Sonatas_5-1_SunD02M
248,-25.995975,-0.1761042,4 (Classical),asap___Beethoven_Piano_Sonatas_7-1_Hebert01M
249,-25.870522,-0.26907086,4 (Classical),asap___Beethoven_Piano_Sonatas_7-1_Larionova04M
250,-28.05433,-1.565011,4 (Classical),asap___Beethoven_Piano_Sonatas_7-1_LeeS02M
251,-25.964527,-0.5410394,4 (Classical),asap___Beethoven_Piano_Sonatas_7-1_Wang02M
252,-28.993807,-1.8312271,4 (Classical),asap___Beethoven_Piano_Sonatas_7-1_WangY01M
253,-25.662212,0.19498295,4 (Classical),asap___Beethoven_Piano_Sonatas_7-1_ZhangE02M
254,-24.275463,-2.150358,4 (Classical),asap___Beethoven_Piano_Sonatas_7-4_Larionova04M
255,-24.226042,-1.9125352,4 (Classical),asap___Beethoven_Piano_Sonatas_7-4_LeeS05M
256,-21.92525,-0.17422824,4 (Classical),asap___Beethoven_Piano_Sonatas_8-1_Na06M
257,-28.381433,-0.9272766,4 (Classical),asap___Beethoven_Piano_Sonatas_8-3_Na06M
258,-24.621254,-0.05679178,4 (Classical),asap___Beethoven_Piano_Sonatas_9-1_Tysman05M
259,-29.43677,-1.6890885,4 (Classical),asap___Beethoven_Piano_Sonatas_9-3_Tysman05M
260,-21.952572,-1.1287497,4 (Classical),asap___Chopin_Ballades_1_BuiJL04M
261,-21.894716,-0.7609971,4 (Classical),asap___Chopin_Ballades_1_JIA06M
262,-22.712856,-0.55842936,4 (Classical),asap___Chopin_Ballades_1_KimSuyeon04M
263,-21.623014,-0.81017804,4 (Classical),asap___Chopin_Ballades_1_Mo07M
264,-22.58187,-0.09480321,4 (Classical),asap___Chopin_Ballades_1_MunA19M
265,-21.344675,-0.9941732,4 (Classical),asap___Chopin_Ballades_1_Richardson13M
266,-22.287579,-1.154184,4 (Classical),asap___Chopin_Ballades_1_Sladek04M
267,-24.441172,-0.010109197,4 (Classical),asap___Chopin_Ballades_1_Zhou06M
268,-24.456112,-1.5650659,4 (Classical),asap___Chopin_Ballades_3_Ko11M
269,-22.316008,-0.15904169,4 (Classical),asap___Chopin_Ballades_3_LinPeng06M
270,-28.448296,-2.7242541,4 (Classical),asap___Chopin_Ballades_4_ChenC04M
271,-28.832426,-3.128006,4 (Classical),asap___Chopin_Ballades_4_Kociuban07M
272,-25.18837,-1.6127207,4 (Classical),asap___Chopin_Ballades_4_Levitsky18M
273,-25.89548,-2.5218947,4 (Classical),asap___Chopin_Ballades_4_LuEric04M
274,-29.054342,-2.8215392,4 (Classical),asap___Chopin_Ballades_4_MiyashitaM04M
275,-27.677217,-2.2681596,4 (Classical),asap___Chopin_Ballades_4_Mizumoto02M
276,-27.989494,-2.3100307,4 (Classical),asap___Chopin_Ballades_4_Nikiforov13M
277,-24.756865,-0.4553066,4 (Classical),asap___Chopin_Barcarolle_LeeSH05M
278,-23.471502,0.35050884,4 (Classical),asap___Chopin_Barcarolle_Na09M
279,-26.60685,-2.0579903,4 (Classical),asap___Chopin_Barcarolle_Ozel10M
280,-25.44373,-1.6778204,4 (Classical),asap___Chopin_Barcarolle_Park10M
281,-28.186192,-1.8634412,4 (Classical),asap___Chopin_Barcarolle_Rozanski07M
282,-26.201048,-2.3446105,4 (Classical),asap___Chopin_Berceuse_op_57_LeungM07M
283,-28.497984,-3.563584,4 (Classical),asap___Chopin_Berceuse_op_57_MiyashitaM06M
284,-27.66038,-1.9459945,4 (Classical),asap___Chopin_Berceuse_op_57_Tario07M
285,-23.114365,-0.011044808,4 (Classical),asap___Chopin_Berceuse_op_57_Teo11M
286,-24.932959,-2.2175543,4 (Classical),asap___Chopin_Berceuse_op_57_ZhangE09M
287,-28.481848,-2.1990166,4 (Classical),asap___Chopin_Etudes_op_10_10_WangH02M
288,-26.493721,-0.48697475,4 (Classical),asap___Chopin_Etudes_op_10_12_Bult-ItoS04M
289,-21.683958,-1.5895904,4 (Classical),asap___Chopin_Etudes_op_10_12_HuNY03M
290,-25.470772,0.06206594,4 (Classical),asap___Chopin_Etudes_op_10_12_LuoJ08M
291,-24.739843,0.54693335,4 (Classical),asap___Chopin_Etudes_op_10_12_WuuE06M
292,-27.121098,-0.78775805,4 (Classical),asap___Chopin_Etudes_op_10_12_ZhangYunling02M
293,-25.78978,-0.25160664,4 (Classical),asap___Chopin_Etudes_op_10_1_ChenW03M
294,-26.085491,-0.514451,4 (Classical),asap___Chopin_Etudes_op_10_1_KaiRuiR03M
295,-26.648258,-0.4989579,4 (Classical),asap___Chopin_Etudes_op_10_1_LiYZ02M
296,-22.329329,-2.9466372,4 (Classical),asap___Chopin_Etudes_op_10_1_LuM02M
297,-25.364706,-0.13616404,4 (Classical),asap___Chopin_Etudes_op_10_1_MunA07M
298,-26.811651,-0.6902077,4 (Classical),asap___Chopin_Etudes_op_10_1_SunY03M
299,-25.217876,0.17131999,4 (Classical),asap___Chopin_Etudes_op_10_1_YeF03M
300,-27.225092,-0.9566975,4 (Classical),asap___Chopin_Etudes_op_10_1_YuP02M
301,-20.96152,-3.182027,4 (Classical),asap___Chopin_Etudes_op_10_2_Hebert03M
302,-21.311045,-3.6228812,4 (Classical),asap___Chopin_Etudes_op_10_2_JeonH02M
303,-28.45987,-1.5013177,4 (Classical),asap___Chopin_Etudes_op_10_4_Duepree06M
304,-21.656479,-3.217658,4 (Classical),asap___Chopin_Etudes_op_10_4_Knoll03M
305,-28.446108,-1.3718889,4 (Classical),asap___Chopin_Etudes_op_10_4_Kurz03M
306,-29.940487,-2.207103,4 (Classical),asap___Chopin_Etudes_op_10_4_LeeSH03M
307,-21.609919,-3.191814,4 (Classical),asap___Chopin_Etudes_op_10_4_Richardson_2013_03M
308,-28.3072,-1.4177101,4 (Classical),asap___Chopin_Etudes_op_10_4_Sladek03M
309,-28.425661,-1.0750667,4 (Classical),asap___Chopin_Etudes_op_10_4_Yi03M
310,-30.479723,-2.0756934,4 (Classical),asap___Chopin_Etudes_op_10_4_ZhangE03M
311,-30.249258,-2.470767,4 (Classical),asap___Chopin_Etudes_op_10_4_ZhaoA03M
312,-27.479137,-1.533918,4 (Classical),asap___Chopin_Etudes_op_10_5_LiA03M
313,-27.721012,-1.5143324,4 (Classical),asap___Chopin_Etudes_op_10_5_LiC02M
314,-27.511963,-1.6537935,4 (Classical),asap___Chopin_Etudes_op_10_5_ZhangW03M
315,-26.684694,-0.48047802,4 (Classical),asap___Chopin_Etudes_op_10_8_KyykhynenT09M
316,-25.243914,-0.25710383,4 (Classical),asap___Chopin_Etudes_op_10_8_Lou03M
317,-30.187496,-4.6214123,4 (Classical),asap___Chopin_Etudes_op_10_8_LuEric03M
318,-27.588137,-1.3215748,4 (Classical),asap___Chopin_Etudes_op_10_8_MiyashitaM05M
319,-26.137964,-0.7868979,4 (Classical),asap___Chopin_Etudes_op_10_8_Rizikov03M
320,-25.96966,-0.9525764,4 (Classical),asap___Chopin_Etudes_op_10_8_Tetzloff07M
321,-27.909517,-0.9511461,4 (Classical),asap___Chopin_Etudes_op_10_8_Zhou03M
322,-27.201185,-2.5900514,4 (Classical),asap___Chopin_Etudes_op_25_10_Guo02M
323,-27.386686,-3.3875475,4 (Classical),asap___Chopin_Etudes_op_25_10_Ozel05M
324,-26.679571,-2.6994956,4 (Classical),asap___Chopin_Etudes_op_25_10_WangA03M
325,-27.291965,-1.3229189,4 (Classical),asap___Chopin_Etudes_op_25_11_KimSuyeon03M
326,-27.426224,-1.3964657,4 (Classical),asap___Chopin_Etudes_op_25_11_KyykhynenT10M
327,-26.599323,-1.0424099,4 (Classical),asap___Chopin_Etudes_op_25_11_Lisiecki07M
328,-27.235212,-1.1223652,4 (Classical),asap___Chopin_Etudes_op_25_11_MiyashitaM03M
329,-25.45412,-0.2819681,4 (Classical),asap___Chopin_Etudes_op_25_11_Richardson_2013_08M
330,-26.786448,-0.96992177,4 (Classical),asap___Chopin_Etudes_op_25_11_Richardson_2015_03M
331,-26.121664,-0.69268197,4 (Classical),asap___Chopin_Etudes_op_25_11_Sham02M
332,-26.640436,-0.9345121,4 (Classical),asap___Chopin_Etudes_op_25_11_Shychko03M
333,-26.055979,-0.6796615,4 (Classical),asap___Chopin_Etudes_op_25_11_Song02M
334,-27.125702,-1.3539076,4 (Classical),asap___Chopin_Etudes_op_25_11_WangA02M
335,-24.879807,0.6316043,4 (Classical),asap___Chopin_Etudes_op_25_12_BorickC04M
336,-24.840271,0.42908853,4 (Classical),asap___Chopin_Etudes_op_25_12_HouKimberly03M
337,-25.077951,0.5558561,4 (Classical),asap___Chopin_Etudes_op_25_12_LuA04M
338,-23.723986,0.1530252,4 (Classical),asap___Chopin_Etudes_op_25_1_LeeN03M
339,-27.525682,-1.5190498,4 (Classical),asap___Chopin_Etudes_op_25_1_TongB02M
340,-24.982777,-0.47211924,4 (Classical),asap___Chopin_Etudes_op_25_1_TuanS04M
341,-21.651793,-1.7107924,4 (Classical),asap___Chopin_Etudes_op_25_1_Wong03M
342,-23.7026,-0.80608183,4 (Classical),asap___Chopin_Scherzos_20_Kurz04M
343,-24.641182,-1.7039938,4 (Classical),asap___Chopin_Scherzos_20_Wong04M
344,-21.475136,2.1548226,4 (Classical),asap___Chopin_Scherzos_20_ZhangYunling04M
345,-22.08601,0.33433732,4 (Classical),asap___Chopin_Scherzos_31_ChenW04M
346,-23.83824,-1.9322474,4 (Classical),asap___Chopin_Scherzos_31_HuNY08M
347,-23.86957,-1.8201689,4 (Classical),asap___Chopin_Scherzos_31_Jussow11M
348,-22.273766,-0.4252005,4 (Classical),asap___Chopin_Scherzos_31_LeeN04M
349,-22.805998,-1.0320332,4 (Classical),asap___Chopin_Scherzos_31_LinTami06M
350,-20.176126,-2.5232553,4 (Classical),asap___Chopin_Scherzos_31_LuoJ12M
351,-22.800804,-1.331852,4 (Classical),asap___Chopin_Scherzos_31_SunD04M
352,-24.386473,-1.7700486,4 (Classical),asap___Chopin_Scherzos_31_TongB04M
353,-24.762238,-1.9752777,4 (Classical),asap___Chopin_Scherzos_31_TuanS05M
354,-24.407087,-1.5599754,4 (Classical),asap___Chopin_Scherzos_31_ZhangW04M
355,-24.040104,-0.8530332,4 (Classical),asap___Chopin_Scherzos_39_Arciglione13M
356,-21.5298,-1.7928132,4 (Classical),asap___Chopin_Scherzos_39_Bult-ItoS05M
357,-27.676476,-0.82383406,4 (Classical),asap___Chopin_Sonata_2_4th_KaszoS16M
358,-28.302496,-1.147121,4 (Classical),asap___Chopin_Sonata_3_4th_GarritsonL11M
359,-28.236376,-1.8133165,4 (Classical),asap___Chopin_Sonata_3_4th_HuangSW06M
360,-28.130884,-1.4971267,4 (Classical),asap___Chopin_Sonata_3_4th_KimSJ10M
361,-27.94003,-1.9612275,4 (Classical),asap___Chopin_Sonata_3_4th_KimSY23M
362,-24.383307,-0.27929276,4 (Classical),asap___Debussy_Images_Book_1_1_Reflets_dans_lEau_Kleisen11M
363,-23.892393,0.62155735,4 (Classical),asap___Debussy_Images_Book_1_1_Reflets_dans_lEau_ParkJH13M
364,-24.44756,-2.5776525,4 (Classical),asap___Haydn_Keyboard_Sonatas_31-1_Song05M
365,-29.342386,-1.8405844,4 (Classical),asap___Haydn_Keyboard_Sonatas_39-1_Yarden07M
366,-29.712217,-2.7249663,4 (Classical),asap___Haydn_Keyboard_Sonatas_39-3_Yarden07M
367,-31.104784,-4.472054,4 (Classical),asap___Haydn_Keyboard_Sonatas_46-1_WongWY02M
368,-30.936842,-3.3224134,4 (Classical),asap___Haydn_Keyboard_Sonatas_46-1_YuP03M
369,-26.523024,-2.9944131,4 (Classical),asap___Haydn_Keyboard_Sonatas_48-1_GarritsonL02M
370,-25.92007,-3.2079768,4 (Classical),asap___Haydn_Keyboard_Sonatas_48-1_PrjevalskayaM02M
371,-30.273642,-1.5749288,4 (Classical),asap___Haydn_Keyboard_Sonatas_48-2_GarritsonL03M
372,-29.723995,-1.7403985,4 (Classical),asap___Haydn_Keyboard_Sonatas_48-2_PrjevalskayaM03M
373,-25.444357,-2.909699,4 (Classical),asap___Haydn_Keyboard_Sonatas_50-1_no_repeat_GalantM02M
374,-24.201973,-3.1706583,4 (Classical),asap___Haydn_Keyboard_Sonatas_50-1_no_repeat_HamSY02M
375,-24.673195,-2.5562234,4 (Classical),asap___Haydn_Keyboard_Sonatas_50-1_no_repeat_Huang05M
376,-20.662998,-3.7405624,4 (Classical),asap___Haydn_Keyboard_Sonatas_50-1_no_repeat_JeonH03M
377,-24.730087,-2.7852325,4 (Classical),asap___Haydn_Keyboard_Sonatas_50-1_no_repeat_KARYAG06M
378,-23.860949,-2.5496848,4 (Classical),asap___Haydn_Keyboard_Sonatas_50-1_no_repeat_Shi07M
379,-20.792902,-3.7208617,4 (Classical),asap___Haydn_Keyboard_Sonatas_50-1_no_repeat_YoungS02M
380,-23.349964,-2.8611138,4 (Classical),asap___Liszt_Annees_de_pelerinage_2_1_Gondoliera_LeungM08M
381,-23.39513,-2.7603133,4 (Classical),asap___Liszt_Annees_de_pelerinage_2_1_Gondoliera_LeungM12M
382,-22.410952,0.40267912,4 (Classical),asap___Liszt_Ballade_2_GarritsonL04M
383,-22.398779,1.176163,4 (Classical),asap___Liszt_Ballade_2_Jin07M
384,-22.364145,0.82428956,4 (Classical),asap___Liszt_Ballade_2_Min06M
385,-23.334412,0.9865468,4 (Classical),asap___Liszt_Concert_Etude_S145_1_Kleisen06M
386,-24.538431,0.4265494,4 (Classical),asap___Liszt_Concert_Etude_S145_1_Woo06M
387,-29.339437,-0.9155502,4 (Classical),asap___Liszt_Concert_Etude_S145_2_Lu03M
388,-29.154148,-0.79981947,4 (Classical),asap___Liszt_Concert_Etude_S145_2_Tario06M
389,-22.61082,-3.7149205,4 (Classical),asap___Liszt_Gran_Etudes_de_Paganini_2_La_campanella_BuiJL03M
390,-22.885286,-3.6943765,4 (Classical),asap___Liszt_Gran_Etudes_de_Paganini_2_La_campanella_LeungR04M
391,-23.190622,-3.584315,4 (Classical),asap___Liszt_Gran_Etudes_de_Paganini_2_La_campanella_Levitsky06M
392,-23.43767,-3.658365,4 (Classical),asap___Liszt_Gran_Etudes_de_Paganini_2_La_campanella_Lin07M
393,-22.213045,-3.9057214,4 (Classical),asap___Liszt_Gran_Etudes_de_Paganini_2_La_campanella_LiuC05M
394,-22.687733,-3.680155,4 (Classical),asap___Liszt_Gran_Etudes_de_Paganini_2_La_campanella_LiuY03M
395,-22.51533,-3.7665691,4 (Classical),asap___Liszt_Gran_Etudes_de_Paganini_2_La_campanella_MunA08M
396,-22.314095,-3.7463183,4 (Classical),asap___Liszt_Gran_Etudes_de_Paganini_2_La_campanella_VuV06M
397,-22.324362,-3.8247633,4 (Classical),asap___Liszt_Gran_Etudes_de_Paganini_2_La_campanella_Yang05M
398,-23.429699,-3.586352,4 (Classical),asap___Liszt_Gran_Etudes_de_Paganini_2_La_campanella_ZhangH07M
399,-27.161734,-1.6333729,4 (Classical),asap___Liszt_Gran_Etudes_de_Paganini_6_Theme_and_Variations_WangA07M
400,-27.771025,-2.6274178,4 (Classical),asap___Liszt_Gran_Etudes_de_Paganini_6_Theme_and_Variations_repeat_KanM09M
401,-27.572647,-2.5682058,4 (Classical),asap___Liszt_Transcendental_Etudes_3_Huang14M
402,-23.1241,-3.5163684,4 (Classical),asap___Liszt_Transcendental_Etudes_5_Huang16M
403,-24.003819,-3.334495,4 (Classical),asap___Liszt_Transcendental_Etudes_5_LiuY06M
404,-21.944515,-4.216551,4 (Classical),asap___Liszt_Transcendental_Etudes_5_Min03M
405,-22.013124,-4.1575623,4 (Classical),asap___Liszt_Transcendental_Etudes_5_Park03M
406,-23.035007,-3.860392,4 (Classical),asap___Liszt_Transcendental_Etudes_5_Wang06M
407,-22.701523,-3.8530757,4 (Classical),asap___Liszt_Transcendental_Etudes_5_WangY02M
408,-20.861132,-3.9172127,4 (Classical),asap___Mozart_Piano_Sonatas_12-1_MunA03M
409,-20.704037,-3.8807008,4 (Classical),asap___Mozart_Piano_Sonatas_12-1_WuuE02M
410,-28.971016,-4.489412,4 (Classical),asap___Mozart_Piano_Sonatas_12-3_MunA05M
411,-28.442696,-4.0435753,4 (Classical),asap___Mozart_Piano_Sonatas_12-3_WuuE04M
412,-26.984152,-2.268758,4 (Classical),asap___Rachmaninoff_Preludes_op_23_4_ChenGuang12M
413,-27.18288,-2.360031,4 (Classical),asap___Rachmaninoff_Preludes_op_23_4_WuuE07M
414,-26.269083,-1.9108918,4 (Classical),asap___Rachmaninoff_Preludes_op_23_6_Nikiforov14M
415,-26.449558,-1.6923606,4 (Classical),asap___Schubert_Impromptu_op.90_D.899_1_Duepree08M
416,-25.55168,-0.8431043,4 (Classical),asap___Schubert_Impromptu_op.90_D.899_1_Jin05M
417,-25.801472,-1.2125096,4 (Classical),asap___Schubert_Impromptu_op.90_D.899_1_Teo06M
418,-26.796724,-1.0960901,4 (Classical),asap___Schubert_Impromptu_op.90_D.899_2_Denisova11M
419,-27.517149,-2.1935086,4 (Classical),asap___Schubert_Impromptu_op.90_D.899_2_FaB06M
420,-21.154673,-2.6415517,4 (Classical),asap___Schubert_Impromptu_op.90_D.899_2_HuNY06M
421,-25.574057,-2.430916,4 (Classical),asap___Schubert_Impromptu_op.90_D.899_2_KaiRuiR05M
422,-27.421503,-1.9280268,4 (Classical),asap___Schubert_Impromptu_op.90_D.899_2_Levitsky09M
423,-27.441017,-1.9902399,4 (Classical),asap___Schubert_Impromptu_op.90_D.899_2_Nikiforov09M
424,-24.53188,-0.26386058,4 (Classical),asap___Schubert_Impromptu_op.90_D.899_3_Hou06M
425,-26.280598,-1.0285431,4 (Classical),asap___Schubert_Impromptu_op.90_D.899_3_JeonH06M
426,-24.780163,-0.5638555,4 (Classical),asap___Schubert_Impromptu_op.90_D.899_3_Ko08M
427,-25.793098,-0.89942,4 (Classical),asap___Schubert_Impromptu_op.90_D.899_3_Kociuban10M
428,-25.109976,-0.6191917,4 (Classical),asap___Schubert_Impromptu_op.90_D.899_3_LEE_K04M
429,-26.217867,-0.97281635,4 (Classical),asap___Schubert_Impromptu_op.90_D.899_3_LeeSH08M
430,-27.00587,-1.1919768,4 (Classical),asap___Schubert_Impromptu_op.90_D.899_3_Mizumoto07M
431,-25.36576,-1.0060673,4 (Classical),asap___Schubert_Impromptu_op.90_D.899_3_Woo10M
432,-26.797104,-1.6117144,4 (Classical),asap___Schubert_Impromptu_op.90_D.899_3_WuuE10M
433,-26.979187,-1.7901837,4 (Classical),asap___Schubert_Impromptu_op.90_D.899_3_ZhangW07M
434,-25.164783,-0.7283184,4 (Classical),asap___Schubert_Impromptu_op.90_D.899_3_ZhaoK10M
435,-24.961674,-1.4912634,4 (Classical),asap___Schubert_Impromptu_op.90_D.899_4_no_repeat_Huang10M
436,-22.851992,0.5527096,4 (Classical),asap___Schubert_Impromptu_op.90_D.899_4_no_repeat_Lin11M
437,-24.497572,-1.0659908,4 (Classical),asap___Schubert_Impromptu_op.90_D.899_4_no_repeat_LuoJ09M
438,-26.812546,-1.7578428,4 (Classical),asap___Schubert_Impromptu_op.90_D.899_4_no_repeat_WongWY08M
439,-20.956522,3.6709652,4 (Classical),asap___Schubert_Impromptu_op142_1_Kleisen10M
440,-25.366266,-0.8965462,4 (Classical),asap___Schubert_Impromptu_op142_1_Lisiecki10M
441,-23.74303,0.38984215,4 (Classical),asap___Schubert_Impromptu_op142_1_Ozaki07M
442,-22.788235,-0.72625566,4 (Classical),asap___Schubert_Impromptu_op142_3_Richardson07M
443,-26.25541,-2.142471,4 (Classical),asap___Schubert_Impromptu_op142_3_RichardsonC06M
444,-23.963804,-0.7837412,4 (Classical),asap___Schubert_Impromptu_op142_3_SunY08M
445,-26.751606,-3.0819302,4 (Classical),asap___Schubert_Impromptu_op142_3_WangH06M
446,-26.157026,-2.4318452,4 (Classical),asap___Schubert_Impromptu_op142_3_YoungS06M
447,-25.05852,-1.9867141,4 (Classical),asap___Schubert_Moment_Musical_no_1_MunA10M
448,-27.086544,-2.0114396,4 (Classical),asap___Schubert_Moment_musical_no_3_Tetzloff09M
449,-24.455088,-2.071183,4 (Classical),asap___Schubert_Piano_Sonatas_664-1_BuiJL06M
450,-24.022142,-1.7684726,4 (Classical),asap___Schubert_Piano_Sonatas_664-1_KabuliL10M
451,-23.285164,-1.269705,4 (Classical),asap___Schubert_Piano_Sonatas_664-1_Mo10M
452,-29.060215,-2.6299064,4 (Classical),asap___Schubert_Piano_Sonatas_664-3_KabuliL12M
453,-23.978157,-1.9783803,4 (Classical),asap___Schubert_Piano_Sonatas_894-2_Yeletskiy08M
454,-24.522608,-1.9492713,4 (Classical),asap___Schubert_Piano_Sonatas_894-2_no_repeat_CHEN11M
455,-24.992887,-1.8779583,4 (Classical),asap___Schubert_Piano_Sonatas_894-2_no_repeat_Lee10M
456,-24.322218,-1.3820745,4 (Classical),asap___Schubert_Piano_Sonatas_894-2_no_repeat_SINKEV12M
457,-24.413261,-0.74986064,4 (Classical),asap___Schubert_Wanderer_fantasie_Larionova05M
458,-24.73105,-1.1041828,4 (Classical),asap___Schubert_Wanderer_fantasie_SunY10M
459,-23.908215,-1.3701943,4 (Classical),asap___Schumann_Arabeske_Min09M
460,-28.170647,-2.0021634,4 (Classical),asap___Schumann_Arabeske_ParkS15M
461,-27.309494,-2.4650986,4 (Classical),asap___Schumann_Kreisleriana_1_ParkJH04M
462,-25.414621,-1.1979419,4 (Classical),asap___Schumann_Kreisleriana_1_Yarden09M
463,-29.786371,-1.0012573,4 (Classical),asap___Schumann_Kreisleriana_1_no_first_repeat_JohannsonP02M
464,-27.929222,-1.1734548,4 (Classical),asap___Schumann_Toccata_WangY07M
465,-28.655605,-1.1731386,4 (Classical),asap___Schumann_Toccata_no_repeat_DupreeF13M
466,-24.985682,-1.5938406,4 (Classical),asap___Scriabin_Etudes_op_8_11_Shi08M
467,-27.442589,-1.2104769,4 (Classical),asap___Scriabin_Sonatas_5_ChernovA06M
468,-28.960808,-1.6268184,4 (Classical),asap___Scriabin_Sonatas_5_FaB05M
469,-28.780975,-1.5022402,4 (Classical),asap___Scriabin_Sonatas_5_GarritsonL06M
470,-27.162914,-1.1189275,4 (Classical),asap___Scriabin_Sonatas_5_Ko07M
471,-27.621569,-0.5778927,4 (Classical),asap___Scriabin_Sonatas_5_Na07M
472,-28.866522,-1.0812377,4 (Classical),asap___Scriabin_Sonatas_5_Yeletskiy07M
473,-4.7011833,9.2550745,2 (Jazz),ballroom___ballroom_Albums-AnaBelen_Veneo-01
474,-3.1082897,8.992246,2 (Jazz),ballroom___ballroom_Albums-AnaBelen_Veneo-02
475,1.5967662,4.28682,3 (Rock + Pop),ballroom___ballroom_Albums-AnaBelen_Veneo-03
476,-3.4447057,11.073202,2 (Jazz),ballroom___ballroom_Albums-AnaBelen_Veneo-11
477,0.103224605,-2.4101484,2 + 3,ballroom___ballroom_Albums-AnaBelen_Veneo-13
478,-26.994648,-5.540552,4 (Classical),ballroom___ballroom_Albums-Ballroom_Classics4-01
479,-13.678182,-3.2470937,2 (Jazz),ballroom___ballroom_Albums-Ballroom_Classics4-02
480,-19.35376,4.014407,4 (Classical),ballroom___ballroom_Albums-Ballroom_Classics4-03
481,-19.156134,5.3965735,4 (Classical),ballroom___ballroom_Albums-Ballroom_Classics4-04
482,-19.423834,2.1959453,4 (Classical),ballroom___ballroom_Albums-Ballroom_Classics4-05
483,-8.47516,4.971801,2 (Jazz),ballroom___ballroom_Albums-Ballroom_Classics4-06
484,-10.384379,5.97873,2 (Jazz),ballroom___ballroom_Albums-Ballroom_Classics4-07
485,-0.10729517,-3.0726273,2 + 3,ballroom___ballroom_Albums-Ballroom_Classics4-08
486,-5.2856255,-0.5537529,2 (Jazz),ballroom___ballroom_Albums-Ballroom_Classics4-09
487,-8.941654,4.5019116,2 (Jazz),ballroom___ballroom_Albums-Ballroom_Classics4-10
488,-19.69029,2.220846,4 (Classical),ballroom___ballroom_Albums-Ballroom_Classics4-11
489,-9.906659,6.2842445,2 (Jazz),ballroom___ballroom_Albums-Ballroom_Classics4-12
490,-20.212341,1.1095461,4 (Classical),ballroom___ballroom_Albums-Ballroom_Classics4-13
491,-8.553633,5.018796,2 (Jazz),ballroom___ballroom_Albums-Ballroom_Classics4-14
492,15.416609,-1.8165526,1 (Hip-Hop + Pop + HJDB),ballroom___ballroom_Albums-Ballroom_Classics4-18
493,-3.478135,1.7691913,2 (Jazz),ballroom___ballroom_Albums-Ballroom_Classics4-19
494,14.573297,-0.61476135,1 + 3,ballroom___ballroom_Albums-Ballroom_Classics4-20
495,-21.709654,2.9670036,4 (Classical),ballroom___ballroom_Albums-Ballroom_Magic-01
496,-19.145304,4.270441,4 (Classical),ballroom___ballroom_Albums-Ballroom_Magic-02
497,-4.9665055,6.7868676,2 (Jazz),ballroom___ballroom_Albums-Ballroom_Magic-03
498,-23.071404,3.4881198,4 (Classical),ballroom___ballroom_Albums-Ballroom_Magic-04
499,-19.191706,4.4267306,4 (Classical),ballroom___ballroom_Albums-Ballroom_Magic-05
500,-8.933184,3.240193,2 (Jazz),ballroom___ballroom_Albums-Ballroom_Magic-06
501,-9.606788,7.4427238,2 (Jazz),ballroom___ballroom_Albums-Ballroom_Magic-07
502,-8.916675,1.9968152,2 (Jazz),ballroom___ballroom_Albums-Ballroom_Magic-08
503,-18.993893,4.8670716,4 (Classical),ballroom___ballroom_Albums-Ballroom_Magic-09
504,-10.014779,7.589901,2 (Jazz),ballroom___ballroom_Albums-Ballroom_Magic-10
505,-22.278524,3.4686713,4 (Classical),ballroom___ballroom_Albums-Ballroom_Magic-11
506,-3.3801818,8.454262,2 (Jazz),ballroom___ballroom_Albums-Ballroom_Magic-15
507,-2.9223478,10.892494,2 (Jazz),ballroom___ballroom_Albums-Ballroom_Magic-16
508,-2.6614714,7.0949125,2 (Jazz),ballroom___ballroom_Albums-Ballroom_Magic-17
509,0.13504119,10.008125,2 + 3,ballroom___ballroom_Albums-Cafe_Paradiso-01
510,23.55638,-7.09462,1 (Hip-Hop + Pop + HJDB),ballroom___ballroom_Albums-Cafe_Paradiso-02
511,23.907988,-3.4032984,1 (Hip-Hop + Pop + HJDB),ballroom___ballroom_Albums-Cafe_Paradiso-03
512,15.384279,-0.1917291,1 (Hip-Hop + Pop + HJDB),ballroom___ballroom_Albums-Cafe_Paradiso-04
513,14.207388,-0.19281112,1 + 3,ballroom___ballroom_Albums-Cafe_Paradiso-05
514,18.04702,-1.9908991,1 (Hip-Hop + Pop + HJDB),ballroom___ballroom_Albums-Cafe_Paradiso-06
515,11.7906,-5.633728,1 + 3,ballroom___ballroom_Albums-Cafe_Paradiso-07
516,-8.523186,1.0048922,2 (Jazz),ballroom___ballroom_Albums-Cafe_Paradiso-08
517,-4.6412935,1.3174956,2 (Jazz),ballroom___ballroom_Albums-Cafe_Paradiso-09
518,-5.1574,1.8305212,2 (Jazz),ballroom___ballroom_Albums-Cafe_Paradiso-10
519,-17.95716,6.763768,2 + 4,ballroom___ballroom_Albums-Cafe_Paradiso-11
520,6.5392547,-6.7360115,3 (Rock + Pop),ballroom___ballroom_Albums-Cafe_Paradiso-12
521,14.271451,1.0825313,1 + 3,ballroom___ballroom_Albums-Cafe_Paradiso-14
522,1.6381503,6.1054883,3 (Rock + Pop),ballroom___ballroom_Albums-Cafe_Paradiso-15
523,2.4699137,10.122525,3 (Rock + Pop),ballroom___ballroom_Albums-Cafe_Paradiso-16
524,-3.1215239,4.9987855,2 (Jazz),ballroom___ballroom_Albums-Chrisanne1-01
525,-22.894896,0.8588449,4 (Classical),ballroom___ballroom_Albums-Chrisanne1-02
526,-21.189976,2.3710253,4 (Classical),ballroom___ballroom_Albums-Chrisanne1-03
527,-2.6403008,7.067601,2 (Jazz),ballroom___ballroom_Albums-Chrisanne1-04
528,-3.5113935,10.889019,2 (Jazz),ballroom___ballroom_Albums-Chrisanne1-05
529,-2.8950071,7.1164308,2 (Jazz),ballroom___ballroom_Albums-Chrisanne1-06
530,-12.927823,-3.257561,2 (Jazz),ballroom___ballroom_Albums-Chrisanne1-07
531,-2.3903027,-5.3675656,2 (Jazz),ballroom___ballroom_Albums-Chrisanne1-08
532,-2.5621917,7.025261,2 (Jazz),ballroom___ballroom_Albums-Chrisanne1-12
533,-3.3748734,7.3919406,2 (Jazz),ballroom___ballroom_Albums-Chrisanne1-13
534,-1.8316922,5.842352,2 (Jazz),ballroom___ballroom_Albums-Chrisanne1-14
535,-19.547672,4.170453,4 (Classical),ballroom___ballroom_Albums-Chrisanne2-01
536,-20.173206,4.6916423,4 (Classical),ballroom___ballroom_Albums-Chrisanne2-02
537,-19.214344,-0.18688749,4 (Classical),ballroom___ballroom_Albums-Chrisanne2-03
538,-5.13894,11.11105,2 (Jazz),ballroom___ballroom_Albums-Chrisanne2-04
539,-3.4487395,10.708938,2 (Jazz),ballroom___ballroom_Albums-Chrisanne2-05
540,17.367214,0.8080428,1 (Hip-Hop + Pop + HJDB),ballroom___ballroom_Albums-Chrisanne2-06
541,-18.269447,5.0744195,4 (Classical),ballroom___ballroom_Albums-Chrisanne2-07
542,-2.2421882,7.6700983,2 (Jazz),ballroom___ballroom_Albums-Chrisanne2-11
543,-2.7656877,-2.926823,2 (Jazz),ballroom___ballroom_Albums-Chrisanne3-01
544,-20.46068,3.8169382,4 (Classical),ballroom___ballroom_Albums-Chrisanne3-02
545,-1.1621618,-1.7908647,2 (Jazz),ballroom___ballroom_Albums-Chrisanne3-03
546,17.396996,0.5514179,1 (Hip-Hop + Pop + HJDB),ballroom___ballroom_Albums-Chrisanne3-04
547,-3.4976292,10.870777,2 (Jazz),ballroom___ballroom_Albums-Chrisanne3-05
548,-3.1602983,10.879077,2 (Jazz),ballroom___ballroom_Albums-Chrisanne3-06
549,2.2085564,3.48359,3 (Rock + Pop),ballroom___ballroom_Albums-Chrisanne3-07
550,-8.569325,3.2446377,2 (Jazz),ballroom___ballroom_Albums-Chrisanne3-08
551,-1.0094807,6.3852673,2 + 3,ballroom___ballroom_Albums-Chrisanne3-09
552,16.593464,-0.26759648,1 (Hip-Hop + Pop + HJDB),ballroom___ballroom_Albums-Chrisanne3-13
553,-7.748059,9.808092,2 (Jazz),ballroom___ballroom_Albums-Chrisanne3-14
554,-2.4065354,6.2857122,2 (Jazz),ballroom___ballroom_Albums-Chrisanne3-15
555,1.4781572,8.447045,3 (Rock + Pop),ballroom___ballroom_Albums-Commitments-08
556,2.8825345,8.542555,3 (Rock + Pop),ballroom___ballroom_Albums-Commitments-10
557,0.8991936,7.1242204,3 (Rock + Pop),ballroom___ballroom_Albums-Commitments-11
558,13.444842,1.8309692,3 (Rock + Pop),ballroom___ballroom_Albums-Fire-01
559,23.920422,-3.8897655,1 (Hip-Hop + Pop + HJDB),ballroom___ballroom_Albums-Fire-02
560,-19.259674,5.841749,4 (Classical),ballroom___ballroom_Albums-Fire-03
561,2.7596884,9.551219,3 (Rock + Pop),ballroom___ballroom_Albums-Fire-07
562,18.033203,-10.232508,1 (Hip-Hop + Pop + HJDB),ballroom___ballroom_Albums-Fire-08
563,-0.84717244,11.271137,2 + 3,ballroom___ballroom_Albums-Fire-10
564,4.9894657,10.173379,3 (Rock + Pop),ballroom___ballroom_Albums-Fire-12
565,-19.1559,5.503646,4 (Classical),ballroom___ballroom_Albums-Fire-13
566,23.053055,1.8751451,1 (Hip-Hop + Pop + HJDB),ballroom___ballroom_Albums-Fire-14
567,23.91342,-3.7378275,1 (Hip-Hop + Pop + HJDB),ballroom___ballroom_Albums-Fire-15
568,-6.339046,6.7642612,2 (Jazz),ballroom___ballroom_Albums-GloriaEstefan_MiTierra-01
569,-16.74042,5.8961525,2 + 4,ballroom___ballroom_Albums-GloriaEstefan_MiTierra-04
570,-2.5898714,6.713425,2 (Jazz),ballroom___ballroom_Albums-GloriaEstefan_MiTierra-06
571,-4.9277763,10.611864,2 (Jazz),ballroom___ballroom_Albums-GloriaEstefan_MiTierra-08
572,-5.079816,11.059153,2 (Jazz),ballroom___ballroom_Albums-GloriaEstefan_MiTierra-11
573,13.7398405,-1.3475231,1 + 3,ballroom___ballroom_Albums-I_Like_It2-01
574,13.90156,-1.0411044,1 + 3,ballroom___ballroom_Albums-I_Like_It2-02
575,-6.52166,1.4477427,2 (Jazz),ballroom___ballroom_Albums-I_Like_It2-09
576,24.154137,-7.591516,1 (Hip-Hop + Pop + HJDB),ballroom___ballroom_Albums-Latin_Jam-01
577,0.0032647415,11.5886755,2 + 3,ballroom___ballroom_Albums-Latin_Jam-02
578,21.553171,-4.633498,1 (Hip-Hop + Pop + HJDB),ballroom___ballroom_Albums-Latin_Jam-03
579,20.043495,-2.335412,1 (Hip-Hop + Pop + HJDB),ballroom___ballroom_Albums-Latin_Jam-04
580,-9.4419365,10.413579,2 (Jazz),ballroom___ballroom_Albums-Latin_Jam-05
581,12.846653,2.057768,3 (Rock + Pop),ballroom___ballroom_Albums-Latin_Jam-06
582,24.700394,0.6737331,1 (Hip-Hop + Pop + HJDB),ballroom___ballroom_Albums-Latin_Jam-07
583,8.107553,-7.5785313,3 (Rock + Pop),ballroom___ballroom_Albums-Latin_Jam-08
584,23.295897,-4.0598316,1 (Hip-Hop + Pop + HJDB),ballroom___ballroom_Albums-Latin_Jam-09
585,11.110653,-6.284889,1 + 3,ballroom___ballroom_Albums-Latin_Jam-11
586,0.1702404,8.147496,2 + 3,ballroom___ballroom_Albums-Latin_Jam-12
587,22.126352,-4.8027544,1 (Hip-Hop + Pop + HJDB),ballroom___ballroom_Albums-Latin_Jam2-01
588,21.67688,-4.0280213,1 (Hip-Hop + Pop + HJDB),ballroom___ballroom_Albums-Latin_Jam2-02
589,23.711428,-7.9446263,1 (Hip-Hop + Pop + HJDB),ballroom___ballroom_Albums-Latin_Jam2-03
590,22.84774,1.8015237,1 (Hip-Hop + Pop + HJDB),ballroom___ballroom_Albums-Latin_Jam2-04
591,20.404253,-4.3685174,1 (Hip-Hop + Pop + HJDB),ballroom___ballroom_Albums-Latin_Jam2-05
592,14.481396,1.9574558,1 + 3,ballroom___ballroom_Albums-Latin_Jam2-06
593,-4.57478,1.6972048,2 (Jazz),ballroom___ballroom_Albums-Latin_Jam2-07
594,-17.234444,7.108702,2 + 4,ballroom___ballroom_Albums-Latin_Jam2-08
595,-4.6366496,1.8318561,2 (Jazz),ballroom___ballroom_Albums-Latin_Jam2-09
596,-1.1283884,7.409273,2 + 3,ballroom___ballroom_Albums-Latin_Jam2-11
597,6.4736624,9.191441,3 (Rock + Pop),ballroom___ballroom_Albums-Latin_Jam2-12
598,24.212963,-7.6956463,1 (Hip-Hop + Pop + HJDB),ballroom___ballroom_Albums-Latin_Jam3-01
599,1.0029237,10.568532,3 (Rock + Pop),ballroom___ballroom_Albums-Latin_Jam3-02
600,14.136061,5.2531204,3 (Rock + Pop),ballroom___ballroom_Albums-Latin_Jam3-03
601,-0.030908383,9.596092,2 + 3,ballroom___ballroom_Albums-Latin_Jam3-04
602,22.663155,-4.400683,1 (Hip-Hop + Pop + HJDB),ballroom___ballroom_Albums-Latin_Jam3-05
603,-18.339876,6.364649,4 (Classical),ballroom___ballroom_Albums-Latin_Jam3-06
604,-12.113448,8.507289,2 (Jazz),ballroom___ballroom_Albums-Latin_Jam3-07
605,0.23684622,10.861618,2 + 3,ballroom___ballroom_Albums-Latin_Jam3-08
606,-4.919063,1.9452347,2 (Jazz),ballroom___ballroom_Albums-Latin_Jam3-09
607,8.380503,9.4303875,3 (Rock + Pop),ballroom___ballroom_Albums-Latin_Jam3-11
608,0.6468337,5.664992,3 (Rock + Pop),ballroom___ballroom_Albums-Latin_Jam3-12
609,1.1502284,10.969004,3 (Rock + Pop),ballroom___ballroom_Albums-Latin_Jam4-01
610,22.687849,-4.0458612,1 (Hip-Hop + Pop + HJDB),ballroom___ballroom_Albums-Latin_Jam4-02
611,17.231644,-2.4280963,1 (Hip-Hop + Pop + HJDB),ballroom___ballroom_Albums-Latin_Jam4-03
612,-5.5843515,10.178764,2 (Jazz),ballroom___ballroom_Albums-Latin_Jam4-05
613,14.436989,-0.085453756,1 + 3,ballroom___ballroom_Albums-Latin_Jam4-06
614,16.628624,3.125248,1 + 3,ballroom___ballroom_Albums-Latin_Jam4-07
615,-5.030303,10.729982,2 (Jazz),ballroom___ballroom_Albums-Latin_Jam4-08
616,1.6628962,10.621432,3 (Rock + Pop),ballroom___ballroom_Albums-Latin_Jam4-10
617,18.766926,-6.8481,1 (Hip-Hop + Pop + HJDB),ballroom___ballroom_Albums-Latin_Jam4-11
618,14.885828,-6.7324457,1 (Hip-Hop + Pop + HJDB),ballroom___ballroom_Albums-Latin_Jam4-12
619,7.8574834,-7.1695914,3 (Rock + Pop),ballroom___ballroom_Albums-Latin_Jam4-13
620,23.71368,-8.841646,1 (Hip-Hop + Pop + HJDB),ballroom___ballroom_Albums-Latin_Jam5-01
621,14.686959,-0.60612273,1 + 3,ballroom___ballroom_Albums-Latin_Jam5-02
622,2.3669155,3.9617875,3 (Rock + Pop),ballroom___ballroom_Albums-Latin_Jam5-03
623,-0.11625979,9.096845,2 + 3,ballroom___ballroom_Albums-Latin_Jam5-04
624,16.438549,3.395567,1 + 3,ballroom___ballroom_Albums-Latin_Jam5-06
625,13.600406,-0.16787171,1 + 3,ballroom___ballroom_Albums-Latin_Jam5-07
626,0.31644437,11.070547,2 + 3,ballroom___ballroom_Albums-Latin_Jam5-08
627,5.611814,10.162793,3 (Rock + Pop),ballroom___ballroom_Albums-Latin_Jam5-09
628,1.7905416,10.77171,3 (Rock + Pop),ballroom___ballroom_Albums-Latin_Jam5-10
629,1.8744456,10.5420885,3 (Rock + Pop),ballroom___ballroom_Albums-Latin_Jam5-11
630,-7.418919,2.285108,2 (Jazz),ballroom___ballroom_Albums-Latin_Jam5-12
631,16.308382,3.5657802,1 + 3,ballroom___ballroom_Albums-Latino_Latino-01
632,-1.5836966,11.294885,2 + 3,ballroom___ballroom_Albums-Latino_Latino-03
633,0.96312076,10.758774,3 (Rock + Pop),ballroom___ballroom_Albums-Latino_Latino-04
634,-2.7424486,8.010784,2 (Jazz),ballroom___ballroom_Albums-Latino_Latino-05
635,-1.8835049,11.090184,2 + 3,ballroom___ballroom_Albums-Latino_Latino-06
636,-2.6801252,11.62895,2 + 3,ballroom___ballroom_Albums-Latino_Latino-09
637,-3.0604215,11.782411,2 (Jazz),ballroom___ballroom_Albums-Latino_Latino-10
638,14.679153,-3.8065097,1 (Hip-Hop + Pop + HJDB),ballroom___ballroom_Albums-Macumba-01
639,16.098627,-0.13232352,1 (Hip-Hop + Pop + HJDB),ballroom___ballroom_Albums-Macumba-02
640,16.289883,-0.54144865,1 (Hip-Hop + Pop + HJDB),ballroom___ballroom_Albums-Macumba-03
641,15.915579,-0.5254675,1 (Hip-Hop + Pop + HJDB),ballroom___ballroom_Albums-Macumba-04
642,21.019964,-2.806696,1 (Hip-Hop + Pop + HJDB),ballroom___ballroom_Albums-Macumba-05
643,16.260334,-0.0009257188,1 (Hip-Hop + Pop + HJDB),ballroom___ballroom_Albums-Macumba-06
644,21.168087,-3.1129565,1 (Hip-Hop + Pop + HJDB),ballroom___ballroom_Albums-Macumba-07
645,-3.335726,12.743572,2 (Jazz),ballroom___ballroom_Albums-Macumba-08
646,-3.813786,10.060606,2 (Jazz),ballroom___ballroom_Albums-Macumba-09
647,-2.2577581,-5.5308027,2 (Jazz),ballroom___ballroom_Albums-Macumba-10
648,-4.622481,1.5038675,2 (Jazz),ballroom___ballroom_Albums-Macumba-11
649,-12.057531,9.620871,2 (Jazz),ballroom___ballroom_Albums-Macumba-12
650,16.112247,-0.28038305,1 (Hip-Hop + Pop + HJDB),ballroom___ballroom_Albums-Macumba-14
651,-3.7370834,9.875193,2 (Jazz),ballroom___ballroom_Albums-Macumba-15
652,11.486825,-5.453246,1 + 3,ballroom___ballroom_Albums-Macumba-16
653,-4.798253,11.970727,2 (Jazz),ballroom___ballroom_Albums-Mambo_Kings-03
654,-7.6953697,8.199499,2 (Jazz),ballroom___ballroom_Albums-Mambo_Kings-10
655,-1.1493196,6.149249,2 + 3,ballroom___ballroom_Albums-Mambo_Kings-11
656,14.131133,1.2251511,1 + 3,ballroom___ballroom_Albums-Mambo_Kings-12
657,20.860825,-3.8626895,1 (Hip-Hop + Pop + HJDB),ballroom___ballroom_Albums-Pais_Tropical-01
658,-6.683929,2.58264,2 (Jazz),ballroom___ballroom_Albums-Pais_Tropical-02
659,13.218114,0.40730175,1 + 3,ballroom___ballroom_Albums-Pais_Tropical-03
660,6.7776437,6.0129795,3 (Rock + Pop),ballroom___ballroom_Albums-Pais_Tropical-04
661,14.798294,-0.24533099,1 + 3,ballroom___ballroom_Albums-Pais_Tropical-05
662,14.218739,0.11505837,1 + 3,ballroom___ballroom_Albums-Pais_Tropical-06
663,14.985522,-0.68734634,1 (Hip-Hop + Pop + HJDB),ballroom___ballroom_Albums-Pais_Tropical-07
664,0.96299547,6.2408347,3 (Rock + Pop),ballroom___ballroom_Albums-Pais_Tropical-08
665,-5.002019,1.6480354,2 (Jazz),ballroom___ballroom_Albums-Pais_Tropical-09
666,-1.3653965,-6.9510193,2 (Jazz),ballroom___ballroom_Albums-Pais_Tropical-10
667,-4.835407,1.5682472,2 (Jazz),ballroom___ballroom_Albums-Pais_Tropical-11
668,-16.373775,5.0128856,2 + 4,ballroom___ballroom_Albums-Pais_Tropical-12
669,0.6652253,5.4971175,3 (Rock + Pop),ballroom___ballroom_Albums-Pais_Tropical-13
670,4.19803,9.941197,3 (Rock + Pop),ballroom___ballroom_Albums-Pais_Tropical-14
671,12.771245,2.033514,3 (Rock + Pop),ballroom___ballroom_Albums-Pais_Tropical-15
672,7.9916477,-6.422535,3 (Rock + Pop),ballroom___ballroom_Albums-Pais_Tropical-16
673,-18.522112,3.5344248,4 (Classical),ballroom___ballroom_Albums-Secret_Garden-01
674,-18.683691,3.7192514,4 (Classical),ballroom___ballroom_Albums-Secret_Garden-02
675,-20.75061,3.1917915,4 (Classical),ballroom___ballroom_Albums-Secret_Garden-05
676,-24.292648,-4.795692,4 (Classical),ballroom___ballroom_Albums-Secret_Garden-06
677,-17.212835,4.4033356,2 + 4,ballroom___ballroom_Albums-Step_By_Step-01
678,-18.991007,5.0149636,4 (Classical),ballroom___ballroom_Albums-Step_By_Step-02
679,-19.529507,5.447723,4 (Classical),ballroom___ballroom_Albums-Step_By_Step-03
680,-3.6956525,-3.4433472,2 (Jazz),ballroom___ballroom_Albums-Step_By_Step-04
681,-9.239178,4.634468,2 (Jazz),ballroom___ballroom_Albums-Step_By_Step-05
682,16.960175,-0.65414387,1 (Hip-Hop + Pop + HJDB),ballroom___ballroom_Albums-Step_By_Step-06
683,-23.514048,5.225118,4 (Classical),ballroom___ballroom_Albums-Step_By_Step-07
684,-9.740945,5.116852,2 (Jazz),ballroom___ballroom_Albums-Step_By_Step-08
685,-10.825407,7.1846395,2 (Jazz),ballroom___ballroom_Albums-Step_By_Step-09
686,-18.254528,4.7685146,4 (Classical),ballroom___ballroom_Albums-Step_By_Step-10
687,-10.5940485,7.8571043,2 (Jazz),ballroom___ballroom_Albums-Step_By_Step-11
688,16.20061,-1.2764517,1 (Hip-Hop + Pop + HJDB),ballroom___ballroom_Albums-Step_By_Step-15
689,15.220676,-1.0201081,1 (Hip-Hop + Pop + HJDB),ballroom___ballroom_Albums-Step_By_Step-16
690,15.416437,-2.8959146,1 (Hip-Hop + Pop + HJDB),ballroom___ballroom_Albums-Step_By_Step-17
691,16.277445,-2.2745805,1 (Hip-Hop + Pop + HJDB),ballroom___ballroom_Albums-Step_By_Step-18
692,-14.7805805,-2.1308877,2 + 4,ballroom___ballroom_Albums-StrictlyDancing_Tango-01
693,-14.180847,-1.9546092,2 (Jazz),ballroom___ballroom_Albums-StrictlyDancing_Tango-02
694,-14.281489,-1.9899219,2 (Jazz),ballroom___ballroom_Albums-StrictlyDancing_Tango-03
695,-13.826867,-2.3924625,2 (Jazz),ballroom___ballroom_Albums-StrictlyDancing_Tango-04
696,-24.751024,3.196399,4 (Classical),ballroom___ballroom_Albums-StrictlyDancing_Tango-05
697,-14.048363,-1.9678272,2 (Jazz),ballroom___ballroom_Albums-StrictlyDancing_Tango-06
698,-13.98172,-1.9353521,2 (Jazz),ballroom___ballroom_Albums-StrictlyDancing_Tango-07
699,-22.469446,6.2245984,4 (Classical),ballroom___ballroom_Albums-StrictlyDancing_Tango-08
700,-13.619148,-2.559618,2 (Jazz),ballroom___ballroom_Albums-StrictlyDancing_Tango-09
701,-13.780599,-2.2121542,2 (Jazz),ballroom___ballroom_Albums-StrictlyDancing_Tango-10
702,-13.969544,-2.0663404,2 (Jazz),ballroom___ballroom_Albums-StrictlyDancing_Tango-11
703,-13.599196,-2.5600414,2 (Jazz),ballroom___ballroom_Albums-StrictlyDancing_Tango-12
704,-13.727583,-2.3450725,2 (Jazz),ballroom___ballroom_Albums-StrictlyDancing_Tango-13
705,-23.126497,5.679631,4 (Classical),ballroom___ballroom_Albums-StrictlyDancing_Tango-14
706,-22.576498,6.1181073,4 (Classical),ballroom___ballroom_Albums-StrictlyDancing_Tango-15
707,-20.847738,4.2516637,4 (Classical),ballroom___ballroom_Media-100601
708,-20.328192,5.690663,4 (Classical),ballroom___ballroom_Media-100602
709,-4.1755233,0.3692963,2 (Jazz),ballroom___ballroom_Media-100603
710,-19.988667,5.3002696,4 (Classical),ballroom___ballroom_Media-100604
711,-9.048543,8.136651,2 (Jazz),ballroom___ballroom_Media-100605
712,-9.493834,1.2099358,2 (Jazz),ballroom___ballroom_Media-100606
713,-7.940339,5.053215,2 (Jazz),ballroom___ballroom_Media-100607
714,-3.8007863,9.381799,2 (Jazz),ballroom___ballroom_Media-100608
715,-4.5518703,-3.7266195,2 (Jazz),ballroom___ballroom_Media-100609
716,-20.374634,4.9883337,4 (Classical),ballroom___ballroom_Media-100610
717,15.923914,-0.3682036,1 (Hip-Hop + Pop + HJDB),ballroom___ballroom_Media-100614
718,16.095015,0.07908816,1 (Hip-Hop + Pop + HJDB),ballroom___ballroom_Media-100615
719,15.918403,-0.08006,1 (Hip-Hop + Pop + HJDB),ballroom___ballroom_Media-100616
720,-19.814863,5.603807,4 (Classical),ballroom___ballroom_Media-103301
721,-19.353945,3.5019662,4 (Classical),ballroom___ballroom_Media-103302
722,-19.534735,5.4482923,4 (Classical),ballroom___ballroom_Media-103303
723,-8.567052,5.352143,2 (Jazz),ballroom___ballroom_Media-103304
724,-9.543139,8.4842415,2 (Jazz),ballroom___ballroom_Media-103305
725,-9.056338,5.8098526,2 (Jazz),ballroom___ballroom_Media-103306
726,-12.308846,-2.2357376,2 (Jazz),ballroom___ballroom_Media-103307
727,-9.409907,10.785249,2 (Jazz),ballroom___ballroom_Media-103308
728,13.2485,0.37549117,1 + 3,ballroom___ballroom_Media-103312
729,16.111225,-0.98653674,1 (Hip-Hop + Pop + HJDB),ballroom___ballroom_Media-103313
730,12.153939,-6.460392,1 (Hip-Hop + Pop + HJDB),ballroom___ballroom_Media-103314
731,-0.20538281,0.61633116,2 + 3,ballroom___ballroom_Media-103315
732,-8.25895,2.3406966,2 (Jazz),ballroom___ballroom_Media-103401
733,15.541059,-2.3023412,1 (Hip-Hop + Pop + HJDB),ballroom___ballroom_Media-103402
734,12.946717,-1.2597935,1 + 3,ballroom___ballroom_Media-103403
735,19.653694,-3.9725494,1 (Hip-Hop + Pop + HJDB),ballroom___ballroom_Media-103404
736,13.121843,-1.4557863,1 + 3,ballroom___ballroom_Media-103405
737,14.100791,-1.840013,1 (Hip-Hop + Pop + HJDB),ballroom___ballroom_Media-103406
738,14.33832,-1.9521664,1 (Hip-Hop + Pop + HJDB),ballroom___ballroom_Media-103407
739,5.8691993,-1.166337,3 (Rock + Pop),ballroom___ballroom_Media-103408
740,13.546618,-1.5888623,1 + 3,ballroom___ballroom_Media-103409
741,17.485752,2.557202,1 (Hip-Hop + Pop + HJDB),ballroom___ballroom_Media-103410
742,12.876255,-1.2479975,1 + 3,ballroom___ballroom_Media-103411
743,12.616392,-1.3240287,1 + 3,ballroom___ballroom_Media-103412
744,15.425239,-4.954283,1 (Hip-Hop + Pop + HJDB),ballroom___ballroom_Media-103413
745,16.72781,-2.66376,1 (Hip-Hop + Pop + HJDB),ballroom___ballroom_Media-103416
746,17.184887,-3.2636437,1 (Hip-Hop + Pop + HJDB),ballroom___ballroom_Media-103417
747,15.299663,-4.169644,1 (Hip-Hop + Pop + HJDB),ballroom___ballroom_Media-103501
748,15.913995,-1.7933732,1 (Hip-Hop + Pop + HJDB),ballroom___ballroom_Media-103502
749,14.7577715,-0.4880949,1 + 3,ballroom___ballroom_Media-103503
750,-5.376573,-1.2553058,2 (Jazz),ballroom___ballroom_Media-103504
751,16.311518,-2.7725976,1 (Hip-Hop + Pop + HJDB),ballroom___ballroom_Media-103505
752,0.9341476,-2.1490166,2 + 3,ballroom___ballroom_Media-103506
753,-2.806759,3.2595992,2 (Jazz),ballroom___ballroom_Media-103507
754,15.342848,0.95570666,1 + 3,ballroom___ballroom_Media-103508
755,12.917649,-4.1110926,1 (Hip-Hop + Pop + HJDB),ballroom___ballroom_Media-103509
756,12.847842,-4.8827305,1 (Hip-Hop + Pop + HJDB),ballroom___ballroom_Media-103510
757,12.452984,-2.9290512,1 + 3,ballroom___ballroom_Media-103511
758,-18.943798,6.0505133,4 (Classical),ballroom___ballroom_Media-103512
759,1.0912137,-1.1344513,3 (Rock + Pop),ballroom___ballroom_Media-103513
760,-7.9824934,2.769598,2 (Jazz),ballroom___ballroom_Media-103514
761,2.917465,-1.0193572,3 (Rock + Pop),ballroom___ballroom_Media-103515
762,-2.7626362,9.679322,2 (Jazz),ballroom___ballroom_Media-103516
763,14.677183,-2.3156462,1 (Hip-Hop + Pop + HJDB),ballroom___ballroom_Media-103517
764,14.354354,-9.763539,1 (Hip-Hop + Pop + HJDB),ballroom___ballroom_Media-103601
765,13.043117,-2.0266232,1 + 3,ballroom___ballroom_Media-103602
766,14.438241,-3.3205848,1 (Hip-Hop + Pop + HJDB),ballroom___ballroom_Media-103603
767,3.9909554,-2.163107,3 (Rock + Pop),ballroom___ballroom_Media-103604
768,15.709877,-2.3502975,1 (Hip-Hop + Pop + HJDB),ballroom___ballroom_Media-103605
769,16.093767,-10.542031,1 (Hip-Hop + Pop + HJDB),ballroom___ballroom_Media-103606
770,12.452792,1.35598,3 (Rock + Pop),ballroom___ballroom_Media-103607
771,-6.515512,2.1082132,2 (Jazz),ballroom___ballroom_Media-103608
772,-18.657707,6.0508103,4 (Classical),ballroom___ballroom_Media-103609
773,-0.6329188,-5.0370846,2 + 3,ballroom___ballroom_Media-103610
774,13.2883835,-7.3227897,1 (Hip-Hop + Pop + HJDB),ballroom___ballroom_Media-103611
775,11.637113,-7.454365,1 (Hip-Hop + Pop + HJDB),ballroom___ballroom_Media-103612
776,14.477246,-8.763455,1 (Hip-Hop + Pop + HJDB),ballroom___ballroom_Media-103613
777,16.459444,-5.013994,1 (Hip-Hop + Pop + HJDB),ballroom___ballroom_Media-103614
778,-1.4066197,-2.074363,2 (Jazz),ballroom___ballroom_Media-103615
779,-1.7200835,-4.445414,2 (Jazz),ballroom___ballroom_Media-103616
780,-2.205755,1.3885453,2 (Jazz),ballroom___ballroom_Media-103617
781,22.377445,-6.3687243,1 (Hip-Hop + Pop + HJDB),ballroom___ballroom_Media-103618
782,14.164526,-10.401617,1 (Hip-Hop + Pop + HJDB),ballroom___ballroom_Media-103619
783,17.870407,-5.4161587,1 (Hip-Hop + Pop + HJDB),ballroom___ballroom_Media-103701
784,14.713069,-1.330523,1 (Hip-Hop + Pop + HJDB),ballroom___ballroom_Media-103702
785,12.988818,-1.0065081,1 + 3,ballroom___ballroom_Media-103703
786,-2.4487169,1.8339409,2 (Jazz),ballroom___ballroom_Media-103704
787,12.858727,-0.51992357,1 + 3,ballroom___ballroom_Media-103705
788,19.908985,-4.489808,1 (Hip-Hop + Pop + HJDB),ballroom___ballroom_Media-103706
789,18.343288,-8.122338,1 (Hip-Hop + Pop + HJDB),ballroom___ballroom_Media-103707
790,21.071085,-4.1430764,1 (Hip-Hop + Pop + HJDB),ballroom___ballroom_Media-103708
791,-1.1840256,-5.4606657,2 (Jazz),ballroom___ballroom_Media-103709
792,-0.14373755,-4.622067,2 + 3,ballroom___ballroom_Media-103710
793,-7.5224886,2.2116964,2 (Jazz),ballroom___ballroom_Media-103711
794,11.648362,-4.5967875,1 + 3,ballroom___ballroom_Media-103712
795,13.748344,0.38337034,1 + 3,ballroom___ballroom_Media-103713
796,14.918209,-11.910069,1 (Hip-Hop + Pop + HJDB),ballroom___ballroom_Media-103714
797,-0.04487196,1.401321,2 + 3,ballroom___ballroom_Media-103715
798,18.408075,0.0903087,1 (Hip-Hop + Pop + HJDB),ballroom___ballroom_Media-103716
799,0.79868853,-2.1414557,2 + 3,ballroom___ballroom_Media-103717
800,-6.585934,-7.862156,2 (Jazz),ballroom___ballroom_Media-103718
801,7.845668,-7.871186,3 (Rock + Pop),ballroom___ballroom_Media-103719
802,13.638902,-5.0491705,1 (Hip-Hop + Pop + HJDB),ballroom___ballroom_Media-103801
803,21.45183,-5.4682574,1 (Hip-Hop + Pop + HJDB),ballroom___ballroom_Media-103802
804,14.288078,-5.0559807,1 (Hip-Hop + Pop + HJDB),ballroom___ballroom_Media-103803
805,10.664017,-7.9810567,1 + 3,ballroom___ballroom_Media-103804
806,21.212961,-4.975866,1 (Hip-Hop + Pop + HJDB),ballroom___ballroom_Media-103805
807,13.364497,-5.7670217,1 (Hip-Hop + Pop + HJDB),ballroom___ballroom_Media-103806
808,21.666655,-6.378199,1 (Hip-Hop + Pop + HJDB),ballroom___ballroom_Media-103807
809,14.993038,0.49347383,1 + 3,ballroom___ballroom_Media-103808
810,-6.452539,1.4113199,2 (Jazz),ballroom___ballroom_Media-103809
811,-1.4465646,0.1438167,2 (Jazz),ballroom___ballroom_Media-103810
812,2.7539072,-4.3611736,3 (Rock + Pop),ballroom___ballroom_Media-103811
813,14.788706,-6.575356,1 (Hip-Hop + Pop + HJDB),ballroom___ballroom_Media-103812
814,-3.0577948,9.947729,2 (Jazz),ballroom___ballroom_Media-103813
815,4.691504,-2.1347024,3 (Rock + Pop),ballroom___ballroom_Media-103814
816,14.139833,-4.787641,1 (Hip-Hop + Pop + HJDB),ballroom___ballroom_Media-103815
817,12.697326,-4.2232695,1 + 3,ballroom___ballroom_Media-103816
818,6.630514,-7.8730083,3 (Rock + Pop),ballroom___ballroom_Media-103817
819,0.48378485,-2.1938953,2 + 3,ballroom___ballroom_Media-103818
820,-1.2141322,5.4656277,2 + 3,ballroom___ballroom_Media-103819
821,14.404235,-5.9870214,1 (Hip-Hop + Pop + HJDB),ballroom___ballroom_Media-103901
822,16.389477,-3.4432058,1 (Hip-Hop + Pop + HJDB),ballroom___ballroom_Media-103902
823,16.236937,-9.899977,1 (Hip-Hop + Pop + HJDB),ballroom___ballroom_Media-103903
824,15.701043,-2.082996,1 (Hip-Hop + Pop + HJDB),ballroom___ballroom_Media-103904
825,-7.216558,0.8046722,2 (Jazz),ballroom___ballroom_Media-103905
826,14.387896,4.6304436,3 (Rock + Pop),ballroom___ballroom_Media-103906
827,14.608708,-4.034828,1 (Hip-Hop + Pop + HJDB),ballroom___ballroom_Media-103907
828,-7.942087,2.270878,2 (Jazz),ballroom___ballroom_Media-103908
829,-7.722859,2.7959878,2 (Jazz),ballroom___ballroom_Media-103909
830,-8.955338,4.8452606,2 (Jazz),ballroom___ballroom_Media-103910
831,-18.662304,4.428328,4 (Classical),ballroom___ballroom_Media-103911
832,-1.4139822,-1.5313156,2 (Jazz),ballroom___ballroom_Media-103912
833,-7.2442446,1.7533176,2 (Jazz),ballroom___ballroom_Media-103913
834,-7.0659704,1.6901883,2 (Jazz),ballroom___ballroom_Media-103914
835,11.387088,-9.849304,1 (Hip-Hop + Pop + HJDB),ballroom___ballroom_Media-103917
836,7.3771257,-6.458045,3 (Rock + Pop),ballroom___ballroom_Media-103918
837,4.5927596,4.8814483,3 (Rock + Pop),ballroom___ballroom_Media-103919
838,2.3518183,3.2527652,3 (Rock + Pop),ballroom___ballroom_Media-103920
839,19.102932,-5.310406,1 (Hip-Hop + Pop + HJDB),ballroom___ballroom_Media-104001
840,16.285194,-2.7848954,1 (Hip-Hop + Pop + HJDB),ballroom___ballroom_Media-104002
841,21.276648,-5.0644927,1 (Hip-Hop + Pop + HJDB),ballroom___ballroom_Media-104003
842,14.558687,0.8797272,1 + 3,ballroom___ballroom_Media-104004
843,-0.74710864,-4.7925577,2 + 3,ballroom___ballroom_Media-104005
844,6.501564,-9.70041,3 (Rock + Pop),ballroom___ballroom_Media-104006
845,-7.257168,1.4648802,2 (Jazz),ballroom___ballroom_Media-104007
846,-18.727894,5.6894813,4 (Classical),ballroom___ballroom_Media-104008
847,14.679683,-2.8321772,1 (Hip-Hop + Pop + HJDB),ballroom___ballroom_Media-104009
848,15.152376,-10.487997,1 (Hip-Hop + Pop + HJDB),ballroom___ballroom_Media-104010
849,19.469322,-5.228758,1 (Hip-Hop + Pop + HJDB),ballroom___ballroom_Media-104011
850,14.285019,-4.250684,1 (Hip-Hop + Pop + HJDB),ballroom___ballroom_Media-104012
851,2.9782364,1.9282756,3 (Rock + Pop),ballroom___ballroom_Media-104015
852,12.946227,-6.853439,1 (Hip-Hop + Pop + HJDB),ballroom___ballroom_Media-104016
853,12.869437,-2.3990724,1 + 3,ballroom___ballroom_Media-104017
854,26.225178,-10.986545,1 (Hip-Hop + Pop + HJDB),ballroom___ballroom_Media-104101
855,20.703915,-4.418299,1 (Hip-Hop + Pop + HJDB),ballroom___ballroom_Media-104102
856,15.24813,-1.2149712,1 (Hip-Hop + Pop + HJDB),ballroom___ballroom_Media-104103
857,19.355461,-5.149081,1 (Hip-Hop + Pop + HJDB),ballroom___ballroom_Media-104104
858,22.390957,-10.433898,1 (Hip-Hop + Pop + HJDB),ballroom___ballroom_Media-104105
859,12.733594,-1.5397483,1 + 3,ballroom___ballroom_Media-104106
860,15.286089,-2.766016,1 (Hip-Hop + Pop + HJDB),ballroom___ballroom_Media-104107
861,15.718732,-2.3526819,1 (Hip-Hop + Pop + HJDB),ballroom___ballroom_Media-104108
862,14.147813,-4.734558,1 (Hip-Hop + Pop + HJDB),ballroom___ballroom_Media-104109
863,15.094822,-4.485833,1 (Hip-Hop + Pop + HJDB),ballroom___ballroom_Media-104110
864,15.411306,-7.2362385,1 (Hip-Hop + Pop + HJDB),ballroom___ballroom_Media-104111
865,8.092128,-8.047458,3 (Rock + Pop),ballroom___ballroom_Media-104112
866,5.6164627,-8.917644,3 (Rock + Pop),ballroom___ballroom_Media-104113
867,-17.579515,6.1749253,2 + 4,ballroom___ballroom_Media-104114
868,15.476358,0.10260568,1 (Hip-Hop + Pop + HJDB),ballroom___ballroom_Media-104115
869,-1.2265221,2.3173254,2 (Jazz),ballroom___ballroom_Media-104116
870,16.33737,-5.597795,1 (Hip-Hop + Pop + HJDB),ballroom___ballroom_Media-104117
871,14.7994995,-3.368781,1 (Hip-Hop + Pop + HJDB),ballroom___ballroom_Media-104118
872,-3.0157213,10.101398,2 (Jazz),ballroom___ballroom_Media-104119
873,-22.319544,1.9234681,4 (Classical),ballroom___ballroom_Media-104201
874,-23.150116,-5.557839,4 (Classical),ballroom___ballroom_Media-104202
875,-22.07123,1.9779198,4 (Classical),ballroom___ballroom_Media-104203
876,-2.5647595,-3.888425,2 (Jazz),ballroom___ballroom_Media-104204
877,-19.848652,5.320327,4 (Classical),ballroom___ballroom_Media-104205
878,-9.957057,6.7297134,2 (Jazz),ballroom___ballroom_Media-104206
879,-9.932637,7.1855483,2 (Jazz),ballroom___ballroom_Media-104207
880,-9.225731,5.3532114,2 (Jazz),ballroom___ballroom_Media-104208
881,-11.170101,7.264595,2 (Jazz),ballroom___ballroom_Media-104209
882,-10.928091,7.4967027,2 (Jazz),ballroom___ballroom_Media-104210
883,-11.174273,7.513624,2 (Jazz),ballroom___ballroom_Media-104211
884,-11.610454,6.45032,2 (Jazz),ballroom___ballroom_Media-104212
885,15.648104,-0.82067776,1 (Hip-Hop + Pop + HJDB),ballroom___ballroom_Media-104216
886,15.6210165,-1.083404,1 (Hip-Hop + Pop + HJDB),ballroom___ballroom_Media-104217
887,16.350067,-1.9910952,1 (Hip-Hop + Pop + HJDB),ballroom___ballroom_Media-104218
888,16.147577,-2.4184344,1 (Hip-Hop + Pop + HJDB),ballroom___ballroom_Media-104219
889,-2.466115,-2.5465732,2 (Jazz),ballroom___ballroom_Media-104301
890,-3.002492,-1.1854289,2 (Jazz),ballroom___ballroom_Media-104302
891,-1.6147647,0.82590526,2 (Jazz),ballroom___ballroom_Media-104303
892,16.411926,1.7666144,1 (Hip-Hop + Pop + HJDB),ballroom___ballroom_Media-104304
893,-2.2134738,2.0497487,2 (Jazz),ballroom___ballroom_Media-104305
894,-10.30197,6.750534,2 (Jazz),ballroom___ballroom_Media-104306
895,-2.5888345,1.9324366,2 (Jazz),ballroom___ballroom_Media-104307
896,0.38083392,0.6882,2 + 3,ballroom___ballroom_Media-104308
897,0.1873669,1.4309028,2 + 3,ballroom___ballroom_Media-104309
898,0.12157247,1.4761964,2 + 3,ballroom___ballroom_Media-104314
899,0.054590605,0.4692083,2 + 3,ballroom___ballroom_Media-104315
900,-2.269527,1.6960192,2 (Jazz),ballroom___ballroom_Media-104316
901,-0.80495626,0.37258804,2 + 3,ballroom___ballroom_Media-104317
902,-6.7553773,7.1769943,2 (Jazz),ballroom___ballroom_Media-104401
903,-3.3991153,0.38048932,2 (Jazz),ballroom___ballroom_Media-104402
904,-3.695906,-1.4467238,2 (Jazz),ballroom___ballroom_Media-104403
905,-10.233822,6.573957,2 (Jazz),ballroom___ballroom_Media-104404
906,-12.849588,-2.5970347,2 (Jazz),ballroom___ballroom_Media-104405
907,-3.558508,3.938663,2 (Jazz),ballroom___ballroom_Media-104406
908,-2.046616,0.3612144,2 (Jazz),ballroom___ballroom_Media-104407
909,3.885044,2.7581377,3 (Rock + Pop),ballroom___ballroom_Media-104408
910,-1.5362093,-1.4055504,2 (Jazz),ballroom___ballroom_Media-104409
911,-0.43718758,13.284996,2 + 3,ballroom___ballroom_Media-104415
912,16.974638,-3.0447938,1 (Hip-Hop + Pop + HJDB),ballroom___ballroom_Media-104416
913,-0.23834868,2.2024994,2 + 3,ballroom___ballroom_Media-104417
914,-2.9535935,1.7043803,2 (Jazz),ballroom___ballroom_Media-104418
915,-1.7631515,-2.5850186,2 (Jazz),ballroom___ballroom_Media-104501
916,-3.7493806,-2.0641327,2 (Jazz),ballroom___ballroom_Media-104502
917,-19.366302,2.714906,4 (Classical),ballroom___ballroom_Media-104503
918,-2.0096307,-2.5954924,2 (Jazz),ballroom___ballroom_Media-104504
919,-9.361088,8.300053,2 (Jazz),ballroom___ballroom_Media-104505
920,-9.123938,5.2743654,2 (Jazz),ballroom___ballroom_Media-104506
921,-2.9180138,-1.3500148,2 (Jazz),ballroom___ballroom_Media-104507
922,-0.97983325,2.2599661,2 + 3,ballroom___ballroom_Media-104508
923,13.474523,-3.4487286,1 (Hip-Hop + Pop + HJDB),ballroom___ballroom_Media-104514
924,15.971161,-1.1820949,1 (Hip-Hop + Pop + HJDB),ballroom___ballroom_Media-104515
925,16.541033,1.4791696,1 (Hip-Hop + Pop + HJDB),ballroom___ballroom_Media-104516
926,-4.2029095,-2.4276946,2 (Jazz),ballroom___ballroom_Media-104601
927,-1.952733,-2.279102,2 (Jazz),ballroom___ballroom_Media-104602
928,-19.578518,4.276685,4 (Classical),ballroom___ballroom_Media-104603
929,-4.4764404,2.862277,2 (Jazz),ballroom___ballroom_Media-104604
930,-9.176516,6.1829033,2 (Jazz),ballroom___ballroom_Media-104605
931,16.248913,-0.19321856,1 (Hip-Hop + Pop + HJDB),ballroom___ballroom_Media-104606
932,-2.7507794,1.9746403,2 (Jazz),ballroom___ballroom_Media-104607
933,0.9157809,0.34818408,3 (Rock + Pop),ballroom___ballroom_Media-104608
934,16.686205,0.8785219,1 (Hip-Hop + Pop + HJDB),ballroom___ballroom_Media-104609
935,-4.7298846,9.507905,2 (Jazz),ballroom___ballroom_Media-104615
936,-1.40568,1.4048803,2 (Jazz),ballroom___ballroom_Media-104616
937,-3.4264374,-4.3703933,2 (Jazz),ballroom___ballroom_Media-104617
938,-0.48117545,-3.7151272,2 + 3,ballroom___ballroom_Media-104618
939,-3.6298723,-2.079858,2 (Jazz),ballroom___ballroom_Media-104701
940,-4.5312614,-0.32181287,2 (Jazz),ballroom___ballroom_Media-104702
941,-3.174227,-4.292263,2 (Jazz),ballroom___ballroom_Media-104703
942,-21.609406,1.9436152,4 (Classical),ballroom___ballroom_Media-104704
943,-3.4089255,-1.637202,2 (Jazz),ballroom___ballroom_Media-104706
944,-10.633548,6.7255306,2 (Jazz),ballroom___ballroom_Media-104707
945,14.798697,-2.0747595,1 (Hip-Hop + Pop + HJDB),ballroom___ballroom_Media-104708
946,-9.168344,6.367018,2 (Jazz),ballroom___ballroom_Media-104709
947,25.369148,8.434774,1 (Hip-Hop + Pop + HJDB),ballroom___ballroom_Media-104710
948,-25.683975,2.4755447,4 (Classical),ballroom___ballroom_Media-104711
949,0.63543653,-3.4901068,2 + 3,ballroom___ballroom_Media-104712
950,-1.817727,2.6372073,2 (Jazz),ballroom___ballroom_Media-104716
951,-8.85376,5.753403,2 (Jazz),ballroom___ballroom_Media-104717
952,-0.10060716,2.214013,2 + 3,ballroom___ballroom_Media-104718
953,-20.910837,4.2267737,4 (Classical),ballroom___ballroom_Media-104801
954,-0.018313304,-1.387424,2 + 3,ballroom___ballroom_Media-104802
955,-20.762907,1.3810904,4 (Classical),ballroom___ballroom_Media-104803
956,-20.150934,4.5087066,4 (Classical),ballroom___ballroom_Media-104804
957,-19.496616,2.9504268,4 (Classical),ballroom___ballroom_Media-104805
958,-9.943844,7.066047,2 (Jazz),ballroom___ballroom_Media-104806
959,-8.748572,2.667939,2 (Jazz),ballroom___ballroom_Media-104807
960,-9.527701,5.22289,2 (Jazz),ballroom___ballroom_Media-104808
961,-23.51601,3.1985803,4 (Classical),ballroom___ballroom_Media-104809
962,-23.313597,3.837601,4 (Classical),ballroom___ballroom_Media-104810
963,-23.937853,3.5699432,4 (Classical),ballroom___ballroom_Media-104811
964,14.725479,-1.2141378,1 (Hip-Hop + Pop + HJDB),ballroom___ballroom_Media-104815
965,13.481139,-0.5610387,1 + 3,ballroom___ballroom_Media-104816
966,-19.295004,4.0201077,4 (Classical),ballroom___ballroom_Media-104901
967,-3.1341875,-1.7172159,2 (Jazz),ballroom___ballroom_Media-104902
968,-3.250679,0.008673899,2 (Jazz),ballroom___ballroom_Media-104903
969,-11.268949,6.878867,2 (Jazz),ballroom___ballroom_Media-104904
970,-4.3986073,-2.6130407,2 (Jazz),ballroom___ballroom_Media-104905
971,-19.579746,-0.87617654,4 (Classical),ballroom___ballroom_Media-104906
972,-9.199727,4.1990643,2 (Jazz),ballroom___ballroom_Media-104907
973,-11.574989,7.0610075,2 (Jazz),ballroom___ballroom_Media-104908
974,-1.1806542,1.2963403,2 (Jazz),ballroom___ballroom_Media-104909
975,-3.0160682,1.6040145,2 (Jazz),ballroom___ballroom_Media-104915
976,15.012135,-2.00156,1 (Hip-Hop + Pop + HJDB),ballroom___ballroom_Media-104916
977,15.339214,-12.211937,1 (Hip-Hop + Pop + HJDB),ballroom___ballroom_Media-104917
978,-0.5298703,1.4881773,2 + 3,ballroom___ballroom_Media-104918
979,-23.16087,1.9793857,4 (Classical),ballroom___ballroom_Media-105001
980,-3.9394288,-3.3697672,2 (Jazz),ballroom___ballroom_Media-105002
981,-3.948772,-2.0285773,2 (Jazz),ballroom___ballroom_Media-105003
982,-2.284374,-1.7920157,2 (Jazz),ballroom___ballroom_Media-105004
983,1.0219246,0.0065091248,3 (Rock + Pop),ballroom___ballroom_Media-105005
984,-18.292175,2.7020338,4 (Classical),ballroom___ballroom_Media-105006
985,-19.156498,3.638269,4 (Classical),ballroom___ballroom_Media-105007
986,-14.022912,-2.019544,2 (Jazz),ballroom___ballroom_Media-105008
987,-14.203941,-2.1611013,2 (Jazz),ballroom___ballroom_Media-105009
988,-18.771067,4.728287,4 (Classical),ballroom___ballroom_Media-105010
989,-8.63263,3.406083,2 (Jazz),ballroom___ballroom_Media-105011
990,-8.441703,3.7553387,2 (Jazz),ballroom___ballroom_Media-105016
991,15.497086,-2.0276768,1 (Hip-Hop + Pop + HJDB),ballroom___ballroom_Media-105017
992,12.732158,-3.23268,1 + 3,ballroom___ballroom_Media-105018
993,15.699702,-1.5897307,1 (Hip-Hop + Pop + HJDB),ballroom___ballroom_Media-105019
994,-3.8974855,9.081353,2 (Jazz),ballroom___ballroom_Media-105020
995,-4.2321086,-3.0192869,2 (Jazz),ballroom___ballroom_Media-105101
996,-26.862852,1.7740747,4 (Classical),ballroom___ballroom_Media-105102
997,1.727224,-0.7370449,3 (Rock + Pop),ballroom___ballroom_Media-105103
998,0.87459266,-2.405429,2 + 3,ballroom___ballroom_Media-105104
999,-19.724243,5.230103,4 (Classical),ballroom___ballroom_Media-105105
1000,-19.974295,4.7605777,4 (Classical),ballroom___ballroom_Media-105106
1001,-8.770542,2.4566262,2 (Jazz),ballroom___ballroom_Media-105107
1002,-9.723318,6.7796454,2 (Jazz),ballroom___ballroom_Media-105108
1003,-8.756458,3.0452502,2 (Jazz),ballroom___ballroom_Media-105109
1004,-2.5171645,-2.395038,2 (Jazz),ballroom___ballroom_Media-105110
1005,-19.044586,0.7899841,4 (Classical),ballroom___ballroom_Media-105111
1006,-2.1345754,-1.6947012,2 (Jazz),ballroom___ballroom_Media-105112
1007,-2.5349424,2.2214983,2 (Jazz),ballroom___ballroom_Media-105119
1008,13.773352,-1.3622714,1 + 3,ballroom___ballroom_Media-105120
1009,16.143238,-1.8361437,1 (Hip-Hop + Pop + HJDB),ballroom___ballroom_Media-105121
1010,-0.30750108,1.3443539,2 + 3,ballroom___ballroom_Media-105122
1011,-1.850956,11.640625,2 + 3,ballroom___ballroom_Media-105207
1012,-21.752855,0.92344165,4 (Classical),ballroom___ballroom_Media-105209
1013,-19.96804,4.7674265,4 (Classical),ballroom___ballroom_Media-105210
1014,-21.614206,2.8385117,4 (Classical),ballroom___ballroom_Media-105211
1015,-24.4301,-4.832999,4 (Classical),ballroom___ballroom_Media-105212
1016,-6.5716853,6.111883,2 (Jazz),ballroom___ballroom_Media-105213
1017,-18.15257,3.3850155,4 (Classical),ballroom___ballroom_Media-105214
1018,-3.7459655,-4.955174,2 (Jazz),ballroom___ballroom_Media-105215
1019,-22.696196,1.7289987,4 (Classical),ballroom___ballroom_Media-105301
1020,-19.22327,4.5120096,4 (Classical),ballroom___ballroom_Media-105302
1021,-24.063282,2.7483048,4 (Classical),ballroom___ballroom_Media-105303
1022,-5.802278,2.2003107,2 (Jazz),ballroom___ballroom_Media-105304
1023,15.712562,0.35853055,1 (Hip-Hop + Pop + HJDB),ballroom___ballroom_Media-105305
1024,-25.899643,5.5172815,4 (Classical),ballroom___ballroom_Media-105306
1025,-1.2740157,0.14514637,2 (Jazz),ballroom___ballroom_Media-105307
1026,-27.392942,2.6592555,4 (Classical),ballroom___ballroom_Media-105308
1027,2.325422,-2.226317,3 (Rock + Pop),ballroom___ballroom_Media-105309
1028,1.6590897,-1.1773703,3 (Rock + Pop),ballroom___ballroom_Media-105313
1029,12.4297695,-2.5623524,1 + 3,ballroom___ballroom_Media-105314
1030,14.287425,-3.3721569,1 (Hip-Hop + Pop + HJDB),ballroom___ballroom_Media-105315
1031,-22.749615,3.5502133,4 (Classical),ballroom___ballroom_Media-105316
1032,16.021152,0.94898504,1 (Hip-Hop + Pop + HJDB),ballroom___ballroom_Media-105317
1033,-8.134859,2.108833,2 (Jazz),ballroom___ballroom_Media-105318
1034,16.340609,-0.801394,1 (Hip-Hop + Pop + HJDB),ballroom___ballroom_Media-105320
1035,14.381111,-1.2441188,1 (Hip-Hop + Pop + HJDB),ballroom___ballroom_Media-105401
1036,14.87275,-2.8236625,1 (Hip-Hop + Pop + HJDB),ballroom___ballroom_Media-105402
1037,12.984332,-5.0370927,1 (Hip-Hop + Pop + HJDB),ballroom___ballroom_Media-105403
1038,14.399758,-2.7109847,1 (Hip-Hop + Pop + HJDB),ballroom___ballroom_Media-105404
1039,15.847161,-2.853111,1 (Hip-Hop + Pop + HJDB),ballroom___ballroom_Media-105405
1040,21.50718,-5.8042207,1 (Hip-Hop + Pop + HJDB),ballroom___ballroom_Media-105406
1041,5.443325,1.0802506,3 (Rock + Pop),ballroom___ballroom_Media-105407
1042,-2.58606,-5.114399,2 (Jazz),ballroom___ballroom_Media-105408
1043,9.256967,-7.940568,1 + 3,ballroom___ballroom_Media-105409
1044,8.84963,-7.8648086,1 + 3,ballroom___ballroom_Media-105410
1045,8.987874,-7.765004,1 + 3,ballroom___ballroom_Media-105411
1046,2.5940847,-0.8673507,3 (Rock + Pop),ballroom___ballroom_Media-105412
1047,4.1942024,0.03807222,3 (Rock + Pop),ballroom___ballroom_Media-105413
1048,15.068885,-11.080903,1 (Hip-Hop + Pop + HJDB),ballroom___ballroom_Media-105414
1049,11.944101,-1.8163823,1 + 3,ballroom___ballroom_Media-105415
1050,-6.4137583,0.98947054,2 (Jazz),ballroom___ballroom_Media-105416
1051,12.346293,-6.8150024,1 (Hip-Hop + Pop + HJDB),ballroom___ballroom_Media-105417
1052,-19.295029,5.525924,4 (Classical),ballroom___ballroom_Media-105418
1053,-3.6590266,-7.3144503,2 (Jazz),ballroom___ballroom_Media-105419
1054,10.610562,-9.272261,1 (Hip-Hop + Pop + HJDB),ballroom___ballroom_Media-105420
1055,-19.890528,3.5512054,4 (Classical),ballroom___ballroom_Media-105501
1056,-19.620184,5.3682666,4 (Classical),ballroom___ballroom_Media-105502
1057,-2.3421795,-3.4136498,2 (Jazz),ballroom___ballroom_Media-105503
1058,-19.168732,2.9994078,4 (Classical),ballroom___ballroom_Media-105504
1059,-9.210083,5.965342,2 (Jazz),ballroom___ballroom_Media-105505
1060,-10.740774,6.4320283,2 (Jazz),ballroom___ballroom_Media-105506
1061,-9.572968,8.190947,2 (Jazz),ballroom___ballroom_Media-105507
1062,-9.256763,6.295323,2 (Jazz),ballroom___ballroom_Media-105508
1063,-20.339241,0.12633409,4 (Classical),ballroom___ballroom_Media-105509
1064,-19.397364,5.0764713,4 (Classical),ballroom___ballroom_Media-105510
1065,-18.062813,5.3004203,4 (Classical),ballroom___ballroom_Media-105511
1066,14.615839,0.22508089,1 + 3,ballroom___ballroom_Media-105516
1067,15.565156,-2.7774525,1 (Hip-Hop + Pop + HJDB),ballroom___ballroom_Media-105517
1068,-2.3204262,1.3837231,2 (Jazz),ballroom___ballroom_Media-105518
1069,13.362419,-1.4021167,1 + 3,ballroom___ballroom_Media-105601
1070,-8.775893,2.0871007,2 (Jazz),ballroom___ballroom_Media-105602
1071,14.762487,-1.8103129,1 (Hip-Hop + Pop + HJDB),ballroom___ballroom_Media-105603
1072,14.46553,-1.76824,1 (Hip-Hop + Pop + HJDB),ballroom___ballroom_Media-105604
1073,9.549567,-3.216285,3 (Rock + Pop),ballroom___ballroom_Media-105605
1074,16.212175,-2.7483509,1 (Hip-Hop + Pop + HJDB),ballroom___ballroom_Media-105606
1075,20.019539,-3.7533762,1 (Hip-Hop + Pop + HJDB),ballroom___ballroom_Media-105607
1076,19.61769,-3.9798331,1 (Hip-Hop + Pop + HJDB),ballroom___ballroom_Media-105608
1077,19.57366,-3.9587362,1 (Hip-Hop + Pop + HJDB),ballroom___ballroom_Media-105609
1078,14.55182,-8.209556,1 (Hip-Hop + Pop + HJDB),ballroom___ballroom_Media-105611
1079,13.71313,-5.24453,1 (Hip-Hop + Pop + HJDB),ballroom___ballroom_Media-105612
1080,9.221576,-8.397434,1 + 3,ballroom___ballroom_Media-105613
1081,-8.011374,2.1976948,2 (Jazz),ballroom___ballroom_Media-105614
1082,6.023118,-8.897047,3 (Rock + Pop),ballroom___ballroom_Media-105615
1083,-19.734568,5.001895,4 (Classical),ballroom___ballroom_Media-105701
1084,2.3347833,-1.0367891,3 (Rock + Pop),ballroom___ballroom_Media-105702
1085,-19.91362,5.500943,4 (Classical),ballroom___ballroom_Media-105703
1086,-19.787598,3.9918609,4 (Classical),ballroom___ballroom_Media-105704
1087,-9.74483,8.084971,2 (Jazz),ballroom___ballroom_Media-105705
1088,-10.646589,5.1424217,2 (Jazz),ballroom___ballroom_Media-105706
1089,-9.755004,6.4373403,2 (Jazz),ballroom___ballroom_Media-105707
1090,-11.361092,7.1296644,2 (Jazz),ballroom___ballroom_Media-105708
1091,-1.1953367,-1.447987,2 (Jazz),ballroom___ballroom_Media-105709
1092,-19.344091,3.1309109,4 (Classical),ballroom___ballroom_Media-105710
1093,15.418545,-2.491895,1 (Hip-Hop + Pop + HJDB),ballroom___ballroom_Media-105715
1094,15.984363,-2.543202,1 (Hip-Hop + Pop + HJDB),ballroom___ballroom_Media-105716
1095,16.285788,-2.2809694,1 (Hip-Hop + Pop + HJDB),ballroom___ballroom_Media-105717
1096,-2.078873,-5.009706,2 (Jazz),ballroom___ballroom_Media-105801
1097,-19.720541,5.030323,4 (Classical),ballroom___ballroom_Media-105802
1098,-3.813895,-3.7297022,2 (Jazz),ballroom___ballroom_Media-105803
1099,-17.754025,5.1425066,2 + 4,ballroom___ballroom_Media-105804
1100,-19.845976,4.908968,4 (Classical),ballroom___ballroom_Media-105805
1101,-9.104618,3.1927135,2 (Jazz),ballroom___ballroom_Media-105806
1102,-9.729334,7.04197,2 (Jazz),ballroom___ballroom_Media-105807
1103,-9.390561,4.4774246,2 (Jazz),ballroom___ballroom_Media-105808
1104,-19.849684,5.3293667,4 (Classical),ballroom___ballroom_Media-105809
1105,-2.3990073,0.82048625,2 (Jazz),ballroom___ballroom_Media-105810
1106,-23.388817,3.7201598,4 (Classical),ballroom___ballroom_Media-105811
1107,-23.567177,-5.8666234,4 (Classical),ballroom___ballroom_Media-105812
1108,14.935444,-0.024096811,1 + 3,ballroom___ballroom_Media-105816
1109,14.625162,-0.7554768,1 + 3,ballroom___ballroom_Media-105817
1110,14.396695,-1.8681189,1 (Hip-Hop + Pop + HJDB),ballroom___ballroom_Media-105818
1111,14.641145,-0.62668097,1 + 3,ballroom___ballroom_Media-105819
1112,14.894962,0.1848766,1 + 3,ballroom___ballroom_Media-105820
1113,-11.75933,7.988345,2 (Jazz),ballroom___ballroom_Media-105901
1114,-6.3566318,5.000408,2 (Jazz),ballroom___ballroom_Media-105902
1115,17.214304,0.9734636,1 (Hip-Hop + Pop + HJDB),ballroom___ballroom_Media-105903
1116,-9.784817,5.86817,2 (Jazz),ballroom___ballroom_Media-105904
1117,16.239506,0.6877476,1 (Hip-Hop + Pop + HJDB),ballroom___ballroom_Media-105905
1118,-9.349661,6.2571726,2 (Jazz),ballroom___ballroom_Media-105906
1119,-9.237821,2.0616121,2 (Jazz),ballroom___ballroom_Media-105907
1120,16.494265,-0.54384744,1 (Hip-Hop + Pop + HJDB),ballroom___ballroom_Media-105911
1121,-8.7545,6.198284,2 (Jazz),ballroom___ballroom_Media-105912
1122,-8.819223,8.081382,2 (Jazz),ballroom___ballroom_Media-105913
1123,-4.4232645,9.035086,2 (Jazz),ballroom___ballroom_Media-105914
1124,18.969807,-4.8327956,1 (Hip-Hop + Pop + HJDB),ballroom___ballroom_Media-106001
1125,13.816314,-4.641784,1 (Hip-Hop + Pop + HJDB),ballroom___ballroom_Media-106002
1126,-0.4348915,0.050317064,2 + 3,ballroom___ballroom_Media-106003
1127,21.162895,-4.7379484,1 (Hip-Hop + Pop + HJDB),ballroom___ballroom_Media-106004
1128,13.989219,-2.7239163,1 (Hip-Hop + Pop + HJDB),ballroom___ballroom_Media-106005
1129,12.613293,-7.6188335,1 (Hip-Hop + Pop + HJDB),ballroom___ballroom_Media-106006
1130,14.272248,-1.2997181,1 + 3,ballroom___ballroom_Media-106007
1131,12.532314,-0.6184765,3 (Rock + Pop),ballroom___ballroom_Media-106008
1132,9.0403,-9.46409,1 + 3,ballroom___ballroom_Media-106009
1133,-0.91781586,-5.5699615,2 + 3,ballroom___ballroom_Media-106010
1134,-4.6571164,-0.24299829,2 (Jazz),ballroom___ballroom_Media-106011
1135,-8.198783,2.3501735,2 (Jazz),ballroom___ballroom_Media-106012
1136,10.928639,-0.9587248,3 (Rock + Pop),ballroom___ballroom_Media-106015
1137,-3.5739725,2.1970758,2 (Jazz),ballroom___ballroom_Media-106016
1138,19.708328,-4.1608157,1 (Hip-Hop + Pop + HJDB),ballroom___ballroom_Media-106017
1139,-8.58094,0.8637428,2 (Jazz),ballroom___ballroom_Media-106101
1140,15.18847,-12.71936,1 (Hip-Hop + Pop + HJDB),ballroom___ballroom_Media-106102
1141,14.498588,-4.3169136,1 (Hip-Hop + Pop + HJDB),ballroom___ballroom_Media-106103
1142,8.176831,-7.958703,3 (Rock + Pop),ballroom___ballroom_Media-106104
1143,16.707092,-2.402308,1 (Hip-Hop + Pop + HJDB),ballroom___ballroom_Media-106105
1144,14.621298,-2.2098176,1 (Hip-Hop + Pop + HJDB),ballroom___ballroom_Media-106106
1145,22.2471,-5.966134,1 (Hip-Hop + Pop + HJDB),ballroom___ballroom_Media-106107
1146,16.439373,-2.573204,1 (Hip-Hop + Pop + HJDB),ballroom___ballroom_Media-106108
1147,12.8027935,0.35162917,3 (Rock + Pop),ballroom___ballroom_Media-106109
1148,-0.71750236,-4.8448043,2 + 3,ballroom___ballroom_Media-106110
1149,-6.381599,1.8251661,2 (Jazz),ballroom___ballroom_Media-106111
1150,-7.304599,0.7428319,2 (Jazz),ballroom___ballroom_Media-106112
1151,-3.561515,-4.302802,2 (Jazz),ballroom___ballroom_Media-106113
1152,4.689114,-2.1154227,3 (Rock + Pop),ballroom___ballroom_Media-106114
1153,5.7961774,5.861272,3 (Rock + Pop),ballroom___ballroom_Media-106115
1154,0.5205442,12.671523,2 + 3,ballroom___ballroom_Media-106116
1155,4.4000187,6.880888,3 (Rock + Pop),ballroom___ballroom_Media-106117
1156,15.563476,-1.993637,1 (Hip-Hop + Pop + HJDB),ballroom___ballroom_Media-106118
1157,6.8775,-7.501776,3 (Rock + Pop),ballroom___ballroom_Media-106119
1158,6.616535,5.6829805,3 (Rock + Pop),beatles___beatles_01_Please_Please_Me_01_I_Saw_Her_Standing_There
1159,2.1146023,-0.9163739,3 (Rock + Pop),beatles___beatles_01_Please_Please_Me_02_Misery
1160,2.6169045,4.89081,3 (Rock + Pop),beatles___beatles_01_Please_Please_Me_03_Anna_(Go_To_Him)
1161,5.673089,2.8452032,3 (Rock + Pop),beatles___beatles_01_Please_Please_Me_04_Chains
1162,1.3472906,6.086188,3 (Rock + Pop),beatles___beatles_01_Please_Please_Me_05_Boys
1163,1.4002446,2.4398983,3 (Rock + Pop),beatles___beatles_01_Please_Please_Me_06_Ask_Me_Why
1164,0.37316477,7.456729,2 + 3,beatles___beatles_01_Please_Please_Me_07_Please_Please_Me
1165,1.2500108,4.1659436,3 (Rock + Pop),beatles___beatles_01_Please_Please_Me_08_Love_Me_Do
1166,4.727565,2.4422693,3 (Rock + Pop),beatles___beatles_01_Please_Please_Me_09_P_S_I_Love_You
1167,2.1311064,0.20061158,3 (Rock + Pop),beatles___beatles_01_Please_Please_Me_10_Baby_Its_You
1168,2.7209651,4.0681486,3 (Rock + Pop),beatles___beatles_01_Please_Please_Me_11_Do_You_Want_To_Know_A_Secret
1169,4.1722727,-3.620111,3 (Rock + Pop),beatles___beatles_01_Please_Please_Me_12_A_Taste_Of_Honey
1170,5.6818,4.1727934,3 (Rock + Pop),beatles___beatles_01_Please_Please_Me_13_Theres_A_Place
1171,1.3840203,5.505371,3 (Rock + Pop),beatles___beatles_01_Please_Please_Me_14_Twist_And_Shout
1172,5.300089,7.1339016,3 (Rock + Pop),beatles___beatles_02_With_the_Beatles_01_It_Wont_Be_Long
1173,0.84858114,3.781488,3 (Rock + Pop),beatles___beatles_02_With_the_Beatles_02_All_Ive_Got_To_Do
1174,-8.255832,-6.80797,2 (Jazz),beatles___beatles_02_With_the_Beatles_03_All_My_Loving
1175,11.023947,-0.87317836,3 (Rock + Pop),beatles___beatles_02_With_the_Beatles_04_Dont_Bother_Me
1176,2.487198,3.148165,3 (Rock + Pop),beatles___beatles_02_With_the_Beatles_05_Little_Child
1177,-5.7517333,0.87002754,2 (Jazz),beatles___beatles_02_With_the_Beatles_06_Till_There_Was_You
1178,6.1466274,4.933663,3 (Rock + Pop),beatles___beatles_02_With_the_Beatles_07_Please_Mister_Postman
1179,8.283961,2.8371432,3 (Rock + Pop),beatles___beatles_02_With_the_Beatles_08_Roll_Over_Beethoven
1180,7.1146007,5.241077,3 (Rock + Pop),beatles___beatles_02_With_the_Beatles_09_Hold_Me_Tight
1181,3.2593453,6.342621,3 (Rock + Pop),beatles___beatles_02_With_the_Beatles_10_You_Really_Got_A_Hold_On_Me
1182,1.0438722,9.217132,3 (Rock + Pop),beatles___beatles_02_With_the_Beatles_11_I_Wanna_Be_Your_Man
1183,6.155042,4.5821743,3 (Rock + Pop),beatles___beatles_02_With_the_Beatles_12_Devil_In_Her_Heart
1184,4.4181433,8.485978,3 (Rock + Pop),beatles___beatles_02_With_the_Beatles_13_Not_A_Second_Time
1185,4.1538777,2.9731078,3 (Rock + Pop),beatles___beatles_02_With_the_Beatles_14_Money
1186,3.7663798,9.634504,3 (Rock + Pop),beatles___beatles_03_A_Hard_Days_Night_01_A_Hard_Days_Night
1187,-1.2998016,3.245087,2 (Jazz),beatles___beatles_03_A_Hard_Days_Night_02_I_Should_Have_Known_Better
1188,2.4112947,-0.45864648,3 (Rock + Pop),beatles___beatles_03_A_Hard_Days_Night_03_If_I_Fell
1189,14.721591,-0.040492915,1 + 3,beatles___beatles_03_A_Hard_Days_Night_04_Im_Happy_Just_To_Dance_With_You
1190,-1.7390164,-0.48281655,2 (Jazz),beatles___beatles_03_A_Hard_Days_Night_05_And_I_Love_Her
1191,3.928204,6.740584,3 (Rock + Pop),beatles___beatles_03_A_Hard_Days_Night_06_Tell_Me_Why
1192,2.5653172,8.47412,3 (Rock + Pop),beatles___beatles_03_A_Hard_Days_Night_07_Cant_Buy_Me_Love
1193,1.3984168,2.2402089,3 (Rock + Pop),beatles___beatles_03_A_Hard_Days_Night_08_Any_Time_At_All
1194,2.7096722,1.8703336,3 (Rock + Pop),beatles___beatles_03_A_Hard_Days_Night_09_Ill_Cry_Instead
1195,-0.33645055,3.2100756,2 + 3,beatles___beatles_03_A_Hard_Days_Night_10_Things_We_Said_Today
1196,4.992197,7.0072026,3 (Rock + Pop),beatles___beatles_03_A_Hard_Days_Night_11_When_I_Get_Home
1197,-0.78657657,5.9133635,2 + 3,beatles___beatles_03_A_Hard_Days_Night_12_You_Cant_Do_That
1198,0.36807963,2.8618064,2 + 3,beatles___beatles_03_A_Hard_Days_Night_13_Ill_Be_Back
1199,2.0089912,4.79125,3 (Rock + Pop),beatles___beatles_04_Beatles_for_Sale_01_No_Reply
1200,-0.4397838,3.6208658,2 + 3,beatles___beatles_04_Beatles_for_Sale_02_Im_a_Loser
1201,1.3068606,0.5284659,3 (Rock + Pop),beatles___beatles_04_Beatles_for_Sale_03_Babys_In_Black
1202,3.2612803,10.109797,3 (Rock + Pop),beatles___beatles_04_Beatles_for_Sale_04_Rock_and_Roll_Music
1203,-5.4345713,0.8998241,2 (Jazz),beatles___beatles_04_Beatles_for_Sale_05_Ill_Follow_the_Sun
1204,3.1495562,6.2777724,3 (Rock + Pop),beatles___beatles_04_Beatles_for_Sale_06_Mr_Moonlight
1205,-0.01744844,7.317649,2 + 3,beatles___beatles_04_Beatles_for_Sale_07_Kansas_City-_Hey_Hey_Hey_Hey
1206,1.1738011,9.39496,3 (Rock + Pop),beatles___beatles_04_Beatles_for_Sale_08_Eight_Days_a_Week
1207,3.643815,2.6196172,3 (Rock + Pop),beatles___beatles_04_Beatles_for_Sale_09_Words_of_Love
1208,-0.5912524,6.8706255,2 + 3,beatles___beatles_04_Beatles_for_Sale_10_Honey_Dont
1209,1.0079734,4.8694243,3 (Rock + Pop),beatles___beatles_04_Beatles_for_Sale_11_Every_Little_Thing
1210,1.6913394,0.8853555,3 (Rock + Pop),beatles___beatles_04_Beatles_for_Sale_12_I_Dont_Want_to_Spoil_the_Party
1211,4.156703,1.8024088,3 (Rock + Pop),beatles___beatles_04_Beatles_for_Sale_13_What_Youre_Doing
1212,6.2225347,4.774953,3 (Rock + Pop),beatles___beatles_04_Beatles_for_Sale_14_Everybodys_Trying_to_Be_My_Baby
1213,0.44671074,2.8271139,3 (Rock + Pop),beatles___beatles_05_Help_01_Help
1214,8.192431,-8.099589,3 (Rock + Pop),beatles___beatles_05_Help_02_The_Night_Before
1215,1.2457745,1.6358606,3 (Rock + Pop),beatles___beatles_05_Help_03_Youve_Got_To_Hide_Your_Love_Away
1216,3.763862,1.5400639,3 (Rock + Pop),beatles___beatles_05_Help_04_I_Need_You
1217,4.2533355,0.5405596,3 (Rock + Pop),beatles___beatles_05_Help_05_Another_Girl
1218,-0.6952371,7.3372684,2 + 3,beatles___beatles_05_Help_06_Youre_Going_To_Lose_That_Girl
1219,3.8939083,6.323643,3 (Rock + Pop),beatles___beatles_05_Help_07_Ticket_To_Ride
1220,3.1959767,1.1639626,3 (Rock + Pop),beatles___beatles_05_Help_08_Act_Naturally
1221,0.7662465,-1.4144199,2 + 3,beatles___beatles_05_Help_09_Its_Only_Love
1222,1.8591396,-0.12717682,3 (Rock + Pop),beatles___beatles_05_Help_10_You_Like_Me_Too_Much
1223,1.8731306,1.2813053,3 (Rock + Pop),beatles___beatles_05_Help_11_Tell_Me_What_You_See
1224,2.0306876,2.1203942,3 (Rock + Pop),beatles___beatles_05_Help_12_Ive_Just_Seen_a_Face
1225,-2.9407828,-2.171424,2 (Jazz),beatles___beatles_05_Help_13_Yesterday
1226,0.81618553,9.313879,3 (Rock + Pop),beatles___beatles_05_Help_14_Dizzy_Miss_Lizzy
1227,-0.4607148,7.0434666,2 + 3,beatles___beatles_06_Rubber_Soul_01_Drive_My_Car
1228,2.6964839,1.3329502,3 (Rock + Pop),beatles___beatles_06_Rubber_Soul_02_Norwegian_Wood_(This_Bird_Has_Flown)
1229,4.735525,1.6732398,3 (Rock + Pop),beatles___beatles_06_Rubber_Soul_03_You_Wont_See_Me
1230,3.3805525,1.2506958,3 (Rock + Pop),beatles___beatles_06_Rubber_Soul_04_Nowhere_Man
1231,4.0662813,7.9709816,3 (Rock + Pop),beatles___beatles_06_Rubber_Soul_05_Think_For_Yourself
1232,3.8502705,7.93217,3 (Rock + Pop),beatles___beatles_06_Rubber_Soul_06_The_Word
1233,-4.916029,0.5397629,2 (Jazz),beatles___beatles_06_Rubber_Soul_07_Michelle
1234,14.971889,-2.4581048,1 (Hip-Hop + Pop + HJDB),beatles___beatles_06_Rubber_Soul_08_What_Goes_On
1235,1.4955221,0.91690344,3 (Rock + Pop),beatles___beatles_06_Rubber_Soul_09_Girl
1236,3.063407,1.6340836,3 (Rock + Pop),beatles___beatles_06_Rubber_Soul_10_Im_Looking_Through_You
1237,0.7386905,3.3035352,3 (Rock + Pop),beatles___beatles_06_Rubber_Soul_11_In_My_Life
1238,3.5194745,8.549942,3 (Rock + Pop),beatles___beatles_06_Rubber_Soul_12_Wait
1239,4.4106336,3.9314175,3 (Rock + Pop),beatles___beatles_06_Rubber_Soul_13_If_I_Needed_Someone
1240,-0.32087377,6.0398397,2 + 3,beatles___beatles_06_Rubber_Soul_14_Run_For_Your_Life
1241,3.937614,7.7646337,3 (Rock + Pop),beatles___beatles_07_Revolver_01_Taxman
1242,-1.1432494,-1.1218913,2 (Jazz),beatles___beatles_07_Revolver_02_Eleanor_Rigby
1243,2.640336,4.711248,3 (Rock + Pop),beatles___beatles_07_Revolver_03_Im_Only_Sleeping
1244,4.99452,1.2726021,3 (Rock + Pop),beatles___beatles_07_Revolver_04_Love_You_To
1245,-4.501232,-1.7682225,2 (Jazz),beatles___beatles_07_Revolver_05_Here_There_And_Everywhere
1246,0.8696424,2.6939843,3 (Rock + Pop),beatles___beatles_07_Revolver_06_Yellow_Submarine
1247,8.289923,4.019876,3 (Rock + Pop),beatles___beatles_07_Revolver_07_She_Said_She_Said
1248,1.7797134,-2.5486467,3 (Rock + Pop),beatles___beatles_07_Revolver_08_Good_Day_Sunshine
1249,6.7718782,7.0402074,3 (Rock + Pop),beatles___beatles_07_Revolver_09_And_Your_Bird_Can_Sing
1250,1.9714664,-0.3933057,3 (Rock + Pop),beatles___beatles_07_Revolver_10_For_No_One
1251,8.569042,4.966602,3 (Rock + Pop),beatles___beatles_07_Revolver_11_Doctor_Robert
1252,5.2406287,3.7456796,3 (Rock + Pop),beatles___beatles_07_Revolver_12_I_Want_To_Tell_You
1253,6.779058,-1.910951,3 (Rock + Pop),beatles___beatles_07_Revolver_13_Got_To_Get_You_Into_My_Life
1254,2.030614,-8.551503,3 (Rock + Pop),beatles___beatles_07_Revolver_14_Tomorrow_Never_Knows
1255,3.929411,7.6102223,3 (Rock + Pop),beatles___beatles_08_Sgt_Peppers_Lonely_Hearts_Club_Band_01_Sgt_Peppers_Lonely_Hearts_Club_Band
1256,3.4032097,2.4421294,3 (Rock + Pop),beatles___beatles_08_Sgt_Peppers_Lonely_Hearts_Club_Band_02_With_A_Little_Help_From_My_Friends
1257,-3.7301672,2.3207753,2 (Jazz),beatles___beatles_08_Sgt_Peppers_Lonely_Hearts_Club_Band_03_Lucy_In_The_Sky_With_Diamonds
1258,8.17615,0.8694025,3 (Rock + Pop),beatles___beatles_08_Sgt_Peppers_Lonely_Hearts_Club_Band_04_Getting_Better
1259,0.22017533,6.763523,2 + 3,beatles___beatles_08_Sgt_Peppers_Lonely_Hearts_Club_Band_05_Fixing_A_Hole
1260,-2.703876,-2.689637,2 (Jazz),beatles___beatles_08_Sgt_Peppers_Lonely_Hearts_Club_Band_06_Shes_Leaving_Home
1261,3.4661229,3.100533,3 (Rock + Pop),beatles___beatles_08_Sgt_Peppers_Lonely_Hearts_Club_Band_07_Being_For_The_Benefit_Of_Mr_Kite
1262,3.122785,12.219067,3 (Rock + Pop),beatles___beatles_08_Sgt_Peppers_Lonely_Hearts_Club_Band_08_Within_You_Without_You
1263,-4.750118,0.8539659,2 (Jazz),beatles___beatles_08_Sgt_Peppers_Lonely_Hearts_Club_Band_09_When_Im_Sixty-Four
1264,-1.9771472,8.977205,2 + 3,beatles___beatles_08_Sgt_Peppers_Lonely_Hearts_Club_Band_10_Lovely_Rita
1265,9.338378,7.777315,3 (Rock + Pop),beatles___beatles_08_Sgt_Peppers_Lonely_Hearts_Club_Band_11_Good_Morning_Good_Morning
1266,4.676266,8.29914,3 (Rock + Pop),beatles___beatles_08_Sgt_Peppers_Lonely_Hearts_Club_Band_12_Sgt_Peppers_Lonely_Hearts_Club_Band_(Reprise)
1267,3.1398132,5.9242845,3 (Rock + Pop),beatles___beatles_08_Sgt_Peppers_Lonely_Hearts_Club_Band_13_A_Day_In_The_Life
1268,8.672743,5.1295466,3 (Rock + Pop),beatles___beatles_09_Magical_Mystery_Tour_01_Magical_Mystery_Tour
1269,-2.7956536,7.896047,2 (Jazz),beatles___beatles_09_Magical_Mystery_Tour_02_The_Fool_On_The_Hill
1270,3.969757,3.2604606,3 (Rock + Pop),beatles___beatles_09_Magical_Mystery_Tour_03_Flying
1271,10.069783,5.3311224,3 (Rock + Pop),beatles___beatles_09_Magical_Mystery_Tour_04_Blue_Jay_Way
1272,6.0016346,1.5731642,3 (Rock + Pop),beatles___beatles_09_Magical_Mystery_Tour_05_Your_Mother_Should_Know
1273,9.253393,4.6566567,3 (Rock + Pop),beatles___beatles_09_Magical_Mystery_Tour_06_I_Am_The_Walrus
1274,5.1813726,2.0299623,3 (Rock + Pop),beatles___beatles_09_Magical_Mystery_Tour_07_Hello_Goodbye
1275,4.403772,5.5697083,3 (Rock + Pop),beatles___beatles_09_Magical_Mystery_Tour_08_Strawberry_Fields_Forever
1276,2.4319496,1.8305364,3 (Rock + Pop),beatles___beatles_09_Magical_Mystery_Tour_09_Penny_Lane
1277,-0.5927791,3.9525332,2 + 3,beatles___beatles_09_Magical_Mystery_Tour_10_Baby_Youre_A_Rich_Man
1278,-0.37122402,6.229214,2 + 3,beatles___beatles_09_Magical_Mystery_Tour_11_All_You_Need_Is_Love
1279,5.9750376,6.4941826,3 (Rock + Pop),beatles___beatles_10_CD1_The_Beatles_01_Back_in_the_USSR
1280,0.9929132,-5.079555,2 + 3,beatles___beatles_10_CD1_The_Beatles_02_Dear_Prudence
1281,3.3321695,5.9569197,3 (Rock + Pop),beatles___beatles_10_CD1_The_Beatles_03_Glass_Onion
1282,8.223386,-0.13228747,3 (Rock + Pop),beatles___beatles_10_CD1_The_Beatles_04_Ob-La-Di_Ob-La-Da
1283,0.46681923,6.29343,3 (Rock + Pop),beatles___beatles_10_CD1_The_Beatles_05_Wild_Honey_Pie
1284,2.3960378,6.171795,3 (Rock + Pop),beatles___beatles_10_CD1_The_Beatles_06_The_Continuing_Story_of_Bungalow_Bill
1285,0.5750261,7.261876,3 (Rock + Pop),beatles___beatles_10_CD1_The_Beatles_07_While_My_Guitar_Gently_Weeps
1286,1.2699256,3.0192997,3 (Rock + Pop),beatles___beatles_10_CD1_The_Beatles_08_Happiness_is_a_Warm_Gun
1287,3.9270203,7.0291257,3 (Rock + Pop),beatles___beatles_10_CD1_The_Beatles_09_Martha_My_Dear
1288,1.126901,1.317003,3 (Rock + Pop),beatles___beatles_10_CD1_The_Beatles_10_Im_So_Tired
1289,-5.0543313,0.5708331,2 (Jazz),beatles___beatles_10_CD1_The_Beatles_11_Black_Bird
1290,-0.3907267,4.810575,2 + 3,beatles___beatles_10_CD1_The_Beatles_12_Piggies
1291,-0.50369227,6.6001444,2 + 3,beatles___beatles_10_CD1_The_Beatles_13_Rocky_Raccoon
1292,-0.63917094,5.23659,2 + 3,beatles___beatles_10_CD1_The_Beatles_14_Dont_Pass_Me_By
1293,-0.16864856,5.954103,2 + 3,beatles___beatles_10_CD1_The_Beatles_15_Why_Dont_We_Do_It_In_The_Road
1294,-5.133541,0.2549774,2 (Jazz),beatles___beatles_10_CD1_The_Beatles_16_I_Will
1295,-6.459613,-0.6512985,2 (Jazz),beatles___beatles_10_CD1_The_Beatles_17_Julia
1296,7.2291975,6.868539,3 (Rock + Pop),beatles___beatles_10_CD2_The_Beatles_01_Birthday
1297,-2.3580358,7.115677,2 (Jazz),beatles___beatles_10_CD2_The_Beatles_02_Yer_Blues
1298,-6.900613,-5.450175,2 (Jazz),beatles___beatles_10_CD2_The_Beatles_03_Mother_Natures_Son
1299,4.712029,7.4005494,3 (Rock + Pop),beatles___beatles_10_CD2_The_Beatles_04_Everybodys_Got_Something_To_Hide_Except_Me_and_My_Monkey
1300,2.8880744,2.4493167,3 (Rock + Pop),beatles___beatles_10_CD2_The_Beatles_05_Sexy_Sadie
1301,10.219938,5.0372844,3 (Rock + Pop),beatles___beatles_10_CD2_The_Beatles_06_Helter_Skelter
1302,3.1840446,3.163142,3 (Rock + Pop),beatles___beatles_10_CD2_The_Beatles_07_Long_Long_Long
1303,9.551826,5.046816,3 (Rock + Pop),beatles___beatles_10_CD2_The_Beatles_08_Revolution_1
1304,6.6872034,-1.2049819,3 (Rock + Pop),beatles___beatles_10_CD2_The_Beatles_09_Honey_Pie
1305,2.5889423,7.257683,3 (Rock + Pop),beatles___beatles_10_CD2_The_Beatles_10_Savoy_Truffle
1306,7.175794,3.327053,3 (Rock + Pop),beatles___beatles_10_CD2_The_Beatles_11_Cry_Baby_Cry
1307,-12.501068,-3.9593666,2 (Jazz),beatles___beatles_10_CD2_The_Beatles_12_Revolution_9
1308,-22.578033,-5.5055885,4 (Classical),beatles___beatles_10_CD2_The_Beatles_13_Good_Night
1309,6.5910664,-1.3860544,3 (Rock + Pop),beatles___beatles_11_Abbey_Road_01_Come_Together
1310,7.8419604,3.488046,3 (Rock + Pop),beatles___beatles_11_Abbey_Road_02_Something
1311,2.0872133,1.0111799,3 (Rock + Pop),beatles___beatles_11_Abbey_Road_03_Maxwells_Silver_Hammer
1312,0.03248835,6.87815,2 + 3,beatles___beatles_11_Abbey_Road_04_Oh_Darling
1313,0.22823417,4.266823,2 + 3,beatles___beatles_11_Abbey_Road_05_Octopuss_Garden
1314,-0.62151307,5.475821,2 + 3,beatles___beatles_11_Abbey_Road_06_I_Want_You
1315,5.512452,4.621072,3 (Rock + Pop),beatles___beatles_11_Abbey_Road_07_Here_Comes_The_Sun
1316,-6.268071,-5.4184904,2 (Jazz),beatles___beatles_11_Abbey_Road_08_Because
1317,3.4843392,7.1225033,3 (Rock + Pop),beatles___beatles_11_Abbey_Road_09_You_Never_Give_Me_Your_Money
1318,-5.863775,-5.2579956,2 (Jazz),beatles___beatles_11_Abbey_Road_10_Sun_King
1319,2.6014075,1.0960528,3 (Rock + Pop),beatles___beatles_11_Abbey_Road_11_Mean_Mr_Mustard
1320,0.08306831,6.6302295,2 + 3,beatles___beatles_11_Abbey_Road_12_Polythene_Pam
1321,5.2292457,2.6389132,3 (Rock + Pop),beatles___beatles_11_Abbey_Road_13_She_Came_In_Through_The_Bathroom_Window
1322,-0.3665262,1.6334145,2 + 3,beatles___beatles_11_Abbey_Road_14_Golden_Slumbers
1323,1.8596101,3.2061067,3 (Rock + Pop),beatles___beatles_11_Abbey_Road_15_Carry_That_Weight
1324,9.049011,7.840223,3 (Rock + Pop),beatles___beatles_11_Abbey_Road_16_The_End
1325,-2.2591562,4.401867,2 (Jazz),beatles___beatles_11_Abbey_Road_17_Her_Majesty
1326,1.3120844,-1.5738384,3 (Rock + Pop),beatles___beatles_12_Let_It_Be_01_Two_of_Us
1327,-6.756178,9.089326,2 (Jazz),beatles___beatles_12_Let_It_Be_02_Dig_a_Pony
1328,2.7985384,-4.854906,3 (Rock + Pop),beatles___beatles_12_Let_It_Be_03_Across_the_Universe
1329,2.938672,-4.8837457,3 (Rock + Pop),beatles___beatles_12_Let_It_Be_04_I_Me_Mine
1330,-0.7953127,6.4534545,2 + 3,beatles___beatles_12_Let_It_Be_05_Dig_It
1331,3.2222905,4.842813,3 (Rock + Pop),beatles___beatles_12_Let_It_Be_06_Let_It_Be
1332,0.5241597,3.436111,3 (Rock + Pop),beatles___beatles_12_Let_It_Be_07_Maggie_Mae
1333,0.12627819,7.0315456,2 + 3,beatles___beatles_12_Let_It_Be_08_Ive_Got_A_Feeling
1334,0.11765179,6.919881,2 + 3,beatles___beatles_12_Let_It_Be_09_One_After_909
1335,-1.116266,-3.801395,2 (Jazz),beatles___beatles_12_Let_It_Be_10_The_Long_and_Winding_Road
1336,6.654331,-5.588372,3 (Rock + Pop),beatles___beatles_12_Let_It_Be_11_For_You_Blue
1337,-4.373599,8.33478,2 (Jazz),beatles___beatles_12_Let_It_Be_12_Get_Back
1338,25.683764,-12.311595,1 (Hip-Hop + Pop + HJDB),candombe___csic.1995_ansina1_01
1339,25.676365,-12.272504,1 (Hip-Hop + Pop + HJDB),candombe___csic.1995_ansina1_02
1340,25.691973,-12.277973,1 (Hip-Hop + Pop + HJDB),candombe___csic.1995_ansina1_03
1341,25.651684,-12.432784,1 (Hip-Hop + Pop + HJDB),candombe___csic.1995_ansina1_04
1342,25.688334,-12.360415,1 (Hip-Hop + Pop + HJDB),candombe___csic.1995_ansina1_05
1343,25.68535,-12.299585,1 (Hip-Hop + Pop + HJDB),candombe___csic.1995_ansina2_01
1344,25.69494,-12.32709,1 (Hip-Hop + Pop + HJDB),candombe___csic.1995_ansina2_02
1345,25.690792,-12.291986,1 (Hip-Hop + Pop + HJDB),candombe___csic.1995_ansina2_03
1346,25.694736,-12.315643,1 (Hip-Hop + Pop + HJDB),candombe___csic.1995_ansina2_04
1347,25.714455,-12.365022,1 (Hip-Hop + Pop + HJDB),candombe___csic.1995_cuareim_01
1348,25.706312,-12.334855,1 (Hip-Hop + Pop + HJDB),candombe___csic.1995_cuareim_02
1349,25.674976,-12.29395,1 (Hip-Hop + Pop + HJDB),candombe___csic.1995_cuareim_03
1350,25.687864,-12.309259,1 (Hip-Hop + Pop + HJDB),candombe___csic.1995_cuareim_04
1351,25.66046,-12.2629595,1 (Hip-Hop + Pop + HJDB),candombe___csic.1995_cuareim_05
1352,-17.27441,-0.94069725,4 (Classical),candombe___proyecto.1992_gimenez_02
1353,-17.337511,-0.95402837,4 (Classical),candombe___proyecto.1992_gimenez_06
1354,-17.143324,-0.88836455,4 (Classical),candombe___proyecto.1992_lobo_01
1355,-17.196972,-0.9343442,4 (Classical),candombe___proyecto.1992_lobo_06
1356,-17.270094,-0.95955074,4 (Classical),candombe___proyecto.1992_magarinos_02
1357,-17.220747,-0.9951481,4 (Classical),candombe___proyecto.1992_pelado_01
1358,-17.198666,-1.0158478,4 (Classical),candombe___proyecto.1992_pelado_05
1359,-17.404938,-0.9304091,4 (Classical),candombe___zavala.muniz.2014_41
1360,-17.328117,-0.94245106,4 (Classical),candombe___zavala.muniz.2014_42
1361,-17.32993,-0.9500955,4 (Classical),candombe___zavala.muniz.2014_44
1362,-17.294641,-0.96624523,4 (Classical),candombe___zavala.muniz.2014_45
1363,-17.22508,-0.94375795,4 (Classical),candombe___zavala.muniz.2014_46
1364,-17.192379,-0.81077033,4 (Classical),candombe___zavala.muniz.2014_47
1365,-17.376055,-0.93182945,4 (Classical),candombe___zavala.muniz.2014_48
1366,-17.190264,-0.8457581,4 (Classical),candombe___zavala.muniz.2014_49
1367,-17.345308,-0.9570533,4 (Classical),candombe___zavala.muniz.2014_50
1368,-17.351284,-0.9538068,4 (Classical),candombe___zavala.muniz.2014_51
1369,-17.332,-0.95629865,4 (Classical),candombe___zavala.muniz.2014_52
1370,-17.277412,-0.94500875,4 (Classical),candombe___zavala.muniz.2014_53
1371,-17.336105,-0.9477814,4 (Classical),candombe___zavala.muniz.2014_54
1372,-17.35716,-0.9634431,4 (Classical),candombe___zavala.muniz.2014_55
1373,-4.737234,13.581334,2 (Jazz),filosax___filosax_01
1374,-5.921489,14.238666,2 (Jazz),filosax___filosax_02
1375,-6.5055075,13.292821,2 (Jazz),filosax___filosax_03
1376,-5.7049613,13.595111,2 (Jazz),filosax___filosax_04
1377,-6.357407,13.332893,2 (Jazz),filosax___filosax_05
1378,-5.6303954,13.937979,2 (Jazz),filosax___filosax_06
1379,-5.1514144,13.3430395,2 (Jazz),filosax___filosax_07
1380,-6.014053,13.546519,2 (Jazz),filosax___filosax_08
1381,-6.5673566,13.4022665,2 (Jazz),filosax___filosax_09
1382,-5.7009864,14.560953,2 (Jazz),filosax___filosax_10
1383,-6.1423554,14.38408,2 (Jazz),filosax___filosax_11
1384,-5.927842,14.460337,2 (Jazz),filosax___filosax_12
1385,-5.9562273,12.806976,2 (Jazz),filosax___filosax_13
1386,-5.0927324,12.69623,2 (Jazz),filosax___filosax_14
1387,-6.5110455,12.676288,2 (Jazz),filosax___filosax_15
1388,-5.988892,14.344797,2 (Jazz),filosax___filosax_16
1389,-6.4541664,13.75693,2 (Jazz),filosax___filosax_17
1390,-5.0624394,13.888611,2 (Jazz),filosax___filosax_18
1391,-5.483154,13.872292,2 (Jazz),filosax___filosax_19
1392,-5.8354044,13.029982,2 (Jazz),filosax___filosax_20
1393,-7.13097,13.945432,2 (Jazz),filosax___filosax_21
1394,-6.2672205,13.763289,2 (Jazz),filosax___filosax_22
1395,-6.148203,13.009299,2 (Jazz),filosax___filosax_23
1396,-6.465204,13.425586,2 (Jazz),filosax___filosax_24
1397,16.63816,-9.064968,1 (Hip-Hop + Pop + HJDB),filosax___filosax_25
1398,-5.7558227,14.708224,2 (Jazz),filosax___filosax_26
1399,-6.3622313,13.089997,2 (Jazz),filosax___filosax_27
1400,-5.6809516,13.980684,2 (Jazz),filosax___filosax_28
1401,-5.3703275,12.669077,2 (Jazz),filosax___filosax_29
1402,-6.357896,13.520621,2 (Jazz),filosax___filosax_30
1403,-5.930256,13.780816,2 (Jazz),filosax___filosax_31
1404,-6.119347,13.423317,2 (Jazz),filosax___filosax_32
1405,-5.7258797,14.0435505,2 (Jazz),filosax___filosax_33
1406,-5.3263683,13.638171,2 (Jazz),filosax___filosax_34
1407,-6.042938,13.589273,2 (Jazz),filosax___filosax_35
1408,-5.5728164,14.17904,2 (Jazz),filosax___filosax_36
1409,-6.330377,13.624635,2 (Jazz),filosax___filosax_37
1410,-5.916036,14.353967,2 (Jazz),filosax___filosax_38
1411,-6.226459,13.833266,2 (Jazz),filosax___filosax_39
1412,-5.9279976,13.888208,2 (Jazz),filosax___filosax_40
1413,-5.9138,13.232474,2 (Jazz),filosax___filosax_41
1414,-5.7022953,14.13163,2 (Jazz),filosax___filosax_42
1415,-5.756293,14.017404,2 (Jazz),filosax___filosax_43
1416,-5.2173095,13.050603,2 (Jazz),filosax___filosax_44
1417,-6.3625736,12.892514,2 (Jazz),filosax___filosax_45
1418,-5.922813,12.536719,2 (Jazz),filosax___filosax_46
1419,-6.601517,13.361075,2 (Jazz),filosax___filosax_47
1420,-6.212176,13.856468,2 (Jazz),filosax___filosax_48
1421,27.462286,3.8717644,1 (Hip-Hop + Pop + HJDB),groove_midi___drummer10_session1_10_jazz-swing_110_beat_4-4
1422,26.958736,2.635299,1 (Hip-Hop + Pop + HJDB),groove_midi___drummer10_session1_1_jazz-swing_124_beat_4-4
1423,26.721428,1.769923,1 (Hip-Hop + Pop + HJDB),groove_midi___drummer10_session1_2_jazz-swing_215_beat_4-4
1424,25.940712,4.4083447,1 (Hip-Hop + Pop + HJDB),groove_midi___drummer10_session1_3_jazz-swing_215_beat_4-4
1425,26.78168,2.1413138,1 (Hip-Hop + Pop + HJDB),groove_midi___drummer10_session1_4_jazz-swing_215_beat_4-4
1426,26.675144,1.6972758,1 (Hip-Hop + Pop + HJDB),groove_midi___drummer10_session1_5_jazz-swing_215_beat_4-4
1427,27.508446,3.057921,1 (Hip-Hop + Pop + HJDB),groove_midi___drummer10_session1_6_jazz-swing_215_beat_4-4
1428,28.594938,3.499175,1 (Hip-Hop + Pop + HJDB),groove_midi___drummer10_session1_9_jazz-swing_110_beat_4-4
1429,29.474895,6.137446,1 (Hip-Hop + Pop + HJDB),groove_midi___drummer1_eval_session_10_soul-groove10_102_beat_4-4
1430,27.93123,6.0646567,1 (Hip-Hop + Pop + HJDB),groove_midi___drummer1_eval_session_1_funk-groove1_138_beat_4-4
1431,28.840109,6.0949445,1 (Hip-Hop + Pop + HJDB),groove_midi___drummer1_eval_session_2_funk-groove2_105_beat_4-4
1432,28.989511,6.705311,1 (Hip-Hop + Pop + HJDB),groove_midi___drummer1_eval_session_3_soul-groove3_86_beat_4-4
1433,29.48318,5.978503,1 (Hip-Hop + Pop + HJDB),groove_midi___drummer1_eval_session_4_soul-groove4_80_beat_4-4
1434,28.190142,6.0533795,1 (Hip-Hop + Pop + HJDB),groove_midi___drummer1_eval_session_5_funk-groove5_84_beat_4-4
1435,29.170645,5.7350364,1 (Hip-Hop + Pop + HJDB),groove_midi___drummer1_eval_session_6_hiphop-groove6_87_beat_4-4
1436,29.22138,6.0061564,1 (Hip-Hop + Pop + HJDB),groove_midi___drummer1_eval_session_7_pop-groove7_138_beat_4-4
1437,29.593493,5.476829,1 (Hip-Hop + Pop + HJDB),groove_midi___drummer1_eval_session_8_rock-groove8_65_beat_4-4
1438,29.521166,6.3537498,1 (Hip-Hop + Pop + HJDB),groove_midi___drummer1_eval_session_9_soul-groove9_105_beat_4-4
1439,26.714018,1.8742034,1 (Hip-Hop + Pop + HJDB),groove_midi___drummer1_session1_100_neworleans-secondline_94_beat_4-4
1440,27.031727,7.080968,1 (Hip-Hop + Pop + HJDB),groove_midi___drummer1_session1_101_dance-disco_120_beat_4-4
1441,28.459614,7.3944507,1 (Hip-Hop + Pop + HJDB),groove_midi___drummer1_session1_102_funk_95_beat_4-4
1442,28.042418,7.809882,1 (Hip-Hop + Pop + HJDB),groove_midi___drummer1_session1_126_funk-fast_125_beat_4-4
1443,29.149712,7.2088513,1 (Hip-Hop + Pop + HJDB),groove_midi___drummer1_session1_145_latin-brazilian-baiao_95_beat_4-4
1444,25.288586,5.672314,1 (Hip-Hop + Pop + HJDB),groove_midi___drummer1_session1_146_latin-brazilian-baiao_95_beat_4-4
1445,27.174208,7.8148355,1 (Hip-Hop + Pop + HJDB),groove_midi___drummer1_session1_176_afrocuban_105_beat_4-4
1446,26.77562,6.052142,1 (Hip-Hop + Pop + HJDB),groove_midi___drummer1_session1_183_afrocuban_105_beat_4-4
1447,29.630182,5.3085375,1 (Hip-Hop + Pop + HJDB),groove_midi___drummer1_session1_184_reggae_78_beat_4-4
1448,28.386078,7.7301483,1 (Hip-Hop + Pop + HJDB),groove_midi___drummer1_session1_1_funk_80_beat_4-4
1449,29.964935,5.285746,1 (Hip-Hop + Pop + HJDB),groove_midi___drummer1_session1_201_reggae-slow_64_beat_4-4
1450,27.87004,7.3515234,1 (Hip-Hop + Pop + HJDB),groove_midi___drummer1_session1_202_rock-halftime_140_beat_4-4
1451,27.202562,7.527822,1 (Hip-Hop + Pop + HJDB),groove_midi___drummer1_session1_239_funk-purdieshuffle_130_beat_4-4
1452,28.089905,8.614429,1 (Hip-Hop + Pop + HJDB),groove_midi___drummer1_session1_28_latin-samba_116_beat_4-4
1453,27.47141,5.672285,1 (Hip-Hop + Pop + HJDB),groove_midi___drummer1_session1_2_funk_80_beat_4-4
1454,25.370047,5.5697227,1 (Hip-Hop + Pop + HJDB),groove_midi___drummer1_session1_38_latin-samba_116_beat_4-4
1455,27.78527,5.392833,1 (Hip-Hop + Pop + HJDB),groove_midi___drummer1_session1_3_funk_80_beat_4-4
1456,25.404543,4.7361917,1 (Hip-Hop + Pop + HJDB),groove_midi___drummer1_session1_47_jazz_102_beat_4-4
1457,25.434395,4.3381405,1 (Hip-Hop + Pop + HJDB),groove_midi___drummer1_session1_48_jazz_93_beat_4-4
1458,25.557932,5.172072,1 (Hip-Hop + Pop + HJDB),groove_midi___drummer1_session1_49_jazz_125_beat_4-4
1459,26.705875,6.9566736,1 (Hip-Hop + Pop + HJDB),groove_midi___drummer1_session1_4_jazz-funk_116_beat_4-4
1460,29.832312,5.229624,1 (Hip-Hop + Pop + HJDB),groove_midi___drummer1_session1_50_jazz_125_beat_4-4
1461,26.591455,3.7159991,1 (Hip-Hop + Pop + HJDB),groove_midi___drummer1_session1_51_rock-shuffle_125_beat_4-4
1462,25.204895,4.0544896,1 (Hip-Hop + Pop + HJDB),groove_midi___drummer1_session1_52_jazz_125_beat_4-4
1463,27.022203,7.6770973,1 (Hip-Hop + Pop + HJDB),groove_midi___drummer1_session1_5_jazz-funk_116_beat_4-4
1464,27.884972,7.9065075,1 (Hip-Hop + Pop + HJDB),groove_midi___drummer1_session1_75_jazz_125_beat_4-4
1465,25.406965,4.875666,1 (Hip-Hop + Pop + HJDB),groove_midi___drummer1_session1_77_jazz-mediumfast_180_beat_4-4
1466,24.99231,3.6787605,1 (Hip-Hop + Pop + HJDB),groove_midi___drummer1_session1_78_jazz-fast_290_beat_4-4
1467,26.206528,4.688436,1 (Hip-Hop + Pop + HJDB),groove_midi___drummer1_session1_79_latin-reggaeton_90_beat_4-4
1468,28.337292,6.1946917,1 (Hip-Hop + Pop + HJDB),groove_midi___drummer1_session1_80_dance-breakbeat_170_beat_4-4
1469,28.141006,6.7495975,1 (Hip-Hop + Pop + HJDB),groove_midi___drummer1_session1_81_dance-breakbeat_170_beat_4-4
1470,28.516918,6.8750057,1 (Hip-Hop + Pop + HJDB),groove_midi___drummer1_session1_82_neworleans-funk_84_beat_4-4
1471,26.86403,4.266516,1 (Hip-Hop + Pop + HJDB),groove_midi___drummer1_session2_10_country_114_beat_4-4
1472,27.543089,6.277186,1 (Hip-Hop + Pop + HJDB),groove_midi___drummer1_session2_110_rock-prog_190_beat_4-4
1473,27.804453,5.7326255,1 (Hip-Hop + Pop + HJDB),groove_midi___drummer1_session2_111_rock-prog_110_beat_5-4
1474,24.55019,4.588092,1 (Hip-Hop + Pop + HJDB),groove_midi___drummer1_session2_112_afrocuban-bembe_122_beat_4-4
1475,26.611933,4.2770257,1 (Hip-Hop + Pop + HJDB),groove_midi___drummer1_session2_142_gospel_120_beat_4-4
1476,27.056332,4.79056,1 (Hip-Hop + Pop + HJDB),groove_midi___drummer1_session2_161_afrocuban-rhumba_110_beat_4-4
1477,26.587406,6.210206,1 (Hip-Hop + Pop + HJDB),groove_midi___drummer1_session2_180_rock_50_beat_4-4
1478,28.131952,6.156411,1 (Hip-Hop + Pop + HJDB),groove_midi___drummer1_session2_181_rock_115_beat_4-4
1479,26.872114,4.91899,1 (Hip-Hop + Pop + HJDB),groove_midi___drummer1_session2_1_latin-chacarera_157_beat_3-4
1480,25.820776,4.7332172,1 (Hip-Hop + Pop + HJDB),groove_midi___drummer1_session2_2_latin-chacarera_118_beat_4-4
1481,27.798899,4.453113,1 (Hip-Hop + Pop + HJDB),groove_midi___drummer1_session2_32_punk_140_beat_4-4
1482,29.872225,6.290528,1 (Hip-Hop + Pop + HJDB),groove_midi___drummer1_session2_35_punk_128_beat_4-4
1483,26.487373,5.198225,1 (Hip-Hop + Pop + HJDB),groove_midi___drummer1_session2_3_latin-chacarera_118_beat_4-4
1484,26.634348,4.4780145,1 (Hip-Hop + Pop + HJDB),groove_midi___drummer1_session2_4_jazz_120_beat_3-4
1485,26.58722,5.1735244,1 (Hip-Hop + Pop + HJDB),groove_midi___drummer1_session2_5_jazz_200_beat_3-4
1486,27.93179,4.7566824,1 (Hip-Hop + Pop + HJDB),groove_midi___drummer1_session2_62_punk_144_beat_4-4
1487,28.386435,4.8489623,1 (Hip-Hop + Pop + HJDB),groove_midi___drummer1_session2_6_rock_102_beat_3-4
1488,28.315966,3.2678049,1 (Hip-Hop + Pop + HJDB),groove_midi___drummer1_session2_7_jazz-march_88_beat_4-4
1489,27.977627,2.9640076,1 (Hip-Hop + Pop + HJDB),groove_midi___drummer1_session2_8_jazz-march_176_beat_4-4
1490,26.901468,6.1474776,1 (Hip-Hop + Pop + HJDB),groove_midi___drummer1_session2_90_funk-rock_92_beat_4-4
1491,27.65302,2.85733,1 (Hip-Hop + Pop + HJDB),groove_midi___drummer1_session2_9_jazz-march_120_beat_4-4
1492,28.336292,5.710377,1 (Hip-Hop + Pop + HJDB),groove_midi___drummer1_session3_10_rock-folk_90_beat_4-4
1493,26.260986,4.670353,1 (Hip-Hop + Pop + HJDB),groove_midi___drummer1_session3_11_afrobeat_94_beat_4-4
1494,28.029167,7.0927825,1 (Hip-Hop + Pop + HJDB),groove_midi___drummer1_session3_12_latin-bomba_96_beat_4-4
1495,27.967678,8.218462,1 (Hip-Hop + Pop + HJDB),groove_midi___drummer1_session3_13_rock_115_beat_4-4
1496,28.588524,4.7873015,1 (Hip-Hop + Pop + HJDB),groove_midi___drummer1_session3_14_rock_94_beat_4-4
1497,30.621616,6.4693527,1 (Hip-Hop + Pop + HJDB),groove_midi___drummer1_session3_15_funk_117_beat_4-4
1498,26.601555,-9.122941,1 (Hip-Hop + Pop + HJDB),groove_midi___drummer1_session3_16_funk_117_beat_4-4
1499,28.254982,5.939051,1 (Hip-Hop + Pop + HJDB),groove_midi___drummer1_session3_17_afrocuban-calypso_108_beat_4-4
1500,28.84453,5.848644,1 (Hip-Hop + Pop + HJDB),groove_midi___drummer1_session3_18_rock_128_beat_4-4
1501,27.264078,5.8780804,1 (Hip-Hop + Pop + HJDB),groove_midi___drummer1_session3_1_rock-prog_125_beat_4-4
1502,26.991016,5.990637,1 (Hip-Hop + Pop + HJDB),groove_midi___drummer1_session3_2_jazz-swing_185_beat_4-4
1503,27.551973,4.0070734,1 (Hip-Hop + Pop + HJDB),groove_midi___drummer1_session3_3_rock-rockabilly_200_beat_4-4
1504,26.343199,3.932749,1 (Hip-Hop + Pop + HJDB),groove_midi___drummer1_session3_4_jazz-linear_182_beat_4-4
1505,26.164587,5.1147265,1 (Hip-Hop + Pop + HJDB),groove_midi___drummer1_session3_5_jazz-linear_128_beat_4-4
1506,28.091785,4.982193,1 (Hip-Hop + Pop + HJDB),groove_midi___drummer1_session3_6_dance-disco_120_beat_4-4
1507,26.510878,-9.0518465,1 (Hip-Hop + Pop + HJDB),groove_midi___drummer1_session3_7_dance-disco_120_beat_4-4
1508,25.773006,-9.215182,1 (Hip-Hop + Pop + HJDB),groove_midi___drummer1_session3_8_rock_135_beat_4-4
1509,27.22326,5.7327533,1 (Hip-Hop + Pop + HJDB),groove_midi___drummer1_session3_9_rock_135_beat_4-4
1510,25.235384,3.8984444,1 (Hip-Hop + Pop + HJDB),groove_midi___drummer3_session1_11_rock_120_beat_4-4
1511,25.535667,4.0642257,1 (Hip-Hop + Pop + HJDB),groove_midi___drummer3_session1_12_rock_120_beat_4-4
1512,27.702358,4.1973248,1 (Hip-Hop + Pop + HJDB),groove_midi___drummer3_session1_13_rock_120_beat_4-4
1513,29.304123,3.67947,1 (Hip-Hop + Pop + HJDB),groove_midi___drummer3_session1_14_rock_120_beat_4-4
1514,25.060204,3.8867242,1 (Hip-Hop + Pop + HJDB),groove_midi___drummer3_session1_15_jazz_120_beat_4-4
1515,29.64026,3.0019133,1 (Hip-Hop + Pop + HJDB),groove_midi___drummer3_session1_16_jazz_120_beat_4-4
1516,26.02592,4.451863,1 (Hip-Hop + Pop + HJDB),groove_midi___drummer3_session1_18_rock_120_beat_4-4
1517,27.045681,5.580561,1 (Hip-Hop + Pop + HJDB),groove_midi___drummer3_session1_1_rock_105_beat_4-4
1518,-19.776085,0.5706123,4 (Classical),groove_midi___drummer3_session1_22_jazz_120_beat_4-4
1519,27.26774,3.6628375,1 (Hip-Hop + Pop + HJDB),groove_midi___drummer3_session1_35_rock_120_beat_4-4
1520,29.111841,6.037521,1 (Hip-Hop + Pop + HJDB),groove_midi___drummer3_session1_3_rock_105_beat_4-4
1521,26.401184,7.242557,1 (Hip-Hop + Pop + HJDB),groove_midi___drummer3_session1_4_rock_105_beat_4-4
1522,28.003012,2.8171625,1 (Hip-Hop + Pop + HJDB),groove_midi___drummer3_session1_5_rock_105_beat_4-4
1523,27.839254,6.3581557,1 (Hip-Hop + Pop + HJDB),groove_midi___drummer3_session1_7_rock_105_beat_4-4
1524,-19.81164,0.5876393,4 (Classical),groove_midi___drummer3_session1_8_jazz_105_beat_4-4
1525,25.791458,4.6727023,1 (Hip-Hop + Pop + HJDB),groove_midi___drummer3_session1_9_rock_105_beat_4-4
1526,29.39791,4.4880333,1 (Hip-Hop + Pop + HJDB),groove_midi___drummer3_session2_10_rock_100_beat_4-4
1527,26.908989,4.0112453,1 (Hip-Hop + Pop + HJDB),groove_midi___drummer3_session2_16_rock_100_beat_4-4
1528,26.954369,1.6675417,1 (Hip-Hop + Pop + HJDB),groove_midi___drummer3_session2_1_rock_100_beat_4-4
1529,28.942892,4.5536947,1 (Hip-Hop + Pop + HJDB),groove_midi___drummer3_session2_20_rock_92_beat_4-4
1530,28.127047,5.1272492,1 (Hip-Hop + Pop + HJDB),groove_midi___drummer3_session2_22_rock_92_beat_4-4
1531,26.265553,3.9534273,1 (Hip-Hop + Pop + HJDB),groove_midi___drummer3_session2_24_rock_92_beat_4-4
1532,27.929241,3.688993,1 (Hip-Hop + Pop + HJDB),groove_midi___drummer3_session2_25_hiphop_92_beat_4-4
1533,28.680933,3.7569184,1 (Hip-Hop + Pop + HJDB),groove_midi___drummer3_session2_26_hiphop_92_beat_4-4
1534,26.930277,1.5880525,1 (Hip-Hop + Pop + HJDB),groove_midi___drummer3_session2_2_rock_100_beat_4-4
1535,26.588829,4.0571246,1 (Hip-Hop + Pop + HJDB),groove_midi___drummer3_session2_37_rock_92_beat_4-4
1536,28.577362,3.9334652,1 (Hip-Hop + Pop + HJDB),groove_midi___drummer3_session2_43_rock_110_beat_4-4
1537,26.883482,1.5446682,1 (Hip-Hop + Pop + HJDB),groove_midi___drummer3_session2_5_rock_100_beat_4-4
1538,26.759577,1.7212828,1 (Hip-Hop + Pop + HJDB),groove_midi___drummer3_session2_6_rock_100_beat_4-4
1539,27.971819,4.5734754,1 (Hip-Hop + Pop + HJDB),groove_midi___drummer4_session1_1_rock_87_beat_4-4
1540,27.590616,3.5216146,1 (Hip-Hop + Pop + HJDB),groove_midi___drummer4_session1_2_jazz_158_beat_4-4
1541,27.384645,3.9549296,1 (Hip-Hop + Pop + HJDB),groove_midi___drummer4_session1_3_jazz-klezmer_152_beat_4-4
1542,27.148884,2.5574634,1 (Hip-Hop + Pop + HJDB),groove_midi___drummer4_session1_4_latin-brazilian_92_beat_4-4
1543,27.025225,2.509635,1 (Hip-Hop + Pop + HJDB),groove_midi___drummer4_session1_5_latin-brazilian_184_beat_4-4
1544,29.192738,7.1105933,1 (Hip-Hop + Pop + HJDB),groove_midi___drummer5_eval_session_10_soul-groove10_102_beat_4-4
1545,27.094023,7.6002765,1 (Hip-Hop + Pop + HJDB),groove_midi___drummer5_eval_session_1_funk-groove1_138_beat_4-4
1546,28.919628,7.0928216,1 (Hip-Hop + Pop + HJDB),groove_midi___drummer5_eval_session_2_funk-groove2_105_beat_4-4
1547,28.922493,7.7390137,1 (Hip-Hop + Pop + HJDB),groove_midi___drummer5_eval_session_3_soul-groove3_86_beat_4-4
1548,28.99271,7.591684,1 (Hip-Hop + Pop + HJDB),groove_midi___drummer5_eval_session_4_soul-groove4_80_beat_4-4
1549,28.711102,7.3945994,1 (Hip-Hop + Pop + HJDB),groove_midi___drummer5_eval_session_5_funk-groove5_84_beat_4-4
1550,29.35811,7.198151,1 (Hip-Hop + Pop + HJDB),groove_midi___drummer5_eval_session_6_hiphop-groove6_87_beat_4-4
1551,29.067041,6.870044,1 (Hip-Hop + Pop + HJDB),groove_midi___drummer5_eval_session_7_pop-groove7_138_beat_4-4
1552,29.35391,6.201275,1 (Hip-Hop + Pop + HJDB),groove_midi___drummer5_eval_session_8_rock-groove8_65_beat_4-4
1553,29.715342,6.2440886,1 (Hip-Hop + Pop + HJDB),groove_midi___drummer5_eval_session_9_soul-groove9_105_beat_4-4
1554,26.21169,1.4377292,1 (Hip-Hop + Pop + HJDB),groove_midi___drummer5_session1_10_latin-brazilian-sambareggae_96_beat_4-4
1555,26.185493,1.4132686,1 (Hip-Hop + Pop + HJDB),groove_midi___drummer5_session1_11_latin-brazilian-sambareggae_96_beat_4-4
1556,26.156372,1.5283356,1 (Hip-Hop + Pop + HJDB),groove_midi___drummer5_session1_12_latin-brazilian-sambareggae_96_beat_4-4
1557,27.348911,7.0372515,1 (Hip-Hop + Pop + HJDB),groove_midi___drummer5_session1_13_afrocuban-calypso_124_beat_4-4
1558,27.17459,7.451736,1 (Hip-Hop + Pop + HJDB),groove_midi___drummer5_session1_14_latin-brazilian-songo_112_beat_4-4
1559,27.041283,7.1458426,1 (Hip-Hop + Pop + HJDB),groove_midi___drummer5_session1_15_funk_100_beat_4-4
1560,27.262163,7.520469,1 (Hip-Hop + Pop + HJDB),groove_midi___drummer5_session1_16_rock_136_beat_4-4
1561,26.955437,7.377174,1 (Hip-Hop + Pop + HJDB),groove_midi___drummer5_session1_17_blues-shuffle_72_beat_4-4
1562,26.951311,7.7254567,1 (Hip-Hop + Pop + HJDB),groove_midi___drummer5_session1_18_afrocuban_128_beat_4-4
1563,28.4302,6.9938235,1 (Hip-Hop + Pop + HJDB),groove_midi___drummer5_session1_19_middleeastern_126_beat_4-4
1564,25.627718,5.216292,1 (Hip-Hop + Pop + HJDB),groove_midi___drummer5_session1_1_latin-brazilian-bossa_127_beat_4-4
1565,27.617674,7.0229416,1 (Hip-Hop + Pop + HJDB),groove_midi___drummer5_session1_20_latin-brazilian-baiao_110_beat_4-4
1566,27.181368,6.9393487,1 (Hip-Hop + Pop + HJDB),groove_midi___drummer5_session1_2_latin-brazilian-bossa_127_beat_4-4
1567,27.78175,6.9694276,1 (Hip-Hop + Pop + HJDB),groove_midi___drummer5_session1_3_latin-brazilian-samba_89_beat_4-4
1568,27.584414,6.883676,1 (Hip-Hop + Pop + HJDB),groove_midi___drummer5_session1_4_latin-brazilian-samba_89_beat_4-4
1569,27.662685,7.6907334,1 (Hip-Hop + Pop + HJDB),groove_midi___drummer5_session1_5_latin-brazilian-samba_89_beat_4-4
1570,26.891626,3.020118,1 (Hip-Hop + Pop + HJDB),groove_midi___drummer5_session1_6_latin-brazilian-maracatu_96_beat_4-4
1571,28.008074,6.784159,1 (Hip-Hop + Pop + HJDB),groove_midi___drummer5_session1_7_latin-brazilian-maracatu_96_beat_4-4
1572,27.147102,3.560544,1 (Hip-Hop + Pop + HJDB),groove_midi___drummer5_session1_8_latin-venezuelan-merengue_162_beat_5-8
1573,27.943573,7.9480405,1 (Hip-Hop + Pop + HJDB),groove_midi___drummer5_session1_9_latin-dominican-merengue_130_beat_4-4
1574,28.744823,6.8783193,1 (Hip-Hop + Pop + HJDB),groove_midi___drummer5_session2_10_neworleans-funk_102_beat_4-4
1575,28.660358,6.8814726,1 (Hip-Hop + Pop + HJDB),groove_midi___drummer5_session2_11_soul_96_beat_4-4
1576,27.149393,7.3273287,1 (Hip-Hop + Pop + HJDB),groove_midi___drummer5_session2_12_rock_105_beat_4-4
1577,28.021057,7.7201886,1 (Hip-Hop + Pop + HJDB),groove_midi___drummer5_session2_13_rock_140_beat_4-4
1578,27.999613,7.6087856,1 (Hip-Hop + Pop + HJDB),groove_midi___drummer5_session2_14_rock_140_beat_4-4
1579,28.439495,7.9045606,1 (Hip-Hop + Pop + HJDB),groove_midi___drummer5_session2_15_latin-venezuelan-joropo_80_beat_4-4
1580,27.829613,6.7911696,1 (Hip-Hop + Pop + HJDB),groove_midi___drummer5_session2_16_latin-ando_125_beat_3-4
1581,27.506577,6.9202385,1 (Hip-Hop + Pop + HJDB),groove_midi___drummer5_session2_17_latin-brazilian-samba_110_beat_4-4
1582,26.656616,6.2358365,1 (Hip-Hop + Pop + HJDB),groove_midi___drummer5_session2_18_latin-brazilian-samba_93_beat_4-4
1583,26.703081,7.7873387,1 (Hip-Hop + Pop + HJDB),groove_midi___drummer5_session2_19_latin-brazilian-ijexa_108_beat_4-4
1584,26.902594,7.689974,1 (Hip-Hop + Pop + HJDB),groove_midi___drummer5_session2_1_latin-venezuelan-sangueo_101_beat_4-4
1585,28.687649,7.4105654,1 (Hip-Hop + Pop + HJDB),groove_midi___drummer5_session2_20_latin-brazilian-ijexa_108_beat_4-4
1586,28.459663,7.0216365,1 (Hip-Hop + Pop + HJDB),groove_midi___drummer5_session2_21_latin-brazilian-ijexa_108_beat_4-4
1587,28.42726,7.020604,1 (Hip-Hop + Pop + HJDB),groove_midi___drummer5_session2_22_latin-brazilian-frevo_133_beat_4-4
1588,28.110634,7.408448,1 (Hip-Hop + Pop + HJDB),groove_midi___drummer5_session2_23_latin-brazilian-songo_120_beat_4-4
1589,27.342794,7.525025,1 (Hip-Hop + Pop + HJDB),groove_midi___drummer5_session2_24_latin-brazilian-songo_120_beat_4-4
1590,28.297695,7.2857547,1 (Hip-Hop + Pop + HJDB),groove_midi___drummer5_session2_2_latin-brazilian_101_beat_4-4
1591,27.51412,7.223933,1 (Hip-Hop + Pop + HJDB),groove_midi___drummer5_session2_3_latin-brazilian_101_beat_4-4
1592,28.396437,7.1027617,1 (Hip-Hop + Pop + HJDB),groove_midi___drummer5_session2_4_reggae_141_beat_4-4
1593,28.606646,6.9416494,1 (Hip-Hop + Pop + HJDB),groove_midi___drummer5_session2_5_reggae_126_beat_4-4
1594,27.888432,6.854016,1 (Hip-Hop + Pop + HJDB),groove_midi___drummer5_session2_6_neworleans-secondline_99_beat_4-4
1595,28.961271,6.6301804,1 (Hip-Hop + Pop + HJDB),groove_midi___drummer5_session2_7_neworleans-secondline_124_beat_4-4
1596,29.157051,7.642737,1 (Hip-Hop + Pop + HJDB),groove_midi___drummer5_session2_8_neworleans-chacha_124_beat_4-4
1597,27.956512,6.6471906,1 (Hip-Hop + Pop + HJDB),groove_midi___drummer5_session2_9_neworleans-shuffle_104_beat_4-4
1598,28.505295,6.1493883,1 (Hip-Hop + Pop + HJDB),groove_midi___drummer6_session1_1_rock_70_beat_6-8
1599,28.471113,5.585926,1 (Hip-Hop + Pop + HJDB),groove_midi___drummer6_session1_2_rock_70_beat_6-8
1600,28.810349,5.7069454,1 (Hip-Hop + Pop + HJDB),groove_midi___drummer6_session1_3_rock_80_beat_6-8
1601,27.806519,5.7341576,1 (Hip-Hop + Pop + HJDB),groove_midi___drummer6_session1_4_rock_80_beat_6-8
1602,26.905764,6.0860076,1 (Hip-Hop + Pop + HJDB),groove_midi___drummer6_session1_5_rock_60_beat_6-8
1603,28.09796,4.1532736,1 (Hip-Hop + Pop + HJDB),groove_midi___drummer6_session2_1_rock_95_beat_4-4
1604,27.207582,3.9972737,1 (Hip-Hop + Pop + HJDB),groove_midi___drummer6_session2_2_rock_95_beat_4-4
1605,27.477362,6.2125034,1 (Hip-Hop + Pop + HJDB),groove_midi___drummer6_session2_3_rock_88_beat_4-4
1606,27.768042,5.2475185,1 (Hip-Hop + Pop + HJDB),groove_midi___drummer6_session3_1_rock_90_beat_4-4
1607,27.709938,4.7987757,1 (Hip-Hop + Pop + HJDB),groove_midi___drummer6_session3_2_rock_100_beat_4-4
1608,28.398396,5.3724093,1 (Hip-Hop + Pop + HJDB),groove_midi___drummer6_session3_3_rock_100_beat_4-4
1609,28.481243,4.260038,1 (Hip-Hop + Pop + HJDB),groove_midi___drummer6_session3_4_rock_127_beat_4-4
1610,26.999266,4.4930706,1 (Hip-Hop + Pop + HJDB),groove_midi___drummer6_session3_5_rock_180_beat_4-4
1611,27.038889,5.3445525,1 (Hip-Hop + Pop + HJDB),groove_midi___drummer6_session3_6_rock_88_beat_4-4
1612,28.042501,5.247312,1 (Hip-Hop + Pop + HJDB),groove_midi___drummer6_session3_7_rock_88_beat_4-4
1613,29.149565,6.5831947,1 (Hip-Hop + Pop + HJDB),groove_midi___drummer7_eval_session_10_soul-groove10_102_beat_4-4
1614,26.856577,7.1892147,1 (Hip-Hop + Pop + HJDB),groove_midi___drummer7_eval_session_1_funk-groove1_138_beat_4-4
1615,29.780268,4.5220633,1 (Hip-Hop + Pop + HJDB),groove_midi___drummer7_eval_session_2_funk-groove2_105_beat_4-4
1616,29.133667,6.275739,1 (Hip-Hop + Pop + HJDB),groove_midi___drummer7_eval_session_3_soul-groove3_86_beat_4-4
1617,29.39164,6.8932056,1 (Hip-Hop + Pop + HJDB),groove_midi___drummer7_eval_session_4_soul-groove4_80_beat_4-4
1618,28.868252,6.3789415,1 (Hip-Hop + Pop + HJDB),groove_midi___drummer7_eval_session_5_funk-groove5_84_beat_4-4
1619,29.649393,6.277854,1 (Hip-Hop + Pop + HJDB),groove_midi___drummer7_eval_session_6_hiphop-groove6_87_beat_4-4
1620,29.500687,6.6130543,1 (Hip-Hop + Pop + HJDB),groove_midi___drummer7_eval_session_7_pop-groove7_138_beat_4-4
1621,29.972195,5.4177184,1 (Hip-Hop + Pop + HJDB),groove_midi___drummer7_eval_session_8_rock-groove8_65_beat_4-4
1622,29.541908,6.6627784,1 (Hip-Hop + Pop + HJDB),groove_midi___drummer7_eval_session_9_soul-groove9_105_beat_4-4
1623,27.792253,2.3637335,1 (Hip-Hop + Pop + HJDB),groove_midi___drummer7_session1_10_rock_93_beat_4-4
1624,28.87239,3.802595,1 (Hip-Hop + Pop + HJDB),groove_midi___drummer7_session1_11_rock_93_beat_4-4
1625,27.873623,4.7106094,1 (Hip-Hop + Pop + HJDB),groove_midi___drummer7_session1_12_funk_102_beat_4-4
1626,27.765835,4.9294724,1 (Hip-Hop + Pop + HJDB),groove_midi___drummer7_session1_13_funk_102_beat_4-4
1627,26.078402,5.3293815,1 (Hip-Hop + Pop + HJDB),groove_midi___drummer7_session1_14_jazz_100_beat_4-4
1628,26.36724,5.7140126,1 (Hip-Hop + Pop + HJDB),groove_midi___drummer7_session1_15_jazz_112_beat_4-4
1629,28.532206,4.8881435,1 (Hip-Hop + Pop + HJDB),groove_midi___drummer7_session1_16_hiphop_100_beat_4-4
1630,28.485678,4.2846384,1 (Hip-Hop + Pop + HJDB),groove_midi___drummer7_session1_17_hiphop_100_beat_4-4
1631,28.326752,4.4895835,1 (Hip-Hop + Pop + HJDB),groove_midi___drummer7_session1_18_hiphop_100_beat_4-4
1632,26.737968,5.928945,1 (Hip-Hop + Pop + HJDB),groove_midi___drummer7_session1_1_rock_86_beat_4-4
1633,28.417536,5.080076,1 (Hip-Hop + Pop + HJDB),groove_midi___drummer7_session1_22_hiphop_100_beat_4-4
1634,29.344572,4.828771,1 (Hip-Hop + Pop + HJDB),groove_midi___drummer7_session1_38_hiphop_100_beat_4-4
1635,29.38841,5.8953643,1 (Hip-Hop + Pop + HJDB),groove_midi___drummer7_session1_39_hiphop_100_beat_4-4
1636,29.00039,4.7925377,1 (Hip-Hop + Pop + HJDB),groove_midi___drummer7_session1_7_rock_93_beat_4-4
1637,28.22488,5.952497,1 (Hip-Hop + Pop + HJDB),groove_midi___drummer7_session1_8_rock_93_beat_4-4
1638,29.153996,4.7802014,1 (Hip-Hop + Pop + HJDB),groove_midi___drummer7_session1_9_rock_93_beat_4-4
1639,26.927702,4.0785313,1 (Hip-Hop + Pop + HJDB),groove_midi___drummer7_session2_100_pop_142_beat_4-4
1640,27.223518,5.4559407,1 (Hip-Hop + Pop + HJDB),groove_midi___drummer7_session2_101_pop_142_beat_4-4
1641,28.850368,5.3211193,1 (Hip-Hop + Pop + HJDB),groove_midi___drummer7_session2_103_pop_132_beat_4-4
1642,28.588547,4.4396043,1 (Hip-Hop + Pop + HJDB),groove_midi___drummer7_session2_104_pop_132_beat_4-4
1643,26.63063,6.166584,1 (Hip-Hop + Pop + HJDB),groove_midi___drummer7_session2_106_soul-motown_104_beat_4-4
1644,26.530512,6.123864,1 (Hip-Hop + Pop + HJDB),groove_midi___drummer7_session2_108_soul-motown_104_beat_4-4
1645,28.25347,5.5577083,1 (Hip-Hop + Pop + HJDB),groove_midi___drummer7_session2_112_jazz-fusion_96_beat_4-4
1646,28.237852,4.3754253,1 (Hip-Hop + Pop + HJDB),groove_midi___drummer7_session2_113_jazz-fusion_96_beat_4-4
1647,26.936481,6.459833,1 (Hip-Hop + Pop + HJDB),groove_midi___drummer7_session2_115_jazz-fusion_96_beat_4-4
1648,29.265625,4.9790187,1 (Hip-Hop + Pop + HJDB),groove_midi___drummer7_session2_123_hiphop_140_beat_4-4
1649,28.323257,4.0045285,1 (Hip-Hop + Pop + HJDB),groove_midi___drummer7_session2_14_rock_95_beat_4-4
1650,26.17628,3.6508777,1 (Hip-Hop + Pop + HJDB),groove_midi___drummer7_session2_15_rock_118_beat_4-4
1651,29.036413,3.8713744,1 (Hip-Hop + Pop + HJDB),groove_midi___drummer7_session2_1_rock_120_beat_4-4
1652,26.46604,3.4450817,1 (Hip-Hop + Pop + HJDB),groove_midi___drummer7_session2_26_rock_118_beat_4-4
1653,28.91225,5.2380285,1 (Hip-Hop + Pop + HJDB),groove_midi___drummer7_session2_27_rock_75_beat_4-4
1654,28.73471,6.2370496,1 (Hip-Hop + Pop + HJDB),groove_midi___drummer7_session2_29_rock_75_beat_4-4
1655,29.660616,4.742105,1 (Hip-Hop + Pop + HJDB),groove_midi___drummer7_session2_33_rock_75_beat_4-4
1656,28.250053,6.139075,1 (Hip-Hop + Pop + HJDB),groove_midi___drummer7_session2_36_rock_75_fill_4-4
1657,27.48209,5.042559,1 (Hip-Hop + Pop + HJDB),groove_midi___drummer7_session2_37_rock_112_beat_4-4
1658,28.477339,5.603351,1 (Hip-Hop + Pop + HJDB),groove_midi___drummer7_session2_45_rock_135_beat_4-4
1659,26.76487,4.8835025,1 (Hip-Hop + Pop + HJDB),groove_midi___drummer7_session2_46_rock_135_beat_4-4
1660,26.753319,4.606128,1 (Hip-Hop + Pop + HJDB),groove_midi___drummer7_session2_53_rock_135_beat_4-4
1661,28.339426,3.807876,1 (Hip-Hop + Pop + HJDB),groove_midi___drummer7_session2_54_soul-motown_148_beat_4-4
1662,28.131203,3.8763285,1 (Hip-Hop + Pop + HJDB),groove_midi___drummer7_session2_63_soul-motown_148_beat_4-4
1663,28.241774,4.778568,1 (Hip-Hop + Pop + HJDB),groove_midi___drummer7_session2_64_rock_145_beat_4-4
1664,29.121813,3.7906783,1 (Hip-Hop + Pop + HJDB),groove_midi___drummer7_session2_6_rock_120_beat_4-4
1665,28.931519,4.423297,1 (Hip-Hop + Pop + HJDB),groove_midi___drummer7_session2_72_funk_100_beat_4-4
1666,28.990414,4.7414837,1 (Hip-Hop + Pop + HJDB),groove_midi___drummer7_session2_79_funk_100_beat_4-4
1667,28.977316,5.5367565,1 (Hip-Hop + Pop + HJDB),groove_midi___drummer7_session2_80_country_78_beat_4-4
1668,28.73337,5.2332497,1 (Hip-Hop + Pop + HJDB),groove_midi___drummer7_session2_87_hiphop_75_beat_4-4
1669,29.459173,4.6856356,1 (Hip-Hop + Pop + HJDB),groove_midi___drummer7_session2_8_rock_95_beat_4-4
1670,28.221073,4.6709,1 (Hip-Hop + Pop + HJDB),groove_midi___drummer7_session2_93_hiphop_75_beat_4-4
1671,28.684715,4.580717,1 (Hip-Hop + Pop + HJDB),groove_midi___drummer7_session2_96_pop_142_beat_4-4
1672,27.767157,5.5681076,1 (Hip-Hop + Pop + HJDB),groove_midi___drummer7_session2_97_pop_142_beat_4-4
1673,26.837124,6.980159,1 (Hip-Hop + Pop + HJDB),groove_midi___drummer7_session3_106_hiphop_70_beat_4-4
1674,28.258873,6.4968305,1 (Hip-Hop + Pop + HJDB),groove_midi___drummer7_session3_108_rock_95_beat_4-4
1675,27.912987,6.793251,1 (Hip-Hop + Pop + HJDB),groove_midi___drummer7_session3_109_rock_95_beat_4-4
1676,28.420744,6.755795,1 (Hip-Hop + Pop + HJDB),groove_midi___drummer7_session3_10_rock_60_beat_4-4
1677,28.095007,6.886205,1 (Hip-Hop + Pop + HJDB),groove_midi___drummer7_session3_117_rock_95_beat_4-4
1678,28.31246,6.871853,1 (Hip-Hop + Pop + HJDB),groove_midi___drummer7_session3_119_rock_95_beat_4-4
1679,26.518578,6.113398,1 (Hip-Hop + Pop + HJDB),groove_midi___drummer7_session3_11_pop-soft_83_beat_4-4
1680,26.619184,6.68524,1 (Hip-Hop + Pop + HJDB),groove_midi___drummer7_session3_120_rock_93_beat_4-4
1681,26.785078,6.5870814,1 (Hip-Hop + Pop + HJDB),groove_midi___drummer7_session3_129_rock_93_beat_4-4
1682,28.872663,6.9120092,1 (Hip-Hop + Pop + HJDB),groove_midi___drummer7_session3_130_soul_105_beat_4-4
1683,28.545809,7.1158967,1 (Hip-Hop + Pop + HJDB),groove_midi___drummer7_session3_131_soul_105_beat_4-4
1684,28.804825,7.2138677,1 (Hip-Hop + Pop + HJDB),groove_midi___drummer7_session3_132_soul_105_beat_4-4
1685,28.346455,6.969262,1 (Hip-Hop + Pop + HJDB),groove_midi___drummer7_session3_133_soul_105_beat_4-4
1686,28.459265,7.3475204,1 (Hip-Hop + Pop + HJDB),groove_midi___drummer7_session3_150_soul_105_beat_4-4
1687,28.347134,7.374523,1 (Hip-Hop + Pop + HJDB),groove_midi___drummer7_session3_151_soul_98_beat_4-4
1688,28.77315,7.222699,1 (Hip-Hop + Pop + HJDB),groove_midi___drummer7_session3_159_soul_98_beat_4-4
1689,30.287704,5.3333497,1 (Hip-Hop + Pop + HJDB),groove_midi___drummer7_session3_1_rock_60_beat_4-4
1690,26.571907,7.0118356,1 (Hip-Hop + Pop + HJDB),groove_midi___drummer7_session3_22_pop-soft_83_beat_4-4
1691,26.510168,6.8193536,1 (Hip-Hop + Pop + HJDB),groove_midi___drummer7_session3_23_pop-soft_83_beat_4-4
1692,28.88131,7.053051,1 (Hip-Hop + Pop + HJDB),groove_midi___drummer7_session3_24_hiphop_67_beat_4-4
1693,28.42244,7.1829596,1 (Hip-Hop + Pop + HJDB),groove_midi___drummer7_session3_38_hiphop_67_beat_4-4
1694,27.368393,6.2015204,1 (Hip-Hop + Pop + HJDB),groove_midi___drummer7_session3_39_rock-indie_63_beat_4-4
1695,26.68489,7.334663,1 (Hip-Hop + Pop + HJDB),groove_midi___drummer7_session3_46_rock-indie_63_beat_4-4
1696,28.204058,6.8064156,1 (Hip-Hop + Pop + HJDB),groove_midi___drummer7_session3_47_funk_112_beat_4-4
1697,27.804253,3.9417908,1 (Hip-Hop + Pop + HJDB),groove_midi___drummer7_session3_49_funk_112_beat_4-4
1698,27.437943,5.7626786,1 (Hip-Hop + Pop + HJDB),groove_midi___drummer7_session3_64_funk_112_beat_4-4
1699,27.839598,3.9270656,1 (Hip-Hop + Pop + HJDB),groove_midi___drummer7_session3_65_funk_112_beat_4-4
1700,28.203331,6.2288685,1 (Hip-Hop + Pop + HJDB),groove_midi___drummer7_session3_67_neworleans-funk_93_beat_4-4
1701,27.408775,6.639058,1 (Hip-Hop + Pop + HJDB),groove_midi___drummer7_session3_91_neworleans-funk_93_beat_4-4
1702,27.277834,7.0833793,1 (Hip-Hop + Pop + HJDB),groove_midi___drummer7_session3_92_hiphop_70_beat_4-4
1703,29.416077,5.424458,1 (Hip-Hop + Pop + HJDB),groove_midi___drummer8_eval_session_10_soul-groove10_102_beat_4-4
1704,28.492954,4.930312,1 (Hip-Hop + Pop + HJDB),groove_midi___drummer8_eval_session_1_funk-groove1_138_beat_4-4
1705,28.648085,5.5250125,1 (Hip-Hop + Pop + HJDB),groove_midi___drummer8_eval_session_2_funk-groove2_105_beat_4-4
1706,28.5259,5.8092847,1 (Hip-Hop + Pop + HJDB),groove_midi___drummer8_eval_session_3_soul-groove3_86_beat_4-4
1707,29.58502,5.4470716,1 (Hip-Hop + Pop + HJDB),groove_midi___drummer8_eval_session_4_soul-groove4_80_beat_4-4
1708,28.352692,5.624878,1 (Hip-Hop + Pop + HJDB),groove_midi___drummer8_eval_session_5_funk-groove5_84_beat_4-4
1709,28.912062,6.261895,1 (Hip-Hop + Pop + HJDB),groove_midi___drummer8_eval_session_6_hiphop-groove6_87_beat_4-4
1710,29.001953,5.8719344,1 (Hip-Hop + Pop + HJDB),groove_midi___drummer8_eval_session_7_pop-groove7_138_beat_4-4
1711,29.472717,4.166351,1 (Hip-Hop + Pop + HJDB),groove_midi___drummer8_eval_session_8_rock-groove8_65_beat_4-4
1712,29.52003,5.0238204,1 (Hip-Hop + Pop + HJDB),groove_midi___drummer8_eval_session_9_soul-groove9_105_beat_4-4
1713,28.820051,4.989613,1 (Hip-Hop + Pop + HJDB),groove_midi___drummer8_session1_10_neworleans-funk_82_beat_4-4
1714,28.531586,4.717098,1 (Hip-Hop + Pop + HJDB),groove_midi___drummer8_session1_11_neworleans-funk_82_beat_4-4
1715,24.593826,4.6001563,1 (Hip-Hop + Pop + HJDB),groove_midi___drummer8_session1_12_latin_118_beat_4-4
1716,25.45255,5.0586767,1 (Hip-Hop + Pop + HJDB),groove_midi___drummer8_session1_13_latin_118_beat_4-4
1717,29.489233,4.715141,1 (Hip-Hop + Pop + HJDB),groove_midi___drummer8_session1_14_hiphop_94_beat_4-4
1718,29.25757,4.2560887,1 (Hip-Hop + Pop + HJDB),groove_midi___drummer8_session1_15_hiphop_94_beat_4-4
1719,26.15302,4.090819,1 (Hip-Hop + Pop + HJDB),groove_midi___drummer8_session1_16_afrobeat_90_beat_4-4
1720,28.066587,3.7407603,1 (Hip-Hop + Pop + HJDB),groove_midi___drummer8_session1_17_afrobeat_90_beat_4-4
1721,28.188147,4.613319,1 (Hip-Hop + Pop + HJDB),groove_midi___drummer8_session1_18_funk_108_beat_4-4
1722,28.713497,4.7988358,1 (Hip-Hop + Pop + HJDB),groove_midi___drummer8_session1_19_funk_108_beat_4-4
1723,29.049992,5.001373,1 (Hip-Hop + Pop + HJDB),groove_midi___drummer8_session1_1_funk_95_beat_4-4
1724,27.991037,4.582604,1 (Hip-Hop + Pop + HJDB),groove_midi___drummer8_session1_20_rock-shuffle_112_beat_4-4
1725,27.945038,4.46417,1 (Hip-Hop + Pop + HJDB),groove_midi___drummer8_session1_21_rock-shuffle_112_beat_4-4
1726,28.16574,4.0306168,1 (Hip-Hop + Pop + HJDB),groove_midi___drummer8_session1_22_funk_115_beat_4-4
1727,29.53487,5.0777893,1 (Hip-Hop + Pop + HJDB),groove_midi___drummer8_session1_23_hiphop_70_beat_4-4
1728,27.122536,4.515365,1 (Hip-Hop + Pop + HJDB),groove_midi___drummer8_session1_24_funk-latin_100_beat_4-4
1729,27.962358,4.0145617,1 (Hip-Hop + Pop + HJDB),groove_midi___drummer8_session1_25_funk-latin_100_beat_4-4
1730,26.745804,4.346679,1 (Hip-Hop + Pop + HJDB),groove_midi___drummer8_session1_26_afrobeat_94_beat_4-4
1731,25.927969,1.7611436,1 (Hip-Hop + Pop + HJDB),groove_midi___drummer8_session1_27_latin_122_beat_4-4
1732,29.53597,5.2513733,1 (Hip-Hop + Pop + HJDB),groove_midi___drummer8_session1_28_rock_102_beat_4-4
1733,28.903759,4.2391577,1 (Hip-Hop + Pop + HJDB),groove_midi___drummer8_session1_2_funk_95_beat_4-4
1734,29.268734,4.5867224,1 (Hip-Hop + Pop + HJDB),groove_midi___drummer8_session1_3_hiphop_90_beat_4-4
1735,28.743544,4.958758,1 (Hip-Hop + Pop + HJDB),groove_midi___drummer8_session1_4_hiphop_90_beat_4-4
1736,28.744059,4.515458,1 (Hip-Hop + Pop + HJDB),groove_midi___drummer8_session1_5_hiphop_90_beat_4-4
1737,27.092388,5.357291,1 (Hip-Hop + Pop + HJDB),groove_midi___drummer8_session1_6_funk_80_beat_4-4
1738,28.543818,3.8766458,1 (Hip-Hop + Pop + HJDB),groove_midi___drummer8_session1_7_funk_80_beat_4-4
1739,28.63645,4.867916,1 (Hip-Hop + Pop + HJDB),groove_midi___drummer8_session1_8_funk_96_beat_4-4
1740,29.299374,4.3891196,1 (Hip-Hop + Pop + HJDB),groove_midi___drummer8_session1_9_funk_96_beat_4-4
1741,26.158993,3.6408348,1 (Hip-Hop + Pop + HJDB),groove_midi___drummer9_session1_13_rock_120_beat_4-4
1742,26.35575,3.7158923,1 (Hip-Hop + Pop + HJDB),groove_midi___drummer9_session1_14_rock_120_beat_4-4
1743,27.059057,2.2117708,1 (Hip-Hop + Pop + HJDB),groove_midi___drummer9_session1_18_rock_120_beat_4-4
1744,26.63549,1.7630789,1 (Hip-Hop + Pop + HJDB),groove_midi___drummer9_session1_19_rock_120_beat_4-4
1745,26.690107,4.0183597,1 (Hip-Hop + Pop + HJDB),groove_midi___drummer9_session1_1_rock_100_beat_4-4
1746,26.561352,4.4373646,1 (Hip-Hop + Pop + HJDB),groove_midi___drummer9_session1_20_rock_120_beat_4-4
1747,26.665768,4.66988,1 (Hip-Hop + Pop + HJDB),groove_midi___drummer9_session1_22_rock_120_beat_4-4
1748,26.203835,3.6234908,1 (Hip-Hop + Pop + HJDB),groove_midi___drummer9_session1_23_rock_120_beat_4-4
1749,26.263443,4.0705395,1 (Hip-Hop + Pop + HJDB),groove_midi___drummer9_session1_24_rock_90_beat_4-4
1750,28.5422,4.8978486,1 (Hip-Hop + Pop + HJDB),groove_midi___drummer9_session1_25_rock_90_beat_4-4
1751,26.440273,3.8040674,1 (Hip-Hop + Pop + HJDB),groove_midi___drummer9_session1_26_rock_90_beat_4-4
1752,26.551348,5.1006684,1 (Hip-Hop + Pop + HJDB),groove_midi___drummer9_session1_28_rock_90_beat_4-4
1753,27.11185,4.141247,1 (Hip-Hop + Pop + HJDB),groove_midi___drummer9_session1_2_rock_100_beat_4-4
1754,27.613388,3.5694766,1 (Hip-Hop + Pop + HJDB),groove_midi___drummer9_session1_3_rock_100_beat_4-4
1755,26.31021,3.88787,1 (Hip-Hop + Pop + HJDB),groove_midi___drummer9_session1_5_rock_100_beat_4-4
1756,27.984015,4.8487515,1 (Hip-Hop + Pop + HJDB),groove_midi___drummer9_session1_7_rock_100_beat_4-4
1757,-13.462732,2.2359428,2 (Jazz),guitarset___00_BN1-129-Eb_comp_mix
1758,-13.32481,2.4258409,2 (Jazz),guitarset___00_BN1-147-Gb_comp_mix
1759,-13.636853,2.3985841,2 (Jazz),guitarset___00_BN2-131-B_comp_mix
1760,-13.148347,2.6183712,2 (Jazz),guitarset___00_BN2-166-Ab_comp_mix
1761,-13.396324,1.7068925,2 (Jazz),guitarset___00_BN3-119-G_comp_mix
1762,-12.873986,2.190239,2 (Jazz),guitarset___00_BN3-154-E_comp_mix
1763,-12.073626,2.1854832,2 (Jazz),guitarset___00_Funk1-114-Ab_comp_mix
1764,-11.907232,2.0091124,2 (Jazz),guitarset___00_Funk1-97-C_comp_mix
1765,-11.784537,1.3704551,2 (Jazz),guitarset___00_Funk2-108-Eb_comp_mix
1766,-11.496256,1.1043006,2 (Jazz),guitarset___00_Funk2-119-G_comp_mix
1767,-11.556629,1.1055639,2 (Jazz),guitarset___00_Funk3-112-C#_comp_mix
1768,-11.910908,1.4245118,2 (Jazz),guitarset___00_Funk3-98-A_comp_mix
1769,-11.980862,0.67888314,2 (Jazz),guitarset___00_Jazz1-130-D_comp_mix
1770,-11.715578,1.9812647,2 (Jazz),guitarset___00_Jazz1-200-B_comp_mix
1771,-12.283769,1.0957093,2 (Jazz),guitarset___00_Jazz2-110-Bb_comp_mix
1772,-12.473242,2.784692,2 (Jazz),guitarset___00_Jazz2-187-F#_comp_mix
1773,-12.824412,1.7419182,2 (Jazz),guitarset___00_Jazz3-137-Eb_comp_mix
1774,-12.335653,1.8962461,2 (Jazz),guitarset___00_Jazz3-150-C_comp_mix
1775,-12.387328,-1.1478463,2 (Jazz),guitarset___00_Rock1-130-A_comp_mix
1776,-12.102413,-0.60443664,2 (Jazz),guitarset___00_Rock1-90-C#_comp_mix
1777,-11.699875,9.753738e-05,2 (Jazz),guitarset___00_Rock2-142-D_comp_mix
1778,-11.576941,0.29713705,2 (Jazz),guitarset___00_Rock2-85-F_comp_mix
1779,-11.191793,1.0990678,2 (Jazz),guitarset___00_Rock3-117-Bb_comp_mix
1780,-12.515019,-1.2549644,2 (Jazz),guitarset___00_Rock3-148-C_comp_mix
1781,-17.564022,1.0973002,4 (Classical),guitarset___00_SS1-100-C#_comp_mix
1782,-18.633368,1.7207292,4 (Classical),guitarset___00_SS1-68-E_comp_mix
1783,-14.944057,1.1332623,2 (Jazz),guitarset___00_SS2-107-Ab_comp_mix
1784,-13.6761465,1.5199853,2 (Jazz),guitarset___00_SS2-88-F_comp_mix
1785,-14.146091,1.6907579,2 (Jazz),guitarset___00_SS3-84-Bb_comp_mix
1786,-18.507492,-2.1877725,4 (Classical),guitarset___00_SS3-98-C_comp_mix
1787,-12.423201,1.6767539,2 (Jazz),guitarset___01_BN1-129-Eb_comp_mix
1788,-12.308158,1.2567694,2 (Jazz),guitarset___01_BN1-147-Gb_comp_mix
1789,-11.977725,1.9848641,2 (Jazz),guitarset___01_BN2-131-B_comp_mix
1790,-12.238774,2.5715883,2 (Jazz),guitarset___01_BN2-166-Ab_comp_mix
1791,-12.373826,3.0336092,2 (Jazz),guitarset___01_BN3-119-G_comp_mix
1792,-11.923592,2.5415683,2 (Jazz),guitarset___01_BN3-154-E_comp_mix
1793,-11.849613,3.6468844,2 (Jazz),guitarset___01_Funk1-114-Ab_comp_mix
1794,-11.83096,3.5618536,2 (Jazz),guitarset___01_Funk1-97-C_comp_mix
1795,-11.790222,3.62126,2 (Jazz),guitarset___01_Funk2-108-Eb_comp_mix
1796,-11.812826,3.6477888,2 (Jazz),guitarset___01_Funk2-119-G_comp_mix
1797,-12.027774,3.3447535,2 (Jazz),guitarset___01_Funk3-112-C#_comp_mix
1798,-11.847267,3.610499,2 (Jazz),guitarset___01_Funk3-98-A_comp_mix
1799,-13.92113,1.7415614,2 (Jazz),guitarset___01_Jazz1-130-D_comp_mix
1800,-12.474552,2.4417634,2 (Jazz),guitarset___01_Jazz1-200-B_comp_mix
1801,-11.787405,2.2167165,2 (Jazz),guitarset___01_Jazz2-110-Bb_comp_mix
1802,-11.753242,3.3071926,2 (Jazz),guitarset___01_Jazz2-187-F#_comp_mix
1803,-11.792865,2.579787,2 (Jazz),guitarset___01_Jazz3-137-Eb_comp_mix
1804,-11.629671,2.5825708,2 (Jazz),guitarset___01_Jazz3-150-C_comp_mix
1805,-12.283445,-0.04215705,2 (Jazz),guitarset___01_Rock1-130-A_comp_mix
1806,-12.280244,-0.041765515,2 (Jazz),guitarset___01_Rock1-90-C#_comp_mix
1807,-12.284185,-0.119940594,2 (Jazz),guitarset___01_Rock2-142-D_comp_mix
1808,-12.435509,0.31843024,2 (Jazz),guitarset___01_Rock2-85-F_comp_mix
1809,-12.060828,0.8167693,2 (Jazz),guitarset___01_Rock3-117-Bb_comp_mix
1810,-12.033424,0.549181,2 (Jazz),guitarset___01_Rock3-148-C_comp_mix
1811,-12.262471,2.5024989,2 (Jazz),guitarset___01_SS1-100-C#_comp_mix
1812,-19.018534,2.1944537,4 (Classical),guitarset___01_SS1-68-E_comp_mix
1813,-11.715597,3.5692885,2 (Jazz),guitarset___01_SS2-107-Ab_comp_mix
1814,-12.382553,0.7889799,2 (Jazz),guitarset___01_SS2-88-F_comp_mix
1815,-13.58619,1.3155284,2 (Jazz),guitarset___01_SS3-84-Bb_comp_mix
1816,-18.898764,1.6780716,4 (Classical),guitarset___01_SS3-98-C_comp_mix
1817,-14.071665,1.1922644,2 (Jazz),guitarset___02_BN1-129-Eb_comp_mix
1818,-13.276681,1.8001446,2 (Jazz),guitarset___02_BN1-147-Gb_comp_mix
1819,-13.116385,0.53600746,2 (Jazz),guitarset___02_BN2-131-B_comp_mix
1820,-14.007714,0.9513449,2 (Jazz),guitarset___02_BN2-166-Ab_comp_mix
1821,-12.850269,0.4407714,2 (Jazz),guitarset___02_BN3-119-G_comp_mix
1822,-13.191202,1.0440772,2 (Jazz),guitarset___02_BN3-154-E_comp_mix
1823,-13.468901,0.92468876,2 (Jazz),guitarset___02_Funk1-114-Ab_comp_mix
1824,-13.739407,0.075979516,2 (Jazz),guitarset___02_Funk1-97-C_comp_mix
1825,-13.246464,0.06046183,2 (Jazz),guitarset___02_Funk2-108-Eb_comp_mix
1826,-13.487371,0.5377728,2 (Jazz),guitarset___02_Funk2-119-G_comp_mix
1827,-13.664361,0.28732687,2 (Jazz),guitarset___02_Funk3-112-C#_comp_mix
1828,-13.563193,0.5342069,2 (Jazz),guitarset___02_Funk3-98-A_comp_mix
1829,-13.1649475,-0.06447865,2 (Jazz),guitarset___02_Jazz1-130-D_comp_mix
1830,-13.638683,0.18767111,2 (Jazz),guitarset___02_Jazz1-200-B_comp_mix
1831,-12.848912,0.38517368,2 (Jazz),guitarset___02_Jazz2-110-Bb_comp_mix
1832,-14.015546,1.0384434,2 (Jazz),guitarset___02_Jazz2-187-F#_comp_mix
1833,-14.015028,0.720732,2 (Jazz),guitarset___02_Jazz3-137-Eb_comp_mix
1834,-13.003569,-0.8831584,2 (Jazz),guitarset___02_Jazz3-150-C_comp_mix
1835,-12.727909,0.58829117,2 (Jazz),guitarset___02_Rock1-130-A_comp_mix
1836,-12.961419,1.4158291,2 (Jazz),guitarset___02_Rock1-90-C#_comp_mix
1837,-13.353248,0.2951062,2 (Jazz),guitarset___02_Rock2-142-D_comp_mix
1838,-13.643315,0.7459406,2 (Jazz),guitarset___02_Rock2-85-F_comp_mix
1839,-12.58445,0.7430929,2 (Jazz),guitarset___02_Rock3-117-Bb_comp_mix
1840,-12.355672,-0.65852875,2 (Jazz),guitarset___02_Rock3-148-C_comp_mix
1841,-15.642379,1.0470768,2 + 4,guitarset___02_SS1-100-C#_comp_mix
1842,-18.20643,1.3733064,4 (Classical),guitarset___02_SS1-68-E_comp_mix
1843,-13.69075,0.6143573,2 (Jazz),guitarset___02_SS2-107-Ab_comp_mix
1844,-13.299912,0.65480065,2 (Jazz),guitarset___02_SS2-88-F_comp_mix
1845,-13.332748,0.67571014,2 (Jazz),guitarset___02_SS3-84-Bb_comp_mix
1846,-12.571677,-0.6145885,2 (Jazz),guitarset___02_SS3-98-C_comp_mix
1847,-13.387244,2.033705,2 (Jazz),guitarset___03_BN1-129-Eb_comp_mix
1848,-13.617831,2.1444683,2 (Jazz),guitarset___03_BN1-147-Gb_comp_mix
1849,-13.656923,2.3074684,2 (Jazz),guitarset___03_BN2-131-B_comp_mix
1850,-13.300933,2.7041163,2 (Jazz),guitarset___03_BN2-166-Ab_comp_mix
1851,-13.511491,2.0763917,2 (Jazz),guitarset___03_BN3-119-G_comp_mix
1852,-13.44721,2.5522504,2 (Jazz),guitarset___03_BN3-154-E_comp_mix
1853,-12.468726,2.3211505,2 (Jazz),guitarset___03_Funk1-114-Ab_comp_mix
1854,-11.940007,2.3381968,2 (Jazz),guitarset___03_Funk1-97-C_comp_mix
1855,-12.379504,2.1183245,2 (Jazz),guitarset___03_Funk2-108-Eb_comp_mix
1856,-12.137744,2.2212026,2 (Jazz),guitarset___03_Funk2-119-G_comp_mix
1857,-12.448323,2.147126,2 (Jazz),guitarset___03_Funk3-112-C#_comp_mix
1858,-12.274047,2.6222916,2 (Jazz),guitarset___03_Funk3-98-A_comp_mix
1859,-12.295018,1.9307529,2 (Jazz),guitarset___03_Jazz1-130-D_comp_mix
1860,-11.511269,1.95323,2 (Jazz),guitarset___03_Jazz1-200-B_comp_mix
1861,-12.5915985,1.7459872,2 (Jazz),guitarset___03_Jazz2-110-Bb_comp_mix
1862,-13.366824,2.1583076,2 (Jazz),guitarset___03_Jazz2-187-F#_comp_mix
1863,-12.31301,1.716644,2 (Jazz),guitarset___03_Jazz3-137-Eb_comp_mix
1864,-12.111115,1.990592,2 (Jazz),guitarset___03_Jazz3-150-C_comp_mix
1865,-12.343625,0.39596468,2 (Jazz),guitarset___03_Rock1-130-A_comp_mix
1866,-12.57259,0.21824452,2 (Jazz),guitarset___03_Rock1-90-C#_comp_mix
1867,-12.230379,1.2008194,2 (Jazz),guitarset___03_Rock2-142-D_comp_mix
1868,-12.310257,0.8711703,2 (Jazz),guitarset___03_Rock2-85-F_comp_mix
1869,-12.580427,1.5571183,2 (Jazz),guitarset___03_Rock3-117-Bb_comp_mix
1870,-12.440448,0.17169209,2 (Jazz),guitarset___03_Rock3-148-C_comp_mix
1871,-12.379057,0.84496844,2 (Jazz),guitarset___03_SS1-100-C#_comp_mix
1872,-12.966612,0.3903455,2 (Jazz),guitarset___03_SS1-68-E_comp_mix
1873,-12.227241,1.3381482,2 (Jazz),guitarset___03_SS2-107-Ab_comp_mix
1874,-12.451787,0.45489085,2 (Jazz),guitarset___03_SS2-88-F_comp_mix
1875,-14.011536,1.181299,2 (Jazz),guitarset___03_SS3-84-Bb_comp_mix
1876,-12.443623,-0.34739414,2 (Jazz),guitarset___03_SS3-98-C_comp_mix
1877,-13.378436,2.1625412,2 (Jazz),guitarset___04_BN1-129-Eb_comp_mix
1878,-13.687903,2.5985646,2 (Jazz),guitarset___04_BN1-147-Gb_comp_mix
1879,-13.399375,2.4434853,2 (Jazz),guitarset___04_BN2-131-B_comp_mix
1880,-13.384962,2.6275249,2 (Jazz),guitarset___04_BN2-166-Ab_comp_mix
1881,-13.511941,2.3433034,2 (Jazz),guitarset___04_BN3-119-G_comp_mix
1882,-13.362345,2.6648495,2 (Jazz),guitarset___04_BN3-154-E_comp_mix
1883,-12.571309,2.9868546,2 (Jazz),guitarset___04_Funk1-114-Ab_comp_mix
1884,-11.456742,2.7803452,2 (Jazz),guitarset___04_Funk1-97-C_comp_mix
1885,-12.208161,3.1401992,2 (Jazz),guitarset___04_Funk2-108-Eb_comp_mix
1886,-12.064898,3.3337138,2 (Jazz),guitarset___04_Funk2-119-G_comp_mix
1887,-12.200092,2.7671497,2 (Jazz),guitarset___04_Funk3-112-C#_comp_mix
1888,-12.25998,3.0345938,2 (Jazz),guitarset___04_Funk3-98-A_comp_mix
1889,-13.541349,2.3159404,2 (Jazz),guitarset___04_Jazz1-130-D_comp_mix
1890,-12.85819,2.5477834,2 (Jazz),guitarset___04_Jazz1-200-B_comp_mix
1891,-13.379245,2.3048959,2 (Jazz),guitarset___04_Jazz2-110-Bb_comp_mix
1892,-13.176265,2.626115,2 (Jazz),guitarset___04_Jazz2-187-F#_comp_mix
1893,-13.451977,2.445473,2 (Jazz),guitarset___04_Jazz3-137-Eb_comp_mix
1894,-13.515362,2.5342655,2 (Jazz),guitarset___04_Jazz3-150-C_comp_mix
1895,-12.894469,1.1171001,2 (Jazz),guitarset___04_Rock1-130-A_comp_mix
1896,-12.619106,0.76744056,2 (Jazz),guitarset___04_Rock1-90-C#_comp_mix
1897,-11.694545,0.3169373,2 (Jazz),guitarset___04_Rock2-142-D_comp_mix
1898,-14.013648,1.0192784,2 (Jazz),guitarset___04_Rock2-85-F_comp_mix
1899,-11.717976,1.3405347,2 (Jazz),guitarset___04_Rock3-117-Bb_comp_mix
1900,-11.449348,2.4193752,2 (Jazz),guitarset___04_Rock3-148-C_comp_mix
1901,-16.280378,1.2572639,2 + 4,guitarset___04_SS1-100-C#_comp_mix
1902,-12.430957,-1.3252953,2 (Jazz),guitarset___04_SS1-68-E_comp_mix
1903,-14.092361,1.7219652,2 (Jazz),guitarset___04_SS2-107-Ab_comp_mix
1904,-13.195225,-0.1633494,2 (Jazz),guitarset___04_SS2-88-F_comp_mix
1905,-13.649585,1.2775829,2 (Jazz),guitarset___04_SS3-84-Bb_comp_mix
1906,-15.017312,0.58073884,2 + 4,guitarset___04_SS3-98-C_comp_mix
1907,-13.807959,1.8852336,2 (Jazz),guitarset___05_BN1-129-Eb_comp_mix
1908,-14.174116,1.538708,2 (Jazz),guitarset___05_BN1-147-Gb_comp_mix
1909,-13.858713,2.0415945,2 (Jazz),guitarset___05_BN2-131-B_comp_mix
1910,-13.716965,2.2105122,2 (Jazz),guitarset___05_BN2-166-Ab_comp_mix
1911,-13.56293,1.7726712,2 (Jazz),guitarset___05_BN3-119-G_comp_mix
1912,-13.957846,2.2715573,2 (Jazz),guitarset___05_BN3-154-E_comp_mix
1913,-11.939692,1.813374,2 (Jazz),guitarset___05_Funk1-114-Ab_comp_mix
1914,-11.826686,1.9372476,2 (Jazz),guitarset___05_Funk1-97-C_comp_mix
1915,-12.048285,1.7769831,2 (Jazz),guitarset___05_Funk2-108-Eb_comp_mix
1916,-11.653323,2.069212,2 (Jazz),guitarset___05_Funk2-119-G_comp_mix
1917,-12.102357,1.7676622,2 (Jazz),guitarset___05_Funk3-112-C#_comp_mix
1918,-11.938276,1.80596,2 (Jazz),guitarset___05_Funk3-98-A_comp_mix
1919,-12.2392025,1.9686439,2 (Jazz),guitarset___05_Jazz1-130-D_comp_mix
1920,-12.800226,2.7232006,2 (Jazz),guitarset___05_Jazz1-200-B_comp_mix
1921,-13.041325,1.8537118,2 (Jazz),guitarset___05_Jazz2-110-Bb_comp_mix
1922,-12.683003,2.7951045,2 (Jazz),guitarset___05_Jazz2-187-F#_comp_mix
1923,-12.640761,2.452227,2 (Jazz),guitarset___05_Jazz3-137-Eb_comp_mix
1924,-12.053417,2.1807904,2 (Jazz),guitarset___05_Jazz3-150-C_comp_mix
1925,-11.830692,-0.27514166,2 (Jazz),guitarset___05_Rock1-130-A_comp_mix
1926,-12.225494,-0.33391806,2 (Jazz),guitarset___05_Rock1-90-C#_comp_mix
1927,-11.443825,1.1293578,2 (Jazz),guitarset___05_Rock2-142-D_comp_mix
1928,-12.413341,0.81594956,2 (Jazz),guitarset___05_Rock2-85-F_comp_mix
1929,-11.829691,0.95540667,2 (Jazz),guitarset___05_Rock3-117-Bb_comp_mix
1930,-11.240404,1.3943722,2 (Jazz),guitarset___05_Rock3-148-C_comp_mix
1931,-17.225615,-2.500106,4 (Classical),guitarset___05_SS1-100-C#_comp_mix
1932,-15.252757,0.9963694,2 + 4,guitarset___05_SS1-68-E_comp_mix
1933,-14.443825,1.205786,2 (Jazz),guitarset___05_SS2-107-Ab_comp_mix
1934,-17.63977,-2.97205,4 (Classical),guitarset___05_SS2-88-F_comp_mix
1935,-13.047845,1.366518,2 (Jazz),guitarset___05_SS3-84-Bb_comp_mix
1936,-17.708912,-3.1377475,4 (Classical),guitarset___05_SS3-98-C_comp_mix
1937,3.3053813,0.5375628,3 (Rock + Pop),hainsworth___hainsworth_001
1938,-6.5090165,11.142309,2 (Jazz),hainsworth___hainsworth_002
1939,-8.18635,11.925278,2 (Jazz),hainsworth___hainsworth_003
1940,-27.042847,-3.7418015,4 (Classical),hainsworth___hainsworth_006
1941,-25.986597,-5.482775,4 (Classical),hainsworth___hainsworth_007
1942,-7.30648,10.595087,2 (Jazz),hainsworth___hainsworth_008
1943,-8.451516,11.528865,2 (Jazz),hainsworth___hainsworth_009
1944,2.018571,13.450331,3 (Rock + Pop),hainsworth___hainsworth_010
1945,4.518942,0.87540454,3 (Rock + Pop),hainsworth___hainsworth_011
1946,-26.181372,-3.198627,4 (Classical),hainsworth___hainsworth_012
1947,-27.712227,-5.109348,4 (Classical),hainsworth___hainsworth_013
1948,25.898947,-6.3409534,1 (Hip-Hop + Pop + HJDB),hainsworth___hainsworth_015
1949,-19.570719,5.6625724,4 (Classical),hainsworth___hainsworth_016
1950,24.129423,-5.8620977,1 (Hip-Hop + Pop + HJDB),hainsworth___hainsworth_017
1951,25.97666,-5.8415537,1 (Hip-Hop + Pop + HJDB),hainsworth___hainsworth_018
1952,3.933501,-0.45563975,3 (Rock + Pop),hainsworth___hainsworth_019
1953,25.733238,-8.812388,1 (Hip-Hop + Pop + HJDB),hainsworth___hainsworth_020
1954,2.7989073,-2.2791822,3 (Rock + Pop),hainsworth___hainsworth_021
1955,4.845886,-3.8826513,3 (Rock + Pop),hainsworth___hainsworth_022
1956,1.9140803,2.0327947,3 (Rock + Pop),hainsworth___hainsworth_023
1957,-4.2178583,-1.1927218,2 (Jazz),hainsworth___hainsworth_024
1958,5.248414,3.4075227,3 (Rock + Pop),hainsworth___hainsworth_025
1959,-25.896416,3.0302489,4 (Classical),hainsworth___hainsworth_035
1960,-27.728153,3.8643637,4 (Classical),hainsworth___hainsworth_036
1961,-27.859869,3.1488037,4 (Classical),hainsworth___hainsworth_037
1962,-0.458888,6.570943,2 + 3,hainsworth___hainsworth_038
1963,18.680597,-4.841933,1 (Hip-Hop + Pop + HJDB),hainsworth___hainsworth_039
1964,23.604832,-6.955541,1 (Hip-Hop + Pop + HJDB),hainsworth___hainsworth_040
1965,10.578771,-5.970707,1 + 3,hainsworth___hainsworth_041
1966,25.363852,-7.4689927,1 (Hip-Hop + Pop + HJDB),hainsworth___hainsworth_042
1967,24.791906,-6.749058,1 (Hip-Hop + Pop + HJDB),hainsworth___hainsworth_043
1968,1.3532349,-1.8627983,3 (Rock + Pop),hainsworth___hainsworth_045
1969,-0.9306573,-7.812451,2 (Jazz),hainsworth___hainsworth_046
1970,4.632296,0.7381839,3 (Rock + Pop),hainsworth___hainsworth_047
1971,3.9912453,4.0450444,3 (Rock + Pop),hainsworth___hainsworth_048
1972,2.4342465,1.7501007,3 (Rock + Pop),hainsworth___hainsworth_049
1973,7.533168,9.369905,3 (Rock + Pop),hainsworth___hainsworth_050
1974,10.210757,-3.3425565,3 (Rock + Pop),hainsworth___hainsworth_051
1975,-0.3571554,6.6805415,2 + 3,hainsworth___hainsworth_052
1976,6.017047,1.0236639,3 (Rock + Pop),hainsworth___hainsworth_053
1977,-1.9360703,8.787448,2 + 3,hainsworth___hainsworth_054
1978,-0.61946106,7.1354675,2 + 3,hainsworth___hainsworth_055
1979,-4.282799,8.8259325,2 (Jazz),hainsworth___hainsworth_056
1980,-1.5817323,0.29438448,2 (Jazz),hainsworth___hainsworth_057
1981,-18.443726,4.0453916,4 (Classical),hainsworth___hainsworth_058
1982,-17.53856,1.5197549,4 (Classical),hainsworth___hainsworth_059
1983,1.317234,-0.48130807,3 (Rock + Pop),hainsworth___hainsworth_060
1984,-0.36786604,-1.7240338,2 + 3,hainsworth___hainsworth_061
1985,-3.83482,-3.4886687,2 (Jazz),hainsworth___hainsworth_062
1986,2.1684942,-0.45874926,3 (Rock + Pop),hainsworth___hainsworth_063
1987,2.41315,0.99637806,3 (Rock + Pop),hainsworth___hainsworth_064
1988,-3.453297,-1.8823608,2 (Jazz),hainsworth___hainsworth_065
1989,-4.2290664,9.607223,2 (Jazz),hainsworth___hainsworth_066
1990,3.2391012,7.294056,3 (Rock + Pop),hainsworth___hainsworth_067
1991,-1.2397583,-3.0704536,2 (Jazz),hainsworth___hainsworth_068
1992,0.31801164,-1.7779739,2 + 3,hainsworth___hainsworth_069
1993,-4.306315,-0.64696926,2 (Jazz),hainsworth___hainsworth_070
1994,2.6191373,-2.2292156,3 (Rock + Pop),hainsworth___hainsworth_071
1995,1.2718433,-2.7329752,3 (Rock + Pop),hainsworth___hainsworth_072
1996,-1.0325037,3.3270817,2 + 3,hainsworth___hainsworth_073
1997,-2.54099,6.146339,2 (Jazz),hainsworth___hainsworth_074
1998,-2.9391742,4.195193,2 (Jazz),hainsworth___hainsworth_075
1999,-1.4957134,6.865448,2 + 3,hainsworth___hainsworth_076
2000,-2.561334,3.4050148,2 (Jazz),hainsworth___hainsworth_077
2001,-3.7318323,8.021626,2 (Jazz),hainsworth___hainsworth_078
2002,1.5699935,7.2061424,3 (Rock + Pop),hainsworth___hainsworth_079
2003,2.8851616,0.6617358,3 (Rock + Pop),hainsworth___hainsworth_080
2004,2.6900725,1.4651111,3 (Rock + Pop),hainsworth___hainsworth_081
2005,2.6465468,1.8044673,3 (Rock + Pop),hainsworth___hainsworth_082
2006,-1.2677025,-3.691034,2 (Jazz),hainsworth___hainsworth_083
2007,5.760715,2.0429707,3 (Rock + Pop),hainsworth___hainsworth_084
2008,2.3183417,-1.136046,3 (Rock + Pop),hainsworth___hainsworth_085
2009,2.3767626,-0.18177183,3 (Rock + Pop),hainsworth___hainsworth_086
2010,6.740668,3.6948683,3 (Rock + Pop),hainsworth___hainsworth_087
2011,0.33342335,4.737107,2 + 3,hainsworth___hainsworth_088
2012,2.6439269,-1.3984193,3 (Rock + Pop),hainsworth___hainsworth_089
2013,-17.746105,-0.9709434,4 (Classical),hainsworth___hainsworth_090
2014,-0.6321346,-2.0827816,2 + 3,hainsworth___hainsworth_091
2015,-4.4599757,9.769688,2 (Jazz),hainsworth___hainsworth_092
2016,-0.36178893,3.602881,2 + 3,hainsworth___hainsworth_093
2017,-3.1180868,-0.4536595,2 (Jazz),hainsworth___hainsworth_094
2018,0.5620802,7.58922,3 (Rock + Pop),hainsworth___hainsworth_095
2019,2.777636,6.347161,3 (Rock + Pop),hainsworth___hainsworth_096
2020,3.8903093,-2.5404801,3 (Rock + Pop),hainsworth___hainsworth_097
2021,1.8942276,4.1534185,3 (Rock + Pop),hainsworth___hainsworth_098
2022,-2.139384,2.7085495,2 (Jazz),hainsworth___hainsworth_099
2023,5.0460596,3.8910692,3 (Rock + Pop),hainsworth___hainsworth_100
2024,-6.145004,11.110135,2 (Jazz),hainsworth___hainsworth_102
2025,-5.713723,6.56257,2 (Jazz),hainsworth___hainsworth_103
2026,-8.624748,11.821418,2 (Jazz),hainsworth___hainsworth_104
2027,-7.7989774,7.199767,2 (Jazz),hainsworth___hainsworth_106
2028,-23.143627,0.8833309,4 (Classical),hainsworth___hainsworth_107
2029,-8.271041,11.427828,2 (Jazz),hainsworth___hainsworth_108
2030,-6.761907,12.948894,2 (Jazz),hainsworth___hainsworth_110
2031,-7.2240796,10.889408,2 (Jazz),hainsworth___hainsworth_111
2032,-7.640916,10.378915,2 (Jazz),hainsworth___hainsworth_112
2033,-8.854916,12.077862,2 (Jazz),hainsworth___hainsworth_113
2034,-6.6440153,10.242753,2 (Jazz),hainsworth___hainsworth_114
2035,-10.920457,11.018526,2 (Jazz),hainsworth___hainsworth_115
2036,-7.8829083,10.909598,2 (Jazz),hainsworth___hainsworth_117
2037,-8.003871,12.690055,2 (Jazz),hainsworth___hainsworth_118
2038,-8.343681,11.956709,2 (Jazz),hainsworth___hainsworth_119
2039,-8.3653,12.998646,2 (Jazz),hainsworth___hainsworth_120
2040,-25.405468,-5.2696996,4 (Classical),hainsworth___hainsworth_121
2041,-25.11245,-5.1158376,4 (Classical),hainsworth___hainsworth_122
2042,-25.709246,-5.5320387,4 (Classical),hainsworth___hainsworth_123
2043,-24.987822,-5.2902308,4 (Classical),hainsworth___hainsworth_124
2044,-24.666645,-5.050871,4 (Classical),hainsworth___hainsworth_125
2045,-25.299555,-5.2290177,4 (Classical),hainsworth___hainsworth_126
2046,-25.512596,-5.4579453,4 (Classical),hainsworth___hainsworth_127
2047,-24.637272,-5.182379,4 (Classical),hainsworth___hainsworth_128
2048,-25.86788,-5.510971,4 (Classical),hainsworth___hainsworth_129
2049,-24.71189,-5.0971494,4 (Classical),hainsworth___hainsworth_130
2050,-25.297974,-5.2197213,4 (Classical),hainsworth___hainsworth_131
2051,-25.821337,-5.402069,4 (Classical),hainsworth___hainsworth_132
2052,-25.294806,-5.281241,4 (Classical),hainsworth___hainsworth_133
2053,-24.572327,-5.175168,4 (Classical),hainsworth___hainsworth_134
2054,-25.147657,-5.316199,4 (Classical),hainsworth___hainsworth_135
2055,6.404128,5.2943587,3 (Rock + Pop),hainsworth___hainsworth_137
2056,7.3255568,9.828201,3 (Rock + Pop),hainsworth___hainsworth_138
2057,4.175047,9.815348,3 (Rock + Pop),hainsworth___hainsworth_139
2058,-19.514633,-0.34060058,4 (Classical),hainsworth___hainsworth_140
2059,8.908478,6.1383767,3 (Rock + Pop),hainsworth___hainsworth_141
2060,7.1787624,9.843092,3 (Rock + Pop),hainsworth___hainsworth_143
2061,15.778842,1.859209,1 + 3,hainsworth___hainsworth_144
2062,-2.2996414,3.435598,2 (Jazz),hainsworth___hainsworth_145
2063,11.961468,1.0436908,3 (Rock + Pop),hainsworth___hainsworth_146
2064,18.11669,-10.981608,1 (Hip-Hop + Pop + HJDB),hainsworth___hainsworth_147
2065,-4.554122,7.6156707,2 (Jazz),hainsworth___hainsworth_148
2066,-4.7628326,7.665451,2 (Jazz),hainsworth___hainsworth_149
2067,4.369404,6.569642,3 (Rock + Pop),hainsworth___hainsworth_150
2068,-0.35046798,7.6684384,2 + 3,hainsworth___hainsworth_151
2069,-18.421442,-3.5505226,4 (Classical),hainsworth___hainsworth_152
2070,25.563416,-6.326751,1 (Hip-Hop + Pop + HJDB),hainsworth___hainsworth_153
2071,26.216192,-6.7054873,1 (Hip-Hop + Pop + HJDB),hainsworth___hainsworth_154
2072,25.738256,-6.757665,1 (Hip-Hop + Pop + HJDB),hainsworth___hainsworth_155
2073,24.540943,-7.0823536,1 (Hip-Hop + Pop + HJDB),hainsworth___hainsworth_156
2074,26.328955,-6.7779493,1 (Hip-Hop + Pop + HJDB),hainsworth___hainsworth_157
2075,25.68867,-6.9521313,1 (Hip-Hop + Pop + HJDB),hainsworth___hainsworth_158
2076,10.349318,5.7828016,3 (Rock + Pop),hainsworth___hainsworth_159
2077,3.1874995,7.5341606,3 (Rock + Pop),hainsworth___hainsworth_160
2078,5.951455,4.7808022,3 (Rock + Pop),hainsworth___hainsworth_161
2079,-0.6735557,-2.9919794,2 + 3,hainsworth___hainsworth_162
2080,9.648771,4.257089,3 (Rock + Pop),hainsworth___hainsworth_163
2081,7.5866337,-7.234687,3 (Rock + Pop),hainsworth___hainsworth_164
2082,-19.368597,5.947028,4 (Classical),hainsworth___hainsworth_165
2083,4.966768,11.43047,3 (Rock + Pop),hainsworth___hainsworth_166
2084,-1.9959309,-6.7890787,2 (Jazz),hainsworth___hainsworth_167
2085,11.761063,-12.134983,1 (Hip-Hop + Pop + HJDB),hainsworth___hainsworth_168
2086,9.547263,-7.875176,1 + 3,hainsworth___hainsworth_169
2087,26.96791,-10.388259,1 (Hip-Hop + Pop + HJDB),hainsworth___hainsworth_170
2088,-18.947641,6.036374,4 (Classical),hainsworth___hainsworth_171
2089,24.568949,-3.3288505,1 (Hip-Hop + Pop + HJDB),hainsworth___hainsworth_172
2090,9.53864,7.9528747,3 (Rock + Pop),hainsworth___hainsworth_173
2091,21.136364,-8.173175,1 (Hip-Hop + Pop + HJDB),hainsworth___hainsworth_174
2092,9.993843,10.768266,3 (Rock + Pop),hainsworth___hainsworth_175
2093,17.895239,-12.129879,1 (Hip-Hop + Pop + HJDB),hainsworth___hainsworth_176
2094,23.778858,-7.051007,1 (Hip-Hop + Pop + HJDB),hainsworth___hainsworth_177
2095,9.634024,-6.1202455,1 + 3,hainsworth___hainsworth_178
2096,23.119816,-6.945703,1 (Hip-Hop + Pop + HJDB),hainsworth___hainsworth_179
2097,12.612171,-6.206429,1 (Hip-Hop + Pop + HJDB),hainsworth___hainsworth_180
2098,8.332094,-1.4490374,3 (Rock + Pop),hainsworth___hainsworth_181
2099,9.241673,-0.6911883,3 (Rock + Pop),hainsworth___hainsworth_182
2100,6.9179783,-1.749812,3 (Rock + Pop),hainsworth___hainsworth_183
2101,15.5650425,-5.5467854,1 (Hip-Hop + Pop + HJDB),hainsworth___hainsworth_184
2102,9.263439,-8.08115,1 + 3,hainsworth___hainsworth_185
2103,8.847574,-7.604897,1 + 3,hainsworth___hainsworth_186
2104,9.993914,-7.3202186,1 + 3,hainsworth___hainsworth_187
2105,-26.282587,2.8558602,4 (Classical),hainsworth___hainsworth_188
2106,-21.476452,3.3556895,4 (Classical),hainsworth___hainsworth_189
2107,-29.5561,1.6321359,4 (Classical),hainsworth___hainsworth_190
2108,-23.991043,0.045856327,4 (Classical),hainsworth___hainsworth_191
2109,-24.685387,-6.0593762,4 (Classical),hainsworth___hainsworth_193
2110,-28.855787,0.82151777,4 (Classical),hainsworth___hainsworth_194
2111,-28.202305,2.856809,4 (Classical),hainsworth___hainsworth_195
2112,-20.91039,-0.89095205,4 (Classical),hainsworth___hainsworth_196
2113,-7.2983413,12.078278,2 (Jazz),hainsworth___hainsworth_197
2114,-6.611342,10.789221,2 (Jazz),hainsworth___hainsworth_198
2115,-8.901652,7.386259,2 (Jazz),hainsworth___hainsworth_200
2116,-28.822395,1.50629,4 (Classical),hainsworth___hainsworth_201
2117,-23.103714,4.2194386,4 (Classical),hainsworth___hainsworth_202
2118,-21.402554,3.926837,4 (Classical),hainsworth___hainsworth_205
2119,-29.251686,-3.5695813,4 (Classical),hainsworth___hainsworth_206
2120,-6.7522373,4.8649335,2 (Jazz),hainsworth___hainsworth_207
2121,-28.871183,1.6920067,4 (Classical),hainsworth___hainsworth_208
2122,-25.843771,1.4462438,4 (Classical),hainsworth___hainsworth_209
2123,-27.959787,3.42446,4 (Classical),hainsworth___hainsworth_210
2124,-27.54495,3.9955208,4 (Classical),hainsworth___hainsworth_211
2125,-9.688283,10.571548,2 (Jazz),hainsworth___hainsworth_212
2126,6.3702393,-6.9138823,3 (Rock + Pop),hainsworth___hainsworth_213
2127,-4.746718,11.866262,2 (Jazz),hainsworth___hainsworth_214
2128,-4.886841,11.78555,2 (Jazz),hainsworth___hainsworth_215
2129,-4.734722,11.847087,2 (Jazz),hainsworth___hainsworth_216
2130,-4.7565036,11.628086,2 (Jazz),hainsworth___hainsworth_217
2131,-25.746466,-5.3728228,4 (Classical),hainsworth___hainsworth_218
2132,-26.08464,-5.433194,4 (Classical),hainsworth___hainsworth_219
2133,-25.820242,-5.4829073,4 (Classical),hainsworth___hainsworth_220
2134,-25.595346,-5.3679595,4 (Classical),hainsworth___hainsworth_221
2135,-7.298765,12.213167,2 (Jazz),hainsworth___hainsworth_222
2136,-7.704361,12.573204,2 (Jazz),hainsworth___hainsworth_223
2137,0.029773919,-5.0690794,2 + 3,hainsworth___hainsworth_224
2138,-6.7020497,1.4327953,2 (Jazz),hainsworth___hainsworth_225
2139,8.346961,8.536886,3 (Rock + Pop),hainsworth___hainsworth_226
2140,8.416413,8.559846,3 (Rock + Pop),hainsworth___hainsworth_227
2141,3.1036286,4.1928897,3 (Rock + Pop),hainsworth___hainsworth_228
2142,24.296474,-2.9125206,1 (Hip-Hop + Pop + HJDB),hainsworth___hainsworth_229
2143,2.6140265,6.1893444,3 (Rock + Pop),hainsworth___hainsworth_230
2144,10.37752,-6.024723,1 + 3,hainsworth___hainsworth_231
2145,2.7710638,0.87197804,3 (Rock + Pop),hainsworth___hainsworth_232
2146,6.749811,2.957449,3 (Rock + Pop),hainsworth___hainsworth_233
2147,7.067137,-4.8358254,3 (Rock + Pop),hainsworth___hainsworth_234
2148,23.11718,-5.8336883,1 (Hip-Hop + Pop + HJDB),hainsworth___hainsworth_235
2149,25.805304,-10.61305,1 (Hip-Hop + Pop + HJDB),hainsworth___hainsworth_236
2150,14.911361,-12.816031,1 (Hip-Hop + Pop + HJDB),hainsworth___hainsworth_237
2151,26.608997,-7.263716,1 (Hip-Hop + Pop + HJDB),hainsworth___hainsworth_238
2152,21.39928,-8.066189,1 (Hip-Hop + Pop + HJDB),hainsworth___hainsworth_239
2153,-27.705765,2.5060854,4 (Classical),hainsworth___hainsworth_240
2154,-28.302183,0.004428708,4 (Classical),hainsworth___hainsworth_241
2155,-28.000374,2.343107,4 (Classical),hainsworth___hainsworth_242
2156,-27.389715,3.304663,4 (Classical),hainsworth___hainsworth_243
2157,-27.170034,3.6359882,4 (Classical),hainsworth___hainsworth_244
2158,-27.439173,-2.7823844,4 (Classical),hainsworth___hainsworth_245
2159,10.22714,-9.385736,1 + 3,harmonix___0001_12step
2160,14.855322,-12.0553465,1 (Hip-Hop + Pop + HJDB),harmonix___0003_6foot7foot
2161,8.234762,-1.0764472,3 (Rock + Pop),harmonix___0004_abc
2162,10.292415,5.8495426,3 (Rock + Pop),harmonix___0005_again
2163,15.16925,-10.134899,1 (Hip-Hop + Pop + HJDB),harmonix___0006_aint2proud2beg
2164,4.544267,5.330713,3 (Rock + Pop),harmonix___0008_america
2165,1.925924,3.0480318,3 (Rock + Pop),harmonix___0009_americanmusic
2166,8.317338,10.390204,3 (Rock + Pop),harmonix___0010_andjusticeforall
2167,2.2133522,11.710055,3 (Rock + Pop),harmonix___0011_areyouexperienced
2168,14.0032835,-5.455141,1 (Hip-Hop + Pop + HJDB),harmonix___0012_aroundtheworld
2169,6.6935263,7.5985193,3 (Rock + Pop),harmonix___0013_athingaboutyou
2170,4.7324944,7.6771464,3 (Rock + Pop),harmonix___0014_babaoriley
2171,17.0439,-11.951417,1 (Hip-Hop + Pop + HJDB),harmonix___0015_babygotback
2172,21.213003,-6.9018054,1 (Hip-Hop + Pop + HJDB),harmonix___0017_badromance
2173,18.081497,-7.4604745,1 (Hip-Hop + Pop + HJDB),harmonix___0018_bassdownlow
2174,9.17776,-8.953554,1 + 3,harmonix___0020_becauseofyou
2175,4.3239636,8.813538,3 (Rock + Pop),harmonix___0021_better
2176,23.928852,-7.0096793,1 (Hip-Hop + Pop + HJDB),harmonix___0022_betteroffalone
2177,15.5990305,-2.0835311,1 (Hip-Hop + Pop + HJDB),harmonix___0023_bewareoftheboys
2178,12.345793,-4.873004,1 + 3,harmonix___0024_billionaire
2179,13.9136915,-7.6707673,1 (Hip-Hop + Pop + HJDB),harmonix___0026_blackandyellow
2180,9.628139,7.65277,3 (Rock + Pop),harmonix___0027_blackened
2181,7.46901,10.052045,3 (Rock + Pop),harmonix___0028_blackmagic
2182,15.625595,-12.53765,1 (Hip-Hop + Pop + HJDB),harmonix___0030_bodymovin
2183,4.9707003,8.058752,3 (Rock + Pop),harmonix___0032_boomboompow
2184,11.856018,-4.391096,1 + 3,harmonix___0035_boyfriend
2185,-2.4129794,8.707278,2 (Jazz),harmonix___0036_breakingthegirl
2186,22.146706,-6.055165,1 (Hip-Hop + Pop + HJDB),harmonix___0037_breakyourheart
2187,9.963328,6.77429,3 (Rock + Pop),harmonix___0038_bringmetolife
2188,10.211133,1.9235675,3 (Rock + Pop),harmonix___0039_bulletproof
2189,15.008154,-13.308732,1 (Hip-Hop + Pop + HJDB),harmonix___0040_bustamove
2190,16.117208,-4.3497286,1 (Hip-Hop + Pop + HJDB),harmonix___0041_calabria
2191,1.9033762,0.63307434,3 (Rock + Pop),harmonix___0042_callme
2192,19.70257,-6.1172767,1 (Hip-Hop + Pop + HJDB),harmonix___0043_callmemaybe
2193,7.337986,4.8440456,3 (Rock + Pop),harmonix___0044_cameraeye
2194,8.072605,-5.3717546,3 (Rock + Pop),harmonix___0045_cantgetyououtofmyhead
2195,5.693964,-4.3276143,3 (Rock + Pop),harmonix___0046_castlesmadeofsand
2196,0.9599984,3.5822046,3 (Rock + Pop),harmonix___0047_chinacatsunflower
2197,15.160912,-11.466426,1 (Hip-Hop + Pop + HJDB),harmonix___0048_chingaling
2198,9.005342,-8.18154,1 + 3,harmonix___0049_closer
2199,14.701994,-2.5405774,1 (Hip-Hop + Pop + HJDB),harmonix___0050_clubcanthandleme
2200,8.609697,10.410276,3 (Rock + Pop),harmonix___0052_collector
2201,22.083988,-7.0322127,1 (Hip-Hop + Pop + HJDB),harmonix___0053_commander
2202,14.882749,-10.987326,1 (Hip-Hop + Pop + HJDB),harmonix___0054_conceited
2203,8.971712,8.236562,3 (Rock + Pop),harmonix___0055_constantmotion
2204,10.33502,-5.441461,1 + 3,harmonix___0056_control
2205,15.667483,-11.932592,1 (Hip-Hop + Pop + HJDB),harmonix___0057_crankthat
2206,10.946136,6.8584476,3 (Rock + Pop),harmonix___0058_criticalacclaim
2207,13.956115,-8.770116,1 (Hip-Hop + Pop + HJDB),harmonix___0059_cupidshuffle
2208,12.290418,-5.4162383,1 (Hip-Hop + Pop + HJDB),harmonix___0061_dabutt
2209,22.857248,-7.855255,1 (Hip-Hop + Pop + HJDB),harmonix___0062_dance
2210,26.134327,-6.9965835,1 (Hip-Hop + Pop + HJDB),harmonix___0063_daysgoby
2211,9.90207,7.1187425,3 (Rock + Pop),harmonix___0065_deadandbloated
2212,6.9751887,5.943801,3 (Rock + Pop),harmonix___0066_decentdaysandnights
2213,-0.11980943,8.028799,2 + 3,harmonix___0067_deep
2214,7.8786907,8.664996,3 (Rock + Pop),harmonix___0068_devilsisland
2215,8.165411,9.460884,3 (Rock + Pop),harmonix___0069_digginmedown
2216,10.110326,-9.086714,1 + 3,harmonix___0070_dipitlow
2217,-1.0002952,3.951758,2 + 3,harmonix___0071_dirtypool
2218,3.373595,5.023531,3 (Rock + Pop),harmonix___0072_discoinferno
2219,9.77134,-8.69824,1 + 3,harmonix___0073_disturbia
2220,20.264492,-6.7593946,1 (Hip-Hop + Pop + HJDB),harmonix___0074_djgotusfallininlove
2221,14.27688,-12.4140005,1 (Hip-Hop + Pop + HJDB),harmonix___0075_dontcha
2222,16.281195,-11.898183,1 (Hip-Hop + Pop + HJDB),harmonix___0077_dontsweat
2223,14.57103,-12.125076,1 (Hip-Hop + Pop + HJDB),harmonix___0078_donttouchme
2224,7.836779,-3.9722738,3 (Rock + Pop),harmonix___0079_dontyouwantme
2225,6.052402,-5.408972,3 (Rock + Pop),harmonix___0080_down
2226,15.4991,-4.2997127,1 (Hip-Hop + Pop + HJDB),harmonix___0081_downonme
2227,14.101778,-9.343729,1 (Hip-Hop + Pop + HJDB),harmonix___0082_dragosteadintei
2228,7.211355,8.055833,3 (Rock + Pop),harmonix___0083_dragthewaters
2229,14.239273,-10.82633,1 (Hip-Hop + Pop + HJDB),harmonix___0084_dropitlikeitshot
2230,11.724023,-7.2049336,1 (Hip-Hop + Pop + HJDB),harmonix___0085_electricboogie
2231,19.635494,-6.830488,1 (Hip-Hop + Pop + HJDB),harmonix___0086_escapade
2232,11.596329,-6.4161506,1 + 3,harmonix___0087_evacuate
2233,9.075489,1.7642757,3 (Rock + Pop),harmonix___0088_everybody
2234,6.3570313,7.626259,3 (Rock + Pop),harmonix___0090_fearofthedarklive
2235,4.021902,8.853675,3 (Rock + Pop),harmonix___0091_fellonblackdays
2236,11.866996,-8.179888,1 (Hip-Hop + Pop + HJDB),harmonix___0092_fergalicious
2237,12.285495,-0.14780356,3 (Rock + Pop),harmonix___0093_fireburning
2238,7.8884687,-3.7976098,3 (Rock + Pop),harmonix___0094_fireflies
2239,17.548376,-6.661027,1 (Hip-Hop + Pop + HJDB),harmonix___0095_firework
2240,5.5223365,9.2029,3 (Rock + Pop),harmonix___0096_fivemagics
2241,7.733578,10.538505,3 (Rock + Pop),harmonix___0098_floods
2242,17.77884,-9.893144,1 (Hip-Hop + Pop + HJDB),harmonix___0099_forgetyou
2243,0.62548834,-1.5851653,2 + 3,harmonix___0100_futureperfecttense
2244,15.5584,-7.3035574,1 (Hip-Hop + Pop + HJDB),harmonix___0101_galang
2245,14.871042,-5.089722,1 (Hip-Hop + Pop + HJDB),harmonix___0102_gangstaluv
2246,16.692463,0.57464075,1 (Hip-Hop + Pop + HJDB),harmonix___0104_getbusy
2247,10.878891,-5.5340395,1 + 3,harmonix___0105_getdownonit
2248,10.320297,-9.157574,1 + 3,harmonix___0106_getitshawty
2249,14.652122,-8.931551,1 (Hip-Hop + Pop + HJDB),harmonix___0107_getlow
2250,15.262703,-1.2838088,1 (Hip-Hop + Pop + HJDB),harmonix___0108_getup
2251,15.306081,-4.0370603,1 (Hip-Hop + Pop + HJDB),harmonix___0109_geturfreakon
2252,9.499951,4.8388534,3 (Rock + Pop),harmonix___0110_girlsandboys
2253,10.645014,5.3352094,3 (Rock + Pop),harmonix___0111_girlsonfilm
2254,10.6336565,3.932749,3 (Rock + Pop),harmonix___0112_giveitup
2255,15.716407,-3.4833193,1 (Hip-Hop + Pop + HJDB),harmonix___0113_giveituptome
2256,16.496513,-11.405126,1 (Hip-Hop + Pop + HJDB),harmonix___0114_givemeeverything
2257,17.267155,-10.330156,1 (Hip-Hop + Pop + HJDB),harmonix___0115_gonnamakeyousweat
2258,14.140774,-6.508221,1 (Hip-Hop + Pop + HJDB),harmonix___0116_goodies
2259,8.95118,8.803583,3 (Rock + Pop),harmonix___0117_goodmorningblackfriday
2260,-4.4299946,-2.9766355,2 (Jazz),harmonix___0118_grenade
2261,10.23693,6.3796773,3 (Rock + Pop),harmonix___0119_gunpowderandlead
2262,12.013476,-7.9943166,1 (Hip-Hop + Pop + HJDB),harmonix___0122_heardemall
2263,4.4717765,6.3722725,3 (Rock + Pop),harmonix___0123_heavyduty
2264,10.580931,4.7802234,3 (Rock + Pop),harmonix___0124_hello
2265,14.99794,-12.351191,1 (Hip-Hop + Pop + HJDB),harmonix___0125_hellogoodmorning
2266,16.146301,-3.7887466,1 (Hip-Hop + Pop + HJDB),harmonix___0126_heymami
2267,11.559539,-7.510983,1 (Hip-Hop + Pop + HJDB),harmonix___0127_hollabackgirl
2268,9.094836,7.061678,3 (Rock + Pop),harmonix___0128_homecoming
2269,12.888589,-9.040574,1 (Hip-Hop + Pop + HJDB),harmonix___0129_hotinherre
2270,2.5754259,5.5315847,3 (Rock + Pop),harmonix___0130_hotstuff
2271,15.30515,-12.541636,1 (Hip-Hop + Pop + HJDB),harmonix___0131_iamthebest
2272,14.10217,-10.397975,1 (Hip-Hop + Pop + HJDB),harmonix___0132_iceicebaby
2273,-1.0599362,-8.56109,2 (Jazz),harmonix___0133_ifeellove
2274,-0.44226465,7.2427554,2 + 3,harmonix___0134_igotmine
2275,10.744344,1.6147859,3 (Rock + Pop),harmonix___0135_igottafeeling
2276,16.682835,-10.88141,1 (Hip-Hop + Pop + HJDB),harmonix___0136_igotyoudancing
2277,16.95752,-4.0917573,1 (Hip-Hop + Pop + HJDB),harmonix___0137_iknowyouwantme
2278,10.664419,1.6256938,3 (Rock + Pop),harmonix___0138_ilikeit
2279,0.9333332,8.418578,3 (Rock + Pop),harmonix___0139_imcomingout
2280,14.520843,-5.9849668,1 (Hip-Hop + Pop + HJDB),harmonix___0140_impacto
2281,14.498551,-12.383179,1 (Hip-Hop + Pop + HJDB),harmonix___0141_indaclub
2282,10.794538,6.950015,3 (Rock + Pop),harmonix___0142_indestructible
2283,16.305038,-3.4427655,1 (Hip-Hop + Pop + HJDB),harmonix___0143_informer
2284,15.105106,-1.4306633,1 (Hip-Hop + Pop + HJDB),harmonix___0144_ishotthesheriff
2285,1.9205366,9.426249,3 (Rock + Pop),harmonix___0145_iwantyouback
2286,10.418379,7.266428,3 (Rock + Pop),harmonix___0148_jesusofsuburbia
2287,9.882273,5.303113,3 (Rock + Pop),harmonix___0149_johnnyguitar
2288,10.124323,-7.1914735,1 + 3,harmonix___0150_justdance
2289,15.004086,-9.7508545,1 (Hip-Hop + Pop + HJDB),harmonix___0151_kingofdancehall
2290,1.1151646,7.805669,3 (Rock + Pop),harmonix___0152_kingofrock
2291,9.144505,5.937168,3 (Rock + Pop),harmonix___0153_lalaland
2292,15.259907,-8.264075,1 (Hip-Hop + Pop + HJDB),harmonix___0155_lapdance
2293,10.859238,-7.345344,1 + 3,harmonix___0156_lastnight
2294,15.711278,-11.430377,1 (Hip-Hop + Pop + HJDB),harmonix___0157_leanwitit
2295,9.510222,4.1076355,3 (Rock + Pop),harmonix___0158_letitrock
2296,6.78957,-2.659419,3 (Rock + Pop),harmonix___0159_letthemusicplay
2297,18.1191,-6.775171,1 (Hip-Hop + Pop + HJDB),harmonix___0160_likeag6
2298,3.4047496,8.991166,3 (Rock + Pop),harmonix___0161_limelight
2299,10.90359,6.7569485,3 (Rock + Pop),harmonix___0162_lobotomy
2300,10.923419,-8.786362,1 (Hip-Hop + Pop + HJDB),harmonix___0164_low
2301,5.810284,8.687925,3 (Rock + Pop),harmonix___0165_lucretia
2302,11.539427,-3.290886,1 + 3,harmonix___0166_macarena
2303,8.933315,1.2400322,3 (Rock + Pop),harmonix___0167_makesomenoise
2304,13.5118,-3.1814494,1 (Hip-Hop + Pop + HJDB),harmonix___0168_maneater
2305,0.10089942,8.759249,2 + 3,harmonix___0169_manicdepression
2306,9.975851,5.7575903,3 (Rock + Pop),harmonix___0170_manyshadesofblack
2307,8.628092,10.428583,3 (Rock + Pop),harmonix___0171_marchofthepigs
2308,8.666228,-3.2137234,3 (Rock + Pop),harmonix___0172_marrythenight
2309,16.70256,-3.5815103,1 (Hip-Hop + Pop + HJDB),harmonix___0173_massiveattack
2310,3.2125194,8.326925,3 (Rock + Pop),harmonix___0174_maythisbelove
2311,15.8150425,-3.612501,1 (Hip-Hop + Pop + HJDB),harmonix___0175_meddle
2312,7.43389,10.557613,3 (Rock + Pop),harmonix___0176_megasus
2313,16.188877,-3.153834,1 (Hip-Hop + Pop + HJDB),harmonix___0177_milkshake
2314,8.502449,6.2232533,3 (Rock + Pop),harmonix___0178_mountainman
2315,19.938705,-5.7709413,1 (Hip-Hop + Pop + HJDB),harmonix___0179_moveslikejagger
2316,18.595451,-4.5660586,1 (Hip-Hop + Pop + HJDB),harmonix___0181_mrsaxobeat
2317,8.630275,9.881875,3 (Rock + Pop),harmonix___0182_mycurse
2318,10.905412,6.9338703,3 (Rock + Pop),harmonix___0183_mynameisjonas
2319,3.1687067,5.6418853,3 (Rock + Pop),harmonix___0184_myprerogative
2320,13.923574,-7.31889,1 (Hip-Hop + Pop + HJDB),harmonix___0185_nasty
2321,7.1637344,9.425701,3 (Rock + Pop),harmonix___0186_nearlylostyou
2322,9.224952,-3.4685862,3 (Rock + Pop),harmonix___0189_neversaynever
2323,10.323072,7.0477977,3 (Rock + Pop),harmonix___0190_newfang
2324,5.348857,1.952048,3 (Rock + Pop),harmonix___0191_newslang
2325,2.9539952,7.4456096,3 (Rock + Pop),harmonix___0194_nomoretears
2326,10.958208,3.1216164,3 (Rock + Pop),harmonix___0195_nookie
2327,5.7628183,-4.7313094,3 (Rock + Pop),harmonix___0197_nothinonyou
2328,22.937735,-6.8955026,1 (Hip-Hop + Pop + HJDB),harmonix___0198_nowthatwefoundlove
2329,8.817047,8.333626,3 (Rock + Pop),harmonix___0199_numberofthebeast2
2330,3.6668282,6.7479844,3 (Rock + Pop),harmonix___0200_oceansize
2331,13.014453,-1.5972102,1 + 3,harmonix___0201_oh
2332,5.482365,9.901143,3 (Rock + Pop),harmonix___0204_onlyamemory
2333,10.489008,-7.1434917,1 + 3,harmonix___0207_oopsohmy
2334,15.657079,-2.1161158,1 (Hip-Hop + Pop + HJDB),harmonix___0208_opp
2335,8.42723,-5.7731557,3 (Rock + Pop),harmonix___0209_paparazzi
2336,2.8586547,-1.0438452,3 (Rock + Pop),harmonix___0212_peoplegotalotofnerve
2337,23.955036,-5.5424066,1 (Hip-Hop + Pop + HJDB),harmonix___0214_planetrock
2338,9.403364,6.5484285,3 (Rock + Pop),harmonix___0215_pointofknowreturn
2339,12.284526,-5.509447,1 (Hip-Hop + Pop + HJDB),harmonix___0216_poison
2340,9.359309,-5.4253583,3 (Rock + Pop),harmonix___0217_pokerface
2341,21.636206,-9.9657,1 (Hip-Hop + Pop + HJDB),harmonix___0218_policyoftruth
2342,13.45804,-6.113606,1 (Hip-Hop + Pop + HJDB),harmonix___0219_pondereplay
2343,13.284549,-9.497571,1 (Hip-Hop + Pop + HJDB),harmonix___0220_promiscuous
2344,7.930839,6.821248,3 (Rock + Pop),harmonix___0222_realgoodlooking
2345,9.213674,-7.881724,1 + 3,harmonix___0223_reallove
2346,23.677496,-7.3730783,1 (Hip-Hop + Pop + HJDB),harmonix___0226_rendezvu
2347,10.577456,-9.383055,1 (Hip-Hop + Pop + HJDB),harmonix___0227_replay
2348,7.9367533,8.695249,3 (Rock + Pop),harmonix___0229_ridingonthewind
2349,14.794665,-12.697742,1 (Hip-Hop + Pop + HJDB),harmonix___0231_rightthurr
2350,9.948661,6.8626056,3 (Rock + Pop),harmonix___0233_rocknrollnightmare
2351,-8.469023,-6.9161215,2 (Jazz),harmonix___0234_roundandround
2352,11.842998,-6.1727576,1 + 3,harmonix___0235_rudeboy
2353,14.707616,-13.435687,1 (Hip-Hop + Pop + HJDB),harmonix___0236_rumpshaker
2354,5.735504,7.684402,3 (Rock + Pop),harmonix___0237_run
2355,22.243755,-6.096127,1 (Hip-Hop + Pop + HJDB),harmonix___0238_sambadejaneiro
2356,13.18599,-3.2527933,1 + 3,harmonix___0239_sandm
2357,23.634481,-8.056535,1 (Hip-Hop + Pop + HJDB),harmonix___0240_sandstorm
2358,10.6940775,-4.3761244,1 + 3,harmonix___0241_satellite
2359,22.378092,-8.622302,1 (Hip-Hop + Pop + HJDB),harmonix___0242_satisfaction
2360,1.8268117,0.60776865,3 (Rock + Pop),harmonix___0243_saucyjack
2361,12.242144,-7.005471,1 (Hip-Hop + Pop + HJDB),harmonix___0244_sayaah
2362,17.017574,-4.540292,1 (Hip-Hop + Pop + HJDB),harmonix___0245_sayhey
2363,15.058782,-13.608762,1 (Hip-Hop + Pop + HJDB),harmonix___0246_scenario
2364,19.692833,-7.668369,1 (Hip-Hop + Pop + HJDB),harmonix___0247_scream
2365,7.0292616,9.876966,3 (Rock + Pop),harmonix___0248_screamingfor
2366,11.19082,-8.710008,1 (Hip-Hop + Pop + HJDB),harmonix___0249_sensualseduction
2367,20.33638,-9.230774,1 (Hip-Hop + Pop + HJDB),harmonix___0250_sexyandiknowit
2368,22.575615,-7.5542264,1 (Hip-Hop + Pop + HJDB),harmonix___0251_sexychick
2369,8.56636,9.170696,3 (Rock + Pop),harmonix___0254_sixsixsix
2370,7.6480865,10.565352,3 (Rock + Pop),harmonix___0255_sleepwalker
2371,13.668918,-4.7559843,1 (Hip-Hop + Pop + HJDB),harmonix___0257_somebodytolove
2372,-4.6502976,10.119889,2 (Jazz),harmonix___0258_sorry
2373,10.114823,6.954771,3 (Rock + Pop),harmonix___0259_spiceupyourlife
2374,18.501793,-6.719605,1 (Hip-Hop + Pop + HJDB),harmonix___0261_starships
2375,-6.1644998,11.727969,2 (Jazz),harmonix___0262_stash
2376,22.237404,-7.5358095,1 (Hip-Hop + Pop + HJDB),harmonix___0264_stereolove
2377,9.527177,6.8975415,3 (Rock + Pop),harmonix___0265_straightlines
2378,10.118986,-6.9515433,1 + 3,harmonix___0266_straightup
2379,14.354771,-3.6857886,1 (Hip-Hop + Pop + HJDB),harmonix___0267_superfreak
2380,-3.8088787,2.002525,2 (Jazz),harmonix___0268_supersonic
2381,15.087732,-11.555236,1 (Hip-Hop + Pop + HJDB),harmonix___0269_sweettalk
2382,22.556019,-6.662032,1 (Hip-Hop + Pop + HJDB),harmonix___0270_takeovercontrol
2383,15.092431,-11.965286,1 (Hip-Hop + Pop + HJDB),harmonix___0271_teachmehowtodougie
2384,15.054755,-13.353657,1 (Hip-Hop + Pop + HJDB),harmonix___0272_teachmehowtojerk
2385,16.032707,-10.630713,1 (Hip-Hop + Pop + HJDB),harmonix___0273_technologic
2386,16.467686,-4.472155,1 (Hip-Hop + Pop + HJDB),harmonix___0274_temperature
2387,-0.62706834,7.2488427,2 + 3,harmonix___0276_texasflood
2388,15.4299755,-8.811707,1 (Hip-Hop + Pop + HJDB),harmonix___0277_thashiznit
2389,15.530189,-12.810826,1 (Hip-Hop + Pop + HJDB),harmonix___0278_thatsthahomie
2390,15.10974,-9.742231,1 (Hip-Hop + Pop + HJDB),harmonix___0279_thebreaks
2391,6.722903,8.151223,3 (Rock + Pop),harmonix___0280_thedayitriedtolive
2392,3.7964349,4.998338,3 (Rock + Pop),harmonix___0281_theedgeofglory
2393,0.12686597,8.671399,2 + 3,harmonix___0282_thegreatsatan
2394,15.172277,-13.319167,1 (Hip-Hop + Pop + HJDB),harmonix___0283_thehumptydance
2395,10.907899,-4.588022,1 + 3,harmonix___0284_thehustle
2396,10.482414,6.437861,3 (Rock + Pop),harmonix___0285_thekill
2397,8.889824,8.211596,3 (Rock + Pop),harmonix___0286_theragelive
2398,9.28678,5.441893,3 (Rock + Pop),harmonix___0287_therewasatime
2399,9.019288,-6.0371156,3 (Rock + Pop),harmonix___0288_thewayiare
2400,8.339971,10.215382,3 (Rock + Pop),harmonix___0289_thisisexile
2401,13.088676,-6.25411,1 (Hip-Hop + Pop + HJDB),harmonix___0290_thisishowwedoit
2402,9.674374,7.5874524,3 (Rock + Pop),harmonix___0291_thrasher
2403,10.840401,6.4335876,3 (Rock + Pop),harmonix___0292_timeslikethese
2404,-0.6190982,7.5633326,2 + 3,harmonix___0293_tomsawyer2
2405,15.575657,-3.4826803,1 (Hip-Hop + Pop + HJDB),harmonix___0294_tonighttonight
2406,11.298458,-6.7209,1 + 3,harmonix___0295_toxic
2407,-0.03885282,7.9718103,2 + 3,harmonix___0296_transmaniaconmc
2408,5.3248014,8.835504,3 (Rock + Pop),harmonix___0297_troublecomesrunning
2409,16.868671,-2.7878375,1 (Hip-Hop + Pop + HJDB),harmonix___0298_turnmeon
2410,-2.9154344,2.0382652,2 (Jazz),harmonix___0299_turnthebeataround
2411,-1.2549732,3.218581,2 + 3,harmonix___0301_unclejohnsband
2412,23.57184,-6.994735,1 (Hip-Hop + Pop + HJDB),harmonix___0302_venus
2413,6.457081,10.501106,3 (Rock + Pop),harmonix___0303_wakeupdead
2414,25.508549,-10.841547,1 (Hip-Hop + Pop + HJDB),harmonix___0304_weaponofchoice
2415,16.249939,-2.9681082,1 (Hip-Hop + Pop + HJDB),harmonix___0305_wenospeakamericano
2416,15.51838,-11.149201,1 (Hip-Hop + Pop + HJDB),harmonix___0306_werunthis
2417,9.661078,-5.477538,3 (Rock + Pop),harmonix___0307_whatdoesntkillyou
2418,24.039028,-7.0316944,1 (Hip-Hop + Pop + HJDB),harmonix___0308_whatislove
2419,9.95103,-8.543735,1 + 3,harmonix___0309_whatsmyname
2420,15.275707,-4.009084,1 (Hip-Hop + Pop + HJDB),harmonix___0310_whineup
2421,15.234258,-5.199984,1 (Hip-Hop + Pop + HJDB),harmonix___0311_whipmyhair
2422,5.913287,3.8316865,3 (Rock + Pop),harmonix___0312_whitefalconfuzz
2423,14.963666,-13.108291,1 (Hip-Hop + Pop + HJDB),harmonix___0314_whoomp
2424,8.815674,8.283402,3 (Rock + Pop),harmonix___0315_whygo
2425,10.589058,0.33978978,3 (Rock + Pop),harmonix___0316_wildones
2426,11.087359,6.719145,3 (Rock + Pop),harmonix___0318_windup
2427,8.513054,7.105645,3 (Rock + Pop),harmonix___0319_withoutyou
2428,2.899417,3.3451438,3 (Rock + Pop),harmonix___0320_wolflikeme
2429,3.5313642,0.23240483,3 (Rock + Pop),harmonix___0321_wonderwall
2430,-11.896384,-3.2304003,2 (Jazz),harmonix___0322_wordup
2431,13.517124,-6.563572,1 (Hip-Hop + Pop + HJDB),harmonix___0323_yeah
2432,22.79717,-7.1837935,1 (Hip-Hop + Pop + HJDB),harmonix___0324_yeah3x
2433,7.201793,-6.552894,3 (Rock + Pop),harmonix___0325_ymca
2434,10.110816,-2.0300171,3 (Rock + Pop),harmonix___0326_yougotittherightstuff
2435,18.018925,-6.2521524,1 (Hip-Hop + Pop + HJDB),harmonix___0327_youmakemefeel
2436,19.267431,-6.8175607,1 (Hip-Hop + Pop + HJDB),harmonix___0328_youmakemefeeldc
2437,14.9892435,-11.889004,1 (Hip-Hop + Pop + HJDB),harmonix___0329_youreajerk
2438,10.688954,7.4008327,3 (Rock + Pop),harmonix___0330_50waystosaygoodbye
2439,6.643436,2.6946251,3 (Rock + Pop),harmonix___0331_againstallodds
2440,8.912036,-5.433884,3 (Rock + Pop),harmonix___0332_alejandro
2441,22.31363,-6.311794,1 (Hip-Hop + Pop + HJDB),harmonix___0333_allday
2442,6.753916,-1.6568587,3 (Rock + Pop),harmonix___0334_alltherightplaces
2443,3.212114,-0.16868557,3 (Rock + Pop),harmonix___0335_allyourlife
2444,3.578925,0.09956232,3 (Rock + Pop),harmonix___0336_alonewithyou
2445,9.95593,1.2073807,3 (Rock + Pop),harmonix___0337_alwayssomethingthere
2446,10.863138,6.516274,3 (Rock + Pop),harmonix___0338_animal
2447,10.169495,-0.40592247,3 (Rock + Pop),harmonix___0339_aslongasyouloveme
2448,16.76695,-9.890244,1 (Hip-Hop + Pop + HJDB),harmonix___0340_backintime
2449,8.421184,6.0041323,3 (Rock + Pop),harmonix___0341_baggageclaim
2450,8.969435,5.9338136,3 (Rock + Pop),harmonix___0342_bangpop
2451,7.9313483,5.0098615,3 (Rock + Pop),harmonix___0343_banjo
2452,22.69678,-6.8127275,1 (Hip-Hop + Pop + HJDB),harmonix___0344_beautifullife
2453,19.078983,-4.717365,1 (Hip-Hop + Pop + HJDB),harmonix___0345_beinlovetonight
2454,8.612841,-1.6896727,3 (Rock + Pop),harmonix___0346_birthdaydress
2455,6.51901,5.0789933,3 (Rock + Pop),harmonix___0347_bitch
2456,9.747227,-0.9292328,3 (Rock + Pop),harmonix___0348_blackout
2457,19.480408,-7.924787,1 (Hip-Hop + Pop + HJDB),harmonix___0349_blow
2458,11.45066,-3.0200708,1 + 3,harmonix___0350_blowme
2459,18.717907,-7.476456,1 (Hip-Hop + Pop + HJDB),harmonix___0351_blowup
2460,8.614358,-0.1369039,3 (Rock + Pop),harmonix___0352_boogiewonderland
2461,16.064417,-3.060077,1 (Hip-Hop + Pop + HJDB),harmonix___0353_bottomsup
2462,10.288196,6.563994,3 (Rock + Pop),harmonix___0354_brandnewday
2463,18.784119,-6.6258492,1 (Hip-Hop + Pop + HJDB),harmonix___0355_brokenhearted
2464,9.84561,-6.8485556,1 + 3,harmonix___0356_californiagurls
2465,2.4772427,11.178162,3 (Rock + Pop),harmonix___0357_cheers
2466,13.944371,-3.3676176,1 (Hip-Hop + Pop + HJDB),harmonix___0358_children
2467,9.519553,5.5263834,3 (Rock + Pop),harmonix___0359_cominghome
2468,13.001509,-9.456621,1 (Hip-Hop + Pop + HJDB),harmonix___0360_coolerthanme
2469,3.4035852,0.008288011,3 (Rock + Pop),harmonix___0361_countrymustbecountrywide
2470,8.012487,8.203641,3 (Rock + Pop),harmonix___0362_crazygirl
2471,9.51468,2.345707,3 (Rock + Pop),harmonix___0363_darkside
2472,14.591278,-12.832875,1 (Hip-Hop + Pop + HJDB),harmonix___0364_deuces
2473,3.726107,0.9027258,3 (Rock + Pop),harmonix___0365_dirtroadanthem
2474,13.29476,-5.1029835,1 (Hip-Hop + Pop + HJDB),harmonix___0366_domino
2475,-4.0646744,10.689073,2 (Jazz),harmonix___0367_dontdreamitsover
2476,10.450068,-6.9045353,1 + 3,harmonix___0368_dontwakemeup
2477,-0.99432135,5.1781974,2 + 3,harmonix___0369_dontyouworrychild
2478,16.251558,-4.13688,1 (Hip-Hop + Pop + HJDB),harmonix___0370_downonme
2479,-3.4592934,11.298976,2 (Jazz),harmonix___0371_downunder
2480,6.833502,7.318818,3 (Rock + Pop),harmonix___0372_drinkinmyhand
2481,12.152335,2.4299846,3 (Rock + Pop),harmonix___0373_driveby
2482,2.9672084,-0.41954404,3 (Rock + Pop),harmonix___0374_drunkonyou
2483,12.858174,-4.8176584,1 (Hip-Hop + Pop + HJDB),harmonix___0375_dynamite
2484,14.641856,4.93791,3 (Rock + Pop),harmonix___0376_earthquake
2485,7.777051,-6.95713,3 (Rock + Pop),harmonix___0377_eatdirt
2486,9.54552,2.7945223,3 (Rock + Pop),harmonix___0378_effinperfect
2487,14.2962885,-5.275559,1 (Hip-Hop + Pop + HJDB),harmonix___0379_et
2488,10.760001,6.3685136,3 (Rock + Pop),harmonix___0380_everybodytalks
2489,9.523544,6.0219917,3 (Rock + Pop),harmonix___0381_everythingyouwant
2490,9.284426,8.683423,3 (Rock + Pop),harmonix___0382_fatherofmine
2491,20.654367,-7.9482527,1 (Hip-Hop + Pop + HJDB),harmonix___0383_feelsoclose
2492,20.852205,-5.905485,1 (Hip-Hop + Pop + HJDB),harmonix___0384_finally
2493,13.490985,-10.900454,1 (Hip-Hop + Pop + HJDB),harmonix___0385_fiveoclock
2494,5.3470006,3.1718268,3 (Rock + Pop),harmonix___0386_footloose
2495,6.1214733,2.28143,3 (Rock + Pop),harmonix___0387_free
2496,19.134531,-5.2031875,1 (Hip-Hop + Pop + HJDB),harmonix___0388_gangnamstyle
2497,8.76006,-3.590762,3 (Rock + Pop),harmonix___0389_gettinoveryou
2498,14.955549,-12.252656,1 (Hip-Hop + Pop + HJDB),harmonix___0390_getyourselfbackhome
2499,19.323513,-7.0405707,1 (Hip-Hop + Pop + HJDB),harmonix___0391_givemeallyourluvin
2500,10.856122,0.90213704,3 (Rock + Pop),harmonix___0392_givemeyourhand
2501,9.665348,-4.441586,3 (Rock + Pop),harmonix___0393_giveyourheartabreak
2502,8.488319,5.0391326,3 (Rock + Pop),harmonix___0394_godgavemetoyou
2503,10.644505,-6.1907926,1 + 3,harmonix___0395_gold
2504,17.174555,-10.647463,1 (Hip-Hop + Pop + HJDB),harmonix___0396_goodfeeling
2505,8.287141,3.04924,3 (Rock + Pop),harmonix___0397_goodlife
2506,20.004131,-7.375295,1 (Hip-Hop + Pop + HJDB),harmonix___0398_goodtime
2507,16.200073,-3.2703357,1 (Hip-Hop + Pop + HJDB),harmonix___0399_gotmygirls
2508,4.043035,11.982916,3 (Rock + Pop),harmonix___0400_heatofthemoment
2509,3.7152236,0.017000817,3 (Rock + Pop),harmonix___0401_hello
2510,8.916581,5.036188,3 (Rock + Pop),harmonix___0402_herestous
2511,18.072636,-6.055187,1 (Hip-Hop + Pop + HJDB),harmonix___0403_heybaby
2512,7.7220397,-4.954716,3 (Rock + Pop),harmonix___0404_holditagainstme
2513,7.9895577,3.674609,3 (Rock + Pop),harmonix___0405_home
2514,-0.0766134,7.294493,2 + 3,harmonix___0406_honeybee
2515,20.183235,-7.05947,1 (Hip-Hop + Pop + HJDB),harmonix___0407_humpinaround
2516,15.542934,-11.579498,1 (Hip-Hop + Pop + HJDB),harmonix___0408_icanonlyimagine
2517,21.223497,-7.0771685,1 (Hip-Hop + Pop + HJDB),harmonix___0409_idontlikeyou
2518,4.6418724,-1.4535917,3 (Rock + Pop),harmonix___0410_idontwantthisnighttoend
2519,12.212443,4.8250337,3 (Rock + Pop),harmonix___0411_ifihadyou
2520,8.28982,4.95355,3 (Rock + Pop),harmonix___0412_ifitmakesyouhappy
2521,10.141946,6.849647,3 (Rock + Pop),harmonix___0413_ifyoucouldonlysee
2522,3.1162617,0.2561709,3 (Rock + Pop),harmonix___0414_illbe
2523,-8.700182,-7.3707733,2 (Jazz),harmonix___0415_illbewaiting
2524,8.3242235,-9.033498,1 + 3,harmonix___0416_impossible
2525,24.022604,-8.268163,1 (Hip-Hop + Pop + HJDB),harmonix___0417_imtoosexy
2526,15.96742,-6.2662063,1 (Hip-Hop + Pop + HJDB),harmonix___0418_inthedark
2527,9.581903,-6.920826,1 + 3,harmonix___0419_itgirl
2528,6.176493,-2.9237885,3 (Rock + Pop),harmonix___0420_itsrainingmen
2529,16.013647,-12.406446,1 (Hip-Hop + Pop + HJDB),harmonix___0421_ittakestwo
2530,5.2597003,0.20040074,3 (Rock + Pop),harmonix___0422_itwillrain
2531,23.106632,-7.273727,1 (Hip-Hop + Pop + HJDB),harmonix___0423_iwannago
2532,12.096692,-9.731068,1 (Hip-Hop + Pop + HJDB),harmonix___0424_justadream
2533,3.255561,-0.810031,3 (Rock + Pop),harmonix___0425_justakiss
2534,14.52479,-13.407328,1 (Hip-Hop + Pop + HJDB),harmonix___0426_justcantgetenough
2535,7.378966,-4.5673466,3 (Rock + Pop),harmonix___0427_justthewayyouare
2536,5.24679,1.0836205,3 (Rock + Pop),harmonix___0428_kingofanything
2537,6.0605116,-0.03372682,3 (Rock + Pop),harmonix___0429_kissinu
2538,10.274575,1.5024527,3 (Rock + Pop),harmonix___0430_lastfridaynight
2539,2.6850893,0.48610336,3 (Rock + Pop),harmonix___0431_letitrain
2540,22.083849,-7.7633457,1 (Hip-Hop + Pop + HJDB),harmonix___0432_letsgo
2541,8.581173,-7.030861,3 (Rock + Pop),harmonix___0433_lighters
2542,9.246246,4.521031,3 (Rock + Pop),harmonix___0434_lights
2543,17.809238,-4.2942686,1 (Hip-Hop + Pop + HJDB),harmonix___0435_lookatmenow
2544,13.981266,3.5268154,3 (Rock + Pop),harmonix___0436_loveactually
2545,14.661171,-3.5278919,1 (Hip-Hop + Pop + HJDB),harmonix___0437_lovelikewoe
2546,3.970619,-1.3550571,3 (Rock + Pop),harmonix___0438_loverlover
2547,14.795135,-10.920354,1 (Hip-Hop + Pop + HJDB),harmonix___0439_lovethewayyoulie
2548,9.710196,-6.202631,1 + 3,harmonix___0440_loveyoulikealovesong
2549,11.73986,-6.0544167,1 + 3,harmonix___0441_lovingyoutonight
2550,8.694198,3.8901598,3 (Rock + Pop),harmonix___0442_lullaby
2551,13.730295,-2.8788238,1 (Hip-Hop + Pop + HJDB),harmonix___0443_magic
2552,10.757746,6.5292473,3 (Rock + Pop),harmonix___0444_maybe
2553,19.578941,-7.3206887,1 (Hip-Hop + Pop + HJDB),harmonix___0445_memories
2554,10.662954,9.118973,3 (Rock + Pop),harmonix___0446_midnightcity
2555,14.631757,-12.161994,1 (Hip-Hop + Pop + HJDB),harmonix___0447_mindyourmanners
2556,7.827009,4.626373,3 (Rock + Pop),harmonix___0448_mine
2557,9.386674,1.5364598,3 (Rock + Pop),harmonix___0449_misery
2558,11.375471,-3.8055525,1 + 3,harmonix___0450_more
2559,9.082115,-5.641927,3 (Rock + Pop),harmonix___0451_mrknowitall
2560,14.665722,-9.51185,1 (Hip-Hop + Pop + HJDB),harmonix___0452_myfirstkiss
2561,15.595024,-5.6567435,1 (Hip-Hop + Pop + HJDB),harmonix___0453_mygirl
2562,10.147181,6.0334687,3 (Rock + Pop),harmonix___0454_myohmy
2563,1.8501711,3.8287964,3 (Rock + Pop),harmonix___0455_nevertearusapart
2564,14.722848,-13.685804,1 (Hip-Hop + Pop + HJDB),harmonix___0456_nohands
2565,9.331597,5.2356305,3 (Rock + Pop),harmonix___0457_nothing
2566,0.597129,4.992919,3 (Rock + Pop),harmonix___0458_notorious
2567,7.554998,-2.137636,3 (Rock + Pop),harmonix___0459_notoveryou
2568,7.180581,-5.6239734,3 (Rock + Pop),harmonix___0460_numb
2569,18.431227,-5.98497,1 (Hip-Hop + Pop + HJDB),harmonix___0461_obsession
2570,2.4469743,-0.24010764,3 (Rock + Pop),harmonix___0462_oldalabama
2571,15.453548,-3.942623,1 (Hip-Hop + Pop + HJDB),harmonix___0463_onemorenight
2572,3.6079817,-0.2008701,3 (Rock + Pop),harmonix___0464_oneofus
2573,8.775906,1.5339366,3 (Rock + Pop),harmonix___0465_onething
2574,0.47740144,7.423739,3 (Rock + Pop),harmonix___0466_onthedarkside
2575,17.013302,-5.968303,1 (Hip-Hop + Pop + HJDB),harmonix___0467_onthefloor
2576,0.36853576,-1.519539,2 + 3,harmonix___0468_openarms
2577,6.9624968,7.8547144,3 (Rock + Pop),harmonix___0469_ordinaryworld
2578,2.8976197,-0.07658565,3 (Rock + Pop),harmonix___0470_ours
2579,9.777839,3.8673437,3 (Rock + Pop),harmonix___0471_paradise
2580,21.495897,-7.3639708,1 (Hip-Hop + Pop + HJDB),harmonix___0472_partofme
2581,9.32556,4.2589374,3 (Rock + Pop),harmonix___0473_payphone
2582,8.979573,1.2159513,3 (Rock + Pop),harmonix___0474_pleasedontgo
2583,9.344019,-4.534307,3 (Rock + Pop),harmonix___0475_poisonedwithlove
2584,4.2070856,-3.1448452,3 (Rock + Pop),harmonix___0476_pontoon
2585,18.972494,-6.96582,1 (Hip-Hop + Pop + HJDB),harmonix___0477_poundthealarm
2586,6.728723,2.8512797,3 (Rock + Pop),harmonix___0478_prayforyou
2587,12.450666,-9.065316,1 (Hip-Hop + Pop + HJDB),harmonix___0479_pricetag
2588,9.671819,-2.0536501,3 (Rock + Pop),harmonix___0480_raiseyourglass
2589,13.121781,-3.7907674,1 (Hip-Hop + Pop + HJDB),harmonix___0481_reallove
2590,0.09635884,1.5993956,2 + 3,harmonix___0482_redsolocup
2591,11.0193205,-8.239772,1 (Hip-Hop + Pop + HJDB),harmonix___0483_ridinsolo
2592,-8.6899805,0.4203679,2 (Jazz),harmonix___0484_rockthatbody
2593,-0.16654742,7.4020033,2 + 3,harmonix___0485_rollinginthedeep
2594,14.462017,-4.9529705,1 (Hip-Hop + Pop + HJDB),harmonix___0486_rundatback
2595,9.23776,4.2948,3 (Rock + Pop),harmonix___0487_secrets
2596,5.227716,-1.1610258,3 (Rock + Pop),harmonix___0488_september
2597,12.741347,3.4161725,3 (Rock + Pop),harmonix___0489_shakeyourbody
2598,19.820166,-7.277212,1 (Hip-Hop + Pop + HJDB),harmonix___0490_showme
2599,6.1601553,0.45993558,3 (Rock + Pop),harmonix___0491_skyscraper
2600,10.013542,-7.1535015,1 + 3,harmonix___0492_sm
2601,3.645327,-1.2072104,3 (Rock + Pop),harmonix___0493_somebodysheartbreak
2602,-5.607331,1.3944694,2 (Jazz),harmonix___0494_somebodythatiusedtoknow
2603,-3.5380735,-4.616379,2 (Jazz),harmonix___0495_someonelikeyou
2604,7.4104238,4.068371,3 (Rock + Pop),harmonix___0496_sparksfly
2605,9.82069,6.0566654,3 (Rock + Pop),harmonix___0497_speakers
2606,7.812838,4.092324,3 (Rock + Pop),harmonix___0498_springsteen
2607,9.280745,-4.3616757,3 (Rock + Pop),harmonix___0499_starbuckssmile
2608,2.9251163,-2.1779225,3 (Rock + Pop),harmonix___0500_stay
2609,6.6829953,3.2029285,3 (Rock + Pop),harmonix___0501_stayawhile
2610,4.471857,0.61224604,3 (Rock + Pop),harmonix___0502_stronger
2611,3.301514,-2.3106115,3 (Rock + Pop),harmonix___0503_stucklikeglue
2612,7.192654,7.1799855,3 (Rock + Pop),harmonix___0504_suspiciousminds
2613,19.069944,-7.406833,1 (Hip-Hop + Pop + HJDB),harmonix___0505_takeitoff
2614,8.269628,6.254371,3 (Rock + Pop),harmonix___0506_takemehometonight
2615,8.694919,-1.551914,3 (Rock + Pop),harmonix___0507_teenagedream
2616,1.7590212,-0.82990754,3 (Rock + Pop),harmonix___0508_tennesseeme
2617,12.748235,-5.6701217,1 (Hip-Hop + Pop + HJDB),harmonix___0509_thelazysong
2618,8.545131,4.14126,3 (Rock + Pop),harmonix___0510_theonethatgotaway
2619,3.1257617,-0.2122637,3 (Rock + Pop),harmonix___0511_theonlyexception
2620,14.792218,-13.881312,1 (Hip-Hop + Pop + HJDB),harmonix___0512_theshowgoeson
2621,7.582511,-0.76689094,3 (Rock + Pop),harmonix___0513_thetime
2622,-3.7130196,1.6319358,2 (Jazz),harmonix___0514_thetimeofmylife
2623,7.9016294,4.7587557,3 (Rock + Pop),harmonix___0515_thisafternoon
2624,11.20019,-7.930185,1 (Hip-Hop + Pop + HJDB),harmonix___0516_thisorthat
2625,10.733973,-5.2696066,1 + 3,harmonix___0517_tilltheworldends
2626,-0.4037909,-4.398825,2 + 3,harmonix___0518_timeaftertime
2627,9.024969,-2.3989747,3 (Rock + Pop),harmonix___0519_titanium
2628,17.817757,-5.8546624,1 (Hip-Hop + Pop + HJDB),harmonix___0520_tonight
2629,7.855913,0.37728187,3 (Rock + Pop),harmonix___0521_tooclose
2630,14.447822,-4.0201426,1 (Hip-Hop + Pop + HJDB),harmonix___0522_turnupthemusic
2631,16.422182,-11.523796,1 (Hip-Hop + Pop + HJDB),harmonix___0523_ucanttouchthis
2632,3.9072444,2.0392392,3 (Rock + Pop),harmonix___0524_undoit
2633,22.489109,-7.8507357,1 (Hip-Hop + Pop + HJDB),harmonix___0525_venus
2634,7.509264,2.8408344,3 (Rock + Pop),harmonix___0526_waitingoutsidethelines
2635,15.601187,-12.817542,1 (Hip-Hop + Pop + HJDB),harmonix___0527_wantuback
2636,19.231453,-5.3326097,1 (Hip-Hop + Pop + HJDB),harmonix___0528_werunthenight
2637,13.219538,-10.039139,1 (Hip-Hop + Pop + HJDB),harmonix___0529_werwhower
2638,9.651354,5.5148354,3 (Rock + Pop),harmonix___0530_whatthehell
2639,9.225304,6.882873,3 (Rock + Pop),harmonix___0531_whenwestandtogether
2640,19.31398,-4.774962,1 (Hip-Hop + Pop + HJDB),harmonix___0532_whistle
2641,6.602244,-5.5873437,3 (Rock + Pop),harmonix___0533_whosays
2642,7.385288,-5.2794905,3 (Rock + Pop),harmonix___0534_wideawake
2643,9.6397295,2.6846752,3 (Rock + Pop),harmonix___0535_withoutyou
2644,14.904398,-12.022011,1 (Hip-Hop + Pop + HJDB),harmonix___0536_workout
2645,16.11993,-7.565968,1 (Hip-Hop + Pop + HJDB),harmonix___0537_writteninthestars
2646,2.6015663,-0.06286033,3 (Rock + Pop),harmonix___0538_you
2647,7.5811915,6.9166236,3 (Rock + Pop),harmonix___0539_youandi
2648,4.1584744,0.6222296,3 (Rock + Pop),harmonix___0540_youandme
2649,2.0532959,-5.6855745,3 (Rock + Pop),harmonix___0541_youdroppedabombonme
2650,6.187421,2.926697,3 (Rock + Pop),harmonix___0542_yougetwhatyougive
2651,3.5783627,0.009817862,3 (Rock + Pop),harmonix___0543_yougonnafly
2652,7.1531096,-8.080349,3 (Rock + Pop),harmonix___0544_yougottabe
2653,6.5713477,5.0893984,3 (Rock + Pop),harmonix___0545_youkeepmehangingon
2654,10.552034,6.32737,3 (Rock + Pop),harmonix___0546_18days
2655,8.859949,6.557409,3 (Rock + Pop),harmonix___0547_1901boflexdpassionpitremix
2656,19.440046,-8.349694,1 (Hip-Hop + Pop + HJDB),harmonix___0548_2getherextended
2657,8.408293,-1.9723724,3 (Rock + Pop),harmonix___0549_515
2658,7.238825,9.457992,3 (Rock + Pop),harmonix___0550_aboutyounow
2659,9.371951,6.620066,3 (Rock + Pop),harmonix___0551_accordingtoyou
2660,10.54533,6.4326005,3 (Rock + Pop),harmonix___0552_addicted
2661,23.17421,-8.215356,1 (Hip-Hop + Pop + HJDB),harmonix___0553_alivefeatthegoodnatured
2662,6.8493476,3.488339,3 (Rock + Pop),harmonix___0554_allalright
2663,8.128782,5.1886864,3 (Rock + Pop),harmonix___0555_allaroundme
2664,20.795704,-6.7512655,1 (Hip-Hop + Pop + HJDB),harmonix___0556_allaroundtheworld
2665,8.34208,-2.9860892,3 (Rock + Pop),harmonix___0557_alligator
2666,13.155868,-4.647331,1 (Hip-Hop + Pop + HJDB),harmonix___0558_allnightlong
2667,5.7511263,2.1824627,3 (Rock + Pop),harmonix___0559_alltherightmoves
2668,10.387554,-8.656917,1 + 3,harmonix___0560_almostlovenow
2669,17.60489,-6.551031,1 (Hip-Hop + Pop + HJDB),harmonix___0561_alorsondanse
2670,4.6564455,-0.42931107,3 (Rock + Pop),harmonix___0562_alreadygone
2671,20.075636,-6.6325383,1 (Hip-Hop + Pop + HJDB),harmonix___0564_americanboybenny
2672,2.4732087,-0.14927207,3 (Rock + Pop),harmonix___0565_americanhoney
2673,-11.198171,-1.8391285,2 (Jazz),harmonix___0566_americanwoman
2674,6.757221,11.612562,3 (Rock + Pop),harmonix___0567_anythingcouldhappen
2675,7.2239265,-9.527931,3 (Rock + Pop),harmonix___0568_apologize
2676,8.117514,-0.70942944,3 (Rock + Pop),harmonix___0569_arrow
2677,10.177889,-0.41910747,3 (Rock + Pop),harmonix___0570_aslongasyouloveme
2678,8.236235,1.7622118,3 (Rock + Pop),harmonix___0571_atlantis
2679,9.957029,2.8460665,3 (Rock + Pop),harmonix___0572_awake
2680,13.578442,-4.996126,1 (Hip-Hop + Pop + HJDB),harmonix___0573_babyludacris
2681,23.413715,-6.728653,1 (Hip-Hop + Pop + HJDB),harmonix___0574_badromanceappboyz
2682,21.829508,-6.846057,1 (Hip-Hop + Pop + HJDB),harmonix___0575_badromanceskrillexremix
2683,21.769583,-8.620063,1 (Hip-Hop + Pop + HJDB),harmonix___0576_barbrastreisand
2684,11.443926,2.544754,3 (Rock + Pop),harmonix___0577_battlefieldmainversion
2685,-2.7591453,0.17890777,2 (Jazz),harmonix___0578_bealright
2686,10.465326,6.8808365,3 (Rock + Pop),harmonix___0579_beatitstudioversion
2687,4.3829403,-1.3210901,3 (Rock + Pop),harmonix___0580_beautiful
2688,4.6805096,-2.9013736,3 (Rock + Pop),harmonix___0581_beautifulcarlyrae
2689,8.335518,4.506776,3 (Rock + Pop),harmonix___0582_beautifulday
2690,15.111152,-4.3178225,1 (Hip-Hop + Pop + HJDB),harmonix___0583_beautifulgirls
2691,21.591345,-7.137408,1 (Hip-Hop + Pop + HJDB),harmonix___0585_beautyandabeat
2692,14.576298,-3.943954,1 (Hip-Hop + Pop + HJDB),harmonix___0586_bed
2693,14.6678505,-13.230821,1 (Hip-Hop + Pop + HJDB),harmonix___0587_bedrock
2694,19.896208,-6.4666166,1 (Hip-Hop + Pop + HJDB),harmonix___0588_believe
2695,14.637166,-13.016913,1 (Hip-Hop + Pop + HJDB),harmonix___0589_bestieverhad
2696,9.609363,-8.933298,1 + 3,harmonix___0590_betterintime
2697,5.341353,-3.299919,3 (Rock + Pop),harmonix___0591_biggirlsdontcry
2698,-3.2174308,2.2943363,2 (Jazz),harmonix___0592_blameit
2699,10.993146,-7.9535875,1 + 3,harmonix___0593_blameitradioedit
2700,8.502457,-5.80837,3 (Rock + Pop),harmonix___0594_bleedinglove
2701,9.110792,-2.8030767,3 (Rock + Pop),harmonix___0595_blonde
2702,16.241526,-3.7813125,1 (Hip-Hop + Pop + HJDB),harmonix___0596_bonbon
2703,21.727633,-9.079863,1 (Hip-Hop + Pop + HJDB),harmonix___0597_boomboomguetta
2704,19.20298,-5.980402,1 (Hip-Hop + Pop + HJDB),harmonix___0598_boomboompow
2705,11.5224495,-4.4991136,1 + 3,harmonix___0599_boyfriend
2706,8.856232,4.8500214,3 (Rock + Pop),harmonix___0600_breakeven
2707,13.382134,-5.9935193,1 (Hip-Hop + Pop + HJDB),harmonix___0602_breaktheice
2708,23.105076,-7.2094235,1 (Hip-Hop + Pop + HJDB),harmonix___0603_breaktheicejasonnevinsmix
2709,8.284284,-9.342138,1 + 3,harmonix___0604_bustitbabypart2
2710,15.337256,-7.5408053,1 (Hip-Hop + Pop + HJDB),harmonix___0607_cantholdus
2711,13.280183,-11.637993,1 (Hip-Hop + Pop + HJDB),harmonix___0608_canttellmenothing
2712,4.960394,-0.36223844,3 (Rock + Pop),harmonix___0609_carryon
2713,11.235111,0.35619214,3 (Rock + Pop),harmonix___0610_castle
2714,8.951207,-9.229155,1 + 3,harmonix___0611_catchingfeelings
2715,-3.5272908,-4.894935,2 (Jazz),harmonix___0613_celebrationbennybenassi
2716,19.48908,-8.225244,1 (Hip-Hop + Pop + HJDB),harmonix___0614_cinema
2717,9.834131,-5.2210846,3 (Rock + Pop),harmonix___0615_circus
2718,7.4304147,2.982236,3 (Rock + Pop),harmonix___0616_citygirl
2719,8.800888,-2.2543418,3 (Rock + Pop),harmonix___0617_citylights
2720,6.6369143,1.5931937,3 (Rock + Pop),harmonix___0618_clocks
2721,20.828308,-6.273005,1 (Hip-Hop + Pop + HJDB),harmonix___0619_closer
2722,9.209392,6.820514,3 (Rock + Pop),harmonix___0620_closertands
2723,21.892132,-5.863705,1 (Hip-Hop + Pop + HJDB),harmonix___0621_clubcanthandleme
2724,12.383864,-9.515833,1 (Hip-Hop + Pop + HJDB),harmonix___0622_clumsy
2725,2.6849592,-0.047087986,3 (Rock + Pop),harmonix___0623_comeongethigher
2726,5.4150205,0.35503662,3 (Rock + Pop),harmonix___0625_complicated
2727,13.088642,-9.468526,1 (Hip-Hop + Pop + HJDB),harmonix___0626_coolerthanme
2728,15.017359,-11.115007,1 (Hip-Hop + Pop + HJDB),harmonix___0627_cowboyboots
2729,16.120438,-10.329265,1 (Hip-Hop + Pop + HJDB),harmonix___0628_crankthatsouljaboy
2730,9.234212,-8.747417,1 + 3,harmonix___0629_crush
2731,9.998376,6.5662403,3 (Rock + Pop),harmonix___0630_crushcrushcrush
2732,22.2608,-6.637387,1 (Hip-Hop + Pop + HJDB),harmonix___0631_curiosity
2733,14.997862,-11.931043,1 (Hip-Hop + Pop + HJDB),harmonix___0632_cyclone
2734,17.811438,-3.693222,1 (Hip-Hop + Pop + HJDB),harmonix___0633_dancingmachine
2735,15.139797,-11.487237,1 (Hip-Hop + Pop + HJDB),harmonix___0634_dangerous
2736,11.070478,-8.450793,1 (Hip-Hop + Pop + HJDB),harmonix___0635_daynnite
2737,14.831478,-4.4700346,1 (Hip-Hop + Pop + HJDB),harmonix___0636_daynnitecrookersremix
2738,14.675286,-4.4955363,1 (Hip-Hop + Pop + HJDB),harmonix___0637_daynniteremix
2739,14.663994,-13.616021,1 (Hip-Hop + Pop + HJDB),harmonix___0638_deadandgone
2740,11.430733,-7.063857,1 + 3,harmonix___0639_dieinyourarms
2741,9.774054,-8.434968,1 + 3,harmonix___0640_disturbia2
2742,4.710265,1.6331735,3 (Rock + Pop),harmonix___0642_dontconfess
2743,7.443157,6.0423865,3 (Rock + Pop),harmonix___0643_dontrush
2744,8.8099,3.6821437,3 (Rock + Pop),harmonix___0644_dontsayaword
2745,10.852644,-7.7347503,1 + 3,harmonix___0645_dontstopthemusic
2746,2.6164722,-0.01877075,3 (Rock + Pop),harmonix___0647_dontthinkidontthinkaboutit
2747,11.632923,3.0883183,3 (Rock + Pop),harmonix___0648_donttrustme
2748,10.292997,-7.613409,1 + 3,harmonix___0649_down
2749,9.658396,-7.8417597,1 + 3,harmonix___0650_downlilwayne
2750,10.686779,-5.928105,1 + 3,harmonix___0651_doyouremember
2751,10.291008,6.054544,3 (Rock + Pop),harmonix___0652_drovemewild
2752,18.46665,-6.5894055,1 (Hip-Hop + Pop + HJDB),harmonix___0653_dynamite
2753,11.765557,-4.339044,1 + 3,harmonix___0654_dynamitemixinmarc
2754,10.4537,0.09275134,3 (Rock + Pop),harmonix___0655_earthquakey
2755,15.960862,-3.8341951,1 (Hip-Hop + Pop + HJDB),harmonix___0657_enursbonfire
2756,11.107991,-6.6756415,1 + 3,harmonix___0658_evacuatethedancefloor
2757,3.1956322,-0.27639914,3 (Rock + Pop),harmonix___0659_everybody
2758,24.148458,-6.6959934,1 (Hip-Hop + Pop + HJDB),harmonix___0660_everymorning
2759,17.472698,-4.947973,1 (Hip-Hop + Pop + HJDB),harmonix___0661_everythingaboutyou
2760,12.001951,-5.9024105,1 + 3,harmonix___0662_everytimewetouch
2761,8.151283,2.7898295,3 (Rock + Pop),harmonix___0663_explosions
2762,23.972023,-6.5394483,1 (Hip-Hop + Pop + HJDB),harmonix___0664_eyesextendedmix
2763,4.2397623,-1.3531965,3 (Rock + Pop),harmonix___0665_fall
2764,7.857554,-8.103174,3 (Rock + Pop),harmonix___0666_fallin
2765,10.22325,-0.023123084,3 (Rock + Pop),harmonix___0668_fallinganthem
2766,11.564106,-8.4001875,1 (Hip-Hop + Pop + HJDB),harmonix___0669_fastforwardffwd
2767,5.185224,0.8627275,3 (Rock + Pop),harmonix___0670_fearless
2768,14.803724,-4.742711,1 (Hip-Hop + Pop + HJDB),harmonix___0671_feedback
2769,21.851316,-7.0913067,1 (Hip-Hop + Pop + HJDB),harmonix___0672_feelitinmybones
2770,9.178771,5.549503,3 (Rock + Pop),harmonix___0673_feelsliketonight
2771,22.274889,-7.8262377,1 (Hip-Hop + Pop + HJDB),harmonix___0674_feelsocloseextendedmix
2772,9.25929,6.945842,3 (Rock + Pop),harmonix___0676_figure8
2773,22.396954,-6.6377196,1 (Hip-Hop + Pop + HJDB),harmonix___0677_fireburning
2774,7.781211,-3.646326,3 (Rock + Pop),harmonix___0678_fireflies
2775,9.567737,6.148168,3 (Rock + Pop),harmonix___0679_firsttime
2776,4.4204803,-0.93219435,3 (Rock + Pop),harmonix___0680_fixaheart
2777,15.449656,-10.865326,1 (Hip-Hop + Pop + HJDB),harmonix___0681_flashinglights
2778,11.434793,-9.0800705,1 (Hip-Hop + Pop + HJDB),harmonix___0682_forever
2779,18.262295,-7.4880877,1 (Hip-Hop + Pop + HJDB),harmonix___0683_foreverextendedmix
2780,9.443143,5.2255893,3 (Rock + Pop),harmonix___0685_forgottolaugh
2781,4.9203787,-0.6146559,3 (Rock + Pop),harmonix___0686_fortheloveofadaughter
2782,19.80343,-8.103685,1 (Hip-Hop + Pop + HJDB),harmonix___0687_getouttamyway
2783,16.535736,-9.913585,1 (Hip-Hop + Pop + HJDB),harmonix___0688_getthepartystarted
2784,20.467709,-5.157741,1 (Hip-Hop + Pop + HJDB),harmonix___0689_gettinoveryou
2785,19.886944,-4.7207484,1 (Hip-Hop + Pop + HJDB),harmonix___0690_givemeeverything
2786,7.440601,-3.5202785,3 (Rock + Pop),harmonix___0691_givesyouhell
2787,9.757598,-4.5061836,3 (Rock + Pop),harmonix___0692_giveyourheartabreakdos
2788,16.234913,-11.316731,1 (Hip-Hop + Pop + HJDB),harmonix___0693_gold
2789,12.165486,4.793758,3 (Rock + Pop),harmonix___0695_goodbyegoodbye
2790,9.814908,-1.407324,3 (Rock + Pop),harmonix___0696_goodgirlsgobad
2791,8.856067,-7.683951,1 + 3,harmonix___0697_goodlife
2792,21.96021,-7.230159,1 (Hip-Hop + Pop + HJDB),harmonix___0698_goodtime
2793,14.772636,-13.241898,1 (Hip-Hop + Pop + HJDB),harmonix___0699_gotmoney
2794,10.30662,7.126533,3 (Rock + Pop),harmonix___0700_gottabesomebody
2795,8.155506,-2.4735026,3 (Rock + Pop),harmonix___0701_gottabeyou
2796,9.405234,-7.320003,1 + 3,harmonix___0702_greenlight
2797,9.835815,-1.7547174,3 (Rock + Pop),harmonix___0704_guitarstringweddingring
2798,7.426782,4.277683,3 (Rock + Pop),harmonix___0705_haditall
2799,8.410636,3.1646605,3 (Rock + Pop),harmonix___0706_halcyon
2800,9.706091,6.230639,3 (Rock + Pop),harmonix___0707_halfwaygone
2801,8.702811,-6.9199877,3 (Rock + Pop),harmonix___0708_haloradioedit
2802,8.106893,3.137099,3 (Rock + Pop),harmonix___0709_hangingon
2803,3.236672,-2.187676,3 (Rock + Pop),harmonix___0710_hardjeezy
2804,9.739068,6.2086945,3 (Rock + Pop),harmonix___0711_heartheartheartbreak
2805,15.321605,-5.9361515,1 (Hip-Hop + Pop + HJDB),harmonix___0712_heartless
2806,7.4640236,-2.487769,3 (Rock + Pop),harmonix___0713_heartofgoldnow
2807,7.965527,5.9169188,3 (Rock + Pop),harmonix___0714_hell
2808,22.755138,-9.656915,1 (Hip-Hop + Pop + HJDB),harmonix___0715_hellodadalife
2809,10.461531,4.8215237,3 (Rock + Pop),harmonix___0716_heroheroine
2810,2.8844006,-2.850374,3 (Rock + Pop),harmonix___0717_heysoulsister
2811,-0.04080007,-2.5998528,2 + 3,harmonix___0718_heytheredelilah
2812,15.350946,-3.481196,1 (Hip-Hop + Pop + HJDB),harmonix___0719_hipsdontlie
2813,9.076956,-2.2872562,3 (Rock + Pop),harmonix___0721_holdup
2814,15.932657,-11.609511,1 (Hip-Hop + Pop + HJDB),harmonix___0723_hotelroomservice
2815,21.392094,-8.040376,1 (Hip-Hop + Pop + HJDB),harmonix___0724_hotmessdj
2816,9.775787,5.1326284,3 (Rock + Pop),harmonix___0725_hotncold
2817,23.37646,-7.6534715,1 (Hip-Hop + Pop + HJDB),harmonix___0726_hotplay
2818,9.663926,5.4070616,3 (Rock + Pop),harmonix___0727_howcomeyoudontwantme
2819,10.806366,6.711654,3 (Rock + Pop),harmonix___0728_howyouremindme
2820,9.17043,-5.577635,3 (Rock + Pop),harmonix___0729_hurricane
2821,20.381998,-7.1422844,1 (Hip-Hop + Pop + HJDB),harmonix___0730_hurtssogood
2822,8.502733,-2.7358334,3 (Rock + Pop),harmonix___0731_icouldntbeyourfriend
2823,9.581442,5.776944,3 (Rock + Pop),harmonix___0732_idontwannabeinlove
2824,21.93454,-7.092758,1 (Hip-Hop + Pop + HJDB),harmonix___0733_ifihadyou
2825,8.8988085,8.07292,3 (Rock + Pop),harmonix___0734_iftodaywasyourlastday
2826,12.697396,-1.9983969,1 + 3,harmonix___0735_ifuseeamy
2827,11.173619,1.3249607,3 (Rock + Pop),harmonix___0736_igotafeeling
2828,5.9113793,-6.868357,3 (Rock + Pop),harmonix___0737_ihatethispart
2829,10.110061,6.456515,3 (Rock + Pop),harmonix___0738_ihearnoises
2830,9.850895,5.824898,3 (Rock + Pop),harmonix___0739_ikissedagirl
2831,21.53577,-7.530681,1 (Hip-Hop + Pop + HJDB),harmonix___0740_ikissedagirljasonnevins
2832,7.1356993,4.499524,3 (Rock + Pop),harmonix___0741_iknowyoucare
2833,16.89123,-3.990164,1 (Hip-Hop + Pop + HJDB),harmonix___0742_iknowyouwantme
2834,11.996062,5.0534306,3 (Rock + Pop),harmonix___0743_iminloveiwannadoit
2835,15.074636,-11.887861,1 (Hip-Hop + Pop + HJDB),harmonix___0744_immabe
2836,16.475842,-5.238331,1 (Hip-Hop + Pop + HJDB),harmonix___0745_immabewolf
2837,9.670109,3.0118299,3 (Rock + Pop),harmonix___0746_imnotyourhero
2838,7.145093,-3.1296651,3 (Rock + Pop),harmonix___0747_imreal
2839,11.431327,-5.3512464,1 + 3,harmonix___0748_imyours
2840,8.506609,-4.633243,3 (Rock + Pop),harmonix___0749_indestructible2
2841,20.099903,-5.7721806,1 (Hip-Hop + Pop + HJDB),harmonix___0750_ineedyourlove
2842,8.527881,7.174446,3 (Rock + Pop),harmonix___0751_inlovewithagirl
2843,9.434705,0.6752905,3 (Rock + Pop),harmonix___0752_inmyhead
2844,8.506594,-3.4295728,3 (Rock + Pop),harmonix___0753_inreallife
2845,6.5577364,11.189543,3 (Rock + Pop),harmonix___0755_intothenight
2846,-6.806611,-6.9326043,2 (Jazz),harmonix___0756_istillmissyou
2847,10.225793,5.49405,3 (Rock + Pop),harmonix___0758_itgetsbetter
2848,14.962985,-3.4875078,1 (Hip-Hop + Pop + HJDB),harmonix___0759_itgirljasonnevins
2849,14.93717,-12.4345045,1 (Hip-Hop + Pop + HJDB),harmonix___0760_iwannarock
2850,10.9592285,4.7383738,3 (Rock + Pop),harmonix___0761_iwant
2851,4.122758,-1.9314841,3 (Rock + Pop),harmonix___0762_iwantitthatway
2852,6.7252984,7.892648,3 (Rock + Pop),harmonix___0763_iwasafool
2853,9.311244,-1.7401848,3 (Rock + Pop),harmonix___0764_iwish
2854,18.093761,-9.779827,1 (Hip-Hop + Pop + HJDB),harmonix___0765_jimmyiovine
2855,14.05335,-3.4992216,1 (Hip-Hop + Pop + HJDB),harmonix___0766_justdance
2856,9.827945,-7.9198856,1 + 3,harmonix___0767_justfine
2857,8.640409,2.5422156,3 (Rock + Pop),harmonix___0768_keepsgettinbetter
2858,10.506409,-8.07635,1 + 3,harmonix___0769_killa
2859,25.861767,-7.018211,1 (Hip-Hop + Pop + HJDB),harmonix___0770_kingofmycastle
2860,15.903548,-2.51763,1 (Hip-Hop + Pop + HJDB),harmonix___0771_kisskissmainversion
2861,11.921198,-2.510701,1 + 3,harmonix___0772_kissmebackcrytonight
2862,14.754293,-12.6961975,1 (Hip-Hop + Pop + HJDB),harmonix___0773_kissmethruthephone
2863,7.7695804,-9.537816,3 (Rock + Pop),harmonix___0774_knockyoudown
2864,19.986868,-6.694505,1 (Hip-Hop + Pop + HJDB),harmonix___0775_knockyoudownbimbojones
2865,16.366785,-4.5810065,1 (Hip-Hop + Pop + HJDB),harmonix___0776_krazy
2866,11.4331255,0.046400454,3 (Rock + Pop),harmonix___0777_lebump
2867,9.164257,6.0040226,3 (Rock + Pop),harmonix___0778_letitrock
2868,19.766449,-8.207489,1 (Hip-Hop + Pop + HJDB),harmonix___0779_letitrockfilthy
2869,20.069498,-7.2848,1 (Hip-Hop + Pop + HJDB),harmonix___0780_letmebereal
2870,15.183975,-3.784061,1 (Hip-Hop + Pop + HJDB),harmonix___0781_lettinggoduttylove
2871,9.746129,6.1308327,3 (Rock + Pop),harmonix___0782_lifeafteryou
2872,9.923386,5.79261,3 (Rock + Pop),harmonix___0783_lighton
2873,9.438327,-8.795763,1 + 3,harmonix___0784_lightweight
2874,9.483412,-1.2058599,3 (Rock + Pop),harmonix___0785_littleliesnow
2875,9.262568,3.9308815,3 (Rock + Pop),harmonix___0786_livelikeweredying
2876,15.659116,-9.641151,1 (Hip-Hop + Pop + HJDB),harmonix___0787_liveyourlife
2877,3.9559577,-2.6939726,3 (Rock + Pop),harmonix___0789_livingroom
2878,17.411974,-3.9761424,1 (Hip-Hop + Pop + HJDB),harmonix___0790_locapeople
2879,16.960688,-9.444072,1 (Hip-Hop + Pop + HJDB),harmonix___0791_lollipop
2880,11.588592,5.0358863,3 (Rock + Pop),harmonix___0792_lovedrunk
2881,14.994411,-12.036419,1 (Hip-Hop + Pop + HJDB),harmonix___0793_lovegame
2882,21.080725,-6.410638,1 (Hip-Hop + Pop + HJDB),harmonix___0794_lovegamedave
2883,19.815582,-6.9625287,1 (Hip-Hop + Pop + HJDB),harmonix___0796_loveinthisclub
2884,23.450237,-8.091579,1 (Hip-Hop + Pop + HJDB),harmonix___0797_loveisgone
2885,9.967637,-7.6345687,1 + 3,harmonix___0798_lovelikethis
2886,10.886326,-7.2806244,1 + 3,harmonix___0799_lovesexmagic
2887,21.43113,-6.465669,1 (Hip-Hop + Pop + HJDB),harmonix___0800_lovesexmagicjason
2888,8.730228,5.0294666,3 (Rock + Pop),harmonix___0801_lovesong
2889,13.585274,-11.693162,1 (Hip-Hop + Pop + HJDB),harmonix___0802_lovestoned
2890,3.2121782,0.230196,3 (Rock + Pop),harmonix___0803_lovestory
2891,9.602824,3.3974874,3 (Rock + Pop),harmonix___0805_lovetheysay
2892,8.038942,-8.787287,3 (Rock + Pop),harmonix___0806_mad
2893,14.319094,-11.878741,1 (Hip-Hop + Pop + HJDB),harmonix___0807_makemebetter
2894,15.352166,-12.360624,1 (Hip-Hop + Pop + HJDB),harmonix___0808_makethemoney
2895,21.794132,-7.455169,1 (Hip-Hop + Pop + HJDB),harmonix___0810_memoriesextended
2896,15.528689,-12.707713,1 (Hip-Hop + Pop + HJDB),harmonix___0811_miami2ibiza
2897,22.96111,-7.96343,1 (Hip-Hop + Pop + HJDB),harmonix___0812_miserybimbo
2898,9.690615,-9.009033,1 + 3,harmonix___0813_missindependent
2899,8.450783,-3.654243,3 (Rock + Pop),harmonix___0814_mistake
2900,8.273706,6.4391747,3 (Rock + Pop),harmonix___0815_mondaymondaymonday
2901,9.686263,2.2203462,3 (Rock + Pop),harmonix___0817_morethanthis
2902,23.081812,-6.8539414,1 (Hip-Hop + Pop + HJDB),harmonix___0818_mrsaxobeatext
2903,5.106211,-5.9406314,3 (Rock + Pop),harmonix___0819_myblood
2904,15.383714,-13.152128,1 (Hip-Hop + Pop + HJDB),harmonix___0820_mychickbad
2905,14.905738,2.9244044,1 + 3,harmonix___0821_myfeelingsforyou
2906,10.453038,5.8049703,3 (Rock + Pop),harmonix___0823_mylifewouldsuckwithoutyou
2907,21.039099,-6.4904575,1 (Hip-Hop + Pop + HJDB),harmonix___0824_mylifewouldsuckwithoutyous
2908,6.0954833,-4.603331,3 (Rock + Pop),harmonix___0825_myloveislikeastar
2909,15.914854,-12.046643,1 (Hip-Hop + Pop + HJDB),harmonix___0826_myohmy
2910,6.2988443,2.6719184,3 (Rock + Pop),harmonix___0827_needyounow
2911,13.929966,-10.639996,1 (Hip-Hop + Pop + HJDB),harmonix___0828_neoncathedral
2912,10.840308,6.429124,3 (Rock + Pop),harmonix___0829_nevertoolate
2913,9.769425,4.9230194,3 (Rock + Pop),harmonix___0830_nightwatch
2914,8.953368,-8.411287,1 + 3,harmonix___0831_noair
2915,9.031302,-8.610587,1 + 3,harmonix___0832_noone
2916,8.103082,9.9002,3 (Rock + Pop),harmonix___0833_northshore
2917,10.199227,6.473236,3 (Rock + Pop),harmonix___0834_nosurprise
2918,8.257689,-8.949884,1 + 3,harmonix___0835_notetogod
2919,22.620478,-7.6993423,1 (Hip-Hop + Pop + HJDB),harmonix___0836_notmyselftonight
2920,7.3780274,1.2968627,3 (Rock + Pop),harmonix___0837_nottonight
2921,10.055359,4.819473,3 (Rock + Pop),harmonix___0838_nowimallmessedup
2922,16.795454,-10.508152,1 (Hip-Hop + Pop + HJDB),harmonix___0839_nowyouseeit
2923,14.842255,-4.7681866,1 (Hip-Hop + Pop + HJDB),harmonix___0840_obsessed
2924,23.292072,-6.8542843,1 (Hip-Hop + Pop + HJDB),harmonix___0841_obsessedcahill
2925,20.000757,-6.375612,1 (Hip-Hop + Pop + HJDB),harmonix___0842_obsessionstatic
2926,25.201702,-6.4973903,1 (Hip-Hop + Pop + HJDB),harmonix___0843_omgalmighty
2927,7.308505,-1.155325,3 (Rock + Pop),harmonix___0844_ondirecting
2928,10.5779295,5.612626,3 (Rock + Pop),harmonix___0845_onefoot
2929,9.919093,-0.0052350494,3 (Rock + Pop),harmonix___0846_onelove
2930,10.149481,-8.671358,1 + 3,harmonix___0847_onestepatatime
2931,8.757555,1.5293442,3 (Rock + Pop),harmonix___0848_onething
2932,14.085543,3.6995125,3 (Rock + Pop),harmonix___0849_onlyyou
2933,2.4329169,-1.1563426,3 (Rock + Pop),harmonix___0850_onlyyoucanlovemethisway
2934,19.998068,-7.928668,1 (Hip-Hop + Pop + HJDB),harmonix___0851_openurmind
2935,2.7143514,-0.22226074,3 (Rock + Pop),harmonix___0852_oursong
2936,8.149416,3.7837844,3 (Rock + Pop),harmonix___0853_outonthetown
2937,7.540251,6.3992605,3 (Rock + Pop),harmonix___0854_overmyheadcablecar
2938,9.946519,7.1583753,3 (Rock + Pop),harmonix___0855_overyou
2939,8.040607,-0.6656293,3 (Rock + Pop),harmonix___0856_paperbackhead
2940,12.42775,-9.780837,1 (Hip-Hop + Pop + HJDB),harmonix___0857_paralyzer
2941,-7.910287,-6.199612,2 (Jazz),harmonix___0858_peoplearepeople
2942,8.173509,4.3282943,3 (Rock + Pop),harmonix___0859_picturesofyou
2943,10.088373,-4.272504,3 (Rock + Pop),harmonix___0860_pieceofme
2944,17.477375,-5.1710787,1 (Hip-Hop + Pop + HJDB),harmonix___0861_pingmebaby
2945,21.826458,-8.427827,1 (Hip-Hop + Pop + HJDB),harmonix___0862_pleasedontleaveme
2946,9.589126,4.829765,3 (Rock + Pop),harmonix___0863_pleasedontleavemedigi
2947,9.47516,4.435141,3 (Rock + Pop),harmonix___0864_pleasedontleavememain
2948,8.389554,-6.667139,3 (Rock + Pop),harmonix___0865_pocketfulofsunshine
2949,25.47466,-6.944553,1 (Hip-Hop + Pop + HJDB),harmonix___0866_pokerfacedave
2950,9.374527,-2.9035618,3 (Rock + Pop),harmonix___0867_pokerfacedos
2951,14.737929,-13.639346,1 (Hip-Hop + Pop + HJDB),harmonix___0868_puton
2952,23.087471,-8.321578,1 (Hip-Hop + Pop + HJDB),harmonix___0869_raiseyourweapon
2953,15.430231,-3.480009,1 (Hip-Hop + Pop + HJDB),harmonix___0870_ratedr
2954,9.312162,0.34931695,3 (Rock + Pop),harmonix___0872_readyfortheweekend
2955,10.15636,-6.2572737,1 + 3,harmonix___0873_readyornot
2956,8.171779,-7.0700254,3 (Rock + Pop),harmonix___0874_realize
2957,6.4602656,-2.1420612,3 (Rock + Pop),harmonix___0875_redbelt
2958,8.203009,-7.662625,3 (Rock + Pop),harmonix___0876_rehab
2959,12.584604,-6.173931,1 (Hip-Hop + Pop + HJDB),harmonix___0877_releasemenow
2960,10.432555,-9.225049,1 (Hip-Hop + Pop + HJDB),harmonix___0878_replay
2961,21.406578,-6.402734,1 (Hip-Hop + Pop + HJDB),harmonix___0879_ridinsoloian
2962,11.013179,-9.121137,1 (Hip-Hop + Pop + HJDB),harmonix___0880_righthere
2963,15.687824,-4.989318,1 (Hip-Hop + Pop + HJDB),harmonix___0881_rightround
2964,22.750856,-7.0520086,1 (Hip-Hop + Pop + HJDB),harmonix___0882_rightroundbenny
2965,8.357273,-2.4924314,3 (Rock + Pop),harmonix___0883_rocksatmywindow
2966,8.9087105,3.3704038,3 (Rock + Pop),harmonix___0884_rockstar
2967,11.252467,-6.3882527,1 + 3,harmonix___0886_rudeboy
2968,21.067127,-5.817151,1 (Hip-Hop + Pop + HJDB),harmonix___0888_russianroulettejump
2969,13.86504,-11.218794,1 (Hip-Hop + Pop + HJDB),harmonix___0889_samelove
2970,8.598668,4.2502923,3 (Rock + Pop),harmonix___0890_samemistakes
2971,9.840842,2.4061797,3 (Rock + Pop),harmonix___0891_savetheworld
2972,10.85197,-3.0576122,3 (Rock + Pop),harmonix___0892_saveyoutonight
2973,7.7910404,3.277803,3 (Rock + Pop),harmonix___0893_say
2974,16.866936,-4.26188,1 (Hip-Hop + Pop + HJDB),harmonix___0894_sayheyiloveyou
2975,8.314262,2.1897662,3 (Rock + Pop),harmonix___0895_scarymonsters
2976,9.216676,6.1382127,3 (Rock + Pop),harmonix___0897_sentimentaltune
2977,12.882754,-5.831062,1 (Hip-Hop + Pop + HJDB),harmonix___0898_sexyback
2978,10.527694,-9.599963,1 (Hip-Hop + Pop + HJDB),harmonix___0899_sexycani
2979,22.5824,-8.013892,1 (Hip-Hop + Pop + HJDB),harmonix___0900_sexychickakon
2980,15.379239,-5.46584,1 (Hip-Hop + Pop + HJDB),harmonix___0901_sexydj
2981,20.979462,-8.891208,1 (Hip-Hop + Pop + HJDB),harmonix___0902_shakeitradiomix
2982,10.763236,5.149461,3 (Rock + Pop),harmonix___0903_shakethatbubblenow
2983,9.331629,-2.537469,3 (Rock + Pop),harmonix___0904_shewolf
2984,9.512794,1.265996,3 (Rock + Pop),harmonix___0905_shocktoyoursystem
2985,20.358028,-7.6520205,1 (Hip-Hop + Pop + HJDB),harmonix___0906_shutupanddrive
2986,5.9380913,0.03589299,3 (Rock + Pop),harmonix___0907_skyscraper
2987,10.485296,3.4420774,3 (Rock + Pop),harmonix___0908_sober
2988,19.386988,-10.227403,1 (Hip-Hop + Pop + HJDB),harmonix___0909_sofineed
2989,10.40393,-7.8230815,1 + 3,harmonix___0910_solo
2990,10.203555,6.48139,3 (Rock + Pop),harmonix___0911_someday
2991,15.467193,-8.773292,1 (Hip-Hop + Pop + HJDB),harmonix___0912_somenights
2992,-19.48466,1.3603381,4 (Classical),harmonix___0913_somuchlove
2993,11.012668,6.662503,3 (Rock + Pop),harmonix___0914_soobviousnow
2994,9.248408,-4.4081197,3 (Rock + Pop),harmonix___0915_sosletthemusicplay
2995,10.867117,6.3506556,3 (Rock + Pop),harmonix___0916_sowhat
2996,23.199192,-7.403667,1 (Hip-Hop + Pop + HJDB),harmonix___0917_spacemanties
2997,16.04526,-4.9726567,1 (Hip-Hop + Pop + HJDB),harmonix___0918_starstrukk
2998,21.905144,-7.5174603,1 (Hip-Hop + Pop + HJDB),harmonix___0919_stereolove
2999,3.6192548,-0.22982109,3 (Rock + Pop),harmonix___0920_stopandstare
3000,15.401064,-10.3225355,1 (Hip-Hop + Pop + HJDB),harmonix___0921_stronger
3001,9.732761,-8.976306,1 + 3,harmonix___0922_suffocate
3002,-7.454556,-6.196148,2 (Jazz),harmonix___0923_sunandmoon
3003,18.440083,-4.3636127,1 (Hip-Hop + Pop + HJDB),harmonix___0924_sunisup
3004,7.8577633,1.5423019,3 (Rock + Pop),harmonix___0925_sweetdisposition
3005,9.1667185,5.3981833,3 (Rock + Pop),harmonix___0926_sweetthing
3006,15.976177,-11.224937,1 (Hip-Hop + Pop + HJDB),harmonix___0927_swing
3007,23.23192,-6.654647,1 (Hip-Hop + Pop + HJDB),harmonix___0928_takeabow
3008,22.562563,-6.396001,1 (Hip-Hop + Pop + HJDB),harmonix___0929_takeovercontrolext
3009,7.9182396,2.942586,3 (Rock + Pop),harmonix___0930_takeyourtime
3010,15.872963,-11.16607,1 (Hip-Hop + Pop + HJDB),harmonix___0931_takeyouthere
3011,8.604107,-8.2727375,1 + 3,harmonix___0932_tattoo
3012,5.926847,-0.7213613,3 (Rock + Pop),harmonix___0933_teardropsonmyguitar
3013,18.787283,-8.0812,1 (Hip-Hop + Pop + HJDB),harmonix___0934_teenagedreamkaskade
3014,15.631175,-3.4961417,1 (Hip-Hop + Pop + HJDB),harmonix___0936_tequieroacoustic
3015,16.055523,-9.745227,1 (Hip-Hop + Pop + HJDB),harmonix___0937_thatsnotmyname
3016,13.4274645,-10.448397,1 (Hip-Hop + Pop + HJDB),harmonix___0938_thebusiness
3017,8.22024,5.731446,3 (Rock + Pop),harmonix___0939_thecure
3018,-2.3275745,-1.0721438,2 (Jazz),harmonix___0940_thehousethatbuiltme
3019,10.729854,6.574495,3 (Rock + Pop),harmonix___0941_theocean
3020,22.677036,-7.4002137,1 (Hip-Hop + Pop + HJDB),harmonix___0943_thetheayer
3021,16.378014,-8.068004,1 (Hip-Hop + Pop + HJDB),harmonix___0945_thewayiareradio
3022,10.398765,6.4678326,3 (Rock + Pop),harmonix___0946_thinkingofyou
3023,19.71606,-7.249137,1 (Hip-Hop + Pop + HJDB),harmonix___0947_thiskiss
3024,8.938152,-0.030274162,3 (Rock + Pop),harmonix___0948_thislove
3025,12.889639,-6.05311,1 (Hip-Hop + Pop + HJDB),harmonix___0949_throwitinthebag
3026,15.365867,-7.523306,1 (Hip-Hop + Pop + HJDB),harmonix___0950_throwyourhandsup
3027,10.254832,5.8983097,3 (Rock + Pop),harmonix___0951_thunder
3028,14.604914,-9.056414,1 (Hip-Hop + Pop + HJDB),harmonix___0952_tiktok
3029,10.929927,-5.154342,1 + 3,harmonix___0953_tilltheworldends2
3030,25.005812,-6.7031183,1 (Hip-Hop + Pop + HJDB),harmonix___0954_timeaftertimevan
3031,22.731276,-6.883094,1 (Hip-Hop + Pop + HJDB),harmonix___0955_tinylittlebows
3032,20.607784,-6.187546,1 (Hip-Hop + Pop + HJDB),harmonix___0956_tonightimgettingoveryou
3033,20.569695,-6.680769,1 (Hip-Hop + Pop + HJDB),harmonix___0958_turnmeup
3034,18.987915,-6.9705267,1 (Hip-Hop + Pop + HJDB),harmonix___0959_turnthisclubaround
3035,12.302221,-5.9357266,1 (Hip-Hop + Pop + HJDB),harmonix___0960_umbrella
3036,19.57468,-8.441918,1 (Hip-Hop + Pop + HJDB),harmonix___0961_unfaithfulfemme
3037,9.126842,-6.8858495,1 + 3,harmonix___0962_usagainsttheworldjason
3038,10.959564,6.599198,3 (Rock + Pop),harmonix___0964_wakingupinvegas
3039,20.323414,-6.418286,1 (Hip-Hop + Pop + HJDB),harmonix___0965_wakingupinvegascalvin
3040,18.014019,-7.4590435,1 (Hip-Hop + Pop + HJDB),harmonix___0966_wakingupinvegascalvinh
3041,23.001524,-7.164696,1 (Hip-Hop + Pop + HJDB),harmonix___0967_walkingonadream
3042,11.752024,-8.378085,1 (Hip-Hop + Pop + HJDB),harmonix___0968_walltowall
3043,9.751812,-9.562885,1 + 3,harmonix___0969_webelongtogether
3044,9.250961,5.25276,3 (Rock + Pop),harmonix___0970_whataboutnow
3045,9.356996,6.120006,3 (Rock + Pop),harmonix___0971_whatayawantfromme
3046,4.2869606,0.35293728,3 (Rock + Pop),harmonix___0972_whatchasay
3047,8.92897,4.5275183,3 (Rock + Pop),harmonix___0973_whateverittakes
3048,15.591887,-4.629556,1 (Hip-Hop + Pop + HJDB),harmonix___0974_whateveryoulike
3049,10.888156,4.549291,3 (Rock + Pop),harmonix___0975_whathappensinvegas
3050,8.766827,5.019849,3 (Rock + Pop),harmonix___0977_wheelsnow
3051,11.240809,-4.2958345,1 + 3,harmonix___0978_whenigrowup
3052,22.966564,-6.788076,1 (Hip-Hop + Pop + HJDB),harmonix___0979_whenlovetakesover
3053,22.321295,-7.105119,1 (Hip-Hop + Pop + HJDB),harmonix___0980_whenyouleave
3054,3.819755,-0.25125358,3 (Rock + Pop),harmonix___0981_whenyouregone
3055,8.302639,6.3824224,3 (Rock + Pop),harmonix___0982_whoknewdos
3056,4.1137056,-0.851233,3 (Rock + Pop),harmonix___0983_whyamitheone
3057,15.713595,-4.088561,1 (Hip-Hop + Pop + HJDB),harmonix___0986_winner
3058,9.801274,-9.404036,1 + 3,harmonix___0987_withyou
3059,18.934212,-4.6746492,1 (Hip-Hop + Pop + HJDB),harmonix___0988_withyoukovas
3060,10.398199,-8.778093,1 + 3,harmonix___0989_womanizer
3061,5.482203,-0.0910695,3 (Rock + Pop),harmonix___0991_worryaboutyounow
3062,9.572751,2.1439822,3 (Rock + Pop),harmonix___0992_wrongthinwhiteduke
3063,25.86592,-7.056595,1 (Hip-Hop + Pop + HJDB),harmonix___0993_youandidanny
3064,3.8363907,0.51218,3 (Rock + Pop),harmonix___0994_youbelongwithme
3065,10.286413,6.246326,3 (Rock + Pop),harmonix___0995_youfoundme
3066,3.16924,-0.017911848,3 (Rock + Pop),harmonix___0998_youregonnamissthis
3067,9.931016,2.5572095,3 (Rock + Pop),harmonix___0999_yourheartisamuscle
3068,17.073221,-5.8568854,1 (Hip-Hop + Pop + HJDB),harmonix___1000_yourloveismydrug
3069,22.168566,-7.355453,1 (Hip-Hop + Pop + HJDB),harmonix___1001_yourloveismydrugdave
3070,26.050644,-7.212092,1 (Hip-Hop + Pop + HJDB),hjdb___hjdb_2_Bad_Mice_Take_You
3071,24.302128,-8.765941,1 (Hip-Hop + Pop + HJDB),hjdb___hjdb_4_Am
3072,22.125069,-11.362188,1 (Hip-Hop + Pop + HJDB),hjdb___hjdb_6_Million_Ways_To_Die_(DJ_Hype_Remix)
3073,26.492651,-7.648685,1 (Hip-Hop + Pop + HJDB),hjdb___hjdb_A21
3074,24.113693,-8.128976,1 (Hip-Hop + Pop + HJDB),hjdb___hjdb_A_Musical_Box
3075,0.88727146,8.561329,3 (Rock + Pop),hjdb___hjdb_A_New_Dawn
3076,25.956219,0.9983244,1 (Hip-Hop + Pop + HJDB),hjdb___hjdb_Aftershock
3077,24.496508,-8.881502,1 (Hip-Hop + Pop + HJDB),hjdb___hjdb_All_Right_(All_Night_Mix)
3078,22.618567,-10.242953,1 (Hip-Hop + Pop + HJDB),hjdb___hjdb_Alright_With_Me
3079,24.820536,-5.199832,1 (Hip-Hop + Pop + HJDB),hjdb___hjdb_Anastacia
3080,26.264372,-9.711521,1 (Hip-Hop + Pop + HJDB),hjdb___hjdb_Another_Direction
3081,24.728691,-8.696648,1 (Hip-Hop + Pop + HJDB),hjdb___hjdb_Being_With_You
3082,25.650532,-8.102047,1 (Hip-Hop + Pop + HJDB),hjdb___hjdb_Being_With_You_(Foul_Play_Remix)
3083,26.173365,-9.076293,1 (Hip-Hop + Pop + HJDB),hjdb___hjdb_Being_With_You_1
3084,18.272839,-12.079688,1 (Hip-Hop + Pop + HJDB),hjdb___hjdb_Beyond_Bass
3085,23.633253,-9.032535,1 (Hip-Hop + Pop + HJDB),hjdb___hjdb_Beyond_Control
3086,24.383942,-10.582296,1 (Hip-Hop + Pop + HJDB),hjdb___hjdb_Bish_Bosh
3087,16.43327,-11.262898,1 (Hip-Hop + Pop + HJDB),hjdb___hjdb_Bodymotion
3088,21.689688,-11.014809,1 (Hip-Hop + Pop + HJDB),hjdb___hjdb_Bombscare
3089,25.936413,-7.7596345,1 (Hip-Hop + Pop + HJDB),hjdb___hjdb_Bouncing
3090,19.19162,1.4105275,1 (Hip-Hop + Pop + HJDB),hjdb___hjdb_Breakage4
3091,25.021528,0.80537313,1 (Hip-Hop + Pop + HJDB),hjdb___hjdb_Breaking_Free
3092,25.726734,-9.819708,1 (Hip-Hop + Pop + HJDB),hjdb___hjdb_Breaking_Free_2
3093,23.645027,-10.7955065,1 (Hip-Hop + Pop + HJDB),hjdb___hjdb_Cant_Stop_The_Rush_(93_Remix)
3094,24.576029,-9.986027,1 (Hip-Hop + Pop + HJDB),hjdb___hjdb_Cant_Stop_Thinking_About
3095,23.79566,-10.625081,1 (Hip-Hop + Pop + HJDB),hjdb___hjdb_Captain_Of_This_Ship
3096,26.373358,-7.778823,1 (Hip-Hop + Pop + HJDB),hjdb___hjdb_Casanova_(Down_To_Earth_Remix)
3097,24.644365,-6.5761113,1 (Hip-Hop + Pop + HJDB),hjdb___hjdb_Champion_Sound
3098,25.33992,-9.99745,1 (Hip-Hop + Pop + HJDB),hjdb___hjdb_Champion_Sound_(Doc_Scott_Remix)
3099,24.0202,-4.350917,1 (Hip-Hop + Pop + HJDB),hjdb___hjdb_Charly
3100,26.149357,-7.241381,1 (Hip-Hop + Pop + HJDB),hjdb___hjdb_Chasin_A_Dream
3101,24.016071,-9.382,1 (Hip-Hop + Pop + HJDB),hjdb___hjdb_Cold_Fresh_Air_(Remix)
3102,25.179722,-7.699413,1 (Hip-Hop + Pop + HJDB),hjdb___hjdb_Come_Back_2_Me
3103,23.868555,-8.77821,1 (Hip-Hop + Pop + HJDB),hjdb___hjdb_Cookin_Up_Yah_Brain
3104,24.923063,-7.8305173,1 (Hip-Hop + Pop + HJDB),hjdb___hjdb_Crackman_The_Return_(DJ_Ron_Remix)
3105,24.947708,-9.676807,1 (Hip-Hop + Pop + HJDB),hjdb___hjdb_Crystalize
3106,22.626404,-0.774416,1 (Hip-Hop + Pop + HJDB),hjdb___hjdb_DJ_Business
3107,24.73394,-11.016308,1 (Hip-Hop + Pop + HJDB),hjdb___hjdb_Dam_Tuff
3108,24.995409,-7.8065705,1 (Hip-Hop + Pop + HJDB),hjdb___hjdb_Damage
3109,23.446035,-10.249346,1 (Hip-Hop + Pop + HJDB),hjdb___hjdb_Dance_Factor
3110,24.653265,-6.5147147,1 (Hip-Hop + Pop + HJDB),hjdb___hjdb_Dance_The_Dream
3111,3.9992886,11.690022,3 (Rock + Pop),hjdb___hjdb_Dance_With_Power_(Original_Mix)
3112,24.154772,-10.102621,1 (Hip-Hop + Pop + HJDB),hjdb___hjdb_Dark_Angel
3113,23.595068,-9.268454,1 (Hip-Hop + Pop + HJDB),hjdb___hjdb_Dark_Stranger_(Origin_Unknown_Remix)
3114,23.772444,-9.6459675,1 (Hip-Hop + Pop + HJDB),hjdb___hjdb_Darkcore
3115,24.949572,-7.3817477,1 (Hip-Hop + Pop + HJDB),hjdb___hjdb_Darkman
3116,25.539974,-8.722415,1 (Hip-Hop + Pop + HJDB),hjdb___hjdb_Deep_Cover
3117,25.878174,-8.326775,1 (Hip-Hop + Pop + HJDB),hjdb___hjdb_Deep_Love
3118,17.111982,-3.2658226,1 (Hip-Hop + Pop + HJDB),hjdb___hjdb_Deep_Space
3119,25.368008,-7.350232,1 (Hip-Hop + Pop + HJDB),hjdb___hjdb_Demons_Theme
3120,24.687407,1.0824553,1 (Hip-Hop + Pop + HJDB),hjdb___hjdb_Devotion
3121,22.876957,-5.5767183,1 (Hip-Hop + Pop + HJDB),hjdb___hjdb_Digable_Bass
3122,-16.495348,-0.5876104,2 + 4,hjdb___hjdb_Dis_Generation
3123,25.661062,-7.736768,1 (Hip-Hop + Pop + HJDB),hjdb___hjdb_Divine_Rhythm
3124,22.37986,-11.2139,1 (Hip-Hop + Pop + HJDB),hjdb___hjdb_Do_It_Now
3125,23.387808,-10.266708,1 (Hip-Hop + Pop + HJDB),hjdb___hjdb_Do_It_Together_(The_Baggys_Mix)
3126,26.158821,-7.896293,1 (Hip-Hop + Pop + HJDB),hjdb___hjdb_Dont_Come_No_Ruffer_(Ruff_Mix)
3127,25.959068,-7.928429,1 (Hip-Hop + Pop + HJDB),hjdb___hjdb_Dont_Need_Your_Love
3128,26.3611,-7.6171827,1 (Hip-Hop + Pop + HJDB),hjdb___hjdb_Dream_Sequence
3129,25.185352,-8.057556,1 (Hip-Hop + Pop + HJDB),hjdb___hjdb_Drowning_In_Her
3130,25.842848,-8.142094,1 (Hip-Hop + Pop + HJDB),hjdb___hjdb_Drum_Programme_(Remix)
3131,25.105303,-9.611602,1 (Hip-Hop + Pop + HJDB),hjdb___hjdb_Drummer_Of_Doom
3132,24.923416,-8.586831,1 (Hip-Hop + Pop + HJDB),hjdb___hjdb_Dub_War_Chapter_1_(Raw_Mix)
3133,24.627619,-9.145857,1 (Hip-Hop + Pop + HJDB),hjdb___hjdb_Dub_War_Chapter_1_(The_Mix_Strikes_Back)
3134,24.747446,-9.24529,1 (Hip-Hop + Pop + HJDB),hjdb___hjdb_Dub_War_Chapter_2
3135,25.139242,-8.617053,1 (Hip-Hop + Pop + HJDB),hjdb___hjdb_Ecstatic_House
3136,25.385437,-9.150285,1 (Hip-Hop + Pop + HJDB),hjdb___hjdb_Enticer
3137,24.82454,-8.682544,1 (Hip-Hop + Pop + HJDB),hjdb___hjdb_Essence_Ep
3138,26.14258,-7.0480247,1 (Hip-Hop + Pop + HJDB),hjdb___hjdb_Even_Further_Intrigue
3139,24.299698,-4.961467,1 (Hip-Hop + Pop + HJDB),hjdb___hjdb_Exodus_(When_The_Lion_Awakes)
3140,25.51423,-8.241665,1 (Hip-Hop + Pop + HJDB),hjdb___hjdb_Factor_5
3141,23.098948,-8.603531,1 (Hip-Hop + Pop + HJDB),hjdb___hjdb_Fearless_Wonder_(Remix)
3142,25.314938,-7.759275,1 (Hip-Hop + Pop + HJDB),hjdb___hjdb_Feel_(Feel_Good)
3143,24.635248,-7.391407,1 (Hip-Hop + Pop + HJDB),hjdb___hjdb_Final_Conflict
3144,25.05826,-8.516449,1 (Hip-Hop + Pop + HJDB),hjdb___hjdb_Finest_Illusion_(Legal_Mix)
3145,25.033577,-6.25635,1 (Hip-Hop + Pop + HJDB),hjdb___hjdb_Fireball
3146,13.047155,-8.197491,1 (Hip-Hop + Pop + HJDB),hjdb___hjdb_Fires_Burning
3147,24.786306,-9.272485,1 (Hip-Hop + Pop + HJDB),hjdb___hjdb_Flammable
3148,23.554632,-10.107278,1 (Hip-Hop + Pop + HJDB),hjdb___hjdb_Flammable_(Tango_Remix)
3149,25.358839,-8.010099,1 (Hip-Hop + Pop + HJDB),hjdb___hjdb_Freeaneazy
3150,23.521364,-8.896723,1 (Hip-Hop + Pop + HJDB),hjdb___hjdb_Fuckin_Hardcore
3151,26.079311,-8.675416,1 (Hip-Hop + Pop + HJDB),hjdb___hjdb_Further_Intrigue
3152,25.888601,-8.103078,1 (Hip-Hop + Pop + HJDB),hjdb___hjdb_Future_Followers
3153,23.263042,-9.27875,1 (Hip-Hop + Pop + HJDB),hjdb___hjdb_Future_Followers_(Remix)
3154,25.28463,-8.773058,1 (Hip-Hop + Pop + HJDB),hjdb___hjdb_Future_Funk
3155,26.01284,-7.2437263,1 (Hip-Hop + Pop + HJDB),hjdb___hjdb_Gangsta
3156,24.743137,-8.013857,1 (Hip-Hop + Pop + HJDB),hjdb___hjdb_Get_High_(New_Jack_London)
3157,26.380835,-7.4950724,1 (Hip-Hop + Pop + HJDB),hjdb___hjdb_Ghetto_People
3158,26.05293,-7.458208,1 (Hip-Hop + Pop + HJDB),hjdb___hjdb_Ghetto_People_(Remix)
3159,4.565196,11.210276,3 (Rock + Pop),hjdb___hjdb_Give_A_Little_Love_(Remix)
3160,24.037409,3.3586562,1 (Hip-Hop + Pop + HJDB),hjdb___hjdb_Going_Out_For_Da_Loot
3161,24.396652,-7.9814663,1 (Hip-Hop + Pop + HJDB),hjdb___hjdb_Gonna_Be_Alright
3162,24.04707,-8.720798,1 (Hip-Hop + Pop + HJDB),hjdb___hjdb_Gotta_Release
3163,26.354698,-8.503089,1 (Hip-Hop + Pop + HJDB),hjdb___hjdb_Hands_Of_Time
3164,25.681816,-7.2505703,1 (Hip-Hop + Pop + HJDB),hjdb___hjdb_Happiness
3165,23.672958,-5.7066097,1 (Hip-Hop + Pop + HJDB),hjdb___hjdb_Hardcore_Junglism
3166,24.683943,-8.579183,1 (Hip-Hop + Pop + HJDB),hjdb___hjdb_Hardcore_Will_Never_Die
3167,25.441936,-7.799668,1 (Hip-Hop + Pop + HJDB),hjdb___hjdb_Here_Comes_The_Drumz_(Drumz_VIP_Mix)
3168,26.184166,-7.406089,1 (Hip-Hop + Pop + HJDB),hjdb___hjdb_Hey_DJ
3169,13.668129,-6.2302628,1 (Hip-Hop + Pop + HJDB),hjdb___hjdb_Hold_it_Down
3170,25.552246,-7.2058835,1 (Hip-Hop + Pop + HJDB),hjdb___hjdb_Horizons
3171,24.54079,-7.4595385,1 (Hip-Hop + Pop + HJDB),hjdb___hjdb_How_Should_I_Start
3172,24.607801,-5.4972696,1 (Hip-Hop + Pop + HJDB),hjdb___hjdb_I_Need_Your_Lovin
3173,24.791836,-9.949957,1 (Hip-Hop + Pop + HJDB),hjdb___hjdb_I_Wanna_Be_Your_Lover
3174,0.54389626,6.9483237,3 (Rock + Pop),hjdb___hjdb_Ill_Take_You_(Original_Mix)
3175,21.1548,-9.542282,1 (Hip-Hop + Pop + HJDB),hjdb___hjdb_Im_Gonna_Get_You
3176,25.32153,-8.270962,1 (Hip-Hop + Pop + HJDB),hjdb___hjdb_Imagine_The_Future
3177,23.37607,-9.319402,1 (Hip-Hop + Pop + HJDB),hjdb___hjdb_In_Complete_Darkness_(Slipmatt_remix)
3178,23.813555,-10.346178,1 (Hip-Hop + Pop + HJDB),hjdb___hjdb_In_Effect
3179,26.55016,-7.3286076,1 (Hip-Hop + Pop + HJDB),hjdb___hjdb_Incredible_Bass_(Remix)
3180,24.60555,-6.606252,1 (Hip-Hop + Pop + HJDB),hjdb___hjdb_Inna_Year_4000
3181,26.321896,-7.429314,1 (Hip-Hop + Pop + HJDB),hjdb___hjdb_Into_Da_Future_(Massive_Mix)
3182,25.553373,-8.10849,1 (Hip-Hop + Pop + HJDB),hjdb___hjdb_Jeopardy_(DJ_Spice_Mix)
3183,24.6559,-9.377179,1 (Hip-Hop + Pop + HJDB),hjdb___hjdb_Johnny_(Dance_Conspiracy_Mix)
3184,24.094255,-9.786375,1 (Hip-Hop + Pop + HJDB),hjdb___hjdb_Johnny_94_(Origin_Unkown_Remix)
3185,25.50638,-9.283681,1 (Hip-Hop + Pop + HJDB),hjdb___hjdb_Jump_Mk_II
3186,24.17728,-7.1231112,1 (Hip-Hop + Pop + HJDB),hjdb___hjdb_Just_A_Dream
3187,18.863209,1.1996232,1 (Hip-Hop + Pop + HJDB),hjdb___hjdb_Keep_The_Fires_Burning
3188,22.228725,-9.657706,1 (Hip-Hop + Pop + HJDB),hjdb___hjdb_Last_Action_Hero
3189,1.3759458,5.3514705,3 (Rock + Pop),hjdb___hjdb_Let_Me_Be_Your_Fantasy
3190,25.064796,1.8902872,1 (Hip-Hop + Pop + HJDB),hjdb___hjdb_Light_Years
3191,25.782732,-9.457992,1 (Hip-Hop + Pop + HJDB),hjdb___hjdb_Livin_In_A_Dream
3192,26.006174,-8.168606,1 (Hip-Hop + Pop + HJDB),hjdb___hjdb_Lords_Of_The_Null_Lines_(Foul_Play_Remix)
3193,25.868114,-9.328903,1 (Hip-Hop + Pop + HJDB),hjdb___hjdb_Manic_Stampede
3194,25.539524,-7.439007,1 (Hip-Hop + Pop + HJDB),hjdb___hjdb_Merder_Style
3195,25.439518,-7.998708,1 (Hip-Hop + Pop + HJDB),hjdb___hjdb_Method_To_My_Madness
3196,26.363157,-7.4457436,1 (Hip-Hop + Pop + HJDB),hjdb___hjdb_Moments_So_Dark
3197,24.63379,-7.997578,1 (Hip-Hop + Pop + HJDB),hjdb___hjdb_Mr._Logic
3198,25.424267,-7.891494,1 (Hip-Hop + Pop + HJDB),hjdb___hjdb_Music
3199,25.512068,-7.555574,1 (Hip-Hop + Pop + HJDB),hjdb___hjdb_Music_In_Search_Of_Light
3200,23.939896,-7.230292,1 (Hip-Hop + Pop + HJDB),hjdb___hjdb_Music_Takes_You
3201,24.662905,-8.152912,1 (Hip-Hop + Pop + HJDB),hjdb___hjdb_My_Own_(Hixxy_and_UFO_Remix)
3202,24.67808,-6.9002075,1 (Hip-Hop + Pop + HJDB),hjdb___hjdb_Mystic_Stepper_(Feel_Better)
3203,24.57694,-9.597667,1 (Hip-Hop + Pop + HJDB),hjdb___hjdb_NHS_(Midday_Mix)
3204,24.927193,-8.650256,1 (Hip-Hop + Pop + HJDB),hjdb___hjdb_Never_Try_The_Hippodrome_(Remix)
3205,24.448898,-7.3386173,1 (Hip-Hop + Pop + HJDB),hjdb___hjdb_New_Direction
3206,24.209274,-5.820769,1 (Hip-Hop + Pop + HJDB),hjdb___hjdb_News_At_Ten
3207,21.324284,-7.301536,1 (Hip-Hop + Pop + HJDB),hjdb___hjdb_Nightmare_Walking
3208,10.319678,1.7893893,3 (Rock + Pop),hjdb___hjdb_No_Worries
3209,25.012188,-6.8147187,1 (Hip-Hop + Pop + HJDB),hjdb___hjdb_Oblivion
3210,25.08166,-8.951765,1 (Hip-Hop + Pop + HJDB),hjdb___hjdb_Obsession_(Musics_So_Wonderful)
3211,24.373869,-8.111037,1 (Hip-Hop + Pop + HJDB),hjdb___hjdb_Obsession_(The_Only_Remix)
3212,25.243616,-7.247633,1 (Hip-Hop + Pop + HJDB),hjdb___hjdb_Obsessions
3213,1.0133129,9.274516,3 (Rock + Pop),hjdb___hjdb_Oh_So_Nice
3214,25.604885,-8.116226,1 (Hip-Hop + Pop + HJDB),hjdb___hjdb_On_My_Own_(Rmx)
3215,25.876886,-7.642888,1 (Hip-Hop + Pop + HJDB),hjdb___hjdb_Open_Secrets
3216,18.62768,-4.103053,1 (Hip-Hop + Pop + HJDB),hjdb___hjdb_Open_Your_Mind
3217,25.594425,-10.1229,1 (Hip-Hop + Pop + HJDB),hjdb___hjdb_Original_Badboy
3218,24.291294,-5.091235,1 (Hip-Hop + Pop + HJDB),hjdb___hjdb_Peakin_Thru_The_Window
3219,23.757444,-7.7994046,1 (Hip-Hop + Pop + HJDB),hjdb___hjdb_Pennywise
3220,23.284786,-6.235299,1 (Hip-Hop + Pop + HJDB),hjdb___hjdb_Phizical_(Moody_Mix)
3221,25.60102,-8.9255905,1 (Hip-Hop + Pop + HJDB),hjdb___hjdb_Project_1_(Remix)
3222,26.196243,-7.077326,1 (Hip-Hop + Pop + HJDB),hjdb___hjdb_Promised_Land
3223,24.717327,-8.863358,1 (Hip-Hop + Pop + HJDB),hjdb___hjdb_R-type
3224,25.302723,-7.9864945,1 (Hip-Hop + Pop + HJDB),hjdb___hjdb_R_Yeah
3225,23.593376,-9.909932,1 (Hip-Hop + Pop + HJDB),hjdb___hjdb_Re-Baptised_By_Dub_(Selectors_Revenge)
3226,25.266586,-8.827179,1 (Hip-Hop + Pop + HJDB),hjdb___hjdb_Renegade_Snares_(Foul_Play_Remix)
3227,25.767162,-9.387017,1 (Hip-Hop + Pop + HJDB),hjdb___hjdb_Renegade_Snares_(VIP_Remix)
3228,24.318462,-7.561811,1 (Hip-Hop + Pop + HJDB),hjdb___hjdb_Return_Of_The_Donut_Pt2
3229,22.885254,-3.1988451,1 (Hip-Hop + Pop + HJDB),hjdb___hjdb_Rhythm
3230,23.18519,-10.148129,1 (Hip-Hop + Pop + HJDB),hjdb___hjdb_Right_Before_My_Eyes
3231,25.948862,-8.048954,1 (Hip-Hop + Pop + HJDB),hjdb___hjdb_Rock_To_The_Groove
3232,24.608667,0.54578006,1 (Hip-Hop + Pop + HJDB),hjdb___hjdb_Rockin_Down_The_House
3233,24.304977,-8.176411,1 (Hip-Hop + Pop + HJDB),hjdb___hjdb_Ruff
3234,25.783398,-7.3268948,1 (Hip-Hop + Pop + HJDB),hjdb___hjdb_Ruff_(Remix)
3235,23.669575,-9.849354,1 (Hip-Hop + Pop + HJDB),hjdb___hjdb_Ruff_Beats
3236,24.324984,-6.3486853,1 (Hip-Hop + Pop + HJDB),hjdb___hjdb_Scottie
3237,22.867744,-4.876645,1 (Hip-Hop + Pop + HJDB),hjdb___hjdb_Screw_Face
3238,25.373232,-8.220343,1 (Hip-Hop + Pop + HJDB),hjdb___hjdb_Serious_Sounds
3239,24.26665,-10.852921,1 (Hip-Hop + Pop + HJDB),hjdb___hjdb_Showtime
3240,26.223045,-8.27639,1 (Hip-Hop + Pop + HJDB),hjdb___hjdb_Skanka
3241,25.592285,-8.684488,1 (Hip-Hop + Pop + HJDB),hjdb___hjdb_Slow_Jam
3242,24.670963,-6.337517,1 (Hip-Hop + Pop + HJDB),hjdb___hjdb_So_Good
3243,24.243607,-9.38358,1 (Hip-Hop + Pop + HJDB),hjdb___hjdb_Something_I_Feel_(2_Bad_Mice_Remix)
3244,23.336832,-11.975808,1 (Hip-Hop + Pop + HJDB),hjdb___hjdb_Something_New_Pt1
3245,24.1834,-9.191377,1 (Hip-Hop + Pop + HJDB),hjdb___hjdb_Something_New_Pt2
3246,23.48686,-11.360739,1 (Hip-Hop + Pop + HJDB),hjdb___hjdb_Special_Request
3247,25.84521,-7.287748,1 (Hip-Hop + Pop + HJDB),hjdb___hjdb_Spiritual_Aura
3248,18.650555,-11.832436,1 (Hip-Hop + Pop + HJDB),hjdb___hjdb_Spliffhead
3249,-1.5995142,12.174005,2 + 3,hjdb___hjdb_Star_Eyes
3250,24.507708,-5.4405713,1 (Hip-Hop + Pop + HJDB),hjdb___hjdb_Stay_Calm_(Foul_Play_Remix)
3251,25.072607,-8.117967,1 (Hip-Hop + Pop + HJDB),hjdb___hjdb_Storm_Trooper
3252,25.201141,-7.567293,1 (Hip-Hop + Pop + HJDB),hjdb___hjdb_Street_Knowledge
3253,26.204882,-7.50201,1 (Hip-Hop + Pop + HJDB),hjdb___hjdb_String_Of_Darkness
3254,23.926252,-9.92253,1 (Hip-Hop + Pop + HJDB),hjdb___hjdb_Sub_Dub
3255,25.174942,-8.534946,1 (Hip-Hop + Pop + HJDB),hjdb___hjdb_Summer_Breeze
3256,25.429092,-10.3777485,1 (Hip-Hop + Pop + HJDB),hjdb___hjdb_Superpod
3257,0.5186485,10.141663,2 + 3,hjdb___hjdb_Sweet_Sensation_(12_Mix)
3258,24.684185,-11.57319,1 (Hip-Hop + Pop + HJDB),hjdb___hjdb_Sweet_Vibrations
3259,24.195044,-9.156511,1 (Hip-Hop + Pop + HJDB),hjdb___hjdb_T-N-T
3260,26.753775,-8.218329,1 (Hip-Hop + Pop + HJDB),hjdb___hjdb_Take_Me_To_The_Top
3261,25.142494,-12.408704,1 (Hip-Hop + Pop + HJDB),hjdb___hjdb_Tales_From_The_Darkside
3262,23.938524,-10.225764,1 (Hip-Hop + Pop + HJDB),hjdb___hjdb_Tales_From_The_Darkside_2
3263,24.634834,-8.346568,1 (Hip-Hop + Pop + HJDB),hjdb___hjdb_Terminator
3264,25.289017,-7.2750516,1 (Hip-Hop + Pop + HJDB),hjdb___hjdb_Terminator_2
3265,24.485493,-9.325987,1 (Hip-Hop + Pop + HJDB),hjdb___hjdb_Terrorist_(Grooverider_Remix)
3266,25.477734,-8.298623,1 (Hip-Hop + Pop + HJDB),hjdb___hjdb_Terrorist_(PA_Mix)
3267,23.986223,-9.576987,1 (Hip-Hop + Pop + HJDB),hjdb___hjdb_Terrorist_(original)
3268,25.460236,-8.330268,1 (Hip-Hop + Pop + HJDB),hjdb___hjdb_The_Core
3269,24.455673,-8.137278,1 (Hip-Hop + Pop + HJDB),hjdb___hjdb_The_Criminal
3270,26.142002,-8.871631,1 (Hip-Hop + Pop + HJDB),hjdb___hjdb_The_Deep
3271,23.821321,-7.45968,1 (Hip-Hop + Pop + HJDB),hjdb___hjdb_The_Element_(Highnoon)
3272,26.046053,-7.566533,1 (Hip-Hop + Pop + HJDB),hjdb___hjdb_The_End_(Alternative_Version)
3273,26.170921,-7.5550323,1 (Hip-Hop + Pop + HJDB),hjdb___hjdb_The_Grand_National_(DJ_SS_and_EQ_Remix)
3274,26.707537,-7.57221,1 (Hip-Hop + Pop + HJDB),hjdb___hjdb_The_Helicopter_Tune
3275,26.020744,-8.777546,1 (Hip-Hop + Pop + HJDB),hjdb___hjdb_The_R
3276,24.441452,-8.932277,1 (Hip-Hop + Pop + HJDB),hjdb___hjdb_The_Slammer
3277,25.9941,-8.316246,1 (Hip-Hop + Pop + HJDB),hjdb___hjdb_The_Warning_(Remix)
3278,17.908745,-11.796537,1 (Hip-Hop + Pop + HJDB),hjdb___hjdb_The_Way_(VIP_Mix)
3279,25.63938,-8.387542,1 (Hip-Hop + Pop + HJDB),hjdb___hjdb_This_Is_A_Trip
3280,25.2334,-9.030065,1 (Hip-Hop + Pop + HJDB),hjdb___hjdb_This_Way
3281,25.393713,-8.015239,1 (Hip-Hop + Pop + HJDB),hjdb___hjdb_Tibetan_Jungle
3282,24.961643,-9.72009,1 (Hip-Hop + Pop + HJDB),hjdb___hjdb_Tiger_Style
3283,26.592623,-7.3015227,1 (Hip-Hop + Pop + HJDB),hjdb___hjdb_Time_Bomb
3284,26.572987,-7.9268284,1 (Hip-Hop + Pop + HJDB),hjdb___hjdb_Time_Bomb_(Remix)
3285,-7.6209865,5.785163,2 (Jazz),hjdb___hjdb_Too_Much_(Ray_Keith_Rmx)
3286,24.897825,-7.9772654,1 (Hip-Hop + Pop + HJDB),hjdb___hjdb_Total_Xstacy_(Remix)
3287,25.24686,-8.062324,1 (Hip-Hop + Pop + HJDB),hjdb___hjdb_Touch_Somebody
3288,25.217049,-10.547469,1 (Hip-Hop + Pop + HJDB),hjdb___hjdb_Trip_II_The_Moon
3289,23.424507,-8.586455,1 (Hip-Hop + Pop + HJDB),hjdb___hjdb_Twisted
3290,22.984594,-10.86619,1 (Hip-Hop + Pop + HJDB),hjdb___hjdb_Unfriendly
3291,25.128222,-8.793921,1 (Hip-Hop + Pop + HJDB),hjdb___hjdb_United
3292,24.82908,-7.143753,1 (Hip-Hop + Pop + HJDB),hjdb___hjdb_United_(Grooverider_Remix)
3293,25.639406,-7.500056,1 (Hip-Hop + Pop + HJDB),hjdb___hjdb_Unity
3294,25.001566,-7.073384,1 (Hip-Hop + Pop + HJDB),hjdb___hjdb_Until_The_Night_Is_Morning
3295,24.435347,-7.7623568,1 (Hip-Hop + Pop + HJDB),hjdb___hjdb_Volume_1
3296,23.941376,-1.0350692,1 (Hip-Hop + Pop + HJDB),hjdb___hjdb_Wait_4_The_Bass
3297,24.938036,-9.244852,1 (Hip-Hop + Pop + HJDB),hjdb___hjdb_Warpdrive
3298,24.89566,-7.7852273,1 (Hip-Hop + Pop + HJDB),hjdb___hjdb_We_Are_Hardcore
3299,25.118345,-9.31873,1 (Hip-Hop + Pop + HJDB),hjdb___hjdb_What_Kind_of_World
3300,24.64818,-8.154315,1 (Hip-Hop + Pop + HJDB),hjdb___hjdb_Wind_It_Up_(Rewound)
3301,25.352621,-9.463233,1 (Hip-Hop + Pop + HJDB),hjdb___hjdb_Wots_My_Code_(Ray_Keith_Final_Plate)
3302,25.166512,-10.171837,1 (Hip-Hop + Pop + HJDB),hjdb___hjdb_Yaaah
3303,23.656227,-10.936856,1 (Hip-Hop + Pop + HJDB),hjdb___hjdb_You_Dont_Know
3304,23.767134,-9.036935,1 (Hip-Hop + Pop + HJDB),hjdb___hjdb_You_Got_Me_Burnin_(A.A.S_Mix)
3305,-8.19314,10.933014,2 (Jazz),jaah___jaah_000-tito_puente-airegin
3306,-7.806427,7.051069,2 (Jazz),jaah___jaah_001-sarah_vaughan-all_alone
3307,-7.2258267,12.913469,2 (Jazz),jaah___jaah_002-thelonious_monk-bags_groove
3308,-6.1158285,3.9199624,2 (Jazz),jaah___jaah_003-louis_armstrong_and_his_hot_seven-big_butter_and_egg_man_from_the_west
3309,-7.330017,9.491112,2 (Jazz),jaah___jaah_004-dexter_gordon_quartet-bikini
3310,-3.2476254,7.4135647,2 (Jazz),jaah___jaah_005-duke_ellington_and_his_orchestra-black_and_tan_fantasy
3311,-4.160216,12.251691,2 (Jazz),jaah___jaah_006-jelly_roll_mortons_red_hot_peppers-black_bottom_stomp
3312,-4.247635,5.8019857,2 (Jazz),jaah___jaah_007-bessie_smith_james_p_johnson-black_water_blues
3313,27.959082,1.6307955,1 (Hip-Hop + Pop + HJDB),jaah___jaah_008-sonny_rollins-blue_7
3314,-5.7484336,8.971539,2 (Jazz),jaah___jaah_009-sidney_bechets_blue_note_jazzmen-blue_horizon
3315,-7.249924,4.0830092,2 (Jazz),jaah___jaah_010-duke_ellington_his_orchestra-blue_serge
3316,-7.585986,10.343344,2 (Jazz),jaah___jaah_011-charlie_parker-blues_for_alice
3317,-8.321101,11.693156,2 (Jazz),jaah___jaah_012-stan_getz_jj_johnson-blues_in_the_closet
3318,-7.0434237,11.512969,2 (Jazz),jaah___jaah_013-the_benny_goodman_trio-body_and_soul
3319,-6.880165,7.9567347,2 (Jazz),jaah___jaah_014-coleman_hawkins_and_his_orchestra-body_and_soul
3320,-6.3659163,10.478505,2 (Jazz),jaah___jaah_015-miles_davis_nonet-boplicity
3321,-9.024151,11.86231,2 (Jazz),jaah___jaah_016-the_benny_goodman_sextet-breakfast_feud_composite_feat_charlie_christian
3322,-5.358044,7.6085505,2 (Jazz),jaah___jaah_017-duke_ellington_his_orchestra-concerto_for_cootie
3323,-5.6645417,8.534694,2 (Jazz),jaah___jaah_018-duke_ellington_his_orchestra-cotton_tail
3324,-3.9801462,14.546122,2 (Jazz),jaah___jaah_019-ella_fitzgerald_duke_ellington_orchestra-cotton_tail
3325,-8.003619,10.152837,2 (Jazz),jaah___jaah_020-charlie_parker-crazeology_take_4
3326,-7.019351,12.058294,2 (Jazz),jaah___jaah_021-the_clifford_brownmax_roach_quintet-daahoud
3327,-7.420362,9.816121,2 (Jazz),jaah___jaah_022-jelly_roll_mortons_red_hot_peppers-dead_man_blues
3328,-7.3146744,9.737509,2 (Jazz),jaah___jaah_023-dexter_gordon-dexter_rides_again
3329,-5.6279325,7.2052994,2 (Jazz),jaah___jaah_024-duke_ellington_his_orchestra-diminuendo_in_blue_and_crescendo_in_blue
3330,-5.5965714,7.13645,2 (Jazz),jaah___jaah_025-django_reinhardt-dinah
3331,-6.3917,9.395446,2 (Jazz),jaah___jaah_026-fats_waller_and_his_rhythm-dinah
3332,-5.7550735,8.973496,2 (Jazz),jaah___jaah_027-red_nichols_his_five_pennies-dinah
3333,-6.1563253,7.291014,2 (Jazz),jaah___jaah_028-king_olivers_creole_jazz_band-dippermouth_blues
3334,-6.3976274,11.522195,2 (Jazz),jaah___jaah_029-the_modern_jazz_quartet-django
3335,-8.817066,10.90769,2 (Jazz),jaah___jaah_030-count_basie_his_orchestra-doggin_around
3336,-5.693466,8.6314945,2 (Jazz),jaah___jaah_031-duke_ellington_his_orchestra-east_st_louis_toodleoo
3337,-8.011211,10.214897,2 (Jazz),jaah___jaah_032-charlie_parker_quintet-embraceable_you
3338,-5.5662847,6.771903,2 (Jazz),jaah___jaah_033-the_boswell_sisters-everybody_loves_my_baby
3339,-6.9285507,11.3141575,2 (Jazz),jaah___jaah_034-thelonious_monk-evidence
3340,-7.198602,8.614208,2 (Jazz),jaah___jaah_035-jimmie_lunceford_and_his_orchestra-for_dancers_only
3341,-8.741457,11.88307,2 (Jazz),jaah___jaah_036-woody_herman_and_his_orchestra-four_brothers
3342,-3.9349477,6.91691,2 (Jazz),jaah___jaah_037-jimmie_noones_apex_club_orchestra-four_or_five_times
3343,-5.559306,6.916333,2 (Jazz),jaah___jaah_038-bix_beiderbecke_paul_whiteman_and_his_orchestra-from_monday_on
3344,-3.2666945,13.680359,2 (Jazz),jaah___jaah_039-john_coltrane-giant_steps
3345,-9.354482,11.404914,2 (Jazz),jaah___jaah_040-stan_getz_joao_gilberto_antonio_carlos_jobim-the_girl_from_ipanema
3346,-5.081063,7.8779745,2 (Jazz),jaah___jaah_041-jelly_roll_mortons_red_hot_peppers-grandpas_spells
3347,-8.553577,12.487262,2 (Jazz),jaah___jaah_042-clark_terrybob_brookmeyer_quintet-haig_haig
3348,-6.9092293,6.5387464,2 (Jazz),jaah___jaah_043-eddie_lang_lonnie_johnson-a_handful_of_riffs
3349,-7.637943,9.479374,2 (Jazz),jaah___jaah_044-chick_webb_and_his_orchestra-harlem_congo
3350,-5.819681,7.063139,2 (Jazz),jaah___jaah_045-billie_holiday-hes_funny_that_way
3351,-8.353073,11.102777,2 (Jazz),jaah___jaah_046-benny_goodman_and_his_orchestra-honeysuckle_rose
3352,-5.3181987,8.071751,2 (Jazz),jaah___jaah_047-meade_lux_lewis-honky_tonk_train_blues
3353,15.678084,0.55599946,1 (Hip-Hop + Pop + HJDB),jaah___jaah_048-louis_armstrong_and_his_hot_five-hotter_than_that
3354,-8.268511,10.579095,2 (Jazz),jaah___jaah_049-the_chocolate_dandies-i_cant_believe_that_youre_in_love_with_me
3355,-8.756392,9.926704,2 (Jazz),jaah___jaah_050-dizzy_gillespie_sextet-i_cant_get_started
3356,-8.624653,12.188406,2 (Jazz),jaah___jaah_051-the_benny_goodman_sextet-i_found_a_new_baby_feat_charlie_christian_count_basie
3357,-4.2033935,7.760467,2 (Jazz),jaah___jaah_052-don_byas_slam_stewart-i_got_rhythm
3358,-26.735401,4.164653,4 (Classical),jaah___jaah_053-louis_armstrong_his_orchestra-i_gotta_right_to_sing_the_blues
3359,-8.187965,9.158394,2 (Jazz),jaah___jaah_054-duke_ellington_his_orchestra-in_a_mellotone
3360,-4.0687785,7.5205975,2 (Jazz),jaah___jaah_055-bunks_brass_band-in_gloryland
3361,-6.190407,11.082127,2 (Jazz),jaah___jaah_056-bud_powell-indiana
3362,-11.244649,8.558945,2 (Jazz),jaah___jaah_057-duke_ellington_and_his_orchestra-isfahan
3363,-20.958235,-1.8503126,4 (Classical),jaah___jaah_058-jelly_roll_morton-king_porter_stomp
3364,-5.1191716,7.7460856,2 (Jazz),jaah___jaah_059-duke_ellington_and_his_famous_orchestra-koko
3365,-7.5896597,11.040445,2 (Jazz),jaah___jaah_060-tadd_dameron_sextet-lady_bird
3366,-8.33883,10.169125,2 (Jazz),jaah___jaah_061-count_basie_and_the_kansas_city_7-lester_leaps_in
3367,-4.2709002,6.292349,2 (Jazz),jaah___jaah_062-original_dixieland_jazz_band-livery_stable_blues
3368,-4.7977533,6.009706,2 (Jazz),jaah___jaah_063-bessie_smith-lost_your_head_blues
3369,-4.4490676,7.677684,2 (Jazz),jaah___jaah_064-dizzy_gillespie_and_his_orchestra-manteca
3370,-2.1933846,7.849059,2 (Jazz),jaah___jaah_065-new_orleans_feetwarmers-maple_leaf_rag
3371,-3.7094555,7.8297133,2 (Jazz),jaah___jaah_066-anthony_braxton_muhal_richard_abrams-maple_leaf_rag
3372,-27.524014,-0.052171517,4 (Classical),jaah___jaah_067-dick_hyman-maple_leaf_rag
3373,-4.0169406,6.6704884,2 (Jazz),jaah___jaah_068-billie_holiday_teddy_wilson_and_his_orchestra-mean_to_me
3374,-4.7729874,7.8938684,2 (Jazz),jaah___jaah_069-quintette_du_hot_club_de_france-minor_swing
3375,-6.947693,11.197347,2 (Jazz),jaah___jaah_070-thelonious_monk_quartet-misterioso
3376,-8.674034,11.346791,2 (Jazz),jaah___jaah_071-art_blakey_the_jazz_messengers-moanin
3377,-5.387882,8.714295,2 (Jazz),jaah___jaah_072-bennie_moten_and_his_kansas_city_orchestra-moten_swing
3378,-7.687141,11.898054,2 (Jazz),jaah___jaah_073-john_coltrane_quartet-my_favorite_things_part_1_single_version
3379,-6.805154,3.9591715,2 (Jazz),jaah___jaah_074-duke_ellington_his_orchestra-the_new_east_st_louis_toodleoo
3380,-6.4517155,11.297838,2 (Jazz),jaah___jaah_075-bud_powell_trio-night_in_tunisia
3381,-7.7091346,10.130557,2 (Jazz),jaah___jaah_076-charlie_parker-oh_lady_be_good_feat_jazz_at_the_philharmonic
3382,-7.5547767,11.720023,2 (Jazz),jaah___jaah_077-art_blakey_the_jazz_messengers-one_by_one
3383,-8.237744,8.992344,2 (Jazz),jaah___jaah_078-count_basie_and_his_orchestra-one_oclock_jump
3384,-8.238776,10.070372,2 (Jazz),jaah___jaah_079-jimmie_lunceford_and_his_orchestra-organ_grinders_swing
3385,-8.164632,10.284276,2 (Jazz),jaah___jaah_080-charlie_parker_allstars-parkers_mood
3386,-7.816406,11.360239,2 (Jazz),jaah___jaah_081-sonny_rollins-pentup_house
3387,-7.436672,9.855095,2 (Jazz),jaah___jaah_082-louis_armstrong_and_his_hot_five-potato_head_blues
3388,-6.783948,9.159648,2 (Jazz),jaah___jaah_083-frankie_trumbauer_and_his_orchestra-riverboat_shuffle
3389,-8.104761,10.240449,2 (Jazz),jaah___jaah_084-gene_krupa_and_his_orchestra-rockin_chair
3390,-7.3215346,11.761271,2 (Jazz),jaah___jaah_085-the_george_shearing_quintet-september_in_the_rain
3391,-7.664609,9.896627,2 (Jazz),jaah___jaah_086-dizzy_gillespie_his_all_stars-shaw_nuff
3392,-7.4808846,9.317793,2 (Jazz),jaah___jaah_087-frankie_trumbauer_and_his_orchestra-singin_the_blues_til_my_daddy_comes_home
3393,-4.6826,5.832298,2 (Jazz),jaah___jaah_088-bessie_smith_louis_armstrong-st_louis_blues
3394,4.955468,11.30377,3 (Rock + Pop),jaah___jaah_089-sonny_rollins-st_thomas
3395,-6.919711,9.77302,2 (Jazz),jaah___jaah_090-louis_armstrong_ella_fitzgerald-stompin_at_the_savoy
3396,-7.6034613,9.445986,2 (Jazz),jaah___jaah_091-louis_armstrong_and_his_hot_five-struttin_with_some_barbecue
3397,-7.08546,10.810065,2 (Jazz),jaah___jaah_092-lennie_tristano-subconscious_lee
3398,-10.00694,10.758939,2 (Jazz),jaah___jaah_093-miles_davis_gil_evans-summertime
3399,-3.5652466,5.4743543,2 (Jazz),jaah___jaah_094-louis_armstrong_his_orchestra-sweethearts_on_parade
3400,-8.155868,9.931952,2 (Jazz),jaah___jaah_095-louis_armstrong_and_his_orchestra-swing_that_music
3401,-2.9671483,6.6033735,2 (Jazz),jaah___jaah_096-eddie_condons_hot_shots-thats_a_serious_thing
3402,-3.9487553,14.195462,2 (Jazz),jaah___jaah_097-count_basie_octet-the_golden_bullet
3403,-4.4316735,7.645501,2 (Jazz),jaah___jaah_098-coleman_hawkins_quartet-the_man_i_love
3404,-7.7908216,12.189553,2 (Jazz),jaah___jaah_099-horace_silver_the_jazz_messengers-the_preacher
3405,-7.361271,9.434311,2 (Jazz),jaah___jaah_100-fletcher_henderson_and_his_orchestra-the_stampede
3406,-3.8037848,5.4271617,2 (Jazz),jaah___jaah_101-billie_holiday-these_foolish_things
3407,-8.374414,10.8102455,2 (Jazz),jaah___jaah_102-lucky_thompson_trio-tricroism
3408,-8.248697,10.322388,2 (Jazz),jaah___jaah_103-the_gerry_mulligan_quartet_chet_baker-walkin_shoes
3409,13.860845,0.48905092,1 + 3,jaah___jaah_104-herbie_hancock-watermelon_man
3410,-7.2782803,9.440629,2 (Jazz),jaah___jaah_105-louis_armstrong_earl_hines-weather_bird
3411,-6.6386924,11.438061,2 (Jazz),jaah___jaah_106-wes_montgomery-west_coast_blues_abridged
3412,-5.7066336,4.2922316,2 (Jazz),jaah___jaah_107-louis_armstrong_and_his_hot_five-west_end_blues
3413,-5.4517283,9.393903,2 (Jazz),jaah___jaah_108-lionel_hampton_and_his_orchestra-when_lights_are_low
3414,-6.3284664,10.293411,2 (Jazz),jaah___jaah_109-cannonball_adderley-work_song
3415,-7.042952,10.025832,2 (Jazz),jaah___jaah_110-sarah_vaughan-wrap_your_troubles_in_dreams
3416,-7.7263336,8.969451,2 (Jazz),jaah___jaah_111-fletcher_henderson_and_his_orchestra-wrappin_it_up
3417,-8.389941,10.93255,2 (Jazz),jaah___jaah_112-ella_fitzgerald-youd_be_so_nice_to_come_home_to
3418,-26.828197,2.6617246,4 (Classical),rwc___rwc_classical_CD1_01
3419,-28.2214,2.3117151,4 (Classical),rwc___rwc_classical_CD1_02
3420,-28.135176,2.3308892,4 (Classical),rwc___rwc_classical_CD1_03
3421,-23.919193,-4.305731,4 (Classical),rwc___rwc_classical_CD1_04
3422,-30.546,0.9863355,4 (Classical),rwc___rwc_classical_CD1_05
3423,-27.193464,-1.3303754,4 (Classical),rwc___rwc_classical_CD1_06
3424,-30.430662,1.6925322,4 (Classical),rwc___rwc_classical_CD2_01
3425,-27.044662,2.1503572,4 (Classical),rwc___rwc_classical_CD2_02
3426,-23.757248,2.115242,4 (Classical),rwc___rwc_classical_CD2_03
3427,-27.424921,2.8293414,4 (Classical),rwc___rwc_classical_CD2_04
3428,-19.808142,3.363453,4 (Classical),rwc___rwc_classical_CD2_05
3429,-30.231516,0.8161193,4 (Classical),rwc___rwc_classical_CD3_01
3430,-29.774426,2.0326862,4 (Classical),rwc___rwc_classical_CD3_02
3431,-30.963854,0.96560466,4 (Classical),rwc___rwc_classical_CD3_03
3432,-29.535572,1.956923,4 (Classical),rwc___rwc_classical_CD3_04
3433,-28.328905,2.7757492,4 (Classical),rwc___rwc_classical_CD3_05
3434,-30.90078,0.57588404,4 (Classical),rwc___rwc_classical_CD3_06
3435,-26.069016,0.48624492,4 (Classical),rwc___rwc_classical_CD3_07
3436,-23.742329,-1.1616373,4 (Classical),rwc___rwc_classical_CD4_01
3437,-30.12638,-0.68907976,4 (Classical),rwc___rwc_classical_CD4_02
3438,-23.087168,5.923096,4 (Classical),rwc___rwc_classical_CD4_03
3439,-21.889902,-1.1825671,4 (Classical),rwc___rwc_classical_CD4_04
3440,-23.364496,-1.8590109,4 (Classical),rwc___rwc_classical_CD4_05
3441,-23.689352,-0.26768073,4 (Classical),rwc___rwc_classical_CD4_06
3442,-22.941761,0.56503916,4 (Classical),rwc___rwc_classical_CD4_07
3443,-25.82193,-2.526537,4 (Classical),rwc___rwc_classical_CD4_08
3444,-22.95899,-2.165404,4 (Classical),rwc___rwc_classical_CD4_09
3445,-31.475384,-1.2123008,4 (Classical),rwc___rwc_classical_CD4_10
3446,-31.554972,-1.1278148,4 (Classical),rwc___rwc_classical_CD4_11
3447,-29.23906,2.957223,4 (Classical),rwc___rwc_classical_CD4_12
3448,-31.21857,-0.7524197,4 (Classical),rwc___rwc_classical_CD4_13
3449,-31.532515,-1.1782546,4 (Classical),rwc___rwc_classical_CD4_14
3450,-30.534365,-0.68226767,4 (Classical),rwc___rwc_classical_CD4_15
3451,-31.50346,-1.3745264,4 (Classical),rwc___rwc_classical_CD4_16
3452,-23.22481,0.27974668,4 (Classical),rwc___rwc_classical_CD5_01
3453,-23.82477,-2.1434417,4 (Classical),rwc___rwc_classical_CD5_02
3454,-23.084362,1.1857958,4 (Classical),rwc___rwc_classical_CD5_03
3455,-21.098185,2.551153,4 (Classical),rwc___rwc_classical_CD5_04
3456,-21.425325,2.2302313,4 (Classical),rwc___rwc_classical_CD5_05
3457,-25.460506,-1.311444,4 (Classical),rwc___rwc_classical_CD5_06
3458,-29.173248,-1.0870711,4 (Classical),rwc___rwc_classical_CD5_07
3459,-26.91797,0.024291398,4 (Classical),rwc___rwc_classical_CD5_08
3460,-22.696955,-3.440157,4 (Classical),rwc___rwc_classical_CD5_09
3461,-20.65899,3.0127807,4 (Classical),rwc___rwc_classical_CD5_10
3462,-20.569105,2.8836896,4 (Classical),rwc___rwc_classical_CD5_11
3463,-20.591522,2.8775988,4 (Classical),rwc___rwc_classical_CD5_12
3464,-30.406654,1.9297799,4 (Classical),rwc___rwc_classical_CD6_01
3465,-28.857828,3.1127393,4 (Classical),rwc___rwc_classical_CD6_02
3466,-25.180494,2.0810752,4 (Classical),rwc___rwc_classical_CD6_03
3467,-30.128546,2.3667405,4 (Classical),rwc___rwc_classical_CD6_04
3468,-21.143167,4.3651924,4 (Classical),rwc___rwc_classical_CD6_05
3469,-25.778122,-4.366753,4 (Classical),rwc___rwc_classical_CD6_06
3470,-26.632029,0.46983385,4 (Classical),rwc___rwc_classical_CD6_07
3471,-21.564838,1.8085009,4 (Classical),rwc___rwc_classical_CD6_08
3472,-25.325603,3.2202713,4 (Classical),rwc___rwc_classical_CD6_09
3473,-23.859983,-5.637154,4 (Classical),rwc___rwc_classical_CD6_10
3474,-24.043358,-4.998356,4 (Classical),rwc___rwc_classical_CD6_11
3475,-21.376036,-0.30531073,4 (Classical),rwc___rwc_classical_CD6_12
3476,-23.146639,-4.9845133,4 (Classical),rwc___rwc_classical_CD6_13
3477,-21.358986,-1.9488761,4 (Classical),rwc___rwc_classical_CD6_14
3478,-23.812616,-5.659647,4 (Classical),rwc___rwc_classical_CD6_15
3479,-22.569815,-2.5438972,4 (Classical),rwc___rwc_jazz_CD1_01
3480,-21.160261,1.9688338,4 (Classical),rwc___rwc_jazz_CD1_02
3481,-27.531088,-0.25639322,4 (Classical),rwc___rwc_jazz_CD1_03
3482,-28.089357,0.036699194,4 (Classical),rwc___rwc_jazz_CD1_04
3483,-25.402449,-0.7227473,4 (Classical),rwc___rwc_jazz_CD1_05
3484,-24.816761,3.0470712,4 (Classical),rwc___rwc_jazz_CD1_06
3485,-20.429747,-1.4243213,4 (Classical),rwc___rwc_jazz_CD1_07
3486,-20.345964,-1.0500351,4 (Classical),rwc___rwc_jazz_CD1_08
3487,-20.297323,-1.004952,4 (Classical),rwc___rwc_jazz_CD1_09
3488,-25.073927,-2.610425,4 (Classical),rwc___rwc_jazz_CD1_10
3489,-23.18305,-2.4400783,4 (Classical),rwc___rwc_jazz_CD1_11
3490,-26.710175,-3.3507318,4 (Classical),rwc___rwc_jazz_CD1_12
3491,-29.2055,-4.2275977,4 (Classical),rwc___rwc_jazz_CD1_13
3492,-24.828922,2.8774147,4 (Classical),rwc___rwc_jazz_CD1_14
3493,-24.925377,2.479837,4 (Classical),rwc___rwc_jazz_CD1_15
3494,-6.9113965,12.081888,2 (Jazz),rwc___rwc_jazz_CD2_01
3495,-7.091225,11.813367,2 (Jazz),rwc___rwc_jazz_CD2_02
3496,-6.540439,12.193545,2 (Jazz),rwc___rwc_jazz_CD2_03
3497,-6.4788804,12.171304,2 (Jazz),rwc___rwc_jazz_CD2_04
3498,-20.265821,2.4705021,4 (Classical),rwc___rwc_jazz_CD2_05
3499,-6.8766923,12.118823,2 (Jazz),rwc___rwc_jazz_CD2_06
3500,-7.2194,11.689589,2 (Jazz),rwc___rwc_jazz_CD2_07
3501,-7.383122,12.06719,2 (Jazz),rwc___rwc_jazz_CD2_08
3502,-10.616146,11.036258,2 (Jazz),rwc___rwc_jazz_CD2_09
3503,-6.951294,11.98531,2 (Jazz),rwc___rwc_jazz_CD2_10
3504,-6.518734,10.3852005,2 (Jazz),rwc___rwc_jazz_CD3_01
3505,-10.287621,9.10639,2 (Jazz),rwc___rwc_jazz_CD3_02
3506,-6.5486526,10.390509,2 (Jazz),rwc___rwc_jazz_CD3_03
3507,-7.6706767,11.595393,2 (Jazz),rwc___rwc_jazz_CD3_04
3508,-10.01234,8.5744915,2 (Jazz),rwc___rwc_jazz_CD3_05
3509,-6.998888,11.938162,2 (Jazz),rwc___rwc_jazz_CD3_06
3510,-6.9843397,11.648929,2 (Jazz),rwc___rwc_jazz_CD3_07
3511,-6.3223004,12.233762,2 (Jazz),rwc___rwc_jazz_CD3_08
3512,-6.9430137,12.899938,2 (Jazz),rwc___rwc_jazz_CD3_09
3513,-10.264036,9.454926,2 (Jazz),rwc___rwc_jazz_CD3_10
3514,-6.8526716,10.759406,2 (Jazz),rwc___rwc_jazz_CD4_01
3515,-6.827264,11.873189,2 (Jazz),rwc___rwc_jazz_CD4_02
3516,-9.214456,8.034809,2 (Jazz),rwc___rwc_jazz_CD4_03
3517,-2.5217605,8.882691,2 (Jazz),rwc___rwc_jazz_CD4_04
3518,-7.4673147,12.327804,2 (Jazz),rwc___rwc_jazz_CD4_05
3519,-2.8474774,8.940937,2 (Jazz),rwc___rwc_jazz_CD4_06
3520,-0.8159394,7.7369795,2 + 3,rwc___rwc_jazz_CD4_07
3521,-6.324075,12.122445,2 (Jazz),rwc___rwc_jazz_CD4_08
3522,-0.90786994,8.236881,2 + 3,rwc___rwc_jazz_CD4_09
3523,5.114626,5.8757596,3 (Rock + Pop),rwc___rwc_jazz_CD4_10
3524,5.387701,6.5201693,3 (Rock + Pop),rwc___rwc_jazz_CD4_11
3525,-2.4849086,8.758676,2 (Jazz),rwc___rwc_jazz_CD4_12
3526,-0.7182426,7.6176515,2 + 3,rwc___rwc_jazz_CD4_13
3527,4.142134,8.777917,3 (Rock + Pop),rwc___rwc_jazz_CD4_14
3528,-3.8766105,13.134738,2 (Jazz),rwc___rwc_jazz_CD4_15
3529,8.45811,5.7060122,3 (Rock + Pop),rwc___rwc_popular_CD1_01
3530,-11.956023,-2.603915,2 (Jazz),rwc___rwc_popular_CD1_02
3531,6.4007335,-4.6011596,3 (Rock + Pop),rwc___rwc_popular_CD1_03
3532,13.736029,-2.6370218,1 (Hip-Hop + Pop + HJDB),rwc___rwc_popular_CD1_04
3533,7.1035943,4.825894,3 (Rock + Pop),rwc___rwc_popular_CD1_05
3534,9.978973,-3.4500585,3 (Rock + Pop),rwc___rwc_popular_CD1_06
3535,1.6774546,12.268344,3 (Rock + Pop),rwc___rwc_popular_CD1_07
3536,8.601446,4.5136395,3 (Rock + Pop),rwc___rwc_popular_CD1_08
3537,8.885486,5.9566917,3 (Rock + Pop),rwc___rwc_popular_CD1_09
3538,9.748826,1.5016786,3 (Rock + Pop),rwc___rwc_popular_CD1_10
3539,8.097435,-9.308929,1 + 3,rwc___rwc_popular_CD1_11
3540,3.8389888,4.2069163,3 (Rock + Pop),rwc___rwc_popular_CD1_12
3541,8.650928,4.684906,3 (Rock + Pop),rwc___rwc_popular_CD1_13
3542,5.7053423,1.6409441,3 (Rock + Pop),rwc___rwc_popular_CD1_14
3543,10.089026,7.9661365,3 (Rock + Pop),rwc___rwc_popular_CD1_15
3544,0.1955651,6.62589,2 + 3,rwc___rwc_popular_CD1_16
3545,1.2088808,6.6683,3 (Rock + Pop),rwc___rwc_popular_CD2_01
3546,6.079496,6.0101433,3 (Rock + Pop),rwc___rwc_popular_CD2_02
3547,9.16481,6.709172,3 (Rock + Pop),rwc___rwc_popular_CD2_03
3548,8.9828415,0.48581538,3 (Rock + Pop),rwc___rwc_popular_CD2_04
3549,0.85370255,4.2080336,3 (Rock + Pop),rwc___rwc_popular_CD2_05
3550,12.185212,2.5840034,3 (Rock + Pop),rwc___rwc_popular_CD2_06
3551,2.4330606,3.5736988,3 (Rock + Pop),rwc___rwc_popular_CD2_07
3552,10.397918,1.0178922,3 (Rock + Pop),rwc___rwc_popular_CD2_08
3553,7.5688214,-8.474901,3 (Rock + Pop),rwc___rwc_popular_CD2_09
3554,13.659451,-0.59602964,1 + 3,rwc___rwc_popular_CD2_10
3555,8.431866,-8.164429,1 + 3,rwc___rwc_popular_CD2_11
3556,8.947053,-5.4611063,3 (Rock + Pop),rwc___rwc_popular_CD2_12
3557,20.292767,-12.762296,1 (Hip-Hop + Pop + HJDB),rwc___rwc_popular_CD2_13
3558,15.631624,-11.33009,1 (Hip-Hop + Pop + HJDB),rwc___rwc_popular_CD2_14
3559,10.630555,-4.0131755,1 + 3,rwc___rwc_popular_CD2_15
3560,9.033269,6.7569256,3 (Rock + Pop),rwc___rwc_popular_CD2_16
3561,3.8845532,3.590443,3 (Rock + Pop),rwc___rwc_popular_CD3_01
3562,1.3189595,7.2706704,3 (Rock + Pop),rwc___rwc_popular_CD3_02
3563,7.288439,6.2236,3 (Rock + Pop),rwc___rwc_popular_CD3_03
3564,8.627403,6.9742594,3 (Rock + Pop),rwc___rwc_popular_CD3_04
3565,8.191273,6.886582,3 (Rock + Pop),rwc___rwc_popular_CD3_05
3566,5.56039,5.741599,3 (Rock + Pop),rwc___rwc_popular_CD3_06
3567,2.010618,1.3400791,3 (Rock + Pop),rwc___rwc_popular_CD3_07
3568,5.9110227,7.411969,3 (Rock + Pop),rwc___rwc_popular_CD3_08
3569,6.967657,9.612982,3 (Rock + Pop),rwc___rwc_popular_CD3_09
3570,12.485259,2.3454003,3 (Rock + Pop),rwc___rwc_popular_CD3_10
3571,5.673306,4.933389,3 (Rock + Pop),rwc___rwc_popular_CD3_11
3572,5.02583,2.7979922,3 (Rock + Pop),rwc___rwc_popular_CD3_12
3573,1.2488394,3.4349241,3 (Rock + Pop),rwc___rwc_popular_CD3_13
3574,3.8357124,-1.6201751,3 (Rock + Pop),rwc___rwc_popular_CD3_14
3575,7.8725257,4.4935274,3 (Rock + Pop),rwc___rwc_popular_CD3_15
3576,10.069214,-6.0975523,1 + 3,rwc___rwc_popular_CD3_16
3577,5.951134,4.476194,3 (Rock + Pop),rwc___rwc_popular_CD4_01
3578,3.466582,7.721729,3 (Rock + Pop),rwc___rwc_popular_CD4_02
3579,5.6206803,2.0444703,3 (Rock + Pop),rwc___rwc_popular_CD4_03
3580,6.09678,5.931533,3 (Rock + Pop),rwc___rwc_popular_CD4_04
3581,6.719476,0.30526218,3 (Rock + Pop),rwc___rwc_popular_CD4_05
3582,3.1917427,1.7257327,3 (Rock + Pop),rwc___rwc_popular_CD4_06
3583,6.5480027,2.4318018,3 (Rock + Pop),rwc___rwc_popular_CD4_07
3584,8.681478,2.1965551,3 (Rock + Pop),rwc___rwc_popular_CD4_08
3585,7.190005,-8.660934,3 (Rock + Pop),rwc___rwc_popular_CD4_09
3586,6.8467994,6.697671,3 (Rock + Pop),rwc___rwc_popular_CD4_10
3587,6.0317693,-5.290717,3 (Rock + Pop),rwc___rwc_popular_CD4_11
3588,13.27622,1.3651322,3 (Rock + Pop),rwc___rwc_popular_CD4_12
3589,19.858076,-6.0582447,1 (Hip-Hop + Pop + HJDB),rwc___rwc_popular_CD4_13
3590,1.1615398,3.9949226,3 (Rock + Pop),rwc___rwc_popular_CD4_14
3591,13.759461,1.4681042,1 + 3,rwc___rwc_popular_CD4_15
3592,2.458406,0.7255909,3 (Rock + Pop),rwc___rwc_popular_CD4_16
3593,5.56775,-3.5613449,3 (Rock + Pop),rwc___rwc_popular_CD5_01
3594,7.552937,-7.863502,3 (Rock + Pop),rwc___rwc_popular_CD5_02
3595,-12.96165,7.1185994,2 (Jazz),rwc___rwc_popular_CD5_03
3596,5.4125977,-3.5373435,3 (Rock + Pop),rwc___rwc_popular_CD5_04
3597,-12.079344,11.003556,2 (Jazz),rwc___rwc_popular_CD5_05
3598,4.2400765,1.9728101,3 (Rock + Pop),rwc___rwc_popular_CD5_06
3599,5.09281,1.9492229,3 (Rock + Pop),rwc___rwc_popular_CD5_07
3600,1.4411337,-0.8130936,3 (Rock + Pop),rwc___rwc_popular_CD5_08
3601,5.2892184,5.2446156,3 (Rock + Pop),rwc___rwc_popular_CD5_09
3602,-1.4726528,-0.4786551,2 (Jazz),rwc___rwc_popular_CD5_10
3603,-10.989732,8.453126,2 (Jazz),rwc___rwc_popular_CD5_11
3604,-15.05106,-1.0870194,2 + 4,rwc___rwc_popular_CD5_12
3605,-2.6011274,-1.9333847,2 (Jazz),rwc___rwc_popular_CD5_13
3606,-2.6722362,-0.548211,2 (Jazz),rwc___rwc_popular_CD5_14
3607,-2.8257773,-2.065968,2 (Jazz),rwc___rwc_popular_CD5_15
3608,-2.933347,-2.7856393,2 (Jazz),rwc___rwc_popular_CD5_16
3609,8.992678,-8.654569,1 + 3,rwc___rwc_popular_CD6_01
3610,8.387456,5.8130517,3 (Rock + Pop),rwc___rwc_popular_CD6_02
3611,-2.426627,-0.16524114,2 (Jazz),rwc___rwc_popular_CD6_03
3612,12.060513,3.7241054,3 (Rock + Pop),rwc___rwc_popular_CD6_04
3613,10.801384,-2.4197626,3 (Rock + Pop),rwc___rwc_popular_CD6_05
3614,3.484021,-0.2689661,3 (Rock + Pop),rwc___rwc_popular_CD6_06
3615,3.229067,-1.7280538,3 (Rock + Pop),rwc___rwc_popular_CD6_07
3616,12.130428,3.5391083,3 (Rock + Pop),rwc___rwc_popular_CD6_08
3617,1.6445379,6.7731013,3 (Rock + Pop),rwc___rwc_popular_CD6_09
3618,7.8800654,5.678152,3 (Rock + Pop),rwc___rwc_popular_CD6_10
3619,22.144323,-5.809296,1 (Hip-Hop + Pop + HJDB),rwc___rwc_popular_CD7_01
3620,22.87188,-7.189407,1 (Hip-Hop + Pop + HJDB),rwc___rwc_popular_CD7_02
3621,-0.17570421,8.128747,2 + 3,rwc___rwc_popular_CD7_03
3622,5.9170184,0.092829116,3 (Rock + Pop),rwc___rwc_popular_CD7_04
3623,9.365681,5.9392548,3 (Rock + Pop),rwc___rwc_popular_CD7_05
3624,1.0132343,8.9017105,3 (Rock + Pop),rwc___rwc_popular_CD7_06
3625,8.146236,-5.9595084,3 (Rock + Pop),rwc___rwc_popular_CD7_07
3626,6.399015,6.2659135,3 (Rock + Pop),rwc___rwc_popular_CD7_08
3627,-0.37489727,-1.8063926,2 + 3,rwc___rwc_popular_CD7_09
3628,4.83187,3.8313577,3 (Rock + Pop),rwc___rwc_popular_CD7_10
3629,-4.3991,2.0017061,2 (Jazz),rwc___rwc_royalty-free_CD1_01
3630,-12.916604,6.951109,2 (Jazz),rwc___rwc_royalty-free_CD1_02
3631,-1.8901147,-5.0989676,2 (Jazz),rwc___rwc_royalty-free_CD1_03
3632,-20.68258,1.8657221,4 (Classical),rwc___rwc_royalty-free_CD1_04
3633,2.087201,-3.8112586,3 (Rock + Pop),rwc___rwc_royalty-free_CD1_05
3634,1.9825616,-3.9794157,3 (Rock + Pop),rwc___rwc_royalty-free_CD1_06
3635,-12.827531,7.150207,2 (Jazz),rwc___rwc_royalty-free_CD1_07
3636,1.8145725,0.94095623,3 (Rock + Pop),rwc___rwc_royalty-free_CD1_08
3637,2.0738578,-0.99449956,3 (Rock + Pop),rwc___rwc_royalty-free_CD1_09
3638,10.981157,-2.2593606,3 (Rock + Pop),rwc___rwc_royalty-free_CD1_10
3639,1.3886861,4.0098906,3 (Rock + Pop),rwc___rwc_royalty-free_CD1_11
3640,-1.3232819,8.119472,2 + 3,rwc___rwc_royalty-free_CD1_12
3641,-16.986298,3.3023708,2 + 4,rwc___rwc_royalty-free_CD1_13
3642,3.4394517,-2.866424,3 (Rock + Pop),rwc___rwc_royalty-free_CD1_14
3643,-1.2956309,-5.5021114,2 (Jazz),rwc___rwc_royalty-free_CD1_15
3644,-8.290463,-1.8184128,2 (Jazz),simac___simac_A_vida_me_fez_assim_01-Acalanto
3645,-8.886268,-0.76587677,2 (Jazz),simac___simac_A_vida_me_fez_assim_02-Viver
3646,-8.767811,-0.6796759,2 (Jazz),simac___simac_A_vida_me_fez_assim_03-candeeiro
3647,-8.221118,-1.2394962,2 (Jazz),simac___simac_A_vida_me_fez_assim_04-O_passar_dos_anos
3648,-8.598659,-1.0550153,2 (Jazz),simac___simac_A_vida_me_fez_assim_05-Ja_era_(Palavra)
3649,-8.4939375,-1.2886331,2 (Jazz),simac___simac_A_vida_me_fez_assim_06-Peito_sangrando
3650,-6.7048817,-1.2254,2 (Jazz),simac___simac_A_vida_me_fez_assim_07-A_borboleta_e_o_passarinho
3651,-8.513419,-0.8593073,2 (Jazz),simac___simac_A_vida_me_fez_assim_08-Pedro_e_Tereza
3652,-9.028998,-0.7653046,2 (Jazz),simac___simac_A_vida_me_fez_assim_09-Um_calo_de_estimacao
3653,-8.337948,-0.6167035,2 (Jazz),simac___simac_A_vida_me_fez_assim_10-Sorri
3654,-8.700938,-1.6399728,2 (Jazz),simac___simac_A_vida_me_fez_assim_11-Quantas_lagrimas
3655,-8.387253,-1.1946588,2 (Jazz),simac___simac_A_vida_me_fez_assim_12-Lavoura
3656,-8.619976,-1.0116605,2 (Jazz),simac___simac_A_vida_me_fez_assim_13-Ana_agua_do_rio_A_vida_me_fez_assim
3657,-8.648538,-1.1983894,2 (Jazz),simac___simac_A_vida_me_fez_assim_14-Embala_eu_Samba_de_roda
3658,-8.72867,-1.7523402,2 (Jazz),simac___simac_A_vida_me_fez_assim_15-Portela
3659,-11.783721,-6.349329,2 (Jazz),simac___simac_Albedo_0.39_01-Pulstar
3660,-10.638086,-7.157806,2 (Jazz),simac___simac_Albedo_0.39_04-Main_Sequence
3661,-11.4025955,-7.9082828,2 (Jazz),simac___simac_Albedo_0.39_06-Alpha
3662,-10.0441,-3.1728325,2 (Jazz),simac___simac_Alfagamabetizado_02-Pandeiro-Deiro
3663,-7.862812,-6.755785,2 (Jazz),simac___simac_Alfagamabetizado_03-Covered_Saints
3664,-7.218532,-7.0106,2 (Jazz),simac___simac_Alfagamabetizado_04-Cumplicidade_de_Armario
3665,-9.703909,-6.231847,2 (Jazz),simac___simac_Alfagamabetizado_05-Argila
3666,-7.9189773,-7.267894,2 (Jazz),simac___simac_Alfagamabetizado_06-Tour
3667,-9.914486,-2.5858736,2 (Jazz),simac___simac_Alfagamabetizado_07-Bog_La_Bag
3668,-10.116083,-2.7185774,2 (Jazz),simac___simac_Alfagamabetizado_08-O_Bode
3669,-9.89277,-3.8100026,2 (Jazz),simac___simac_Alfagamabetizado_09-Comunidade-Lobos
3670,5.432401,-6.9529967,3 (Rock + Pop),simac___simac_Alfagamabetizado_10-Frases_Ventias
3671,-9.728841,-3.122725,2 (Jazz),simac___simac_Alfagamabetizado_11-Quixabeira
3672,-7.595228,-7.14028,2 (Jazz),simac___simac_Alfagamabetizado_12-Seo_Ze
3673,-9.750869,-7.0463696,2 (Jazz),simac___simac_Alfagamabetizado_13-Mares_de_Ti
3674,-9.507099,-1.2599008,2 (Jazz),simac___simac_Alfagamabetizado_14-Zanza
3675,-7.881969,-7.179366,2 (Jazz),simac___simac_Alfagamabetizado_15-A_Namorada
3676,-8.807563,-2.9015884,2 (Jazz),simac___simac_Alfagamabetizado_16-Vanju_Concessa
3677,23.35834,-8.600834,1 (Hip-Hop + Pop + HJDB),simac___simac_Amber_01-Foil
3678,22.098118,-10.150704,1 (Hip-Hop + Pop + HJDB),simac___simac_Amber_02-Montreal
3679,-10.061017,-7.1330748,2 (Jazz),simac___simac_Amber_03-Silverside
3680,-8.900322,-8.50565,2 (Jazz),simac___simac_Amber_04-Slip
3681,22.688873,-9.085628,1 (Hip-Hop + Pop + HJDB),simac___simac_Amber_05-Glitch
3682,20.711895,-11.262922,1 (Hip-Hop + Pop + HJDB),simac___simac_Amber_06-Piezo
3683,-11.080666,-8.204944,2 (Jazz),simac___simac_Amber_08-Further
3684,-10.006455,-7.807707,2 (Jazz),simac___simac_Amber_10-Nil
3685,-10.139933,-7.4093976,2 (Jazz),simac___simac_Amber_11-Teartear
3686,-6.670917,-3.8094199,2 (Jazz),simac___simac_As_Time_Goes_By_01-as_time_goes_by
3687,-5.8185396,-2.5881774,2 (Jazz),simac___simac_As_Time_Goes_By_02-manhattan
3688,-5.741973,6.246732,2 (Jazz),simac___simac_As_Time_Goes_By_03-blue_moon
3689,-4.2388678,5.8541036,2 (Jazz),simac___simac_As_Time_Goes_By_04-theres_a_small_hotel
3690,-0.46316233,2.3735993,2 + 3,simac___simac_As_Time_Goes_By_06-therell_be_some_changes_made
3691,-5.6690836,5.39753,2 (Jazz),simac___simac_As_Time_Goes_By_09-this_funny_world
3692,-7.486003,-4.187334,2 (Jazz),simac___simac_As_Time_Goes_By_10-i_used_to_be_colourblind
3693,-5.3746033,-2.7188914,2 (Jazz),simac___simac_As_Time_Goes_By_11-spring_is_here
3694,-5.3482614,5.419254,2 (Jazz),simac___simac_As_Time_Goes_By_12-i_could_write_a_book
3695,-4.159793,3.1764107,2 (Jazz),simac___simac_As_time_goes_by_disk_2_01-The_lady_is_a_tramp
3696,-4.354201,5.9781933,2 (Jazz),simac___simac_As_time_goes_by_disk_2_02-Ive_got_five_dollars
3697,-7.9207983,-4.265105,2 (Jazz),simac___simac_As_time_goes_by_disk_2_04-Life_is_beautiful
3698,-4.349573,6.5695853,2 (Jazz),simac___simac_As_time_goes_by_disk_2_06-You_took_advantage_on_me
3699,-4.7026596,-0.503942,2 (Jazz),simac___simac_As_time_goes_by_disk_2_08-My_romance
3700,-3.1262171,6.033254,2 (Jazz),simac___simac_As_time_goes_by_disk_2_11-Mountain_greenery
3701,-10.784353,-4.037912,2 (Jazz),simac___simac_As_time_goes_by_disk_2_13-Experiment
3702,-4.7950997,5.2511554,2 (Jazz),simac___simac_As_time_goes_by_disk_2_14-Isntit_romantic
3703,-10.173024,-6.1783338,2 (Jazz),simac___simac_As_time_goes_by_disk_3_01-One
3704,-3.8175442,6.0300636,2 (Jazz),simac___simac_As_time_goes_by_disk_3_02-I_wish_I_were_in_love_again
3705,-5.7792535,6.113828,2 (Jazz),simac___simac_As_time_goes_by_disk_3_05-This_cant_be_love
3706,-7.0910892,-3.4083338,2 (Jazz),simac___simac_As_time_goes_by_disk_3_06-Mr._Magic
3707,-5.472394,-2.9644802,2 (Jazz),simac___simac_As_time_goes_by_disk_3_07-Lover
3708,-6.089211,5.440355,2 (Jazz),simac___simac_As_time_goes_by_disk_3_08-Have_you_et_Miss_Jones
3709,-7.8634653,-4.5040536,2 (Jazz),simac___simac_As_time_goes_by_disk_3_09-All_mine
3710,-8.017616,-4.514254,2 (Jazz),simac___simac_As_time_goes_by_disk_3_10-Bridges
3711,-4.085711,6.5414534,2 (Jazz),simac___simac_As_time_goes_by_disk_3_11-You_swell
3712,-4.573637,5.6768837,2 (Jazz),simac___simac_As_time_goes_by_disk_3_12-My_heart_stood_still
3713,-4.2034245,5.8813305,2 (Jazz),simac___simac_As_time_goes_by_disk_3_13-The_most_beautiful_girl_in_the_world
3714,-17.052134,-4.466928,4 (Classical),simac___simac_BACH_WTC_01-Prelude_and_Fugue_No._1_in_C_major_BWV_870_-_1._Praeludium
3715,-18.19219,-5.1252136,4 (Classical),simac___simac_BACH_WTC_02-Prelude_and_Fugue_No._1_in_C_major_BWV_870_-_2._Fuga
3716,-16.442945,-4.9402604,4 (Classical),simac___simac_BACH_WTC_03-Prelude_and_Fugue_No._2_in_C_minor_BWV_871_-_1._Praeludium
3717,-19.350098,-4.7208767,4 (Classical),simac___simac_BACH_WTC_04-Prelude_and_Fugue_No._2_in_C_minor_BWV_871_-_2._Fuga
3718,-16.942833,-4.869044,4 (Classical),simac___simac_BACH_WTC_05-Prelude_and_Fugue_No._3_in_C-sharp_major_BWV_872_-_1._Praeludium
3719,-20.838797,-2.2403526,4 (Classical),simac___simac_BACH_WTC_06-Prelude_and_Fugue_No._3_in_C-sharp_major_BWV_872_-_2._Fuga
3720,-15.643195,-2.9369335,2 + 4,simac___simac_Bach_Bach_-_BWV_639_-_Ich_ruf_zu_dir_Herr_Jesu_Christ
3721,-14.559599,-4.8974223,2 + 4,simac___simac_Bach_Bach_-_Cello_suite_1_G_-_01_Prelude
3722,-15.088711,-4.917329,2 + 4,simac___simac_Bach_Bach_-_Cello_suite_1_G_-_03_Courante
3723,-14.810514,-4.861006,2 + 4,simac___simac_Bach_Bach_-_Cello_suite_2_d_-_01_Prelude
3724,-16.32716,-4.9714637,2 + 4,simac___simac_Bach_The_Well-Tempered_Clavier_II_(Disc_1)_08-Prelude_and_Fugue_No._4_in_C-sharp_minor_BWV_873_-_2._Fuga
3725,-20.136433,-2.794449,4 (Classical),simac___simac_Bach_The_Well-Tempered_Clavier_II_(Disc_1)_09-Prelude_and_Fugue_No._5_in_D_major_BWV_874_-_1._Praeludium
3726,-17.13585,-4.2204046,4 (Classical),simac___simac_Bach_The_Well-Tempered_Clavier_II_(Disc_1)_10-Prelude_and_Fugue_No._5_in_D_major_BWV_874_-_2._Fuga
3727,-16.333046,-5.0814548,2 + 4,simac___simac_Bach_The_Well-Tempered_Clavier_II_(Disc_1)_11-Prelude_and_Fugue_No._6_in_D_minor_BWV_875_-_1._Praeludium
3728,-16.634254,-4.861702,4 (Classical),simac___simac_Bach_The_Well-Tempered_Clavier_II_(Disc_1)_12-Prelude_and_Fugue_No._6_in_D_minor_BWV_875_-_2._Fuga
3729,-16.057364,-4.450886,2 + 4,simac___simac_Bach_The_Well-Tempered_Clavier_II_(Disc_1)_14-Prelude_and_Fugue_No._7_in_E-flat_major_BWV_876_-_2._Fuga
3730,-16.202356,-5.0508313,2 + 4,simac___simac_Bach_The_Well-Tempered_Clavier_II_(Disc_1)_15-Prelude_and_Fugue_No._8_in_D-sharp_minor_BWV_877_-_1._Praeludium
3731,-16.257965,-4.6349363,2 + 4,simac___simac_Bach_The_Well-Tempered_Clavier_II_(Disc_1)_16-Prelude_and_Fugue_No._8_in_D-sharp_minor_BWV_877_-_2._Fuga
3732,-17.056904,-4.906042,4 (Classical),simac___simac_Bach_The_Well-Tempered_Clavier_II_(Disc_1)_17-Prelude_and_Fugue_No._9_in_E_major_BWV_878_-_1._Praeludium
3733,-16.26306,-4.606591,2 + 4,simac___simac_Bach_The_Well-Tempered_Clavier_II_(Disc_1)_18-Prelude_and_Fugue_No._9_in_E_major_BWV_878_-_2._Fuga
3734,-16.241972,-4.9027877,2 + 4,simac___simac_Bach_The_Well-Tempered_Clavier_II_(Disc_1)_19-Prelude_and_Fugue_No._10_in_E_minor_BWV_879_-_1._Praeludium
3735,-16.906784,-4.988841,4 (Classical),simac___simac_Bach_The_Well-Tempered_Clavier_II_(Disc_1)_20-Prelude_and_Fugue_No._10_in_E_minor_BWV_879_-_2._Fuga
3736,-16.599659,-4.9360104,4 (Classical),simac___simac_Bach_The_Well-Tempered_Clavier_II_(Disc_1)_21-Prelude_and_Fugue_No._11_in_F_major_BWV_880_-_1._Praeludium
3737,-17.236841,-4.9215875,4 (Classical),simac___simac_Bach_The_Well-Tempered_Clavier_II_(Disc_1)_22-Prelude_and_Fugue_No._11_in_F_major_BWV_880_-_2._Fuga
3738,-17.165958,-4.6003513,4 (Classical),simac___simac_Bach_The_Well-Tempered_Clavier_II_(Disc_1)_23-Prelude_and_Fugue_No._12_in_F_minor_BWV_881_-_1._Praeludium
3739,-16.274565,-4.8564754,2 + 4,simac___simac_Bach_The_Well-Tempered_Clavier_II_(Disc_1)_24-Prelude_and_Fugue_No._12_in_F_minor_BWV_881_-_2._Fuga
3740,-17.211704,-4.978539,4 (Classical),simac___simac_Bach_The_Well-Tempered_Clavier_II_(Disc_2)_01-Prelude_and_Fugue_No._13_F-sharp_major_BWV_882_-_1._Praeludium
3741,-16.674778,-4.8820114,4 (Classical),simac___simac_Bach_The_Well-Tempered_Clavier_II_(Disc_2)_02-Prelude_and_Fugue_No._13_F-sharp_major_BWV_882_-_2._Fuga
3742,-16.452162,-4.0996313,4 (Classical),simac___simac_Bach_The_Well-Tempered_Clavier_II_(Disc_2)_03-Prelude_and_Fugue_No._14_F-sharp_minor_BWV_883_-_1._Praeludium
3743,-15.792859,-4.5443835,2 + 4,simac___simac_Bach_The_Well-Tempered_Clavier_II_(Disc_2)_04-Prelude_and_Fugue_No._14_F-sharp_minor_BWV_883_-_2._Fuga
3744,-15.950079,-4.828286,2 + 4,simac___simac_Bach_The_Well-Tempered_Clavier_II_(Disc_2)_05-Prelude_and_Fugue_No._15_G_major_BWV_884_-_1._Praeludium
3745,-22.23278,-2.1642747,4 (Classical),simac___simac_Bach_The_Well-Tempered_Clavier_II_(Disc_2)_07-Prelude_and_Fugue_No._16_G_minor_BWV_885_-_1._Praeludium
3746,-16.224586,-4.8887234,2 + 4,simac___simac_Bach_The_Well-Tempered_Clavier_II_(Disc_2)_08-Prelude_and_Fugue_No._16_G_minor_BWV_885_-_2._Fuga
3747,-16.651827,-4.7534914,4 (Classical),simac___simac_Bach_The_Well-Tempered_Clavier_II_(Disc_2)_09-Prelude_and_Fugue_No._17_A-flat_major_BWV_886_-_1._Praeludium
3748,-16.150015,-4.751688,2 + 4,simac___simac_Bach_The_Well-Tempered_Clavier_II_(Disc_2)_10-Prelude_and_Fugue_No._17_A-flats_major_BWV_886_-_2._Fuga
3749,-17.134893,-4.4895167,4 (Classical),simac___simac_Bach_The_Well-Tempered_Clavier_II_(Disc_2)_12-Prelude_and_Fugue_No._18_G-sharp_minor_BWV_887_-_2._Fuga
3750,-16.778904,-4.816177,4 (Classical),simac___simac_Bach_The_Well-Tempered_Clavier_II_(Disc_2)_13-Prelude_and_Fugue_No._19_A_major_BWV_888_-_1._Praeludium
3751,-16.669556,-4.896697,4 (Classical),simac___simac_Bach_The_Well-Tempered_Clavier_II_(Disc_2)_14-Prelude_and_Fugue_No._19_A_major_BWV_888_-_2._Fuga
3752,-17.163877,-4.7583222,4 (Classical),simac___simac_Bach_The_Well-Tempered_Clavier_II_(Disc_2)_15-Prelude_and_Fugue_No._20_A_minor_BWV_889_-_1._Praeludium
3753,-16.725746,-4.8396087,4 (Classical),simac___simac_Bach_The_Well-Tempered_Clavier_II_(Disc_2)_16-Prelude_and_Fugue_No._20_A_minor_BWV_889_-_2._Fuga
3754,-16.6361,-4.862763,4 (Classical),simac___simac_Bach_The_Well-Tempered_Clavier_II_(Disc_2)_18-Prelude_and_Fugue_No._21_B-flat_major_BWV_890_-_2._Fuga
3755,-16.695465,-4.8669095,4 (Classical),simac___simac_Bach_The_Well-Tempered_Clavier_II_(Disc_2)_19-Prelude_and_Fugue_No._22_B-flat_minor_BWV_891_-_1._Praeludium
3756,-18.27008,-4.8460646,4 (Classical),simac___simac_Bach_The_Well-Tempered_Clavier_II_(Disc_2)_20-Prelude_and_Fugue_No._22_B-flat_minor_BWV_891_-_2._Fuga
3757,-16.469782,-4.817809,4 (Classical),simac___simac_Bach_The_Well-Tempered_Clavier_II_(Disc_2)_21-Prelude_and_Fugue_No._23_B_major_BWV_892_-_1._Praeludium
3758,-16.532652,-4.776173,4 (Classical),simac___simac_Bach_The_Well-Tempered_Clavier_II_(Disc_2)_22-Prelude_and_Fugue_No._23_B_major_BWV_892_-_2._Fuga
3759,-16.559774,-4.8411326,4 (Classical),simac___simac_Bach_The_Well-Tempered_Clavier_II_(Disc_2)_23-Prelude_and_Fugue_No._24_B_minor_BWV_893_-_1._Praeludium
3760,-15.2248335,-5.770662,2 + 4,simac___simac_Beethoven_-_The_String_Quartets_#1_01-F_major_op._18_no._1_-_Allegro_con_brio
3761,-15.36395,-5.8604183,2 + 4,simac___simac_Beethoven_-_The_String_Quartets_#1_03-F_major_op._18_no._1_-_Scherzo._Allegro_molto
3762,-14.556417,-5.6506367,2 + 4,simac___simac_Beethoven_-_The_String_Quartets_#1_04-F_major_op._18_no._1_-_Allegro
3763,-19.81309,-5.492863,4 (Classical),simac___simac_Beethoven_-_The_String_Quartets_#1_05-G_major_op._18_no._2_-_Allegro
3764,-15.549413,-5.8682904,2 + 4,simac___simac_Beethoven_-_The_String_Quartets_#1_07-G_major_op._18_no._2_-_Scherzo._Allegro
3765,-15.331655,-5.9496145,2 + 4,simac___simac_Beethoven_-_The_String_Quartets_#1_08-G_major_op._18_no._2_-_Allegro_molto_quasi_Presto
3766,-17.431608,-5.593388,4 (Classical),simac___simac_Beethoven_-_The_String_Quartets_#1_09-D_major_op._18_no._3_-_Allegro
3767,-17.493998,-5.1359463,4 (Classical),simac___simac_Beethoven_-_The_String_Quartets_#1_10-D_major_op._18_no._3_-_Andante_con_moto
3768,-15.5029,-5.662401,2 + 4,simac___simac_Beethoven_-_The_String_Quartets_#1_12-D_major_op._18_no._3_-_Presto
3769,-14.803088,-5.620708,2 + 4,simac___simac_Beethoven_The_String_Quartets_-_CD_3_01-String_Quartet_No_7_Op_59_No_1_-_I_Allegro
3770,-15.804664,-5.974131,2 + 4,simac___simac_Beethoven_The_String_Quartets_-_CD_3_02-II_Allegretto_vivace_e_sempre_scherzando
3771,-14.104815,-5.824001,2 + 4,simac___simac_Beethoven_The_String_Quartets_-_CD_3_04-IV_Theme_russe-_Allegro
3772,-16.540123,-5.7821836,4 (Classical),simac___simac_Beethoven_The_String_Quartets_-_CD_3_07-III_Allegretto_-_Maggiore_(Theme_russe)
3773,-14.262314,-5.422377,2 + 4,simac___simac_Beethoven_The_String_Quartets_-_CD_3_08-IV_Finale-_Presto
3774,-13.013611,-4.448142,2 (Jazz),simac___simac_Bela_Bartok_01-The_Miraculous_Mandarin_1.1_Allegro_1.2_Curtain
3775,-14.391274,-3.8984756,2 + 4,simac___simac_Bela_Bartok_02-The_Miraculous_Mandarin_2_1st_Decoy_Game
3776,-26.521393,1.0644249,4 (Classical),simac___simac_Bela_Bartok_03-The_Miraculous_Mandarin_3_2nd_Decoy_Game
3777,-17.480728,-4.353788,4 (Classical),simac___simac_Bela_Bartok_05-The_Miraculous_Mandarin_5.1_Maestoso_5.2_Allegro
3778,-20.209023,1.8421807,4 (Classical),simac___simac_Bela_Bartok_06-The_Miraculous_Mandarin_6.1_Sempre_vivo_6.2_Adagio
3779,-18.846836,-3.6748717,4 (Classical),simac___simac_Bela_Bartok_07-The_Miraculous_Mandarin_7.1_Agitato_7.2_Molto_moderato
3780,-13.041348,-6.2665997,2 (Jazz),simac___simac_Bela_Bartok_09-Music_for_Strings_Percussion_and_Celesta_I_Andante_tranquillo
3781,-12.458581,-5.4857774,2 (Jazz),simac___simac_Bela_Bartok_11-Music_for_Strings_Percussion_and_Celesta_III_Adagio
3782,-18.13196,-3.8961668,4 (Classical),simac___simac_Bernstein_conducts_Stravinsky_01-Introduction_Part_1-_The_adoration_of_the_earth_
3783,-20.751427,0.525098,4 (Classical),simac___simac_Bernstein_conducts_Stravinsky_02-The_augurs_of_spring
3784,-13.25726,-4.9042892,2 (Jazz),simac___simac_Bernstein_conducts_Stravinsky_04-Spring_round_dances
3785,-13.706355,-4.8480196,2 (Jazz),simac___simac_Bernstein_conducts_Stravinsky_05-Games_of_the_rival_tribes
3786,-27.71684,3.8253727,4 (Classical),simac___simac_Bernstein_conducts_Stravinsky_06-Procession_of_the_wise_elder
3787,-12.765912,-5.2999883,2 (Jazz),simac___simac_Bernstein_conducts_Stravinsky_08-Dance_of_the_earth
3788,-18.480122,-3.9302568,4 (Classical),simac___simac_Bernstein_conducts_Stravinsky_10-Mystical_circles_of_the_young_girls
3789,-12.696398,-4.7759995,2 (Jazz),simac___simac_Bernstein_conducts_Stravinsky_11-Glorfication_of_the_chosen_victim
3790,-13.617471,-4.2124257,2 (Jazz),simac___simac_Bernstein_conducts_Stravinsky_12-Summoning_of_the_ancestors
3791,-12.486511,-4.8103666,2 (Jazz),simac___simac_Bernstein_conducts_Stravinsky_14-Sacrifical_dance-_the_chosen_victim
3792,-12.991303,-5.855699,2 (Jazz),simac___simac_Bernstein_conducts_Stravinsky_15-Petrouchka_scene_1_-_The_shrovetide_fair
3793,-20.937992,-2.525521,4 (Classical),simac___simac_Bernstein_conducts_Stravinsky_16-Legerdemain_scene-_Russian_danse
3794,-17.808449,-3.651924,4 (Classical),simac___simac_Bernstein_conducts_Stravinsky_17-Scene_2-_Petrushka_s_room
3795,-20.528202,-0.976861,4 (Classical),simac___simac_Bernstein_conducts_Stravinsky_19-Waltz_ballerina_and_the_moor
3796,-13.355054,-5.6937094,2 (Jazz),simac___simac_Bernstein_conducts_Stravinsky_20-Scene_4-_The_Shrovetie_fair_toward_evening_
3797,-14.474465,-4.993843,2 + 4,simac___simac_Bernstein_conducts_Stravinsky_21-Danse_of_the_nursemaids
3798,-19.076508,-3.5411308,4 (Classical),simac___simac_Bernstein_conducts_Stravinsky_22-The_bear_and_the_peasant
3799,-12.821873,-5.5480394,2 (Jazz),simac___simac_Bernstein_conducts_Stravinsky_23-The_jovial_merchant_with_two_gypsy_girls
3800,-12.916647,-5.488252,2 (Jazz),simac___simac_Bernstein_conducts_Stravinsky_24-Danse_of_the_coachmen_and_grooms
3801,-13.747359,-5.304755,2 (Jazz),simac___simac_Bernstein_conducts_Stravinsky_25-The_masqueraders
3802,-5.545072,4.892819,2 (Jazz),simac___simac_Billie_Holiday_CD1_01-Summertime
3803,-6.6311326,3.739304,2 (Jazz),simac___simac_Billie_Holiday_CD1_02-Carelessly
3804,-6.7844906,6.7196307,2 (Jazz),simac___simac_Billie_Holiday_CD1_06-Who_loves_you
3805,-5.8285456,4.5568495,2 (Jazz),simac___simac_Billie_Holiday_CD1_09-Lets_call_a_heart_to_heart
3806,-4.171212,5.432496,2 (Jazz),simac___simac_Billie_Holiday_CD1_14-Loverman
3807,-13.664335,-5.516712,2 (Jazz),simac___simac_Cafe_Zimmermann_01-3e_Concert_Brandebourgeois_en_sol_majeur_BWV_1048_-_Allegro_-_Adagio
3808,-13.585844,-5.5550923,2 (Jazz),simac___simac_Cafe_Zimmermann_02-3e_Concert_Brandebourgeois_en_sol_majeur_BWV_1048_-_Allegro
3809,-14.030395,-5.7165675,2 + 4,simac___simac_Cafe_Zimmermann_03-Concerto_pour_deux_violons_&_cordes_en_r_mineur_BWV_1043_-_Vivace
3810,-13.886887,-6.278409,2 + 4,simac___simac_Cafe_Zimmermann_04-Concerto_pour_deux_violons_&_cordes_en_r_mineur_BWV_1043_-_Largo_ma_non_tanto
3811,-13.862431,-5.5101004,2 + 4,simac___simac_Cafe_Zimmermann_05-Concerto_pour_deux_violons_&_cordes_en_r_mineur_BWV_1043_-_Allegro
3812,-13.66838,-5.890703,2 (Jazz),simac___simac_Cafe_Zimmermann_06-Suite_en_ut_majeur_BWV_1066_-_Ouverture
3813,-14.497126,-5.69833,2 + 4,simac___simac_Cafe_Zimmermann_07-Suite_en_ut_majeur_BWV_1066_-_Courante
3814,-14.121716,-5.5494957,2 + 4,simac___simac_Cafe_Zimmermann_08-Suite_en_ut_majeur_BWV_1066_-_OuvertureGavottes_I_&_II
3815,-13.353372,-5.477642,2 (Jazz),simac___simac_Cafe_Zimmermann_09-Suite_en_ut_majeur_BWV_1066_-_Forlane
3816,-14.608986,-5.651662,2 + 4,simac___simac_Cafe_Zimmermann_10-Suite_en_ut_majeur_BWV_1066_-_Menuets_I_&_II
3817,-13.362924,-5.4323936,2 (Jazz),simac___simac_Cafe_Zimmermann_11-Suite_en_ut_majeur_BWV_1066_-_Bourres_I_&_II
3818,-14.35506,-5.84138,2 + 4,simac___simac_Cafe_Zimmermann_13-Concerto_pour_hautbois_&_violon_en_ut_mineur_BWV_1060_-_Allegro
3819,-14.161671,-6.3723607,2 + 4,simac___simac_Cafe_Zimmermann_14-Concerto_pour_hautbois_&_violon_en_ut_mineur_BWV_1060_-_Adagio
3820,-14.230902,-5.6555357,2 + 4,simac___simac_Cafe_Zimmermann_15-Concerto_pour_hautbois_&_violon_en_ut_mineur_BWV_1060_-_Allegro
3821,-23.575384,-4.831142,4 (Classical),simac___simac_Chopin_Piano_Concerto_No._1_etc_01-I_Allegro_maestoso_risoluto
3822,-13.208307,-5.3739204,2 (Jazz),simac___simac_Chopin_Piano_Concerto_No._1_etc_03-III_Rondo_(Vivace)
3823,-8.535224,-2.795063,2 (Jazz),simac___simac_Clandestino_-_esperando_la_ultima_ola_01-Clandestino
3824,-8.4696665,-3.7948964,2 (Jazz),simac___simac_Clandestino_-_esperando_la_ultima_ola_02-Desaparecido
3825,-8.828915,-2.525333,2 (Jazz),simac___simac_Clandestino_-_esperando_la_ultima_ola_03-Bongo_bong
3826,-8.469419,-5.6624255,2 (Jazz),simac___simac_Clandestino_-_esperando_la_ultima_ola_04-Je_ne_t_aime_plus
3827,-9.006767,-6.444885,2 (Jazz),simac___simac_Clandestino_-_esperando_la_ultima_ola_05-Mentira
3828,-10.176262,-3.0900233,2 (Jazz),simac___simac_Clandestino_-_esperando_la_ultima_ola_06-Lagrimas_de_oro
3829,-17.234499,-5.202115,4 (Classical),simac___simac_Classic_Borodin_-_String_quartet_2_D_01
3830,-12.249023,-5.7853136,2 (Jazz),simac___simac_Classic_Pergolesi_-_Stabat_Mater_01
3831,-17.121634,-6.214735,4 (Classical),simac___simac_Classic_Pergolesi_-_Stabat_Mater_02
3832,-18.153801,-4.629327,4 (Classical),simac___simac_Classic_Track_01
3833,-11.706602,-6.046673,2 (Jazz),simac___simac_Classic_Track_04
3834,-12.881052,-6.28545,2 (Jazz),simac___simac_Classic_Vivaldi_-_Stabat_Mater_01
3835,-12.614051,-5.4345994,2 (Jazz),simac___simac_Classic_Vivaldi_-_Stabat_Mater_09
3836,-15.097613,-5.0294795,2 + 4,simac___simac_Concert_01-Concerto_en_La_Majeur_pour_deux_Violons_A_Scordatura_et_basse_continue._Affetuoso
3837,-15.195627,-5.7866335,2 + 4,simac___simac_Concert_02-2._Vivace
3838,-14.674783,-5.8432817,2 + 4,simac___simac_Concert_04-4._Bourre
3839,-15.647935,-6.1826406,2 + 4,simac___simac_Concert_06-2._Allegro
3840,-16.243902,-6.1033654,2 + 4,simac___simac_Concert_08-4._Allegro
3841,-17.068428,-5.9155097,4 (Classical),simac___simac_Concert_11-3._Dolce
3842,-15.926538,-5.7910995,2 + 4,simac___simac_Concert_12-4._Allegro
3843,-15.115851,-5.5111456,2 + 4,simac___simac_Concert_13-Concero_en_Sol_Mineur_pour_flute_a_bec_violons_et_basse_continue._Allegro
3844,-15.239868,-5.713677,2 + 4,simac___simac_Concert_15-3._Bourre
3845,-16.960243,-6.0113573,4 (Classical),simac___simac_Concert_16-4._Menuet
3846,-14.451883,-6.0406795,2 + 4,simac___simac_Concert_18-2._Allegro
3847,-17.651041,-6.242389,4 (Classical),simac___simac_Concert_19-3._Largo_e_staccato
3848,-15.239959,-5.8298697,2 + 4,simac___simac_Concert_22-2._Allegro
3849,-14.618496,-5.398401,2 + 4,simac___simac_Concert_24-4._Presto
3850,-12.283146,-6.3631077,2 (Jazz),simac___simac_DGG_419_047-2_02-Toccata_u._Fuge_d-moll_BWV_565_-_II_Fuge
3851,-11.794306,-6.1870465,2 (Jazz),simac___simac_DGG_419_047-2_03-Praludium_u._Fuge_f-moll_BWV_534_-_I_Praludium
3852,-11.667287,-6.192163,2 (Jazz),simac___simac_DGG_419_047-2_04-Praludium_u._Fuge_f-moll_BWV_534_-_II_Fuge
3853,-12.09959,-6.528682,2 (Jazz),simac___simac_DGG_419_047-2_06-Fantasie_u._Fuge_g-moll_BWV_542_-_II_Fuge
3854,-11.651266,-5.8460464,2 (Jazz),simac___simac_DGG_419_047-2_08-Toccata_Adagio_u._Fuge_C-dur_BWV_564_-_II_Adagio
3855,-12.5469675,-6.505076,2 (Jazz),simac___simac_DGG_419_047-2_09-Toccata_Adagio_u._Fuge_C-dur_BWV_564_-_III_Fuge
3856,-11.760086,-6.1446633,2 (Jazz),simac___simac_DGG_419_047-2_10-Triosonate_Nr._1_Es-Dur_BWV_525_-_I_(Allegro)
3857,-12.486053,-5.874076,2 (Jazz),simac___simac_DGG_419_047-2_11-Triosonate_Nr._1_Es-Dur_BWV_525_-_II_Adagio
3858,-11.892601,-6.090227,2 (Jazz),simac___simac_DGG_419_047-2_12-Triosonate_Nr._1_Es-Dur_BWV_525_-_III_Allegro
3859,-6.215842,3.9988894,2 (Jazz),simac___simac_Ella_&_Louis_01-Its_Only_A_Paper_Moon
3860,-6.0611167,3.8722684,2 (Jazz),simac___simac_Ella_&_Louis_02-We_Cant_Go_On_This_Way
3861,-6.155085,3.9281585,2 (Jazz),simac___simac_Ella_&_Louis_03-A_Tisket-A_Tasket
3862,-3.5478706,6.828192,2 (Jazz),simac___simac_Ella_&_Louis_04-Sing_Song_Swing
3863,-5.9097857,4.4490404,2 (Jazz),simac___simac_Ella_&_Louis_05-Youll_Have_To_Swing_It
3864,-12.9772005,-4.13641,2 (Jazz),simac___simac_Ella_&_Louis_07-Taking_A_Chance_On_Love
3865,-11.682009,-5.0405736,2 (Jazz),simac___simac_Ella_&_Louis_08-Flying_Home
3866,-12.186068,-4.866741,2 (Jazz),simac___simac_Ella_&_Louis_09-Oh_Lady_Be_Good
3867,-6.069804,4.0840993,2 (Jazz),simac___simac_Ella_&_Louis_10-Cow_Cow_Boogie
3868,-11.602311,-4.8461223,2 (Jazz),simac___simac_Ella_&_Louis_11-Oh_Johnny
3869,-11.505354,-4.5433846,2 (Jazz),simac___simac_Ella_&_Louis_12-Lover_Come_Back_To_Me
3870,-5.9197254,4.4439735,2 (Jazz),simac___simac_Ella_&_Louis_13-Holiday_In_Harlem
3871,-5.996051,5.6353774,2 (Jazz),simac___simac_Ella_&_Louis_14-Coochi_Coochi_Coo
3872,-5.799685,5.7666073,2 (Jazz),simac___simac_Ella_&_Louis_15-Billy
3873,-5.595134,5.5786324,2 (Jazz),simac___simac_Ella_&_Louis_16-If_You_Ever_Change_Your_Mind
3874,-4.9534283,7.2478037,2 (Jazz),simac___simac_Ella_&_Louis_17-Three_Little_Words
3875,-9.070666,-1.1595168,2 (Jazz),simac___simac_Eres_luz_01-Eres_luz_(Rumba)
3876,-9.005057,-1.4598107,2 (Jazz),simac___simac_Eres_luz_04-Como_tu_ninguna_(Rumba)
3877,-6.4484286,-3.2415595,2 (Jazz),simac___simac_Eres_luz_07-En_una_canasta_(Rumba-Tango)
3878,-9.086949,-1.7652931,2 (Jazz),simac___simac_Eres_luz_12-Genios_(Rumba-Cancion)
3879,-17.968279,-4.441277,4 (Classical),simac___simac_Eventail_05-Fandango
3880,-23.249813,-2.3852937,4 (Classical),simac___simac_Eventail_07_Romanza_Del_Pescador
3881,-13.577472,-6.771581,2 + 4,simac___simac_Eventail_09-Asturias
3882,-16.71504,-3.476047,4 (Classical),simac___simac_Eventail_10-Prld1
3883,-17.79196,-3.3872068,4 (Classical),simac___simac_Eventail_14-Prld5
3884,-10.7213745,-5.7566953,2 (Jazz),simac___simac_Fado_01-AudioTrack_01
3885,-11.535211,-4.587,2 (Jazz),simac___simac_Fado_02-AudioTrack_02
3886,-12.143273,-4.1612916,2 (Jazz),simac___simac_Fado_03-AudioTrack_03
3887,-7.31304,-3.3569348,2 (Jazz),simac___simac_Fado_04-AudioTrack_04
3888,-8.314601,-4.995269,2 (Jazz),simac___simac_Fado_05-AudioTrack_05
3889,-6.26821,-1.9764479,2 (Jazz),simac___simac_Fado_07-AudioTrack_07
3890,-6.460586,-3.7587035,2 (Jazz),simac___simac_Fado_08-AudioTrack_08
3891,-6.2416797,-2.7988176,2 (Jazz),simac___simac_Fado_09-AudioTrack_09
3892,-7.5401306,-0.75808436,2 (Jazz),simac___simac_Fado_10-AudioTrack_10
3893,-6.880304,-2.5746725,2 (Jazz),simac___simac_Fado_11-AudioTrack_11
3894,-10.085667,-4.148522,2 (Jazz),simac___simac_Family_Tree_-_Greatest_Hits_As_Chosen_By_Bjork_01-Venus_As_A_Boy
3895,-8.573848,-6.426207,2 (Jazz),simac___simac_Family_Tree_-_Greatest_Hits_As_Chosen_By_Bjork_02-Hyperballad
3896,-11.904378,-6.6440487,2 (Jazz),simac___simac_Family_Tree_-_Greatest_Hits_As_Chosen_By_Bjork_03-You_ve_Been_Flirting_Again
3897,-10.228016,-2.4311228,2 (Jazz),simac___simac_Family_Tree_-_Greatest_Hits_As_Chosen_By_Bjork_04-Isobel
3898,-10.819016,-8.771468,2 (Jazz),simac___simac_Family_Tree_-_Greatest_Hits_As_Chosen_By_Bjork_05-Joga
3899,-7.034471,-6.186522,2 (Jazz),simac___simac_Family_Tree_-_Greatest_Hits_As_Chosen_By_Bjork_06-Unravel
3900,-10.079899,-7.243521,2 (Jazz),simac___simac_Family_Tree_-_Greatest_Hits_As_Chosen_By_Bjork_07-Bachelorette
3901,-10.803884,-7.3643293,2 (Jazz),simac___simac_Family_Tree_-_Greatest_Hits_As_Chosen_By_Bjork_08-All_Is_Full_Of_Love
3902,-6.726382,-6.682916,2 (Jazz),simac___simac_Family_Tree_-_Greatest_Hits_As_Chosen_By_Bjork_09-Scatterheart
3903,-6.804421,-6.520206,2 (Jazz),simac___simac_Family_Tree_-_Greatest_Hits_As_Chosen_By_Bjork_10-I_ve_Seen_It_All
3904,-7.9872694,-5.8517776,2 (Jazz),simac___simac_Family_Tree_-_Greatest_Hits_As_Chosen_By_Bjork_11-Pagan_Poetry
3905,-8.747309,-5.853494,2 (Jazz),simac___simac_Family_Tree_-_Greatest_Hits_As_Chosen_By_Bjork_12-It_s_Not_Up_To_You
3906,12.841604,-2.9074948,1 + 3,simac___simac_Fight_To_Win_01-Do_your_best
3907,-7.7149687,-7.4725513,2 (Jazz),simac___simac_Fight_To_Win_02-Walk_on_the_right_side
3908,-9.789163,-2.091828,2 (Jazz),simac___simac_Fight_To_Win_03-Traitors_of_Africa
3909,-9.910703,-6.8085327,2 (Jazz),simac___simac_Gold_-_Greatest_Hits_01-Dancing_Queen
3910,-8.854949,-6.992919,2 (Jazz),simac___simac_Gold_-_Greatest_Hits_02-Knowing_Me_Knowing_You
3911,-9.560447,-6.9477277,2 (Jazz),simac___simac_Gold_-_Greatest_Hits_03-Take_A_Chance_On_Me
3912,-9.023677,-6.9201465,2 (Jazz),simac___simac_Gold_-_Greatest_Hits_04-Mamma_Mia
3913,-8.6478615,-6.0964484,2 (Jazz),simac___simac_Gold_-_Greatest_Hits_05-Lay_All_Your_Love_On_Me
3914,-9.085379,-6.4905696,2 (Jazz),simac___simac_Gold_-_Greatest_Hits_06-Super_Trouper
3915,-7.9337153,-2.995129,2 (Jazz),simac___simac_Gold_-_Greatest_Hits_07-I_Have_A_Dream
3916,-9.547543,-5.748648,2 (Jazz),simac___simac_Gold_-_Greatest_Hits_08-The_Winner_Takes_It_All
3917,-9.455282,-4.5379806,2 (Jazz),simac___simac_Gold_-_Greatest_Hits_09-Money_Money_Money
3918,-9.750353,-6.989651,2 (Jazz),simac___simac_Gold_-_Greatest_Hits_10-S._O._S
3919,-10.095278,-5.702529,2 (Jazz),simac___simac_Gold_-_Greatest_Hits_11-Chiquitita
3920,-10.359705,-6.4066863,2 (Jazz),simac___simac_Gold_-_Greatest_Hits_12-Fernando
3921,-8.886247,-6.68241,2 (Jazz),simac___simac_Gold_-_Greatest_Hits_13-Voulez_Vous
3922,5.495028,-7.784826,3 (Rock + Pop),simac___simac_Gold_-_Greatest_Hits_14-Gimme_Gimme_Gimme_(A_Man_After_Midnight)
3923,-8.722233,-7.326354,2 (Jazz),simac___simac_Gold_-_Greatest_Hits_15-Does_Your_Mother_Know
3924,5.7322674,-7.740726,3 (Rock + Pop),simac___simac_Gold_-_Greatest_Hits_16-One_Of_Us
3925,-6.22822,-6.860466,2 (Jazz),simac___simac_Gold_-_Greatest_Hits_17-The_Name_Of_The_Game
3926,-9.992866,-7.06971,2 (Jazz),simac___simac_Gold_-_Greatest_Hits_19-Waterloo
3927,-9.820013,-0.9442567,2 (Jazz),simac___simac_Kocani_Orkester_03._Romski_Cocek
3928,-10.597339,-3.0251052,2 (Jazz),simac___simac_Kocani_Orkester_Kocani_Orkestar_-_Burkan_Cocek
3929,-10.655134,-0.93261564,2 (Jazz),simac___simac_Kocani_Orkester_Trubaci_-_Nikol
3930,-11.802459,-5.442804,2 (Jazz),simac___simac_Kocani_Orkester_Trubaci_-_Solo_tapan
3931,-12.322101,-6.352732,2 (Jazz),simac___simac_Ludwid_van_Beethoven_02-II._Adagio_ma_non_troppo_e_molto_cantabile_-_Andante_con_moto_-_Adagio_molto_espressivo
3932,-15.558348,-5.9063067,2 + 4,simac___simac_Ludwid_van_Beethoven_04-IV._Finale
3933,-11.97738,-6.1571784,2 (Jazz),simac___simac_Ludwid_van_Beethoven_05-Quartet_in_C-sharp_major_Op._131_I._Adagio_ma_non_troppo_e_molto_espressivo_-_attacca
3934,-17.440187,-5.302089,4 (Classical),simac___simac_Ludwid_van_Beethoven_08-IV._Andante_ma_non_troppo_e_molto_cantabile_-_Andante_moderato_e_lusinghiero
3935,-14.330725,-6.4302006,2 + 4,simac___simac_Ludwid_van_Beethoven_10-VI._Adagio_quasi_un_poco_andante_-_attacca
3936,-10.347021,-6.078274,2 (Jazz),simac___simac_Niandra_LaDes_and_Usually_Just_a_T-Shirt_01-As_Can_Be
3937,-10.971804,-5.1551614,2 (Jazz),simac___simac_Niandra_LaDes_and_Usually_Just_a_T-Shirt_03-Head_(Beach_Arab)
3938,-9.252846,-4.3917475,2 (Jazz),simac___simac_Niandra_LaDes_and_Usually_Just_a_T-Shirt_04-Big_Takeover
3939,-10.227987,-5.66228,2 (Jazz),simac___simac_Niandra_LaDes_and_Usually_Just_a_T-Shirt_05-Curtains
3940,-9.905416,-5.6372447,2 (Jazz),simac___simac_Niandra_LaDes_and_Usually_Just_a_T-Shirt_06-Running_Away_Into_You
3941,-10.178398,-4.679545,2 (Jazz),simac___simac_Niandra_LaDes_and_Usually_Just_a_T-Shirt_07-Mascara
3942,-9.347383,-4.7797923,2 (Jazz),simac___simac_Niandra_LaDes_and_Usually_Just_a_T-Shirt_08-Been_Insane
3943,-11.014287,-2.9212606,2 (Jazz),simac___simac_Niandra_LaDes_and_Usually_Just_a_T-Shirt_09-Skin_Blues
3944,-8.45512,-4.458115,2 (Jazz),simac___simac_Niandra_LaDes_and_Usually_Just_a_T-Shirt_10-Your_Pussys_Glued_to_a_Building_on_Fire
3945,-9.431695,-4.649583,2 (Jazz),simac___simac_Niandra_LaDes_and_Usually_Just_a_T-Shirt_11-Blood_on_My_Neck_From_Success
3946,-10.554927,-5.5058527,2 (Jazz),simac___simac_Niandra_LaDes_and_Usually_Just_a_T-Shirt_12-Ten_to_Butter_Blood_Voodoo
3947,-10.5211935,-5.4714937,2 (Jazz),simac___simac_Niandra_LaDes_and_Usually_Just_a_T-Shirt_14-Usually_Just_a_T-Shirt_Untitled_2
3948,-10.443227,-4.762457,2 (Jazz),simac___simac_Niandra_LaDes_and_Usually_Just_a_T-Shirt_15-Usually_Just_a_T-Shirt_Untitled_3
3949,-10.582347,-5.529211,2 (Jazz),simac___simac_Niandra_LaDes_and_Usually_Just_a_T-Shirt_16-Usually_Just_a_T-Shirt_Untitled_4
3950,-10.799717,-5.8308773,2 (Jazz),simac___simac_Niandra_LaDes_and_Usually_Just_a_T-Shirt_18-Usually_Just_a_T-Shirt_Untitled_6
3951,-10.894718,-5.584783,2 (Jazz),simac___simac_Niandra_LaDes_and_Usually_Just_a_T-Shirt_19-Usually_Just_a_T-Shirt_Untitled_7
3952,-6.573975,3.602357,2 (Jazz),simac___simac_Niandra_LaDes_and_Usually_Just_a_T-Shirt_20-Usually_Just_a_T-Shirt_Untitled_8
3953,-10.849577,-5.135323,2 (Jazz),simac___simac_Niandra_LaDes_and_Usually_Just_a_T-Shirt_21-Usually_Just_a_T-Shirt_Untitled_9
3954,-7.6341023,-4.1184955,2 (Jazz),simac___simac_Papakonstantinou_01-AudioTrack_01
3955,-6.5674725,-2.519096,2 (Jazz),simac___simac_Papakonstantinou_02-AudioTrack_02
3956,-7.9329953,-4.844874,2 (Jazz),simac___simac_Papakonstantinou_03-AudioTrack_03
3957,-7.5935473,-2.6280491,2 (Jazz),simac___simac_Papakonstantinou_04-AudioTrack_04
3958,-6.0975432,-1.6588144,2 (Jazz),simac___simac_Papakonstantinou_05-AudioTrack_05
3959,-7.4158883,-3.8350952,2 (Jazz),simac___simac_Papakonstantinou_06-AudioTrack_06
3960,-10.556621,-2.9646704,2 (Jazz),simac___simac_Papakonstantinou_07-AudioTrack_07
3961,-7.231706,-3.8492682,2 (Jazz),simac___simac_Papakonstantinou_09-AudioTrack_09
3962,-9.574285,-6.2086024,2 (Jazz),simac___simac_Papakonstantinou_10-AudioTrack_10
3963,-7.2172995,-4.531267,2 (Jazz),simac___simac_Papakonstantinou_12-AudioTrack_12
3964,-7.1179214,-4.228414,2 (Jazz),simac___simac_Papakonstantinou_13-AudioTrack_13
3965,-7.434679,-3.7472394,2 (Jazz),simac___simac_Papakonstantinou_14-AudioTrack_14
3966,-10.745555,-5.727471,2 (Jazz),simac___simac_Papakonstantinou_15-AudioTrack_15
3967,-6.0329266,-3.2401989,2 (Jazz),simac___simac_Papakonstantinou_16-AudioTrack_16
3968,-6.6525106,-3.2485375,2 (Jazz),simac___simac_Papakonstantinou_17-AudioTrack_17
3969,-7.3060575,-3.3602154,2 (Jazz),simac___simac_Papakonstantinou_18-AudioTrack_18
3970,-5.9294615,-3.0784473,2 (Jazz),simac___simac_Papakonstantinou_19-AudioTrack_19
3971,-8.803852,-5.4961786,2 (Jazz),simac___simac_Papakonstantinou_20-AudioTrack_20
3972,-6.451364,-4.585393,2 (Jazz),simac___simac_Papakonstantinou_21-AudioTrack_21
3973,-11.585856,-3.1077244,2 (Jazz),simac___simac_Primer_Aliento_01-Sintonia_del_refugio_atomico
3974,-8.6104355,-6.051941,2 (Jazz),simac___simac_Primer_Aliento_02-Nuclear_si_por_supuesto_
3975,-11.657101,-3.057185,2 (Jazz),simac___simac_Primer_Aliento_03-El_retorno_de_Godzilla
3976,-8.85466,-8.324786,2 (Jazz),simac___simac_Primer_Aliento_04-Varsovia_en_llamas
3977,-8.838049,-8.313937,2 (Jazz),simac___simac_Primer_Aliento_05-Programa_en_espiral
3978,-7.930833,-5.854579,2 (Jazz),simac___simac_Primer_Aliento_06-La_persecucion
3979,-6.183357,-7.1118264,2 (Jazz),simac___simac_Primer_Aliento_07-Telepatia
3980,-9.009121,-7.736768,2 (Jazz),simac___simac_Primer_Aliento_08-El_ultimo_asalto_a_la_Bastilla
3981,-8.7812805,-7.994225,2 (Jazz),simac___simac_Primer_Aliento_09-Brigada_de_demolicion
3982,-9.385638,-6.889988,2 (Jazz),simac___simac_Primer_Aliento_10-Ondina
3983,-8.864632,-8.146671,2 (Jazz),simac___simac_Primer_Aliento_11-La_television_es_nutritiva
3984,-9.063368,-7.6191964,2 (Jazz),simac___simac_Primer_Aliento_12-Cita_en_el_asteroide_Eden
3985,-9.00728,-7.781099,2 (Jazz),simac___simac_Primer_Aliento_13-Obsesion
3986,-10.64226,-8.099661,2 (Jazz),simac___simac_Primer_Aliento_14-Sintonia_de_la_moda_estandarizada
3987,-9.361181,-7.1837335,2 (Jazz),simac___simac_Primer_Aliento_15-El_laberinto_del_nuevo_Minotauro
3988,-9.299829,-7.411914,2 (Jazz),simac___simac_Primer_Aliento_16-Kraken
3989,-8.7876,-7.4447746,2 (Jazz),simac___simac_Primer_Aliento_17-Selector_de_frecuencias
3990,-10.444049,-7.664067,2 (Jazz),simac___simac_Primer_Aliento_18-La_cicatriz_en_la_fabrica_roja
3991,-8.206845,-7.677902,2 (Jazz),simac___simac_Primer_Aliento_19-El_nacimiento_de_la_industria
3992,-9.792244,-1.979269,2 (Jazz),simac___simac_R.A.F.I_01-Assassin
3993,12.551651,0.8538373,3 (Rock + Pop),simac___simac_R.A.F.I_02-Change
3994,-7.719952,-7.6172204,2 (Jazz),simac___simac_R.A.F.I_03-Black_White
3995,-7.642134,-7.5758543,2 (Jazz),simac___simac_R.A.F.I_04-Buzzing
3996,24.114126,-5.6419077,1 (Hip-Hop + Pop + HJDB),simac___simac_R.A.F.I_05-Free_Satpal_Ram
3997,22.556013,-9.376246,1 (Hip-Hop + Pop + HJDB),simac___simac_R.A.F.I_06-Modern_Apprentice
3998,23.247265,-7.5875816,1 (Hip-Hop + Pop + HJDB),simac___simac_R.A.F.I_07-Operation_Eagle_Lie
3999,-7.696681,-7.3153667,2 (Jazz),simac___simac_R.A.F.I_08-Hypocrite
4000,-10.670601,-7.093576,2 (Jazz),simac___simac_R.A.F.I_09-Naxalite
4001,-9.960463,-7.615816,2 (Jazz),simac___simac_R.A.F.I_10-Loot
4002,-7.6557007,-7.7175593,2 (Jazz),simac___simac_R.A.F.I_11-Dub_Mentality
4003,21.016876,-10.022205,1 (Hip-Hop + Pop + HJDB),simac___simac_R.A.F.I_12-Culture_Move
4004,-12.381813,-4.7136908,2 (Jazz),simac___simac_R.A.F.I_13-Real_Areas_For_Investigation
4005,-9.226712,-5.7926674,2 (Jazz),simac___simac_Samba_na_Madrugada_01-Arvoredo
4006,-8.429854,-4.4259915,2 (Jazz),simac___simac_Samba_na_Madrugada_02-Maioria_sem_Nenhum
4007,-7.980631,-2.702404,2 (Jazz),simac___simac_Samba_na_Madrugada_03-14_Anos
4008,-8.571169,-1.0153028,2 (Jazz),simac___simac_Samba_na_Madrugada_04-Sofreguidao
4009,-8.740916,-1.9737017,2 (Jazz),simac___simac_Samba_na_Madrugada_05-Momento_de_Fraqueza
4010,-8.864908,-2.3504705,2 (Jazz),simac___simac_Samba_na_Madrugada_06-Minha_Cofissao
4011,-7.0193067,-0.31383333,2 (Jazz),simac___simac_Samba_na_Madrugada_07-Perfeito_Amor
4012,-7.572369,-0.8042135,2 (Jazz),simac___simac_Samba_na_Madrugada_08-Mascarada
4013,-6.929669,-2.1852114,2 (Jazz),simac___simac_Samba_na_Madrugada_09-Depois_de_Tanto_Amor
4014,-8.149978,-0.6533233,2 (Jazz),simac___simac_Samba_na_Madrugada_10-Samba_Original
4015,-7.899599,-0.6005433,2 (Jazz),simac___simac_Samba_na_Madrugada_11-Alo_Alo
4016,-10.878254,-7.291697,2 (Jazz),simac___simac_Santana_01-Jingo
4017,-10.976831,-6.0664024,2 (Jazz),simac___simac_Santana_02-El_Corazon_Manada
4018,-11.052165,-5.1034594,2 (Jazz),simac___simac_Santana_03-La_Puesta_De_Sol
4019,-9.148618,-5.8340855,2 (Jazz),simac___simac_Selling_England_By_The_Pound_01-Dancing_with_the_Moonlit_Knight
4020,-8.859721,-5.3474865,2 (Jazz),simac___simac_Selling_England_By_The_Pound_02-I_Know_What_I_Like_In_Your_Wardrobe_
4021,-7.2249618,-1.0013288,2 (Jazz),simac___simac_So_Cartola_01-Quem_me_Ve_Sorrindo_Sei_Chorar_Alegria
4022,-8.482572,-0.6340926,2 (Jazz),simac___simac_So_Cartola_02-Alvorada_Ao_Amanhecer
4023,-6.3018923,-0.41847458,2 (Jazz),simac___simac_So_Cartola_03-Sala_de_Recepcao
4024,-6.511315,-0.54600567,2 (Jazz),simac___simac_So_Cartola_05-Fiz_por_Voce_o_que_Pude
4025,-7.3646054,-3.2886744,2 (Jazz),simac___simac_So_Cartola_06-O_Inverno_do_Meu_Tempo
4026,-8.626164,-1.3025016,2 (Jazz),simac___simac_So_Cartola_07-Tive_Sim
4027,-6.6006937,-1.8166864,2 (Jazz),simac___simac_So_Cartola_08-Amor_Proibido
4028,-8.899806,-1.5207903,2 (Jazz),simac___simac_So_Cartola_11-O_Que_e_Feito_de_Voce_
4029,-8.549488,-0.5226003,2 (Jazz),simac___simac_So_Cartola_12-Divina_Dama
4030,-8.802743,-0.54206336,2 (Jazz),simac___simac_So_Cartola_13-Velho_Estacio
4031,-8.587442,-0.890781,2 (Jazz),simac___simac_So_Cartola_14-Ciume_Doentio
4032,-8.674362,-3.4116986,2 (Jazz),simac___simac_So_Cartola_16-Sofreguidao
4033,-6.644726,-0.6145322,2 (Jazz),simac___simac_So_Cartola_17-A_Mesma_Historia
4034,-8.071334,-1.0563631,2 (Jazz),simac___simac_So_Cartola_18-Peito_Vazio
4035,-8.761507,-1.080318,2 (Jazz),simac___simac_So_Cartola_19-Injuria_O_Sol_Nascera
4036,-9.29586,-2.3036268,2 (Jazz),simac___simac_So_Cartola_20-As_Rosas_Nao_Falam
4037,-8.318554,-1.5432088,2 (Jazz),simac___simac_Songs_Adalberto_(Adalberto_Alvarez_y_su_son)_-_Pura_imagen
4038,-9.048235,-1.4625429,2 (Jazz),simac___simac_Songs_Adalberto_(Adalberto_Alvarez_y_su_son)_-_Sobre_tu_piel
4039,-9.9861145,-4.1473846,2 (Jazz),simac___simac_Songs_Afrocuba_-_A_Luisa
4040,-9.22708,-0.871086,2 (Jazz),simac___simac_Songs_Afrocuba_-_Cambio_de_Clima
4041,-9.912884,-0.6476723,2 (Jazz),simac___simac_Songs_Afrocuba_-_Mezquinidad
4042,-9.148171,-0.83603626,2 (Jazz),simac___simac_Songs_Alejandro_(Alex_Benson)_-_Golondrina
4043,-9.224176,0.029313162,2 (Jazz),simac___simac_Songs_Alejandro_(Alex_Benson)_-_Tengo_una_penita
4044,-9.360319,-5.363299,2 (Jazz),simac___simac_Songs_Alfredo_-_Ahora_somos_felices
4045,-4.452588,-6.7864223,2 (Jazz),simac___simac_Songs_Alfredo_-_La_rumba_de_Alfredo
4046,-10.84823,-4.0291243,2 (Jazz),simac___simac_Songs_Caledonia_Blues_Band_-_Burning_Heart
4047,-9.808283,-0.37531716,2 (Jazz),simac___simac_Songs_Caracas_Latin_Brothers_-_El_espectaculo
4048,-9.333359,-0.55857784,2 (Jazz),simac___simac_Songs_Caracas_Latin_Brothers_-_Los_hombres_tambien_lo_mueven
4049,-9.424342,-5.6272526,2 (Jazz),simac___simac_Songs_Pastora_-_Lola
4050,29.918856,3.6630552,1 (Hip-Hop + Pop + HJDB),simac___simac_Tales_Of_Mystery_And_Imagination_01-A_Dream_Within_A_Dream
4051,-7.2399535,-5.270092,2 (Jazz),simac___simac_Tales_Of_Mystery_And_Imagination_02-The_Raven
4052,-10.463623,-6.72404,2 (Jazz),simac___simac_Tales_Of_Mystery_And_Imagination_03-The_Tell-tale_Heart
4053,-9.369347,-5.653105,2 (Jazz),simac___simac_Tales_Of_Mystery_And_Imagination_04-The_Cask_Of_Amontillado
4054,-8.026338,-6.575752,2 (Jazz),simac___simac_Tales_Of_Mystery_And_Imagination_05-_The_System_Of_Doctor_Tarr_And_Professor_Fether
4055,-10.027335,-7.1828856,2 (Jazz),simac___simac_Tales_Of_Mystery_And_Imagination_07-The_Fall_Of_The_House_Of_Usher_II_Arrival
4056,-13.15772,-6.566153,2 (Jazz),simac___simac_Tales_Of_Mystery_And_Imagination_09-The_Fall_Of_The_House_Of_Usher_IV_Pavane
4057,-9.322122,-6.5512567,2 (Jazz),simac___simac_Tales_Of_Mystery_And_Imagination_11-To_One_In_Paradise
4058,13.954046,0.41956955,1 + 3,simac___simac_Tanto_Tempo_01-Samba_da_Bencao
4059,-6.856042,-5.230925,2 (Jazz),simac___simac_Tanto_Tempo_02-August_Day_Song
4060,-10.636641,-1.3391204,2 (Jazz),simac___simac_Tanto_Tempo_04-Sem_Contencao
4061,-6.792443,-5.151726,2 (Jazz),simac___simac_Tanto_Tempo_05-Mais_Feliz
4062,-9.246256,-6.5625567,2 (Jazz),simac___simac_Tanto_Tempo_06-Alguem
4063,-9.658315,-2.6827116,2 (Jazz),simac___simac_Tanto_Tempo_07-So_Nice_Summer_Samba_
4064,-9.344057,-6.6133933,2 (Jazz),simac___simac_Tanto_Tempo_08-Lonely
4065,7.6935782,-6.5192137,3 (Rock + Pop),simac___simac_Tanto_Tempo_09-Bananeira
4066,-6.02617,-0.73746365,2 (Jazz),simac___simac_Tanto_Tempo_10-Samba_e_Amor
4067,-9.65588,-2.8966093,2 (Jazz),simac___simac_Tanto_Tempo_11-Close_Your_Eyes
4068,-11.790555,-5.481974,2 (Jazz),simac___simac_The_Art_of_Spanish_Guitar_01-Tarrega_Recuerdos_de_la_Alhambra
4069,-15.528491,-4.572108,2 + 4,simac___simac_The_Art_of_Spanish_Guitar_02-Lauro_Dos_Valses_Venezolanos_-_Uno
4070,-11.639106,-5.3329496,2 (Jazz),simac___simac_The_Art_of_Spanish_Guitar_04-Sojo_Guaso
4071,-19.166624,-2.6048841,4 (Classical),simac___simac_The_Art_of_Spanish_Guitar_05-Sojo_Cancion
4072,-11.931625,-3.508131,2 (Jazz),simac___simac_The_Crackdown_01-24-24
4073,-9.961969,-8.143928,2 (Jazz),simac___simac_The_Crackdown_02-In_the_Shadows
4074,21.039694,-10.016962,1 (Hip-Hop + Pop + HJDB),simac___simac_The_Crackdown_03-Talking_Time
4075,-9.406308,-7.87156,2 (Jazz),simac___simac_The_Crackdown_04-Animation
4076,-7.9194293,-6.7556605,2 (Jazz),simac___simac_The_Crackdown_05-Over_and_Over
4077,-8.81497,-7.5747037,2 (Jazz),simac___simac_The_Crackdown_06-Just_Fascination
4078,-8.597028,-7.3441586,2 (Jazz),simac___simac_The_Crackdown_07-Why_Kill_Time_When_You_Can_Kill_Yourself_
4079,23.050385,4.208523,1 (Hip-Hop + Pop + HJDB),simac___simac_The_Crackdown_08-Haiti
4080,20.621372,-10.188627,1 (Hip-Hop + Pop + HJDB),simac___simac_The_Crackdown_09-Crackdown
4081,-9.380057,-8.2834835,2 (Jazz),simac___simac_The_Crackdown_10-Diskono
4082,-11.448272,-4.765209,2 (Jazz),simac___simac_The_Crackdown_13-Moscow
4083,-9.995392,-0.840676,2 (Jazz),simac___simac_Tomatito_Tomatito-01.Barrio_negro
4084,-8.170138,-1.3608325,2 (Jazz),simac___simac_Tomatito_Tomatito-02.La_voz_del_tiempo
4085,-10.169448,-0.6857863,2 (Jazz),simac___simac_Tomatito_Tomatito-04.Armonias_del_Romane
4086,-10.112886,-0.6525458,2 (Jazz),simac___simac_Tomatito_Tomatito-05.A_mi_tao_El_Nino_Miguel
4087,-10.118501,-0.547881,2 (Jazz),simac___simac_Tomatito_Tomatito-06.Caminillo_viejo
4088,-10.024428,-5.2556853,2 (Jazz),simac___simac_VOL.3_Musiques_pour_guitare_et_violoncelle_01-M._Baumann_Duo_pour_guitare_et_violoncelle_op.62_-_1._Prelude_(Lento_rubato)
4089,-22.51773,-2.337635,4 (Classical),simac___simac_VOL.3_Musiques_pour_guitare_et_violoncelle_03-3._Berceuse_(Lento_molto)
4090,-18.223879,-4.386152,4 (Classical),simac___simac_VOL.3_Musiques_pour_guitare_et_violoncelle_04-4._Hommage_ade_Falla_(Allegro)
4091,-15.000116,-6.268757,2 + 4,simac___simac_VOL.3_Musiques_pour_guitare_et_violoncelle_06-E._Granados_Intermezzo_(de_Goyescas_)
4092,-14.752013,-6.3385024,2 + 4,simac___simac_VOL.3_Musiques_pour_guitare_et_violoncelle_07-H._Villa-lobos_Bachianas_Brasileiras_No.5_(Aria)
4093,-15.726864,-5.954231,2 + 4,simac___simac_VOL.3_Musiques_pour_guitare_et_violoncelle_09-M._de_Falla_7_chansons_populaires_espagnoles_(extraits)_-_El_pano_moruno
4094,-15.204921,-3.7974083,2 + 4,simac___simac_VOL.3_Musiques_pour_guitare_et_violoncelle_11-Nana
4095,-16.295385,-6.165385,4 (Classical),simac___simac_VOL.3_Musiques_pour_guitare_et_violoncelle_12-Cancion
4096,-11.018508,-6.4946,2 (Jazz),simac___simac_Xatzidakis_01-AudioTrack_01
4097,-10.715858,-6.074635,2 (Jazz),simac___simac_Xatzidakis_02-AudioTrack_02
4098,-11.263742,-5.260908,2 (Jazz),simac___simac_Xatzidakis_03-AudioTrack_03
4099,-11.715983,-6.1803637,2 (Jazz),simac___simac_Xatzidakis_05-AudioTrack_05
4100,-11.935591,-5.9296637,2 (Jazz),simac___simac_Xatzidakis_06-AudioTrack_06
4101,-11.249539,-6.2103205,2 (Jazz),simac___simac_Xatzidakis_08-AudioTrack_08
4102,-11.817257,-6.27615,2 (Jazz),simac___simac_Xatzidakis_09-AudioTrack_09
4103,-10.530055,-4.7140536,2 (Jazz),simac___simac_Xatzidakis_10-AudioTrack_10
4104,-9.871872,-1.5136156,2 (Jazz),simac___simac_Xatzidakis_11-AudioTrack_11
4105,-6.4240003,-1.6119844,2 (Jazz),simac___simac_Xatzidakis_12-AudioTrack_12
4106,-6.983942,-4.104304,2 (Jazz),simac___simac_Xatzidakis_13-AudioTrack_13
4107,-6.019265,-3.6452408,2 (Jazz),simac___simac_Xatzidakis_15-AudioTrack_15
4108,-6.89878,-4.1157455,2 (Jazz),simac___simac_Xatzidakis_16-AudioTrack_16
4109,-7.4215126,-4.3516407,2 (Jazz),simac___simac_Xatzidakis_17-AudioTrack_17
4110,-8.455514,-4.7701015,2 (Jazz),simac___simac_Xatzidakis_19-AudioTrack_19
4111,-8.099806,-4.9438167,2 (Jazz),simac___simac_Xatzidakis_22-AudioTrack_22
4112,-9.788582,11.998468,2 (Jazz),simac___simac_a_love_supreme_part_1_acknowledgement
4113,-9.140341,-1.623554,2 (Jazz),simac___simac_aire_01-Aire
4114,-8.906837,-1.3511512,2 (Jazz),simac___simac_aire_04-La_Vida_Sale
4115,-6.451194,-4.177678,2 (Jazz),simac___simac_aire_06-Arrengao
4116,-8.125121,-1.1642878,2 (Jazz),simac___simac_aire_07-La_Alcoba_y_la_mosca
4117,-8.121027,13.149999,2 (Jazz),simac___simac_blues_roots_cryin_blues
4118,-9.501293,12.055486,2 (Jazz),simac___simac_blues_roots_es_flat_ahs_flat_too
4119,-9.690291,12.252081,2 (Jazz),simac___simac_blues_roots_moanin
4120,-9.41409,11.55626,2 (Jazz),simac___simac_blues_roots_my_jelly_roll_soul
4121,-9.340824,11.858476,2 (Jazz),simac___simac_blues_roots_tensions
4122,-8.95068,11.461758,2 (Jazz),simac___simac_blues_roots_wednesday_night_prayer_meeting
4123,-5.870426,-3.7007923,2 (Jazz),simac___simac_greek_01_H_mikri_Rallou
4124,-10.429684,-3.5184956,2 (Jazz),simac___simac_greek_07_Pikrodafni
4125,-10.522624,-4.301899,2 (Jazz),simac___simac_greek_12_evzwnakia
4126,-9.420693,-6.0752964,2 (Jazz),simac___simac_greek_Asteriadi_-_Mia_giorti
4127,-8.435938,-1.9622993,2 (Jazz),simac___simac_greek_Gkoles_-_Atimi_tyxi
4128,-9.028807,-3.3854222,2 (Jazz),simac___simac_greek_Gkoles_-_Mou_fages_ta_daxtylidia
4129,-8.617877,-2.9777577,2 (Jazz),simac___simac_greek_Gkoles_-_S_ena_apokrimno_akrogiali
4130,-7.733759,-2.1667106,2 (Jazz),simac___simac_greek_Gkoles_-_Zwi_mou_farmakw8ikes
4131,-9.226009,-3.4029572,2 (Jazz),simac___simac_greek_Mavili_-_Afto_t_agori
4132,-7.8867464,-3.2756965,2 (Jazz),simac___simac_greek_Mpellou_-_Nyxtwse_xwris_feggari
4133,-8.951427,-4.003116,2 (Jazz),simac___simac_greek_Paisa_sti_vrysi_-_Velvento
4134,-10.982964,-5.967043,2 (Jazz),simac___simac_greek_Perdika(xwris_logia)
4135,-8.4581995,-4.671176,2 (Jazz),simac___simac_greek_To_pasoumi_-_Smyrni
4136,-10.031058,-5.2996454,2 (Jazz),simac___simac_more_greek_03_Efriksen_i_gi
4137,-9.575425,-5.0928407,2 (Jazz),simac___simac_more_greek_03_Virginouda
4138,-8.423733,-3.701536,2 (Jazz),simac___simac_more_greek_04_H_Stamoula
4139,-11.325245,-4.24667,2 (Jazz),simac___simac_more_greek_05_Odysseas
4140,-10.829273,-2.376271,2 (Jazz),simac___simac_more_greek_07_Psevdoixos
4141,-10.602679,-2.6703143,2 (Jazz),simac___simac_more_greek_08_Hlios
4142,-11.446987,-2.1477633,2 (Jazz),simac___simac_more_greek_08_Kapoios_peftei...
4143,-9.730738,-4.0211434,2 (Jazz),simac___simac_more_greek_Anagnwstopoulos_-_Hr8a_ki_apopse_sta_skalopatia_sou
4144,-8.228984,-3.9664166,2 (Jazz),simac___simac_more_greek_Dionysiou_-_Na_eixa_to_kouragio
4145,-10.2427,-5.3976035,2 (Jazz),simac___simac_more_greek_Giannakopoulou_-_Marina
4146,-10.092504,-5.983999,2 (Jazz),simac___simac_more_greek_Giannakopoulou_-_O_kipos_empaine_sti_8alassa
4147,-8.493024,-2.8359025,2 (Jazz),simac___simac_more_greek_Gkoles_-_Filenaditsa_mou
4148,-8.1420145,-1.8023682,2 (Jazz),simac___simac_more_greek_Gkoles_-_H_tsigkouna
4149,-9.050877,-4.193517,2 (Jazz),simac___simac_more_greek_Gkoles_-_Keravnoi_ki_astropelekia
4150,-8.691758,-2.3578963,2 (Jazz),simac___simac_more_greek_Gkoles_-_Kori_paraxaidemeni
4151,-8.149397,-1.539631,2 (Jazz),simac___simac_more_greek_Gkoles_-_Ksaveriwtissa
4152,-8.712664,-3.4310784,2 (Jazz),simac___simac_more_greek_Gkoles_-_Mortissa_ki_alanis
4153,-8.084679,-1.3771465,2 (Jazz),simac___simac_more_greek_Gkoles_-_O_8ermastis
4154,-8.50396,-3.0516734,2 (Jazz),simac___simac_more_greek_Gkoles_-_O_pasatempos
4155,-8.646267,-3.2672148,2 (Jazz),simac___simac_more_greek_Gkoles_-_Peristeriwtissa
4156,-8.071389,-1.4370166,2 (Jazz),simac___simac_more_greek_Gkoles_-_Rimakse_to_spitiko_mas
4157,-8.594771,-1.621315,2 (Jazz),simac___simac_more_greek_Gkoles_-_Xatzikyriakeio
4158,-10.222518,-5.4921618,2 (Jazz),simac___simac_more_greek_Glykeria_-_Den_les_kouventa
4159,-7.200989,-3.2416513,2 (Jazz),simac___simac_more_greek_Glykeria_-_Odos_Aristotelous
4160,-7.572133,-4.842478,2 (Jazz),simac___simac_more_greek_Glykeria_-_To_agalma
4161,-7.885532,-3.99631,2 (Jazz),simac___simac_more_greek_Kazantzidis_-_Oti_agapaw_egw_pe8ainei
4162,-8.823892,-5.4856052,2 (Jazz),simac___simac_more_greek_Ksylouris_-_Afton_ton_kosmo_ton_kalo
4163,-8.214168,-3.8572443,2 (Jazz),simac___simac_more_greek_Ksylouris_-_Erwtiko_tragoudi_(Palikarou_palikarou)
4164,-9.327398,-4.5680933,2 (Jazz),simac___simac_more_greek_Ksylouris_-_Evale_o_8eos_simadi
4165,-9.346081,-4.212588,2 (Jazz),simac___simac_more_greek_Ksylouris_-_Filentem
4166,-6.9436207,-3.757612,2 (Jazz),simac___simac_more_greek_Ksylouris_-_Htane_mia_fora
4167,-7.257973,-2.8755715,2 (Jazz),simac___simac_more_greek_Ksylouris_-_Pote_8a_kanei_ksasteria
4168,-8.041602,-3.266536,2 (Jazz),simac___simac_more_greek_Ksylouris_-_Xilia_myria_kymata
4169,-7.2783356,-1.954385,2 (Jazz),simac___simac_more_greek_Makedonas_-_Ena_deilino
4170,-9.573711,-2.6467233,2 (Jazz),simac___simac_more_greek_Makedonas_-_Savvatovrado_stin_Kaisariani
4171,-6.492741,-2.4579105,2 (Jazz),simac___simac_more_greek_Marinella_-_Agapi_pou_gines_dikopo_maxairi
4172,-9.324957,-5.0166883,2 (Jazz),simac___simac_more_greek_Marinella_-_Kane_ligaki_ypomoni
4173,-8.342193,-4.367388,2 (Jazz),simac___simac_more_greek_Marinella_-_Koita_me_sta_matia
4174,-9.943359,-5.255882,2 (Jazz),simac___simac_more_greek_Marinella_-_Omorfi_poli
4175,-9.605867,-4.991842,2 (Jazz),simac___simac_more_greek_Marinella_-_Pes_pws_m_antamwses
4176,-7.449259,-1.6903397,2 (Jazz),simac___simac_more_greek_Marinella_-_Prin_to_xarama
4177,-7.34287,-4.1014338,2 (Jazz),simac___simac_more_greek_Marinella_-_Stalia_stalia
4178,-9.047107,-3.2501597,2 (Jazz),simac___simac_more_greek_Mitropanos_-_8essaloniki
4179,-8.048704,-2.3959577,2 (Jazz),simac___simac_more_greek_Mitropanos_-_Brexei_sti_ftwxogeitonia
4180,-7.848508,-4.584142,2 (Jazz),simac___simac_more_greek_Mitsias_-_Apopse_f8inopwriase
4181,-8.128673,-2.5250955,2 (Jazz),simac___simac_more_greek_Mosxoliou_-_Eipa_na_svisw_ta_palia
4182,-10.539558,-5.711159,2 (Jazz),simac___simac_more_greek_Mosxoliou_-_Koimisou_palikari
4183,-7.9516745,-3.5671084,2 (Jazz),simac___simac_more_greek_Mosxoliou_-_Ta_deilina
4184,-7.950835,-1.4636626,2 (Jazz),simac___simac_more_greek_Mosxoliou_-_Xwrismos
4185,-8.213929,-1.4400387,2 (Jazz),simac___simac_more_greek_Mosxoliou_Gkika_-_Den_klaiw_gia_twra
4186,-7.994288,-1.3552806,2 (Jazz),simac___simac_more_greek_Mosxoliou_Gkika_-_Pira_ap_to_xeri_sou_nero
4187,-6.4065456,-0.36407688,2 (Jazz),simac___simac_more_greek_Mpellou_-_Anastenazw_kai_ponw
4188,-7.5455427,-1.3060707,2 (Jazz),simac___simac_more_greek_Mpellou_-_Antilaloune_ta_vouna
4189,-6.910771,-0.4627763,2 (Jazz),simac___simac_more_greek_Mpellou_-_Apopse_kaneis_mpam
4190,-9.877769,-5.161398,2 (Jazz),simac___simac_more_greek_Mpellou_-_De_les_kouventa
4191,-10.097741,-5.4984856,2 (Jazz),simac___simac_more_greek_Mpellou_-_Kane_ligaki_ypomoni
4192,-7.5788374,-3.5986397,2 (Jazz),simac___simac_more_greek_Mpellou_-_Kapoio_vrady_t_oneiro_mou
4193,-6.375927,-0.16806124,2 (Jazz),simac___simac_more_greek_Mpellou_-_Kardia_paraponiara
4194,-7.202952,-1.4021602,2 (Jazz),simac___simac_more_greek_Mpellou_-_Ksimerwnei_kai_vradiazei
4195,-7.3688927,-0.9213509,2 (Jazz),simac___simac_more_greek_Mpellou_-_Liga_psixoula_agapis_sou_gyrevw
4196,-6.9375057,-2.4971783,2 (Jazz),simac___simac_more_greek_Mpellou_-_Min_klais
4197,-7.595884,-2.9554813,2 (Jazz),simac___simac_more_greek_Mpellou_-_O_kosmos_einai_san_mpakses
4198,-7.7314787,-1.115493,2 (Jazz),simac___simac_more_greek_Mpellou_-_Peftoun_tis_vroxis_oi_stales
4199,-6.7846065,-1.3077037,2 (Jazz),simac___simac_more_greek_Mpellou_-_Prin_to_xarama_monaxos
4200,-8.210404,-1.9963729,2 (Jazz),simac___simac_more_greek_Mpellou_-_To_minore_tis_avgis
4201,-7.6433897,-0.5209229,2 (Jazz),simac___simac_more_greek_Mpellou_-_To_teleftaio_gramma_sou
4202,-6.9679546,-1.9850494,2 (Jazz),simac___simac_more_greek_Mpellou_-_Xwrisame_ena_deilino
4203,-6.4573474,-2.6057112,2 (Jazz),simac___simac_more_greek_Mpellou_-_Zeimpekiko
4204,-11.095609,-5.935213,2 (Jazz),simac___simac_more_greek_Mpi8ikwtsis_-_Aspri_mera
4205,-9.306426,-5.104914,2 (Jazz),simac___simac_more_greek_Mpi8ikwtsis_-_Brexei_sti_ftwxogeitonia
4206,-7.923495,-4.9245934,2 (Jazz),simac___simac_more_greek_Mpi8ikwtsis_-_Drapetswna
4207,-6.6484876,-1.8455392,2 (Jazz),simac___simac_more_greek_Mpi8ikwtsis_-_Eimai_aitos_xwris_ftera
4208,-7.822669,-2.7884588,2 (Jazz),simac___simac_more_greek_Mpi8ikwtsis_-_Gwnia_gwnia
4209,-7.4900007,-3.3477712,2 (Jazz),simac___simac_more_greek_Mpi8ikwtsis_-_H_kyra
4210,-7.0773416,-1.955829,2 (Jazz),simac___simac_more_greek_Mpi8ikwtsis_-_H_mpalanta_tou_Antrikou
4211,-9.365279,-4.871994,2 (Jazz),simac___simac_more_greek_Mpi8ikwtsis_-_Kokotas_-_Stou_O8wna_ta_xronia
4212,-7.6514454,-2.2988212,2 (Jazz),simac___simac_more_greek_Mpi8ikwtsis_-_Mana_mou_kai_Panagia
4213,-7.717634,-2.548584,2 (Jazz),simac___simac_more_greek_Mpi8ikwtsis_-_Matia_vourkwmena
4214,-7.9325976,-2.7657394,2 (Jazz),simac___simac_more_greek_Mpi8ikwtsis_-_Mia_Kyriaki
4215,-6.294517,-1.8518529,2 (Jazz),simac___simac_more_greek_Mpi8ikwtsis_-_Paei_o_kairos
4216,-7.6017513,-4.3146563,2 (Jazz),simac___simac_more_greek_Mpi8ikwtsis_-_Sta_xeria_sou_megalwsan
4217,-6.753405,-2.887924,2 (Jazz),simac___simac_more_greek_Mpi8ikwtsis_-_Sto_perigiali_to_kryfo
4218,-8.526932,-4.543609,2 (Jazz),simac___simac_more_greek_Mpi8ikwtsis_-_Xrysoprasino_fyllo
4219,-6.491812,-1.9041315,2 (Jazz),simac___simac_more_greek_Mpi8ikwtsis_Xiwtis_-_Myrtia
4220,-8.943081,-3.4838529,2 (Jazz),simac___simac_more_greek_NinouTsitsanis_-_Synnefiasmeni_Kyriaki
4221,-8.679025,-3.7907643,2 (Jazz),simac___simac_more_greek_Ninou_-_Apopse_kaneis_mpam
4222,-7.29437,-1.7142262,2 (Jazz),simac___simac_more_greek_Ntalaras_-_Ta_matoklada_sou_lampoun
4223,-8.611943,-3.8516052,2 (Jazz),simac___simac_more_greek_Panou_Dionysiou_Tsitsanis_-_Axaristi
4224,-6.1523347,-1.8174524,2 (Jazz),simac___simac_more_greek_Poulopoulos_-_Kamaroula_mia_stalia
4225,-7.517007,-3.6558735,2 (Jazz),simac___simac_more_greek_Smokovitis_-_Mi_mou_8ymwneis_matia_mou
4226,-11.732717,-4.5619326,2 (Jazz),simac___simac_more_greek_Smokovitis_-_Prwino_tsigaro
4227,-2.83156,5.681597,2 (Jazz),simac___simac_more_greek_Vamvakaris_-_Fragkosyriani
4228,-18.937489,6.382314,4 (Classical),simac___simac_selected_ambient_works_8592_actium
4229,26.329752,-9.345565,1 (Hip-Hop + Pop + HJDB),simac___simac_selected_ambient_works_8592_ageispolis
4230,16.479855,-8.234576,1 (Hip-Hop + Pop + HJDB),simac___simac_selected_ambient_works_8592_delphium
4231,22.592188,-9.586271,1 (Hip-Hop + Pop + HJDB),simac___simac_selected_ambient_works_8592_green_calx
4232,-11.610132,-4.341431,2 (Jazz),simac___simac_selected_ambient_works_8592_hedphelym
4233,-10.250811,-7.0901113,2 (Jazz),simac___simac_selected_ambient_works_8592_heliosphan
4234,22.81767,-9.251279,1 (Hip-Hop + Pop + HJDB),simac___simac_selected_ambient_works_8592_ptolemy
4235,23.86151,-8.473892,1 (Hip-Hop + Pop + HJDB),simac___simac_selected_ambient_works_8592_pulsewidth
4236,-11.164326,-3.714139,2 (Jazz),simac___simac_selected_ambient_works_8592_schottkey_7th_path
4237,23.691803,-8.901954,1 (Hip-Hop + Pop + HJDB),simac___simac_selected_ambient_works_8592_we_are_the_music_makers
4238,-10.464735,-7.369071,2 (Jazz),simac___simac_selected_ambient_works_8592_xtal
4239,-27.365067,2.017391,4 (Classical),smc___smc_001
4240,-28.916437,0.21865045,4 (Classical),smc___smc_002
4241,-28.173058,0.11224573,4 (Classical),smc___smc_003
4242,-22.186901,-1.1812358,4 (Classical),smc___smc_004
4243,-26.572012,-5.005572,4 (Classical),smc___smc_005
4244,-25.43425,-2.2860615,4 (Classical),smc___smc_006
4245,-22.372187,3.1415327,4 (Classical),smc___smc_007
4246,-27.353632,-5.6019278,4 (Classical),smc___smc_008
4247,-3.6293092,0.5378525,2 (Jazz),smc___smc_009
4248,-23.221285,2.190352,4 (Classical),smc___smc_010
4249,-23.188477,-0.67147654,4 (Classical),smc___smc_011
4250,-1.594477,0.6573811,2 (Jazz),smc___smc_012
4251,-29.748392,1.0411112,4 (Classical),smc___smc_013
4252,-24.64844,-3.0373707,4 (Classical),smc___smc_014
4253,-22.637327,-0.2883217,4 (Classical),smc___smc_015
4254,-20.01453,4.9400325,4 (Classical),smc___smc_016
4255,-4.1318536,5.7493916,2 (Jazz),smc___smc_017
4256,-25.22274,-2.910006,4 (Classical),smc___smc_018
4257,-22.930227,2.3039682,4 (Classical),smc___smc_019
4258,-19.538015,-1.6396239,4 (Classical),smc___smc_021
4259,-27.160934,-3.880149,4 (Classical),smc___smc_022
4260,-23.778543,-2.4732327,4 (Classical),smc___smc_023
4261,-27.71542,-2.7657506,4 (Classical),smc___smc_024
4262,-17.554094,4.5536637,2 + 4,smc___smc_026
4263,-0.5697401,0.870922,2 + 3,smc___smc_027
4264,-23.613861,-2.1218195,4 (Classical),smc___smc_028
4265,-2.8401444,4.0944505,2 (Jazz),smc___smc_030
4266,-19.88789,2.7575479,4 (Classical),smc___smc_032
4267,-20.960976,-0.11130046,4 (Classical),smc___smc_033
4268,-26.107164,1.7039376,4 (Classical),smc___smc_034
4269,-21.880173,2.3852677,4 (Classical),smc___smc_035
4270,-29.2093,1.2322904,4 (Classical),smc___smc_036
4271,-22.978445,-1.626154,4 (Classical),smc___smc_037
4272,-25.16086,-2.8009653,4 (Classical),smc___smc_038
4273,-4.6295733,-4.033869,2 (Jazz),smc___smc_041
4274,-29.402958,0.72414565,4 (Classical),smc___smc_042
4275,-25.250305,-2.6467073,4 (Classical),smc___smc_043
4276,-26.79129,-3.080443,4 (Classical),smc___smc_044
4277,-3.7597551,-3.134016,2 (Jazz),smc___smc_046
4278,-26.6773,-5.172118,4 (Classical),smc___smc_047
4279,-23.202288,1.9417617,4 (Classical),smc___smc_048
4280,-3.326647,-3.1795425,2 (Jazz),smc___smc_051
4281,-1.1340905,0.9732755,2 (Jazz),smc___smc_052
4282,-5.2591424,2.7662408,2 (Jazz),smc___smc_054
4283,-22.740334,2.4945993,4 (Classical),smc___smc_055
4284,-24.910862,-2.703888,4 (Classical),smc___smc_056
4285,-18.070496,4.233963,4 (Classical),smc___smc_057
4286,-29.71429,0.77142197,4 (Classical),smc___smc_058
4287,-27.603899,1.9191327,4 (Classical),smc___smc_059
4288,-24.28979,1.1971614,4 (Classical),smc___smc_060
4289,-21.43924,3.4683487,4 (Classical),smc___smc_061
4290,-22.729132,1.3158541,4 (Classical),smc___smc_063
4291,-21.468866,3.1991303,4 (Classical),smc___smc_064
4292,-21.093561,0.25164884,4 (Classical),smc___smc_065
4293,-23.306845,2.3502743,4 (Classical),smc___smc_066
4294,-3.1349692,-3.2291844,2 (Jazz),smc___smc_067
4295,-29.985998,0.86789423,4 (Classical),smc___smc_068
4296,-25.373863,-3.418225,4 (Classical),smc___smc_069
4297,-29.921888,1.4172325,4 (Classical),smc___smc_071
4298,-1.0395797,0.89507115,2 + 3,smc___smc_072
4299,-1.4201397,0.7648592,2 (Jazz),smc___smc_073
4300,-24.660473,-1.9536606,4 (Classical),smc___smc_074
4301,-17.682667,4.441408,2 + 4,smc___smc_075
4302,-27.835789,-3.0639107,4 (Classical),smc___smc_076
4303,-26.35551,-3.616952,4 (Classical),smc___smc_079
4304,-22.75169,-1.0307392,4 (Classical),smc___smc_080
4305,-20.28705,-0.48805583,4 (Classical),smc___smc_082
4306,-20.828922,4.6116366,4 (Classical),smc___smc_084
4307,-29.438883,1.1419852,4 (Classical),smc___smc_085
4308,-0.83701783,1.117654,2 + 3,smc___smc_086
4309,-22.205166,-7.3770947,4 (Classical),smc___smc_087
4310,-4.4295273,4.902706,2 (Jazz),smc___smc_088
4311,-20.587938,5.3359137,4 (Classical),smc___smc_089
4312,-30.054096,0.5552219,4 (Classical),smc___smc_092
4313,-30.769838,-2.4711773,4 (Classical),smc___smc_093
4314,-29.851389,0.93732035,4 (Classical),smc___smc_095
4315,-29.673485,0.90313107,4 (Classical),smc___smc_096
4316,-26.090452,2.5210962,4 (Classical),smc___smc_098
4317,-22.021444,3.57454,4 (Classical),smc___smc_099
4318,-16.6711,1.5620311,2 + 4,smc___smc_100
4319,-23.601765,-1.5113726,4 (Classical),smc___smc_101
4320,-24.817127,-2.956551,4 (Classical),smc___smc_103
4321,-24.274052,-4.1037364,4 (Classical),smc___smc_104
4322,-26.256512,-3.034448,4 (Classical),smc___smc_105
4323,-27.666294,-2.923079,4 (Classical),smc___smc_106
4324,6.30514,4.1236496,3 (Rock + Pop),smc___smc_109
4325,-21.039799,-0.36737058,4 (Classical),smc___smc_111
4326,-27.112808,1.3247367,4 (Classical),smc___smc_113
4327,-20.493738,5.6636186,4 (Classical),smc___smc_114
4328,-26.579529,0.9848225,4 (Classical),smc___smc_116
4329,-16.65081,1.5044007,2 + 4,smc___smc_117
4330,-17.464954,1.9519799,4 (Classical),smc___smc_118
4331,-4.938087,4.193095,2 (Jazz),smc___smc_119
4332,-30.04493,1.5045769,4 (Classical),smc___smc_120
4333,-24.830889,1.8931442,4 (Classical),smc___smc_121
4334,-20.306908,1.6573036,4 (Classical),smc___smc_124
4335,-25.191435,-5.205278,4 (Classical),smc___smc_126
4336,-22.160212,-0.3328891,4 (Classical),smc___smc_127
4337,-24.52095,-2.570231,4 (Classical),smc___smc_130
4338,-2.1847897,4.078701,2 (Jazz),smc___smc_133
4339,-23.398378,-1.3234885,4 (Classical),smc___smc_135
4340,-21.67819,0.43066302,4 (Classical),smc___smc_137
4341,-3.9484503,0.17107986,2 (Jazz),smc___smc_139
4342,-5.786286,4.142125,2 (Jazz),smc___smc_140
4343,-24.234306,2.4243774,4 (Classical),smc___smc_142
4344,5.2114453,-5.9810343,3 (Rock + Pop),smc___smc_143
4345,-29.271248,0.64361763,4 (Classical),smc___smc_146
4346,-24.80128,-5.3209934,4 (Classical),smc___smc_147
4347,-5.00824,-3.807329,2 (Jazz),smc___smc_148
4348,-20.103195,-1.7930179,4 (Classical),smc___smc_149
4349,-29.154718,1.6669512,4 (Classical),smc___smc_150
4350,-4.8130407,5.905545,2 (Jazz),smc___smc_151
4351,-24.77902,-1.4820907,4 (Classical),smc___smc_152
4352,-25.249775,1.8558265,4 (Classical),smc___smc_153
4353,-28.018978,0.6871517,4 (Classical),smc___smc_154
4354,-4.8042865,-3.7113419,2 (Jazz),smc___smc_157
4355,-23.085295,-1.7530575,4 (Classical),smc___smc_158
4356,-26.542898,-4.8694334,4 (Classical),smc___smc_159
4357,-29.884466,0.8165364,4 (Classical),smc___smc_161
4358,-30.00421,1.2925384,4 (Classical),smc___smc_166
4359,-22.613468,-1.6224678,4 (Classical),smc___smc_167
4360,-28.659607,0.8557684,4 (Classical),smc___smc_168
4361,-24.9956,-2.6261284,4 (Classical),smc___smc_169
4362,-4.8461566,5.6159825,2 (Jazz),smc___smc_170
4363,-1.8561422,5.5988936,2 (Jazz),smc___smc_171
4364,-21.361374,0.9182254,4 (Classical),smc___smc_172
4365,-0.7088733,1.2819098,2 + 3,smc___smc_173
4366,-25.49728,-1.2307447,4 (Classical),smc___smc_174
4367,-23.091438,2.8634865,4 (Classical),smc___smc_175
4368,-23.15227,2.5336885,4 (Classical),smc___smc_176
4369,-29.313986,0.6024574,4 (Classical),smc___smc_178
4370,-28.193945,0.99294704,4 (Classical),smc___smc_179
4371,-3.9129035,5.6561465,2 (Jazz),smc___smc_181
4372,-4.669635,5.048576,2 (Jazz),smc___smc_182
4373,-21.472788,3.8214645,4 (Classical),smc___smc_184
4374,-23.730335,2.0002446,4 (Classical),smc___smc_187
4375,-20.221457,3.2067437,4 (Classical),smc___smc_188
4376,-27.495018,3.0729678,4 (Classical),smc___smc_190
4377,-24.675484,1.2459463,4 (Classical),smc___smc_192
4378,-1.9838787,4.339133,2 (Jazz),smc___smc_193
4379,-21.230623,4.5418315,4 (Classical),smc___smc_194
4380,-27.057999,-2.7450864,4 (Classical),smc___smc_195
4381,-29.055851,0.70780396,4 (Classical),smc___smc_197
4382,-3.611297,4.597238,2 (Jazz),smc___smc_198
4383,-4.2833133,6.0705104,2 (Jazz),smc___smc_199
4384,-23.210978,-5.2444167,4 (Classical),smc___smc_202
4385,-10.12055,9.570978,2 (Jazz),smc___smc_203
4386,-4.1395884,5.134151,2 (Jazz),smc___smc_204
4387,-5.0306525,5.951124,2 (Jazz),smc___smc_205
4388,-24.753845,-2.6669655,4 (Classical),smc___smc_206
4389,-3.8488247,-3.111628,2 (Jazz),smc___smc_207
4390,-29.486,0.63947344,4 (Classical),smc___smc_208
4391,-22.912773,2.6554081,4 (Classical),smc___smc_209
4392,-21.570028,-1.9914939,4 (Classical),smc___smc_211
4393,-22.942123,2.8234396,4 (Classical),smc___smc_212
4394,-29.639774,0.66241574,4 (Classical),smc___smc_213
4395,-22.641804,3.0717473,4 (Classical),smc___smc_214
4396,-27.843294,-3.0392075,4 (Classical),smc___smc_215
4397,-4.730637,4.770442,2 (Jazz),smc___smc_216
4398,-25.920025,-4.8500495,4 (Classical),smc___smc_217
4399,-27.12813,2.616839,4 (Classical),smc___smc_219
4400,-3.6327827,3.4320006,2 (Jazz),smc___smc_220
4401,-4.8125134,5.1936707,2 (Jazz),smc___smc_221
4402,-21.459354,-5.690548,4 (Classical),smc___smc_222
4403,-4.993236,5.554848,2 (Jazz),smc___smc_223
4404,-3.7149982,5.020672,2 (Jazz),smc___smc_224
4405,-4.8995957,5.046147,2 (Jazz),smc___smc_225
4406,-24.499933,1.332951,4 (Classical),smc___smc_226
4407,-24.286688,0.7441666,4 (Classical),smc___smc_227
4408,-3.6985593,3.147137,2 (Jazz),smc___smc_229
4409,-29.524956,1.0100961,4 (Classical),smc___smc_232
4410,-5.2344837,5.602124,2 (Jazz),smc___smc_235
4411,-4.149657,5.140051,2 (Jazz),smc___smc_236
4412,-4.4804606,5.309363,2 (Jazz),smc___smc_237
4413,-25.205952,-4.3898826,4 (Classical),smc___smc_239
4414,-5.2433114,4.3863144,2 (Jazz),smc___smc_241
4415,-21.390543,3.9008298,4 (Classical),smc___smc_242
4416,-6.8474455,7.2139735,2 (Jazz),smc___smc_243
4417,-23.998701,1.4068577,4 (Classical),smc___smc_244
4418,-22.480959,1.2829255,4 (Classical),smc___smc_248
4419,-3.00536,4.2715945,2 (Jazz),smc___smc_249
4420,-29.006945,0.92746264,4 (Classical),smc___smc_251
4421,-6.0130515,-0.038074613,2 (Jazz),smc___smc_252
4422,-3.1587842,-2.5456486,2 (Jazz),smc___smc_253
4423,-20.422901,2.3258586,4 (Classical),smc___smc_254
4424,-24.410866,-2.2300942,4 (Classical),smc___smc_255
4425,-27.195604,-2.9735208,4 (Classical),smc___smc_256
4426,-25.336557,-2.3753881,4 (Classical),smc___smc_257
4427,-27.626963,-2.1677608,4 (Classical),smc___smc_258
4428,-4.6973624,4.6208787,2 (Jazz),smc___smc_259
4429,-23.318132,-1.8673723,4 (Classical),smc___smc_260
4430,-22.410257,-0.46257788,4 (Classical),smc___smc_261
4431,-23.08019,-1.8643514,4 (Classical),smc___smc_262
4432,-5.05655,2.8336792,2 (Jazz),smc___smc_263
4433,-23.04314,1.3785179,4 (Classical),smc___smc_264
4434,-3.5337565,4.5918045,2 (Jazz),smc___smc_265
4435,-26.947258,-4.0205574,4 (Classical),smc___smc_266
4436,-26.600368,-2.730156,4 (Classical),smc___smc_269
4437,14.506632,-11.365571,1 (Hip-Hop + Pop + HJDB),smc___smc_271
4438,17.215483,-3.320947,1 (Hip-Hop + Pop + HJDB),smc___smc_272
4439,13.664427,-11.026898,1 (Hip-Hop + Pop + HJDB),smc___smc_273
4440,20.732939,-11.204567,1 (Hip-Hop + Pop + HJDB),smc___smc_274
4441,10.9465885,-10.171494,1 (Hip-Hop + Pop + HJDB),smc___smc_275
4442,26.73399,-9.462419,1 (Hip-Hop + Pop + HJDB),smc___smc_276
4443,-10.921266,-9.02754,2 (Jazz),smc___smc_277
4444,10.744915,-8.147961,1 + 3,smc___smc_278
4445,15.51293,-11.986947,1 (Hip-Hop + Pop + HJDB),smc___smc_279
4446,11.809537,-6.46334,1 (Hip-Hop + Pop + HJDB),smc___smc_280
4447,10.984181,-10.308633,1 (Hip-Hop + Pop + HJDB),smc___smc_281
4448,9.154748,-7.7291846,1 + 3,smc___smc_282
4449,25.024702,-10.587366,1 (Hip-Hop + Pop + HJDB),smc___smc_283
4450,3.3530197,10.974827,3 (Rock + Pop),smc___smc_284
4451,23.255123,-9.5032,1 (Hip-Hop + Pop + HJDB),smc___smc_285
4452,10.262214,-9.139316,1 + 3,smc___smc_286
4453,9.822362,-7.9756026,1 + 3,smc___smc_287
4454,14.860552,-12.82319,1 (Hip-Hop + Pop + HJDB),smc___smc_288
4455,4.5462136,5.659935,3 (Rock + Pop),smc___smc_289
4456,9.515817,6.3272386,3 (Rock + Pop),tapcorrect___001_youtube_fV4DiAyExN0
4457,-6.74126,-0.10457996,2 (Jazz),tapcorrect___002_youtube_CvMfvuJsYmE
4458,2.2542555,5.0533576,3 (Rock + Pop),tapcorrect___003_youtube_tXjqKzX28LI
4459,0.16263741,5.3887005,2 + 3,tapcorrect___004_youtube_IwOfCgkyEj0
4460,4.900468,0.3290165,3 (Rock + Pop),tapcorrect___005_youtube_RB-RcX5DS5A
4461,-2.1117353,-3.522083,2 (Jazz),tapcorrect___006_youtube_I3gHugP6bPE
4462,2.9758315,-0.74555135,3 (Rock + Pop),tapcorrect___007_youtube_9QnUOrTsxXA
4463,10.546625,-7.809323,1 + 3,tapcorrect___008_youtube_bg7RjxsghNY
4464,-5.9007373,1.1334063,2 (Jazz),tapcorrect___009_youtube_hRFLv29K__o
4465,3.2341328,0.8179897,3 (Rock + Pop),tapcorrect___010_youtube_80tX5MLX8QY
4466,0.18978761,6.336724,2 + 3,tapcorrect___011_youtube_M7u5SdjDSQQ
4467,15.468879,1.3781351,1 + 3,tapcorrect___012_youtube_Va0vs1fhhNI
4468,4.170947,0.89610356,3 (Rock + Pop),tapcorrect___013_youtube_6iGpdkgr57g
4469,0.31748077,-2.7423255,2 + 3,tapcorrect___014_youtube_53FGAgfYVsw
4470,11.517903,6.933489,3 (Rock + Pop),tapcorrect___015_youtube_ltRgb4SJ1uk
4471,8.605071,-6.9759035,3 (Rock + Pop),tapcorrect___016_youtube_eelfrHtmk68
4472,8.661407,-6.9621468,3 (Rock + Pop),tapcorrect___017_youtube_S6Nt1ssPLBA
4473,-3.2988517,0.09974517,2 (Jazz),tapcorrect___018_youtube_wVyggTKDcOE
4474,-0.5811857,-5.6740866,2 + 3,tapcorrect___019_youtube_jSDukB1pc30
4475,4.1338887,2.3985112,3 (Rock + Pop),tapcorrect___020_youtube_0WrjMeHsfgM
4476,-0.8709093,-7.6722903,2 (Jazz),tapcorrect___021_youtube_lzdGpNGH9BI
4477,6.954233,5.9193325,3 (Rock + Pop),tapcorrect___022_youtube_Z4z0LjchwOo
4478,-2.4521215,-3.6680887,2 (Jazz),tapcorrect___024_youtube_S4X_l8PIobc
4479,15.985644,-4.4967213,1 (Hip-Hop + Pop + HJDB),tapcorrect___025_youtube_8jsFGdeWNPo
4480,7.0803733,3.4667253,3 (Rock + Pop),tapcorrect___026_youtube__X6DCz3pkYA
4481,4.343335,7.0543246,3 (Rock + Pop),tapcorrect___027_youtube_iYYRH4apXDo
4482,8.385484,4.743698,3 (Rock + Pop),tapcorrect___028_youtube_StFfXP4eAgU
4483,-20.211493,5.6443954,4 (Classical),tapcorrect___029_youtube_41TNDPn9x2Y
4484,-2.0151184,-6.845962,2 (Jazz),tapcorrect___030_youtube_U8EDgciZZFc
4485,3.8115416,5.215676,3 (Rock + Pop),tapcorrect___031_youtube_Y8R9ZPT2T-I
4486,15.3787155,-7.7351503,1 (Hip-Hop + Pop + HJDB),tapcorrect___032_youtube_zsmUOdmm02A
4487,9.656663,-8.645992,1 + 3,tapcorrect___033_youtube_0Jj9rOwkfLM
4488,1.5338777,2.88535,3 (Rock + Pop),tapcorrect___034_youtube_F6Dw6ZFmM4c
4489,-0.6140655,0.33087957,2 + 3,tapcorrect___035_youtube_NCnT_grZvLE
4490,13.272948,-4.5944285,1 (Hip-Hop + Pop + HJDB),tapcorrect___036_youtube__-xZYhm6QgQ
4491,-20.54258,3.88129,4 (Classical),tapcorrect___037_youtube_VYCOg-yglNM
4492,9.608457,7.055378,3 (Rock + Pop),tapcorrect___038_youtube_eVTXPUF4Oz4
4493,4.799202,2.4641025,3 (Rock + Pop),tapcorrect___039_youtube_ph9NQ8ASmX4
4494,-3.4434373,1.1639856,2 (Jazz),tapcorrect___040_youtube_1zrxnqejwCk
4495,-4.5849466,-1.3676322,2 (Jazz),tapcorrect___041_youtube_Eh44QPT1mPE
4496,10.003485,5.892007,3 (Rock + Pop),tapcorrect___042_youtube_uBMtdaRhDMY
4497,-20.491879,3.6040597,4 (Classical),tapcorrect___043_youtube_CWEqbuJ6DlQ
4498,8.887646,-8.970042,1 + 3,tapcorrect___044_youtube_BwKPJJxSnOE
4499,0.8677701,0.6215219,3 (Rock + Pop),tapcorrect___045_youtube_SYUgGs9IStY
4500,-7.289914,0.6149152,2 (Jazz),tapcorrect___046_youtube_ebZZpVFUQDY
4501,15.246426,-3.3747952,1 (Hip-Hop + Pop + HJDB),tapcorrect___047_youtube_WNa60w5HOB4
4502,-10.788467,10.243412,2 (Jazz),tapcorrect___048_youtube_B_e7QbWc5mI
4503,1.6705371,-4.6296034,3 (Rock + Pop),tapcorrect___049_youtube_rSktfVJc_IM
4504,9.87411,4.9769363,3 (Rock + Pop),tapcorrect___050_youtube_vx2u5uUu3DE
4505,6.797706,-6.6223106,3 (Rock + Pop),tapcorrect___051_youtube_InYVlCCEqFc
4506,10.008748,6.389703,3 (Rock + Pop),tapcorrect___052_youtube_LjffPO71TJs
4507,-4.967396,-0.05989191,2 (Jazz),tapcorrect___053_youtube_yuxchcK5Gek
4508,10.930763,2.272528,3 (Rock + Pop),tapcorrect___054_youtube_UgL4N4Hf1dk
4509,3.5505838,-5.6093893,3 (Rock + Pop),tapcorrect___055_youtube_LzLt9X4hoIE
4510,-1.1926602,1.857616,2 (Jazz),tapcorrect___056_youtube_alYFdNGVL1E
4511,7.639347,4.3960705,3 (Rock + Pop),tapcorrect___057_youtube_UrN3-lDk9Rs
4512,-5.408501,-1.4177763,2 (Jazz),tapcorrect___058_youtube_c5dwksSbD34
4513,5.218536,6.762497,3 (Rock + Pop),tapcorrect___059_youtube_-tJYN-eG1zk
4514,8.409525,-2.0865703,3 (Rock + Pop),tapcorrect___060_youtube_FY9v147BZuE
4515,13.657198,-3.9899473,1 (Hip-Hop + Pop + HJDB),tapcorrect___061_youtube_KlujizeNNQM
4516,18.44324,0.13701423,1 (Hip-Hop + Pop + HJDB),tapcorrect___062_youtube_Yi3GJEEMX4s
4517,-2.8605707,-3.7769294,2 (Jazz),tapcorrect___063_youtube_uFEK4fpYOS4
4518,3.0407252,0.9329583,3 (Rock + Pop),tapcorrect___064_youtube_Xlv1tm2h7pY
4519,3.2424886,-1.1102858,3 (Rock + Pop),tapcorrect___065_youtube_u9Dg-g7t2l4
4520,6.229307,-0.61721635,3 (Rock + Pop),tapcorrect___066_youtube_H4BB9eGUEaE
4521,-3.685914,-4.9341016,2 (Jazz),tapcorrect___067_youtube_MbmFqUtK2aw
4522,3.0650625,-0.05147005,3 (Rock + Pop),tapcorrect___068_youtube_a8LcePfI6Hs
4523,0.23185873,7.477698,2 + 3,tapcorrect___069_youtube_8kl6q_9qZOs
4524,13.695933,-5.50951,1 (Hip-Hop + Pop + HJDB),tapcorrect___070_youtube_m-M1AtrxztU
4525,7.992716,0.37075084,3 (Rock + Pop),tapcorrect___071_youtube_WBQ03PXMpqY
4526,3.4785933,1.8275682,3 (Rock + Pop),tapcorrect___072_youtube_sABVieMgwlA
4527,14.777985,-2.0640678,1 (Hip-Hop + Pop + HJDB),tapcorrect___073_youtube_qZuH-5St80A
4528,-7.84852,0.35944822,2 (Jazz),tapcorrect___074_youtube_aBqT2qWxDL8
4529,-3.89309,0.6773878,2 (Jazz),tapcorrect___075_youtube_p_6F5K_xP6Q
4530,4.630717,-1.3492281,3 (Rock + Pop),tapcorrect___076_youtube_pjcOzqxu4JQ
4531,10.455235,6.142893,3 (Rock + Pop),tapcorrect___077_youtube_g6FU3s6mbGI
4532,-8.962282,0.47635487,2 (Jazz),tapcorrect___078_youtube_DL_uU76w5eQ
4533,7.699665,-7.155326,3 (Rock + Pop),tapcorrect___079_youtube_aEW001GcS9s
4534,3.5338042,-0.2436048,3 (Rock + Pop),tapcorrect___080_youtube_9z1A1R8RQZs
4535,-6.2277203,0.81196684,2 (Jazz),tapcorrect___081_youtube_pSdUOTuQzWQ
4536,12.264926,-3.9877744,1 + 3,tapcorrect___082_youtube_M84S81FL5FY
4537,-5.8193574,0.6762508,2 (Jazz),tapcorrect___083_youtube_HfUoCF3dmbU
4538,3.7892299,13.126258,3 (Rock + Pop),tapcorrect___084_youtube_zH9sXggRlxc
4539,-3.4279509,-1.5487962,2 (Jazz),tapcorrect___085_youtube_KEl7WjfbnSA
4540,1.7490307,3.7714198,3 (Rock + Pop),tapcorrect___086_youtube_-2WQ_caqBiY
4541,3.8440638,0.06419228,3 (Rock + Pop),tapcorrect___087_youtube_ej93qIAlhXs
4542,11.481953,-9.587211,1 (Hip-Hop + Pop + HJDB),tapcorrect___088_youtube_D1ACUFvxAGQ
4543,16.00969,-3.2025158,1 (Hip-Hop + Pop + HJDB),tapcorrect___089_youtube_Ghg70fI6HLI
4544,8.775042,7.7554393,3 (Rock + Pop),tapcorrect___090_youtube_2tmc8rJgxUI
4545,6.6601934,-1.4524441,3 (Rock + Pop),tapcorrect___091_youtube_NCtzkaL2t_Y
4546,10.058954,-2.625054,3 (Rock + Pop),tapcorrect___092_youtube_oh2LWWORoiM
4547,4.4051785,4.4607058,3 (Rock + Pop),tapcorrect___093_youtube_C1lbOgBtE3w
4548,-9.192096,-1.7450509,2 (Jazz),tapcorrect___094_youtube_FrGARptU-kQ
4549,-0.7230382,7.4778075,2 + 3,tapcorrect___095_youtube_zO6D_BAuYCI
4550,5.8397985,12.089554,3 (Rock + Pop),tapcorrect___096_youtube_XAYhNHhxN0A
4551,-1.0952834,-0.873035,2 (Jazz),tapcorrect___097_youtube_Nco69szMp0Y
4552,6.4824524,-2.6609576,3 (Rock + Pop),tapcorrect___098_youtube_MsduHmjQlgI
4553,-25.143688,-5.645755,4 (Classical),tapcorrect___099_youtube_WHWqj6gKS9g
4554,-0.34073773,2.702079,2 + 3,tapcorrect___100_youtube_QinABEXzutY
4555,-9.129994,2.3623712,2 (Jazz),tapcorrect___101_youtube_O64IDCVI3eM
4556,5.44064,4.753933,3 (Rock + Pop),tapcorrect___102_youtube_4aiWPx8RU7I
4557,-0.60498196,6.5467534,3 (Rock + Pop),gtzan___gtzan_blues_00000
4558,-0.8373444,6.1804996,2 (Jazz),gtzan___gtzan_blues_00001
4559,1.8263556,6.5112023,3 (Rock + Pop),gtzan___gtzan_blues_00002
4560,0.5627034,1.8597988,3 (Rock + Pop),gtzan___gtzan_blues_00003
4561,-0.73990476,4.829555,2 (Jazz),gtzan___gtzan_blues_00004
4562,-0.86594284,5.72008,2 (Jazz),gtzan___gtzan_blues_00005
4563,-1.6278471,6.396289,2 (Jazz),gtzan___gtzan_blues_00006
4564,-1.0202261,5.544602,2 (Jazz),gtzan___gtzan_blues_00007
4565,-0.03593557,5.007208,3 (Rock + Pop),gtzan___gtzan_blues_00008
4566,-2.583107,4.927757,2 (Jazz),gtzan___gtzan_blues_00009
4567,-7.053189,4.416491,2 (Jazz),gtzan___gtzan_blues_00010
4568,0.15242156,2.5887752,3 (Rock + Pop),gtzan___gtzan_blues_00011
4569,-2.9162366,5.848204,2 (Jazz),gtzan___gtzan_blues_00012
4570,-3.0402799,5.646053,2 (Jazz),gtzan___gtzan_blues_00013
4571,-3.9832985,5.989853,2 (Jazz),gtzan___gtzan_blues_00014
4572,-3.6238668,5.6811504,2 (Jazz),gtzan___gtzan_blues_00015
4573,-3.3900464,5.807675,2 (Jazz),gtzan___gtzan_blues_00016
4574,-2.1577024,6.0169687,2 (Jazz),gtzan___gtzan_blues_00017
4575,-3.3470554,5.827453,2 (Jazz),gtzan___gtzan_blues_00018
4576,-2.6587286,6.1573997,2 (Jazz),gtzan___gtzan_blues_00019
4577,-5.603225,6.0541453,2 (Jazz),gtzan___gtzan_blues_00020
4578,-2.1845348,6.2564735,2 (Jazz),gtzan___gtzan_blues_00021
4579,-3.0889812,6.001082,2 (Jazz),gtzan___gtzan_blues_00022
4580,-4.9933915,6.1234393,2 (Jazz),gtzan___gtzan_blues_00023
4581,-4.3931627,6.026176,2 (Jazz),gtzan___gtzan_blues_00024
4582,-3.3830335,6.157217,2 (Jazz),gtzan___gtzan_blues_00025
4583,-3.1078734,6.1282353,2 (Jazz),gtzan___gtzan_blues_00026
4584,-3.0489302,4.939875,2 (Jazz),gtzan___gtzan_blues_00027
4585,-3.766686,5.866543,2 (Jazz),gtzan___gtzan_blues_00028
4586,-3.2518623,5.0360537,2 (Jazz),gtzan___gtzan_blues_00029
4587,-3.4749515,-0.93446606,2 (Jazz),gtzan___gtzan_blues_00030
4588,-3.5502553,-1.0119547,2 (Jazz),gtzan___gtzan_blues_00031
4589,-4.0279856,-0.121192284,2 (Jazz),gtzan___gtzan_blues_00032
4590,-3.9375107,-0.95790917,2 (Jazz),gtzan___gtzan_blues_00033
4591,-3.8031876,-0.23640688,2 (Jazz),gtzan___gtzan_blues_00034
4592,-3.8564959,-1.2736688,2 (Jazz),gtzan___gtzan_blues_00035
4593,-3.677376,-0.7544816,2 (Jazz),gtzan___gtzan_blues_00036
4594,-7.9224505,7.9192843,2 (Jazz),gtzan___gtzan_blues_00037
4595,-4.1104317,-0.7094147,2 (Jazz),gtzan___gtzan_blues_00038
4596,-3.590254,-0.50413454,2 (Jazz),gtzan___gtzan_blues_00039
4597,-2.2151008,2.6589198,2 (Jazz),gtzan___gtzan_blues_00040
4598,1.0100081,1.3279883,3 (Rock + Pop),gtzan___gtzan_blues_00041
4599,-0.6798531,7.3796268,3 (Rock + Pop),gtzan___gtzan_blues_00042
4600,-0.48904064,6.790686,3 (Rock + Pop),gtzan___gtzan_blues_00043
4601,-0.6231663,9.091453,3 (Rock + Pop),gtzan___gtzan_blues_00044
4602,5.285511,10.904911,3 (Rock + Pop),gtzan___gtzan_blues_00045
4603,-0.1859517,5.9109387,3 (Rock + Pop),gtzan___gtzan_blues_00046
4604,-0.62097436,7.6977177,3 (Rock + Pop),gtzan___gtzan_blues_00047
4605,-0.7360489,6.950843,2 (Jazz),gtzan___gtzan_blues_00048
4606,0.18759163,7.723376,3 (Rock + Pop),gtzan___gtzan_blues_00049
4607,-0.8169436,7.098864,2 (Jazz),gtzan___gtzan_blues_00050
4608,-0.8770213,7.222137,2 (Jazz),gtzan___gtzan_blues_00051
4609,-3.2002192,8.498658,2 (Jazz),gtzan___gtzan_blues_00052
4610,-0.8656261,7.107475,2 (Jazz),gtzan___gtzan_blues_00053
4611,0.94655657,6.4075804,3 (Rock + Pop),gtzan___gtzan_blues_00054
4612,-0.89406145,7.1350923,2 (Jazz),gtzan___gtzan_blues_00055
4613,-0.8604948,6.539024,2 (Jazz),gtzan___gtzan_blues_00056
4614,-0.8656494,6.8150206,2 (Jazz),gtzan___gtzan_blues_00057
4615,0.8057648,1.6281763,3 (Rock + Pop),gtzan___gtzan_blues_00058
4616,-0.854637,7.154418,2 (Jazz),gtzan___gtzan_blues_00059
4617,-0.87643796,7.0141406,2 (Jazz),gtzan___gtzan_blues_00060
4618,-0.4360381,10.020875,3 (Rock + Pop),gtzan___gtzan_blues_00061
4619,-0.4086943,5.917065,3 (Rock + Pop),gtzan___gtzan_blues_00062
4620,-0.17782544,5.547083,3 (Rock + Pop),gtzan___gtzan_blues_00063
4621,0.031470057,9.954453,3 (Rock + Pop),gtzan___gtzan_blues_00064
4622,-0.2554931,5.4412985,3 (Rock + Pop),gtzan___gtzan_blues_00065
4623,0.02316902,5.280901,3 (Rock + Pop),gtzan___gtzan_blues_00066
4624,-0.1732788,5.723038,3 (Rock + Pop),gtzan___gtzan_blues_00067
4625,-0.56077546,10.363185,3 (Rock + Pop),gtzan___gtzan_blues_00068
4626,-0.2065391,5.3476253,3 (Rock + Pop),gtzan___gtzan_blues_00069
4627,-0.82610506,2.5730815,2 (Jazz),gtzan___gtzan_blues_00070
4628,-0.10672812,10.254634,3 (Rock + Pop),gtzan___gtzan_blues_00071
4629,0.60395545,10.963669,3 (Rock + Pop),gtzan___gtzan_blues_00072
4630,-0.1734123,3.3464398,3 (Rock + Pop),gtzan___gtzan_blues_00073
4631,0.33180368,3.637088,3 (Rock + Pop),gtzan___gtzan_blues_00074
4632,11.302683,-3.0432224,3 (Rock + Pop),gtzan___gtzan_blues_00075
4633,-0.66053003,3.6508193,2 (Jazz),gtzan___gtzan_blues_00076
4634,-0.15591145,5.974485,3 (Rock + Pop),gtzan___gtzan_blues_00077
4635,0.6646826,9.387139,3 (Rock + Pop),gtzan___gtzan_blues_00078
4636,2.5641847,11.241681,3 (Rock + Pop),gtzan___gtzan_blues_00079
4637,0.60232824,5.5759974,3 (Rock + Pop),gtzan___gtzan_blues_00080
4638,-3.6974998,-8.329839,2 (Jazz),gtzan___gtzan_blues_00081
4639,-1.2568188,2.6173444,2 (Jazz),gtzan___gtzan_blues_00082
4640,2.312866,-6.7608147,3 (Rock + Pop),gtzan___gtzan_blues_00083
4641,-0.6780971,12.814392,3 (Rock + Pop),gtzan___gtzan_blues_00084
4642,-2.2734478,4.9009953,2 (Jazz),gtzan___gtzan_blues_00085
4643,-1.739437,4.8259435,2 (Jazz),gtzan___gtzan_blues_00086
4644,-0.75555336,0.68491286,2 (Jazz),gtzan___gtzan_blues_00087
4645,-5.0109,11.552016,2 (Jazz),gtzan___gtzan_blues_00088
4646,-2.3473625,4.387639,2 (Jazz),gtzan___gtzan_blues_00089
4647,-1.7226987,3.8642428,2 (Jazz),gtzan___gtzan_blues_00090
4648,5.5623903,-5.5898237,3 (Rock + Pop),gtzan___gtzan_blues_00091
4649,-2.7005,4.477379,2 (Jazz),gtzan___gtzan_blues_00092
4650,-13.555895,8.753133,2 (Jazz),gtzan___gtzan_blues_00093
4651,-2.2337797,5.203406,2 (Jazz),gtzan___gtzan_blues_00094
4652,-1.1681224,0.04627139,2 (Jazz),gtzan___gtzan_blues_00095
4653,-1.7242397,-2.256502,2 (Jazz),gtzan___gtzan_blues_00096
4654,-0.28110895,0.45670786,2 (Jazz),gtzan___gtzan_blues_00097
4655,-0.18303236,6.5331583,3 (Rock + Pop),gtzan___gtzan_blues_00098
4656,-0.48434892,4.568414,3 (Rock + Pop),gtzan___gtzan_blues_00099
4657,-28.382992,2.0259295,4 (Classical),gtzan___gtzan_classical_00000
4658,-25.898573,1.7154915,4 (Classical),gtzan___gtzan_classical_00001
4659,-27.189491,2.6125042,4 (Classical),gtzan___gtzan_classical_00002
4660,-26.002062,1.7041066,4 (Classical),gtzan___gtzan_classical_00003
4661,-30.82169,0.5785222,4 (Classical),gtzan___gtzan_classical_00004
4662,-28.57127,1.5895667,4 (Classical),gtzan___gtzan_classical_00005
4663,-26.410603,1.648014,4 (Classical),gtzan___gtzan_classical_00006
4664,-27.552814,1.6495188,4 (Classical),gtzan___gtzan_classical_00007
4665,-28.729286,1.5430593,4 (Classical),gtzan___gtzan_classical_00008
4666,-24.86152,1.7355721,4 (Classical),gtzan___gtzan_classical_00009
4667,-28.273748,1.6234424,4 (Classical),gtzan___gtzan_classical_00010
4668,-26.393972,1.569916,4 (Classical),gtzan___gtzan_classical_00011
4669,-29.494324,1.2322816,4 (Classical),gtzan___gtzan_classical_00012
4670,-27.861382,1.9993025,4 (Classical),gtzan___gtzan_classical_00013
4671,-26.547436,2.146016,4 (Classical),gtzan___gtzan_classical_00014
4672,-24.176558,2.3756738,4 (Classical),gtzan___gtzan_classical_00015
4673,-26.777386,1.3182214,4 (Classical),gtzan___gtzan_classical_00016
4674,-27.519148,1.5474849,4 (Classical),gtzan___gtzan_classical_00017
4675,-26.630896,1.6174027,4 (Classical),gtzan___gtzan_classical_00018
4676,-27.449816,1.2434341,4 (Classical),gtzan___gtzan_classical_00019
4677,-28.481134,1.9447527,4 (Classical),gtzan___gtzan_classical_00020
4678,-29.257662,1.2021542,4 (Classical),gtzan___gtzan_classical_00021
4679,-29.541414,1.3032063,4 (Classical),gtzan___gtzan_classical_00022
4680,-27.527697,1.3891696,4 (Classical),gtzan___gtzan_classical_00023
4681,-28.045319,2.5225453,4 (Classical),gtzan___gtzan_classical_00024
4682,-27.393232,2.87898,4 (Classical),gtzan___gtzan_classical_00025
4683,-29.311138,1.307739,4 (Classical),gtzan___gtzan_classical_00026
4684,-26.58193,1.5765239,4 (Classical),gtzan___gtzan_classical_00027
4685,-28.313875,1.6858767,4 (Classical),gtzan___gtzan_classical_00028
4686,-26.635477,2.4844747,4 (Classical),gtzan___gtzan_classical_00029
4687,-30.123976,-0.26524645,4 (Classical),gtzan___gtzan_classical_00030
4688,-31.530994,-3.641375,4 (Classical),gtzan___gtzan_classical_00031
4689,-24.639359,-4.15678,4 (Classical),gtzan___gtzan_classical_00032
4690,-25.1502,-3.9964597,4 (Classical),gtzan___gtzan_classical_00033
4691,-30.022293,0.91486794,4 (Classical),gtzan___gtzan_classical_00034
4692,-21.347042,-0.37769717,4 (Classical),gtzan___gtzan_classical_00035
4693,-26.428076,-5.4255395,4 (Classical),gtzan___gtzan_classical_00036
4694,-28.694391,1.3725295,4 (Classical),gtzan___gtzan_classical_00037
4695,-21.892704,-1.8532053,4 (Classical),gtzan___gtzan_classical_00038
4696,-20.86236,4.495224,4 (Classical),gtzan___gtzan_classical_00039
4697,-24.173777,1.9316872,4 (Classical),gtzan___gtzan_classical_00040
4698,-24.085228,1.7478741,4 (Classical),gtzan___gtzan_classical_00041
4699,-28.247198,2.6761892,4 (Classical),gtzan___gtzan_classical_00042
4700,-22.616291,-1.2009465,4 (Classical),gtzan___gtzan_classical_00043
4701,-25.2313,1.7695043,4 (Classical),gtzan___gtzan_classical_00044
4702,-25.672379,0.4024746,4 (Classical),gtzan___gtzan_classical_00045
4703,-25.962795,3.2060766,4 (Classical),gtzan___gtzan_classical_00046
4704,-27.559399,1.0000137,4 (Classical),gtzan___gtzan_classical_00047
4705,-26.30651,3.4719613,4 (Classical),gtzan___gtzan_classical_00048
4706,-27.012749,3.4275894,4 (Classical),gtzan___gtzan_classical_00049
4707,-22.780272,2.9963782,4 (Classical),gtzan___gtzan_classical_00050
4708,-12.574874,-3.7475307,2 (Jazz),gtzan___gtzan_classical_00051
4709,-9.038171,8.224102,2 (Jazz),gtzan___gtzan_classical_00052
4710,-25.909113,5.353816,4 (Classical),gtzan___gtzan_classical_00053
4711,-23.81256,-5.6943026,4 (Classical),gtzan___gtzan_classical_00054
4712,-22.013329,2.6679983,4 (Classical),gtzan___gtzan_classical_00055
4713,-22.316574,-5.522547,4 (Classical),gtzan___gtzan_classical_00056
4714,-24.676485,1.4784551,4 (Classical),gtzan___gtzan_classical_00057
4715,-23.243704,2.3641865,4 (Classical),gtzan___gtzan_classical_00058
4716,-28.198843,3.3026733,4 (Classical),gtzan___gtzan_classical_00059
4717,-27.111652,3.9636626,4 (Classical),gtzan___gtzan_classical_00060
4718,-23.717045,5.484933,4 (Classical),gtzan___gtzan_classical_00061
4719,-21.045952,-1.2724373,4 (Classical),gtzan___gtzan_classical_00062
4720,-23.91586,-1.1083053,4 (Classical),gtzan___gtzan_classical_00063
4721,-22.776308,-1.0165523,4 (Classical),gtzan___gtzan_classical_00064
4722,-25.80692,-3.1918893,4 (Classical),gtzan___gtzan_classical_00065
4723,-28.164938,-3.156429,4 (Classical),gtzan___gtzan_classical_00066
4724,-22.746294,-1.5517625,4 (Classical),gtzan___gtzan_classical_00067
4725,-29.255774,2.2515914,4 (Classical),gtzan___gtzan_classical_00068
4726,-26.033281,1.7440977,4 (Classical),gtzan___gtzan_classical_00069
4727,-28.546072,1.9745641,4 (Classical),gtzan___gtzan_classical_00070
4728,-29.727407,1.2718977,4 (Classical),gtzan___gtzan_classical_00071
4729,-27.644392,2.0250616,4 (Classical),gtzan___gtzan_classical_00072
4730,-28.33651,2.0306113,4 (Classical),gtzan___gtzan_classical_00073
4731,-26.77119,2.6535087,4 (Classical),gtzan___gtzan_classical_00074
4732,-29.193672,1.5637848,4 (Classical),gtzan___gtzan_classical_00075
4733,-28.726189,2.1476595,4 (Classical),gtzan___gtzan_classical_00076
4734,-23.791458,-1.8519598,4 (Classical),gtzan___gtzan_classical_00077
4735,-25.715584,-2.873046,4 (Classical),gtzan___gtzan_classical_00078
4736,-29.420938,-3.0519984,4 (Classical),gtzan___gtzan_classical_00079
4737,-22.24856,0.49816656,4 (Classical),gtzan___gtzan_classical_00080
4738,-29.176813,0.97640413,4 (Classical),gtzan___gtzan_classical_00081
4739,-29.204407,0.3430873,4 (Classical),gtzan___gtzan_classical_00082
4740,-25.799013,1.5686902,4 (Classical),gtzan___gtzan_classical_00083
4741,-28.3588,0.82891494,4 (Classical),gtzan___gtzan_classical_00084
4742,-26.335243,3.9991724,4 (Classical),gtzan___gtzan_classical_00085
4743,-26.339172,3.9977174,4 (Classical),gtzan___gtzan_classical_00086
4744,-24.807348,0.81118524,4 (Classical),gtzan___gtzan_classical_00087
4745,-29.847427,-0.14148062,4 (Classical),gtzan___gtzan_classical_00088
4746,-25.785736,2.945381,4 (Classical),gtzan___gtzan_classical_00089
4747,-27.292618,1.7103217,4 (Classical),gtzan___gtzan_classical_00090
4748,-27.90789,1.8550109,4 (Classical),gtzan___gtzan_classical_00091
4749,-20.215147,5.42809,4 (Classical),gtzan___gtzan_classical_00092
4750,-28.651901,2.6115704,4 (Classical),gtzan___gtzan_classical_00093
4751,-27.701073,1.2445362,4 (Classical),gtzan___gtzan_classical_00094
4752,-23.65798,2.4096174,4 (Classical),gtzan___gtzan_classical_00095
4753,-26.786146,2.356159,4 (Classical),gtzan___gtzan_classical_00096
4754,-30.561317,0.8380006,4 (Classical),gtzan___gtzan_classical_00097
4755,-28.053099,1.9665567,4 (Classical),gtzan___gtzan_classical_00098
4756,-20.59946,5.7238345,4 (Classical),gtzan___gtzan_classical_00099
4757,3.3858714,-0.86282504,3 (Rock + Pop),gtzan___gtzan_country_00000
4758,7.124006,6.664848,3 (Rock + Pop),gtzan___gtzan_country_00001
4759,-5.237168,9.747127,2 (Jazz),gtzan___gtzan_country_00002
4760,2.0064743,-0.03507829,3 (Rock + Pop),gtzan___gtzan_country_00003
4761,7.7740326,7.2985168,3 (Rock + Pop),gtzan___gtzan_country_00004
4762,3.7519064,7.168823,3 (Rock + Pop),gtzan___gtzan_country_00005
4763,1.292093,2.3767178,3 (Rock + Pop),gtzan___gtzan_country_00006
4764,3.4277108,0.8242355,3 (Rock + Pop),gtzan___gtzan_country_00007
4765,0.47754502,7.0276594,3 (Rock + Pop),gtzan___gtzan_country_00008
4766,7.9593906,6.3619776,3 (Rock + Pop),gtzan___gtzan_country_00009
4767,-1.9339547,-1.3465255,2 (Jazz),gtzan___gtzan_country_00010
4768,-6.0163274,2.1533914,2 (Jazz),gtzan___gtzan_country_00011
4769,1.1690998,0.3046945,3 (Rock + Pop),gtzan___gtzan_country_00012
4770,1.6918977,0.7050636,3 (Rock + Pop),gtzan___gtzan_country_00013
4771,3.2244184,0.4121374,3 (Rock + Pop),gtzan___gtzan_country_00014
4772,-0.63467824,9.097787,3 (Rock + Pop),gtzan___gtzan_country_00015
4773,-2.4960363,5.8281107,2 (Jazz),gtzan___gtzan_country_00016
4774,-16.086386,4.946902,2 (Jazz),gtzan___gtzan_country_00017
4775,2.188214,0.03762807,3 (Rock + Pop),gtzan___gtzan_country_00018
4776,0.22110666,0.3064632,3 (Rock + Pop),gtzan___gtzan_country_00019
4777,6.4864755,-7.695032,3 (Rock + Pop),gtzan___gtzan_country_00020
4778,-2.2525568,0.810338,2 (Jazz),gtzan___gtzan_country_00021
4779,-2.5191214,-0.43765074,2 (Jazz),gtzan___gtzan_country_00022
4780,-4.225861,-1.5205123,2 (Jazz),gtzan___gtzan_country_00023
4781,-0.09434547,-0.9509482,3 (Rock + Pop),gtzan___gtzan_country_00024
4782,1.476598,-1.4285038,3 (Rock + Pop),gtzan___gtzan_country_00025
4783,1.3221961,-0.051719163,3 (Rock + Pop),gtzan___gtzan_country_00026
4784,-0.3198754,3.6261485,3 (Rock + Pop),gtzan___gtzan_country_00027
4785,1.5564882,-0.22643474,3 (Rock + Pop),gtzan___gtzan_country_00028
4786,0.87343955,0.13047737,3 (Rock + Pop),gtzan___gtzan_country_00029
4787,-12.212859,8.185823,2 (Jazz),gtzan___gtzan_country_00030
4788,1.2857054,3.065028,3 (Rock + Pop),gtzan___gtzan_country_00031
4789,0.46882305,2.271742,3 (Rock + Pop),gtzan___gtzan_country_00032
4790,1.8482194,-0.27615142,3 (Rock + Pop),gtzan___gtzan_country_00033
4791,-0.5387461,3.8422313,2 (Jazz),gtzan___gtzan_country_00034
4792,1.279995,0.59695697,3 (Rock + Pop),gtzan___gtzan_country_00035
4793,-1.0364959,4.5677037,2 (Jazz),gtzan___gtzan_country_00036
4794,1.2387707,0.2567288,3 (Rock + Pop),gtzan___gtzan_country_00037
4795,1.2187173,2.5789194,3 (Rock + Pop),gtzan___gtzan_country_00038
4796,-0.4729669,3.2170682,2 (Jazz),gtzan___gtzan_country_00039
4797,1.9721823,0.87625647,3 (Rock + Pop),gtzan___gtzan_country_00040
4798,1.518392,0.9654469,3 (Rock + Pop),gtzan___gtzan_country_00041
4799,1.6650437,1.9388605,3 (Rock + Pop),gtzan___gtzan_country_00042
4800,1.7011638,0.29629204,3 (Rock + Pop),gtzan___gtzan_country_00043
4801,1.306595,-0.08452035,3 (Rock + Pop),gtzan___gtzan_country_00044
4802,4.5552797,-2.3581593,3 (Rock + Pop),gtzan___gtzan_country_00045
4803,0.9692522,1.0577637,3 (Rock + Pop),gtzan___gtzan_country_00046
4804,1.7560406,0.079293355,3 (Rock + Pop),gtzan___gtzan_country_00047
4805,-4.4351993,3.6375103,2 (Jazz),gtzan___gtzan_country_00048
4806,7.4733863,-7.4275036,3 (Rock + Pop),gtzan___gtzan_country_00049
4807,1.1454105,-1.0540235,3 (Rock + Pop),gtzan___gtzan_country_00050
4808,0.58597714,-0.96684647,3 (Rock + Pop),gtzan___gtzan_country_00051
4809,-0.9696434,-0.6520196,2 (Jazz),gtzan___gtzan_country_00052
4810,1.8782307,0.86999387,3 (Rock + Pop),gtzan___gtzan_country_00053
4811,-0.41492325,-1.0499494,2 (Jazz),gtzan___gtzan_country_00054
4812,1.5304186,0.27943715,3 (Rock + Pop),gtzan___gtzan_country_00055
4813,0.60034764,-1.1910629,3 (Rock + Pop),gtzan___gtzan_country_00056
4814,-2.0509892,-0.93193567,2 (Jazz),gtzan___gtzan_country_00057
4815,2.798139,3.1566205,3 (Rock + Pop),gtzan___gtzan_country_00058
4816,6.9870224,-8.000185,3 (Rock + Pop),gtzan___gtzan_country_00059
4817,0.8430696,-1.0130647,3 (Rock + Pop),gtzan___gtzan_country_00060
4818,0.85828346,-1.1736597,3 (Rock + Pop),gtzan___gtzan_country_00061
4819,1.9091038,0.4127859,3 (Rock + Pop),gtzan___gtzan_country_00062
4820,7.1976376,-8.046496,3 (Rock + Pop),gtzan___gtzan_country_00063
4821,-19.4283,4.429322,4 (Classical),gtzan___gtzan_country_00064
4822,-3.3080015,0.052495603,2 (Jazz),gtzan___gtzan_country_00065
4823,3.4525354,1.9434445,3 (Rock + Pop),gtzan___gtzan_country_00066
4824,-3.6045258,4.5099225,2 (Jazz),gtzan___gtzan_country_00067
4825,-0.34524578,-0.22822209,2 (Jazz),gtzan___gtzan_country_00068
4826,0.26367453,-0.9131373,3 (Rock + Pop),gtzan___gtzan_country_00069
4827,1.6551824,2.1325512,3 (Rock + Pop),gtzan___gtzan_country_00070
4828,-2.7423162,-0.4821227,2 (Jazz),gtzan___gtzan_country_00071
4829,2.2475364,-0.8854089,3 (Rock + Pop),gtzan___gtzan_country_00072
4830,1.1443721,0.058824446,3 (Rock + Pop),gtzan___gtzan_country_00073
4831,-1.781619,5.22856,2 (Jazz),gtzan___gtzan_country_00074
4832,-0.88431215,9.192061,2 (Jazz),gtzan___gtzan_country_00075
4833,0.8727449,-0.15146057,3 (Rock + Pop),gtzan___gtzan_country_00076
4834,1.1425184,0.8950441,3 (Rock + Pop),gtzan___gtzan_country_00077
4835,-3.0383315,4.4917073,2 (Jazz),gtzan___gtzan_country_00078
4836,-3.2312987,0.4798113,2 (Jazz),gtzan___gtzan_country_00079
4837,1.5929012,0.057842918,3 (Rock + Pop),gtzan___gtzan_country_00080
4838,2.0684252,0.33705094,3 (Rock + Pop),gtzan___gtzan_country_00081
4839,1.1238774,0.87115693,3 (Rock + Pop),gtzan___gtzan_country_00082
4840,1.3617307,-0.1002827,3 (Rock + Pop),gtzan___gtzan_country_00083
4841,1.2224487,0.9665639,3 (Rock + Pop),gtzan___gtzan_country_00084
4842,1.1810322,0.26490998,3 (Rock + Pop),gtzan___gtzan_country_00085
4843,0.95771986,0.78294104,3 (Rock + Pop),gtzan___gtzan_country_00086
4844,1.371958,-0.09722696,3 (Rock + Pop),gtzan___gtzan_country_00087
4845,1.1889386,0.32175133,3 (Rock + Pop),gtzan___gtzan_country_00088
4846,0.97963333,0.099335685,3 (Rock + Pop),gtzan___gtzan_country_00089
4847,1.8580738,-0.12304994,3 (Rock + Pop),gtzan___gtzan_country_00090
4848,-0.9431046,4.3460174,2 (Jazz),gtzan___gtzan_country_00091
4849,1.0448298,1.2519565,3 (Rock + Pop),gtzan___gtzan_country_00092
4850,0.012220078,-0.62238795,3 (Rock + Pop),gtzan___gtzan_country_00093
4851,1.6564476,-0.06410057,3 (Rock + Pop),gtzan___gtzan_country_00094
4852,1.2945684,0.12558705,3 (Rock + Pop),gtzan___gtzan_country_00095
4853,1.4896743,0.11268237,3 (Rock + Pop),gtzan___gtzan_country_00096
4854,1.1729726,0.42534268,3 (Rock + Pop),gtzan___gtzan_country_00097
4855,1.6036042,-0.32990238,3 (Rock + Pop),gtzan___gtzan_country_00098
4856,1.9405388,0.056855775,3 (Rock + Pop),gtzan___gtzan_country_00099
4857,7.4169235,-8.819431,3 (Rock + Pop),gtzan___gtzan_disco_00000
4858,5.3878326,5.49966,3 (Rock + Pop),gtzan___gtzan_disco_00001
4859,7.846127,-1.2347599,3 (Rock + Pop),gtzan___gtzan_disco_00002
4860,11.901809,-7.0359764,1 (Hip-Hop + Pop + HJDB),gtzan___gtzan_disco_00003
4861,7.9010515,-6.274237,3 (Rock + Pop),gtzan___gtzan_disco_00004
4862,9.307329,-5.331648,3 (Rock + Pop),gtzan___gtzan_disco_00005
4863,13.417817,4.916284,3 (Rock + Pop),gtzan___gtzan_disco_00006
4864,4.753685,-4.1988325,3 (Rock + Pop),gtzan___gtzan_disco_00007
4865,8.1830015,-5.408163,3 (Rock + Pop),gtzan___gtzan_disco_00008
4866,7.8546934,0.75285447,3 (Rock + Pop),gtzan___gtzan_disco_00009
4867,8.35197,-5.1800113,3 (Rock + Pop),gtzan___gtzan_disco_00010
4868,11.7611265,-1.3243912,3 (Rock + Pop),gtzan___gtzan_disco_00011
4869,8.628879,-6.561477,3 (Rock + Pop),gtzan___gtzan_disco_00012
4870,11.166461,3.981704,3 (Rock + Pop),gtzan___gtzan_disco_00013
4871,7.7086806,7.7223415,3 (Rock + Pop),gtzan___gtzan_disco_00014
4872,3.6674912,12.658678,3 (Rock + Pop),gtzan___gtzan_disco_00015
4873,5.6230826,-1.9678289,3 (Rock + Pop),gtzan___gtzan_disco_00016
4874,11.687961,-9.386254,1 (Hip-Hop + Pop + HJDB),gtzan___gtzan_disco_00017
4875,12.149547,-4.6787353,1 (Hip-Hop + Pop + HJDB),gtzan___gtzan_disco_00018
4876,-0.39612222,7.109289,3 (Rock + Pop),gtzan___gtzan_disco_00019
4877,2.9790192,-5.0570383,3 (Rock + Pop),gtzan___gtzan_disco_00020
4878,26.030169,-9.365774,1 (Hip-Hop + Pop + HJDB),gtzan___gtzan_disco_00021
4879,-1.448986,2.6109562,2 (Jazz),gtzan___gtzan_disco_00022
4880,18.109968,-6.5765634,1 (Hip-Hop + Pop + HJDB),gtzan___gtzan_disco_00023
4881,10.312266,0.8001192,3 (Rock + Pop),gtzan___gtzan_disco_00024
4882,7.499977,-4.3416796,3 (Rock + Pop),gtzan___gtzan_disco_00025
4883,6.914423,6.2370777,3 (Rock + Pop),gtzan___gtzan_disco_00026
4884,14.546302,-12.401284,1 (Hip-Hop + Pop + HJDB),gtzan___gtzan_disco_00027
4885,10.01113,4.2904124,3 (Rock + Pop),gtzan___gtzan_disco_00028
4886,10.010938,-7.2743845,1 (Hip-Hop + Pop + HJDB),gtzan___gtzan_disco_00029
4887,10.033881,4.1781764,3 (Rock + Pop),gtzan___gtzan_disco_00030
4888,0.15844269,2.9480987,3 (Rock + Pop),gtzan___gtzan_disco_00031
4889,12.473284,-5.870468,1 (Hip-Hop + Pop + HJDB),gtzan___gtzan_disco_00032
4890,8.6272,1.0366832,3 (Rock + Pop),gtzan___gtzan_disco_00033
4891,0.8459325,8.089096,3 (Rock + Pop),gtzan___gtzan_disco_00034
4892,3.4272187,-7.184311,3 (Rock + Pop),gtzan___gtzan_disco_00035
4893,7.9981937,-1.7241933,3 (Rock + Pop),gtzan___gtzan_disco_00036
4894,10.245033,1.7784979,3 (Rock + Pop),gtzan___gtzan_disco_00037
4895,0.6393058,5.013049,3 (Rock + Pop),gtzan___gtzan_disco_00038
4896,6.770371,-0.28186226,3 (Rock + Pop),gtzan___gtzan_disco_00039
4897,4.657117,-4.651064,3 (Rock + Pop),gtzan___gtzan_disco_00040
4898,0.9521996,-0.49597272,3 (Rock + Pop),gtzan___gtzan_disco_00041
4899,4.3755836,4.335154,3 (Rock + Pop),gtzan___gtzan_disco_00042
4900,4.3999286,3.0865114,3 (Rock + Pop),gtzan___gtzan_disco_00043
4901,7.2186875,-3.6363127,3 (Rock + Pop),gtzan___gtzan_disco_00044
4902,9.3127985,-0.4378466,3 (Rock + Pop),gtzan___gtzan_disco_00045
4903,8.660431,-6.7867136,3 (Rock + Pop),gtzan___gtzan_disco_00046
4904,-19.40875,0.040391233,4 (Classical),gtzan___gtzan_disco_00047
4905,11.687783,-0.67821836,3 (Rock + Pop),gtzan___gtzan_disco_00048
4906,0.21233366,4.613733,3 (Rock + Pop),gtzan___gtzan_disco_00049
4907,3.2133994,-7.057856,3 (Rock + Pop),gtzan___gtzan_disco_00050
4908,3.2666326,-7.104687,3 (Rock + Pop),gtzan___gtzan_disco_00051
4909,7.137842,-6.852434,3 (Rock + Pop),gtzan___gtzan_disco_00052
4910,22.674198,-8.451987,1 (Hip-Hop + Pop + HJDB),gtzan___gtzan_disco_00053
4911,7.981999,-6.8379674,3 (Rock + Pop),gtzan___gtzan_disco_00054
4912,5.915774,-2.2267754,3 (Rock + Pop),gtzan___gtzan_disco_00055
4913,9.382085,-8.013017,3 (Rock + Pop),gtzan___gtzan_disco_00056
4914,3.5842474,3.869422,3 (Rock + Pop),gtzan___gtzan_disco_00057
4915,5.532085,-0.47992212,3 (Rock + Pop),gtzan___gtzan_disco_00058
4916,9.417994,-6.7876596,3 (Rock + Pop),gtzan___gtzan_disco_00059
4917,5.9533124,-2.1522245,3 (Rock + Pop),gtzan___gtzan_disco_00060
4918,6.9742527,-4.4755,3 (Rock + Pop),gtzan___gtzan_disco_00061
4919,8.790515,-3.44499,3 (Rock + Pop),gtzan___gtzan_disco_00062
4920,24.458616,-7.1906915,1 (Hip-Hop + Pop + HJDB),gtzan___gtzan_disco_00063
4921,13.719032,-2.0970702,1 (Hip-Hop + Pop + HJDB),gtzan___gtzan_disco_00064
4922,5.80782,-5.0188737,3 (Rock + Pop),gtzan___gtzan_disco_00065
4923,11.480264,-7.045438,1 (Hip-Hop + Pop + HJDB),gtzan___gtzan_disco_00066
4924,-0.36454457,-7.297551,2 (Jazz),gtzan___gtzan_disco_00067
4925,4.385782,-5.232052,3 (Rock + Pop),gtzan___gtzan_disco_00068
4926,3.2110484,-7.1448913,3 (Rock + Pop),gtzan___gtzan_disco_00069
4927,3.1999211,-7.094085,3 (Rock + Pop),gtzan___gtzan_disco_00070
4928,9.137381,-6.166009,3 (Rock + Pop),gtzan___gtzan_disco_00071
4929,4.3397474,-3.6448233,3 (Rock + Pop),gtzan___gtzan_disco_00072
4930,3.3297565,-7.164188,3 (Rock + Pop),gtzan___gtzan_disco_00073
4931,4.202508,-7.0841737,3 (Rock + Pop),gtzan___gtzan_disco_00074
4932,6.649628,7.182335,3 (Rock + Pop),gtzan___gtzan_disco_00075
4933,4.7314363,-6.9875617,3 (Rock + Pop),gtzan___gtzan_disco_00076
4934,2.0189216,9.730588,3 (Rock + Pop),gtzan___gtzan_disco_00077
4935,2.3455942,5.7277536,3 (Rock + Pop),gtzan___gtzan_disco_00078
4936,6.9510655,-0.63288176,3 (Rock + Pop),gtzan___gtzan_disco_00079
4937,8.497281,-8.063843,3 (Rock + Pop),gtzan___gtzan_disco_00080
4938,-8.461354,0.893412,2 (Jazz),gtzan___gtzan_disco_00081
4939,8.369782,-6.053521,3 (Rock + Pop),gtzan___gtzan_disco_00082
4940,6.4041433,-2.7544081,3 (Rock + Pop),gtzan___gtzan_disco_00083
4941,12.57249,-11.216715,1 (Hip-Hop + Pop + HJDB),gtzan___gtzan_disco_00084
4942,18.935879,-10.3737755,1 (Hip-Hop + Pop + HJDB),gtzan___gtzan_disco_00085
4943,-0.069652826,4.2772484,3 (Rock + Pop),gtzan___gtzan_disco_00086
4944,5.8785667,-3.7526221,3 (Rock + Pop),gtzan___gtzan_disco_00087
4945,3.382191,-6.2032495,3 (Rock + Pop),gtzan___gtzan_disco_00088
4946,5.93315,-2.2982042,3 (Rock + Pop),gtzan___gtzan_disco_00089
4947,3.4545734,-7.105958,3 (Rock + Pop),gtzan___gtzan_disco_00090
4948,8.196157,-3.304185,3 (Rock + Pop),gtzan___gtzan_disco_00091
4949,5.4017286,6.295933,3 (Rock + Pop),gtzan___gtzan_disco_00092
4950,3.8392909,-4.5581746,3 (Rock + Pop),gtzan___gtzan_disco_00093
4951,3.725334,13.063726,3 (Rock + Pop),gtzan___gtzan_disco_00094
4952,8.583813,-6.4592905,3 (Rock + Pop),gtzan___gtzan_disco_00095
4953,1.2039557,5.928698,3 (Rock + Pop),gtzan___gtzan_disco_00096
4954,24.343203,-7.473721,1 (Hip-Hop + Pop + HJDB),gtzan___gtzan_disco_00097
4955,1.0645795,-6.875573,3 (Rock + Pop),gtzan___gtzan_disco_00098
4956,1.0645795,-6.875573,3 (Rock + Pop),gtzan___gtzan_disco_00099
4957,20.174393,-10.056679,1 (Hip-Hop + Pop + HJDB),gtzan___gtzan_hiphop_00000
4958,14.978302,-14.015289,1 (Hip-Hop + Pop + HJDB),gtzan___gtzan_hiphop_00001
4959,14.262283,-11.123221,1 (Hip-Hop + Pop + HJDB),gtzan___gtzan_hiphop_00002
4960,15.079358,-13.317088,1 (Hip-Hop + Pop + HJDB),gtzan___gtzan_hiphop_00003
4961,15.938613,-3.6535091,1 (Hip-Hop + Pop + HJDB),gtzan___gtzan_hiphop_00004
4962,16.317636,-12.59385,1 (Hip-Hop + Pop + HJDB),gtzan___gtzan_hiphop_00005
4963,15.259886,-11.712011,1 (Hip-Hop + Pop + HJDB),gtzan___gtzan_hiphop_00006
4964,14.949889,-11.862018,1 (Hip-Hop + Pop + HJDB),gtzan___gtzan_hiphop_00007
4965,15.778204,-12.254809,1 (Hip-Hop + Pop + HJDB),gtzan___gtzan_hiphop_00008
4966,10.35246,-6.643118,1 (Hip-Hop + Pop + HJDB),gtzan___gtzan_hiphop_00009
4967,12.169792,-2.3224518,3 (Rock + Pop),gtzan___gtzan_hiphop_00010
4968,15.008405,-3.5245795,1 (Hip-Hop + Pop + HJDB),gtzan___gtzan_hiphop_00011
4969,15.989517,-12.6692295,1 (Hip-Hop + Pop + HJDB),gtzan___gtzan_hiphop_00012
4970,10.345918,-1.1201398,3 (Rock + Pop),gtzan___gtzan_hiphop_00013
4971,2.2796257,8.094026,3 (Rock + Pop),gtzan___gtzan_hiphop_00014
4972,16.033718,-12.828827,1 (Hip-Hop + Pop + HJDB),gtzan___gtzan_hiphop_00015
4973,15.37364,-10.836995,1 (Hip-Hop + Pop + HJDB),gtzan___gtzan_hiphop_00016
4974,8.7302475,-4.241407,3 (Rock + Pop),gtzan___gtzan_hiphop_00017
4975,15.281772,-11.29546,1 (Hip-Hop + Pop + HJDB),gtzan___gtzan_hiphop_00018
4976,13.934403,-6.70023,1 (Hip-Hop + Pop + HJDB),gtzan___gtzan_hiphop_00019
4977,15.8661995,-5.5716085,1 (Hip-Hop + Pop + HJDB),gtzan___gtzan_hiphop_00020
4978,1.3194388,-5.8767014,3 (Rock + Pop),gtzan___gtzan_hiphop_00021
4979,11.038484,-5.883092,1 (Hip-Hop + Pop + HJDB),gtzan___gtzan_hiphop_00022
4980,8.517962,5.4973903,3 (Rock + Pop),gtzan___gtzan_hiphop_00023
4981,14.804381,-5.1414857,1 (Hip-Hop + Pop + HJDB),gtzan___gtzan_hiphop_00024
4982,17.104347,-12.175547,1 (Hip-Hop + Pop + HJDB),gtzan___gtzan_hiphop_00025
4983,15.08585,-12.717936,1 (Hip-Hop + Pop + HJDB),gtzan___gtzan_hiphop_00026
4984,15.118562,-13.048836,1 (Hip-Hop + Pop + HJDB),gtzan___gtzan_hiphop_00027
4985,15.174826,-13.5127945,1 (Hip-Hop + Pop + HJDB),gtzan___gtzan_hiphop_00028
4986,10.580935,-8.824191,1 (Hip-Hop + Pop + HJDB),gtzan___gtzan_hiphop_00029
4987,25.447813,-9.697493,1 (Hip-Hop + Pop + HJDB),gtzan___gtzan_hiphop_00030
4988,10.765343,-7.7424498,1 (Hip-Hop + Pop + HJDB),gtzan___gtzan_hiphop_00031
4989,16.028269,-10.962533,1 (Hip-Hop + Pop + HJDB),gtzan___gtzan_hiphop_00032
4990,11.647977,1.912523,3 (Rock + Pop),gtzan___gtzan_hiphop_00033
4991,15.554489,-13.290821,1 (Hip-Hop + Pop + HJDB),gtzan___gtzan_hiphop_00034
4992,14.8814,-13.584442,1 (Hip-Hop + Pop + HJDB),gtzan___gtzan_hiphop_00035
4993,15.8067255,-6.118392,1 (Hip-Hop + Pop + HJDB),gtzan___gtzan_hiphop_00036
4994,16.53348,-11.964739,1 (Hip-Hop + Pop + HJDB),gtzan___gtzan_hiphop_00037
4995,15.832844,-12.429097,1 (Hip-Hop + Pop + HJDB),gtzan___gtzan_hiphop_00038
4996,9.997914,-9.699448,1 (Hip-Hop + Pop + HJDB),gtzan___gtzan_hiphop_00039
4997,8.579009,-8.418425,3 (Rock + Pop),gtzan___gtzan_hiphop_00040
4998,15.1149845,-13.240667,1 (Hip-Hop + Pop + HJDB),gtzan___gtzan_hiphop_00041
4999,14.943276,-13.856887,1 (Hip-Hop + Pop + HJDB),gtzan___gtzan_hiphop_00042
5000,13.261059,-7.2245946,1 (Hip-Hop + Pop + HJDB),gtzan___gtzan_hiphop_00043
5001,-1.5557736,5.6598554,2 (Jazz),gtzan___gtzan_hiphop_00044
5002,9.9979,-9.699464,1 (Hip-Hop + Pop + HJDB),gtzan___gtzan_hiphop_00045
5003,13.47176,-10.761224,1 (Hip-Hop + Pop + HJDB),gtzan___gtzan_hiphop_00046
5004,14.368356,-12.04146,1 (Hip-Hop + Pop + HJDB),gtzan___gtzan_hiphop_00047
5005,10.664386,3.04251,3 (Rock + Pop),gtzan___gtzan_hiphop_00048
5006,15.66283,-12.238537,1 (Hip-Hop + Pop + HJDB),gtzan___gtzan_hiphop_00049
5007,14.296938,-11.475256,1 (Hip-Hop + Pop + HJDB),gtzan___gtzan_hiphop_00050
5008,14.13652,-11.026138,1 (Hip-Hop + Pop + HJDB),gtzan___gtzan_hiphop_00051
5009,15.942004,-5.294082,1 (Hip-Hop + Pop + HJDB),gtzan___gtzan_hiphop_00052
5010,16.113554,-3.9606173,1 (Hip-Hop + Pop + HJDB),gtzan___gtzan_hiphop_00053
5011,16.009995,-11.962023,1 (Hip-Hop + Pop + HJDB),gtzan___gtzan_hiphop_00054
5012,9.188105,-6.867728,3 (Rock + Pop),gtzan___gtzan_hiphop_00055
5013,1.7729276,7.9126496,3 (Rock + Pop),gtzan___gtzan_hiphop_00056
5014,8.571588,-0.55887735,3 (Rock + Pop),gtzan___gtzan_hiphop_00057
5015,15.792497,-11.174165,1 (Hip-Hop + Pop + HJDB),gtzan___gtzan_hiphop_00058
5016,13.285129,-6.619837,1 (Hip-Hop + Pop + HJDB),gtzan___gtzan_hiphop_00059
5017,14.979455,-10.360678,1 (Hip-Hop + Pop + HJDB),gtzan___gtzan_hiphop_00060
5018,16.038317,-10.075354,1 (Hip-Hop + Pop + HJDB),gtzan___gtzan_hiphop_00061
5019,14.602294,-12.077493,1 (Hip-Hop + Pop + HJDB),gtzan___gtzan_hiphop_00062
5020,14.752962,-13.354903,1 (Hip-Hop + Pop + HJDB),gtzan___gtzan_hiphop_00063
5021,15.15713,-13.031676,1 (Hip-Hop + Pop + HJDB),gtzan___gtzan_hiphop_00064
5022,14.513693,-11.052073,1 (Hip-Hop + Pop + HJDB),gtzan___gtzan_hiphop_00065
5023,13.785295,-11.468548,1 (Hip-Hop + Pop + HJDB),gtzan___gtzan_hiphop_00066
5024,14.462479,-12.163314,1 (Hip-Hop + Pop + HJDB),gtzan___gtzan_hiphop_00067
5025,15.496357,-12.059143,1 (Hip-Hop + Pop + HJDB),gtzan___gtzan_hiphop_00068
5026,14.902249,-13.029985,1 (Hip-Hop + Pop + HJDB),gtzan___gtzan_hiphop_00069
5027,11.442208,-10.212618,1 (Hip-Hop + Pop + HJDB),gtzan___gtzan_hiphop_00070
5028,15.119789,-12.446563,1 (Hip-Hop + Pop + HJDB),gtzan___gtzan_hiphop_00071
5029,14.445043,-12.489204,1 (Hip-Hop + Pop + HJDB),gtzan___gtzan_hiphop_00072
5030,13.427155,-2.6827703,1 (Hip-Hop + Pop + HJDB),gtzan___gtzan_hiphop_00073
5031,14.902226,-10.572701,1 (Hip-Hop + Pop + HJDB),gtzan___gtzan_hiphop_00074
5032,14.937551,-12.674039,1 (Hip-Hop + Pop + HJDB),gtzan___gtzan_hiphop_00075
5033,14.650781,-13.401444,1 (Hip-Hop + Pop + HJDB),gtzan___gtzan_hiphop_00076
5034,14.789507,-11.335876,1 (Hip-Hop + Pop + HJDB),gtzan___gtzan_hiphop_00077
5035,14.650781,-13.401444,1 (Hip-Hop + Pop + HJDB),gtzan___gtzan_hiphop_00078
5036,15.754795,-4.998526,1 (Hip-Hop + Pop + HJDB),gtzan___gtzan_hiphop_00079
5037,15.404777,-12.803271,1 (Hip-Hop + Pop + HJDB),gtzan___gtzan_hiphop_00080
5038,13.342905,-11.435513,1 (Hip-Hop + Pop + HJDB),gtzan___gtzan_hiphop_00081
5039,15.92644,-13.003158,1 (Hip-Hop + Pop + HJDB),gtzan___gtzan_hiphop_00082
5040,15.847117,-12.869689,1 (Hip-Hop + Pop + HJDB),gtzan___gtzan_hiphop_00083
5041,18.32223,-10.509538,1 (Hip-Hop + Pop + HJDB),gtzan___gtzan_hiphop_00084
5042,15.119077,-13.765153,1 (Hip-Hop + Pop + HJDB),gtzan___gtzan_hiphop_00085
5043,17.344622,-11.228079,1 (Hip-Hop + Pop + HJDB),gtzan___gtzan_hiphop_00086
5044,25.195631,-9.8102455,1 (Hip-Hop + Pop + HJDB),gtzan___gtzan_hiphop_00087
5045,15.920971,-13.127304,1 (Hip-Hop + Pop + HJDB),gtzan___gtzan_hiphop_00088
5046,15.306341,-13.572381,1 (Hip-Hop + Pop + HJDB),gtzan___gtzan_hiphop_00089
5047,15.664876,-13.399482,1 (Hip-Hop + Pop + HJDB),gtzan___gtzan_hiphop_00090
5048,16.248466,-12.280869,1 (Hip-Hop + Pop + HJDB),gtzan___gtzan_hiphop_00091
5049,17.401962,-10.268343,1 (Hip-Hop + Pop + HJDB),gtzan___gtzan_hiphop_00092
5050,16.26235,-11.876839,1 (Hip-Hop + Pop + HJDB),gtzan___gtzan_hiphop_00093
5051,15.296627,-13.450361,1 (Hip-Hop + Pop + HJDB),gtzan___gtzan_hiphop_00094
5052,17.018513,-12.444937,1 (Hip-Hop + Pop + HJDB),gtzan___gtzan_hiphop_00095
5053,15.490376,-13.684397,1 (Hip-Hop + Pop + HJDB),gtzan___gtzan_hiphop_00096
5054,16.830273,-11.926916,1 (Hip-Hop + Pop + HJDB),gtzan___gtzan_hiphop_00097
5055,16.269106,-12.383906,1 (Hip-Hop + Pop + HJDB),gtzan___gtzan_hiphop_00098
5056,11.704379,-7.8622637,1 (Hip-Hop + Pop + HJDB),gtzan___gtzan_hiphop_00099
5057,-9.23507,8.082991,2 (Jazz),gtzan___gtzan_jazz_00000
5058,-26.517822,3.9124475,4 (Classical),gtzan___gtzan_jazz_00001
5059,-5.127214,3.8940892,2 (Jazz),gtzan___gtzan_jazz_00002
5060,-22.124304,0.10530371,4 (Classical),gtzan___gtzan_jazz_00003
5061,-11.152751,9.285026,2 (Jazz),gtzan___gtzan_jazz_00004
5062,-7.911612,7.5254335,2 (Jazz),gtzan___gtzan_jazz_00005
5063,-7.961126,7.615423,2 (Jazz),gtzan___gtzan_jazz_00006
5064,-9.1005,10.10364,2 (Jazz),gtzan___gtzan_jazz_00007
5065,-7.1533,10.189558,2 (Jazz),gtzan___gtzan_jazz_00008
5066,-17.77456,4.641582,4 (Classical),gtzan___gtzan_jazz_00009
5067,-4.9837813,4.296344,2 (Jazz),gtzan___gtzan_jazz_00010
5068,-8.090911,11.768423,2 (Jazz),gtzan___gtzan_jazz_00011
5069,-7.7852044,11.220205,2 (Jazz),gtzan___gtzan_jazz_00012
5070,-7.705942,12.448129,2 (Jazz),gtzan___gtzan_jazz_00013
5071,-10.722752,8.953523,2 (Jazz),gtzan___gtzan_jazz_00014
5072,-8.481933,12.038904,2 (Jazz),gtzan___gtzan_jazz_00015
5073,-9.60995,9.59755,2 (Jazz),gtzan___gtzan_jazz_00016
5074,-7.440402,13.079569,2 (Jazz),gtzan___gtzan_jazz_00017
5075,-7.729342,11.120131,2 (Jazz),gtzan___gtzan_jazz_00018
5076,-8.946504,10.611448,2 (Jazz),gtzan___gtzan_jazz_00019
5077,-8.235783,10.529649,2 (Jazz),gtzan___gtzan_jazz_00020
5078,-8.794693,12.397682,2 (Jazz),gtzan___gtzan_jazz_00021
5079,-7.6766353,11.418581,2 (Jazz),gtzan___gtzan_jazz_00022
5080,-7.419856,11.058898,2 (Jazz),gtzan___gtzan_jazz_00023
5081,-8.209096,11.236484,2 (Jazz),gtzan___gtzan_jazz_00024
5082,-8.3559065,12.068597,2 (Jazz),gtzan___gtzan_jazz_00025
5083,-11.122398,8.966486,2 (Jazz),gtzan___gtzan_jazz_00026
5084,-8.468322,11.971457,2 (Jazz),gtzan___gtzan_jazz_00027
5085,-8.343964,11.8031025,2 (Jazz),gtzan___gtzan_jazz_00028
5086,-8.924765,11.800253,2 (Jazz),gtzan___gtzan_jazz_00029
5087,-9.416687,9.6529045,2 (Jazz),gtzan___gtzan_jazz_00030
5088,-8.805794,11.701022,2 (Jazz),gtzan___gtzan_jazz_00031
5089,-7.327747,11.32995,2 (Jazz),gtzan___gtzan_jazz_00032
5090,-6.664868,7.8966093,2 (Jazz),gtzan___gtzan_jazz_00033
5091,-7.7679024,10.573152,2 (Jazz),gtzan___gtzan_jazz_00034
5092,-3.7734509,-6.0519805,2 (Jazz),gtzan___gtzan_jazz_00035
5093,-7.796552,9.824745,2 (Jazz),gtzan___gtzan_jazz_00036
5094,-7.101321,9.713641,2 (Jazz),gtzan___gtzan_jazz_00037
5095,-6.198842,8.940182,2 (Jazz),gtzan___gtzan_jazz_00038
5096,-5.9753594,9.444181,2 (Jazz),gtzan___gtzan_jazz_00039
5097,-4.9506392,3.2535038,2 (Jazz),gtzan___gtzan_jazz_00040
5098,-6.9648037,9.55677,2 (Jazz),gtzan___gtzan_jazz_00041
5099,-7.5187273,8.270437,2 (Jazz),gtzan___gtzan_jazz_00042
5100,-6.888841,9.988116,2 (Jazz),gtzan___gtzan_jazz_00043
5101,-8.507129,9.4959955,2 (Jazz),gtzan___gtzan_jazz_00044
5102,-7.064664,5.553207,2 (Jazz),gtzan___gtzan_jazz_00045
5103,-6.811342,9.933409,2 (Jazz),gtzan___gtzan_jazz_00046
5104,-7.678722,11.510153,2 (Jazz),gtzan___gtzan_jazz_00047
5105,-6.5940113,10.514077,2 (Jazz),gtzan___gtzan_jazz_00048
5106,-6.347722,5.301933,2 (Jazz),gtzan___gtzan_jazz_00049
5107,18.273582,1.8070438,1 (Hip-Hop + Pop + HJDB),gtzan___gtzan_jazz_00050
5108,-6.6576147,7.885665,2 (Jazz),gtzan___gtzan_jazz_00051
5109,-5.4840264,11.394078,2 (Jazz),gtzan___gtzan_jazz_00052
5110,-7.518843,10.382929,2 (Jazz),gtzan___gtzan_jazz_00053
5111,-24.149942,5.639631,4 (Classical),gtzan___gtzan_jazz_00054
5112,-3.7770383,-6.04843,2 (Jazz),gtzan___gtzan_jazz_00055
5113,-7.810747,12.975941,2 (Jazz),gtzan___gtzan_jazz_00056
5114,-10.823771,9.138837,2 (Jazz),gtzan___gtzan_jazz_00057
5115,-7.773868,9.839016,2 (Jazz),gtzan___gtzan_jazz_00058
5116,-6.6521683,11.252228,2 (Jazz),gtzan___gtzan_jazz_00059
5117,-7.1075897,9.774655,2 (Jazz),gtzan___gtzan_jazz_00060
5118,-2.5671725,9.324608,2 (Jazz),gtzan___gtzan_jazz_00061
5119,-6.252336,9.028341,2 (Jazz),gtzan___gtzan_jazz_00062
5120,-8.532294,12.247669,2 (Jazz),gtzan___gtzan_jazz_00063
5121,-4.8728113,13.993231,2 (Jazz),gtzan___gtzan_jazz_00064
5122,-5.9376545,9.410389,2 (Jazz),gtzan___gtzan_jazz_00065
5123,-10.30031,8.6019745,2 (Jazz),gtzan___gtzan_jazz_00066
5124,-4.964748,3.3400214,2 (Jazz),gtzan___gtzan_jazz_00067
5125,-7.476919,8.244488,2 (Jazz),gtzan___gtzan_jazz_00068
5126,-7.2691517,10.43068,2 (Jazz),gtzan___gtzan_jazz_00069
5127,-8.420496,9.739092,2 (Jazz),gtzan___gtzan_jazz_00070
5128,-7.05964,5.5917163,2 (Jazz),gtzan___gtzan_jazz_00071
5129,-7.0475755,10.08643,2 (Jazz),gtzan___gtzan_jazz_00072
5130,-8.497298,11.899691,2 (Jazz),gtzan___gtzan_jazz_00073
5131,-7.9731383,11.306483,2 (Jazz),gtzan___gtzan_jazz_00074
5132,-8.257655,11.348248,2 (Jazz),gtzan___gtzan_jazz_00075
5133,-8.0000305,8.363649,2 (Jazz),gtzan___gtzan_jazz_00076
5134,-8.434961,11.306328,2 (Jazz),gtzan___gtzan_jazz_00077
5135,-8.179257,11.296757,2 (Jazz),gtzan___gtzan_jazz_00078
5136,-6.460698,11.905224,2 (Jazz),gtzan___gtzan_jazz_00079
5137,-8.509792,3.5075195,2 (Jazz),gtzan___gtzan_jazz_00080
5138,-5.5269976,12.125248,2 (Jazz),gtzan___gtzan_jazz_00081
5139,-6.37375,13.70118,2 (Jazz),gtzan___gtzan_jazz_00082
5140,-6.5024533,13.768447,2 (Jazz),gtzan___gtzan_jazz_00083
5141,-1.2769456,7.438196,2 (Jazz),gtzan___gtzan_jazz_00084
5142,-6.749718,10.9475565,2 (Jazz),gtzan___gtzan_jazz_00085
5143,-7.6682467,12.09222,2 (Jazz),gtzan___gtzan_jazz_00086
5144,-6.1822042,13.140556,2 (Jazz),gtzan___gtzan_jazz_00087
5145,-7.6406174,12.664005,2 (Jazz),gtzan___gtzan_jazz_00088
5146,-9.769068,10.02668,2 (Jazz),gtzan___gtzan_jazz_00089
5147,-8.750034,3.086668,2 (Jazz),gtzan___gtzan_jazz_00090
5148,-9.339959,9.8926325,2 (Jazz),gtzan___gtzan_jazz_00091
5149,-9.283646,10.408334,2 (Jazz),gtzan___gtzan_jazz_00092
5150,-7.4128723,11.94864,2 (Jazz),gtzan___gtzan_jazz_00093
5151,-9.266442,9.888993,2 (Jazz),gtzan___gtzan_jazz_00094
5152,-8.186957,11.497594,2 (Jazz),gtzan___gtzan_jazz_00095
5153,-8.354779,11.1283245,2 (Jazz),gtzan___gtzan_jazz_00096
5154,-10.086601,9.801282,2 (Jazz),gtzan___gtzan_jazz_00097
5155,-8.20748,11.495116,2 (Jazz),gtzan___gtzan_jazz_00098
5156,-7.7197633,11.514954,2 (Jazz),gtzan___gtzan_jazz_00099
5157,10.32671,7.1631904,3 (Rock + Pop),gtzan___gtzan_metal_00000
5158,9.6884775,7.1100893,3 (Rock + Pop),gtzan___gtzan_metal_00001
5159,4.2585697,5.9019136,3 (Rock + Pop),gtzan___gtzan_metal_00002
5160,5.8546824,9.744187,3 (Rock + Pop),gtzan___gtzan_metal_00003
5161,7.3086863,10.492424,3 (Rock + Pop),gtzan___gtzan_metal_00004
5162,7.258175,8.809576,3 (Rock + Pop),gtzan___gtzan_metal_00005
5163,9.259845,6.5632057,3 (Rock + Pop),gtzan___gtzan_metal_00006
5164,7.4995365,10.105829,3 (Rock + Pop),gtzan___gtzan_metal_00007
5165,8.053881,4.2628055,3 (Rock + Pop),gtzan___gtzan_metal_00008
5166,7.182037,10.793985,3 (Rock + Pop),gtzan___gtzan_metal_00009
5167,7.146946,10.652769,3 (Rock + Pop),gtzan___gtzan_metal_00010
5168,9.803739,8.300473,3 (Rock + Pop),gtzan___gtzan_metal_00011
5169,7.248155,10.574535,3 (Rock + Pop),gtzan___gtzan_metal_00012
5170,7.3066616,10.505085,3 (Rock + Pop),gtzan___gtzan_metal_00013
5171,7.8528695,10.328777,3 (Rock + Pop),gtzan___gtzan_metal_00014
5172,7.1677976,10.765954,3 (Rock + Pop),gtzan___gtzan_metal_00015
5173,8.772978,8.990558,3 (Rock + Pop),gtzan___gtzan_metal_00016
5174,6.9300613,10.166251,3 (Rock + Pop),gtzan___gtzan_metal_00017
5175,6.958242,10.942549,3 (Rock + Pop),gtzan___gtzan_metal_00018
5176,7.068843,10.252728,3 (Rock + Pop),gtzan___gtzan_metal_00019
5177,9.510932,8.203274,3 (Rock + Pop),gtzan___gtzan_metal_00020
5178,6.7598095,9.706611,3 (Rock + Pop),gtzan___gtzan_metal_00021
5179,2.5146596,9.124241,3 (Rock + Pop),gtzan___gtzan_metal_00022
5180,7.040745,10.788251,3 (Rock + Pop),gtzan___gtzan_metal_00023
5181,8.487958,8.100805,3 (Rock + Pop),gtzan___gtzan_metal_00024
5182,5.839567,9.137522,3 (Rock + Pop),gtzan___gtzan_metal_00025
5183,-0.10044018,8.086923,3 (Rock + Pop),gtzan___gtzan_metal_00026
5184,8.908139,8.951269,3 (Rock + Pop),gtzan___gtzan_metal_00027
5185,8.752292,7.606661,3 (Rock + Pop),gtzan___gtzan_metal_00028
5186,3.058102,8.668366,3 (Rock + Pop),gtzan___gtzan_metal_00029
5187,5.6031494,11.1933775,3 (Rock + Pop),gtzan___gtzan_metal_00030
5188,9.31622,7.9736238,3 (Rock + Pop),gtzan___gtzan_metal_00031
5189,5.093453,8.0698395,3 (Rock + Pop),gtzan___gtzan_metal_00032
5190,7.0004163,11.005114,3 (Rock + Pop),gtzan___gtzan_metal_00033
5191,4.512872,10.19611,3 (Rock + Pop),gtzan___gtzan_metal_00034
5192,8.267248,9.408413,3 (Rock + Pop),gtzan___gtzan_metal_00035
5193,7.02456,10.046929,3 (Rock + Pop),gtzan___gtzan_metal_00036
5194,8.629835,6.8617268,3 (Rock + Pop),gtzan___gtzan_metal_00037
5195,4.5508513,8.636653,3 (Rock + Pop),gtzan___gtzan_metal_00038
5196,6.0152984,10.059807,3 (Rock + Pop),gtzan___gtzan_metal_00039
5197,6.566922,10.102028,3 (Rock + Pop),gtzan___gtzan_metal_00040
5198,5.7816443,9.837296,3 (Rock + Pop),gtzan___gtzan_metal_00041
5199,4.6807094,9.324393,3 (Rock + Pop),gtzan___gtzan_metal_00042
5200,1.4367667,7.6493926,3 (Rock + Pop),gtzan___gtzan_metal_00043
5201,7.598863,8.597089,3 (Rock + Pop),gtzan___gtzan_metal_00044
5202,1.2548693,7.6815376,3 (Rock + Pop),gtzan___gtzan_metal_00045
5203,9.4657135,8.415255,3 (Rock + Pop),gtzan___gtzan_metal_00046
5204,10.055486,7.57155,3 (Rock + Pop),gtzan___gtzan_metal_00047
5205,10.081761,9.434622,3 (Rock + Pop),gtzan___gtzan_metal_00048
5206,7.595139,9.803483,3 (Rock + Pop),gtzan___gtzan_metal_00049
5207,9.64189,8.265144,3 (Rock + Pop),gtzan___gtzan_metal_00050
5208,9.835993,7.826422,3 (Rock + Pop),gtzan___gtzan_metal_00051
5209,10.575479,7.6486783,3 (Rock + Pop),gtzan___gtzan_metal_00052
5210,9.993266,8.441946,3 (Rock + Pop),gtzan___gtzan_metal_00053
5211,7.7100263,9.393639,3 (Rock + Pop),gtzan___gtzan_metal_00054
5212,9.815218,7.9234223,3 (Rock + Pop),gtzan___gtzan_metal_00055
5213,9.885339,8.391707,3 (Rock + Pop),gtzan___gtzan_metal_00056
5214,7.354703,8.762497,3 (Rock + Pop),gtzan___gtzan_metal_00057
5215,9.2116375,7.5645037,3 (Rock + Pop),gtzan___gtzan_metal_00058
5216,8.300497,8.909528,3 (Rock + Pop),gtzan___gtzan_metal_00059
5217,6.274577,10.765294,3 (Rock + Pop),gtzan___gtzan_metal_00060
5218,6.566931,10.101993,3 (Rock + Pop),gtzan___gtzan_metal_00061
5219,5.7816443,9.837296,3 (Rock + Pop),gtzan___gtzan_metal_00062
5220,4.6807094,9.324393,3 (Rock + Pop),gtzan___gtzan_metal_00063
5221,1.4367794,7.6493897,3 (Rock + Pop),gtzan___gtzan_metal_00064
5222,7.598863,8.597089,3 (Rock + Pop),gtzan___gtzan_metal_00065
5223,1.2548751,7.6815443,3 (Rock + Pop),gtzan___gtzan_metal_00066
5224,6.3361506,8.997388,3 (Rock + Pop),gtzan___gtzan_metal_00067
5225,7.641154,5.7327504,3 (Rock + Pop),gtzan___gtzan_metal_00068
5226,4.761711,7.716377,3 (Rock + Pop),gtzan___gtzan_metal_00069
5227,1.1584187,7.797322,3 (Rock + Pop),gtzan___gtzan_metal_00070
5228,2.4346554,7.7981496,3 (Rock + Pop),gtzan___gtzan_metal_00071
5229,9.256501,8.474978,3 (Rock + Pop),gtzan___gtzan_metal_00072
5230,9.233885,7.801246,3 (Rock + Pop),gtzan___gtzan_metal_00073
5231,5.634207,9.942102,3 (Rock + Pop),gtzan___gtzan_metal_00074
5232,8.463807,7.7522044,3 (Rock + Pop),gtzan___gtzan_metal_00075
5233,6.789666,10.40708,3 (Rock + Pop),gtzan___gtzan_metal_00076
5234,9.041576,8.266148,3 (Rock + Pop),gtzan___gtzan_metal_00077
5235,8.81355,9.1670065,3 (Rock + Pop),gtzan___gtzan_metal_00078
5236,5.7219853,8.196723,3 (Rock + Pop),gtzan___gtzan_metal_00079
5237,8.92281,-0.8174872,3 (Rock + Pop),gtzan___gtzan_metal_00080
5238,6.7667966,10.857618,3 (Rock + Pop),gtzan___gtzan_metal_00081
5239,6.168401,10.032762,3 (Rock + Pop),gtzan___gtzan_metal_00082
5240,6.948969,10.781867,3 (Rock + Pop),gtzan___gtzan_metal_00083
5241,10.239497,7.160637,3 (Rock + Pop),gtzan___gtzan_metal_00084
5242,8.467491,7.3867364,3 (Rock + Pop),gtzan___gtzan_metal_00085
5243,1.7790831,4.2344303,3 (Rock + Pop),gtzan___gtzan_metal_00086
5244,8.659904,9.001424,3 (Rock + Pop),gtzan___gtzan_metal_00087
5245,2.0382786,6.8549824,3 (Rock + Pop),gtzan___gtzan_metal_00088
5246,8.281935,8.6781845,3 (Rock + Pop),gtzan___gtzan_metal_00089
5247,1.7458352,8.876406,3 (Rock + Pop),gtzan___gtzan_metal_00090
5248,0.466133,2.637631,3 (Rock + Pop),gtzan___gtzan_metal_00091
5249,7.741018,7.1124825,3 (Rock + Pop),gtzan___gtzan_metal_00092
5250,6.1118455,10.563107,3 (Rock + Pop),gtzan___gtzan_metal_00093
5251,4.512872,10.19611,3 (Rock + Pop),gtzan___gtzan_metal_00094
5252,7.799523,9.624772,3 (Rock + Pop),gtzan___gtzan_metal_00095
5253,8.449982,10.470082,3 (Rock + Pop),gtzan___gtzan_metal_00096
5254,7.0889316,8.02609,3 (Rock + Pop),gtzan___gtzan_metal_00097
5255,8.428597,10.36139,3 (Rock + Pop),gtzan___gtzan_metal_00098
5256,8.599677,10.7664995,3 (Rock + Pop),gtzan___gtzan_metal_00099
5257,9.033028,-8.26511,3 (Rock + Pop),gtzan___gtzan_pop_00000
5258,11.779235,-7.0845294,1 (Hip-Hop + Pop + HJDB),gtzan___gtzan_pop_00001
5259,21.916555,-6.8304706,1 (Hip-Hop + Pop + HJDB),gtzan___gtzan_pop_00002
5260,7.609652,-7.480959,3 (Rock + Pop),gtzan___gtzan_pop_00003
5261,8.445313,3.715043,3 (Rock + Pop),gtzan___gtzan_pop_00004
5262,5.4410834,7.3643346,3 (Rock + Pop),gtzan___gtzan_pop_00005
5263,3.771402,4.2675056,3 (Rock + Pop),gtzan___gtzan_pop_00006
5264,-11.237612,9.247205,2 (Jazz),gtzan___gtzan_pop_00007
5265,4.9968615,-0.42343187,3 (Rock + Pop),gtzan___gtzan_pop_00008
5266,13.815778,-8.356093,1 (Hip-Hop + Pop + HJDB),gtzan___gtzan_pop_00009
5267,3.0004423,0.76301503,3 (Rock + Pop),gtzan___gtzan_pop_00010
5268,-3.3483891,-3.9603634,2 (Jazz),gtzan___gtzan_pop_00011
5269,2.2874281,0.8026058,3 (Rock + Pop),gtzan___gtzan_pop_00012
5270,8.893124,-8.540188,3 (Rock + Pop),gtzan___gtzan_pop_00013
5271,-5.1008825,-5.049218,2 (Jazz),gtzan___gtzan_pop_00014
5272,13.720298,-4.124488,1 (Hip-Hop + Pop + HJDB),gtzan___gtzan_pop_00015
5273,13.029212,-10.94093,1 (Hip-Hop + Pop + HJDB),gtzan___gtzan_pop_00016
5274,4.2505236,-5.793078,3 (Rock + Pop),gtzan___gtzan_pop_00017
5275,21.145033,-6.2288356,1 (Hip-Hop + Pop + HJDB),gtzan___gtzan_pop_00018
5276,9.170265,-7.2994165,3 (Rock + Pop),gtzan___gtzan_pop_00019
5277,12.391899,-5.2696004,1 (Hip-Hop + Pop + HJDB),gtzan___gtzan_pop_00020
5278,21.116276,-8.899905,1 (Hip-Hop + Pop + HJDB),gtzan___gtzan_pop_00021
5279,11.863216,-5.731346,1 (Hip-Hop + Pop + HJDB),gtzan___gtzan_pop_00022
5280,9.775602,-9.406469,1 (Hip-Hop + Pop + HJDB),gtzan___gtzan_pop_00023
5281,9.743917,-6.442756,3 (Rock + Pop),gtzan___gtzan_pop_00024
5282,7.5817494,-8.164758,3 (Rock + Pop),gtzan___gtzan_pop_00025
5283,8.479813,-8.613116,3 (Rock + Pop),gtzan___gtzan_pop_00026
5284,8.974866,0.04453426,3 (Rock + Pop),gtzan___gtzan_pop_00027
5285,7.289888,-6.16138,3 (Rock + Pop),gtzan___gtzan_pop_00028
5286,9.507336,-7.360865,3 (Rock + Pop),gtzan___gtzan_pop_00029
5287,9.906782,-6.9909387,3 (Rock + Pop),gtzan___gtzan_pop_00030
5288,9.924587,-7.2915955,3 (Rock + Pop),gtzan___gtzan_pop_00031
5289,9.714277,-8.285627,1 (Hip-Hop + Pop + HJDB),gtzan___gtzan_pop_00032
5290,-9.769573,-6.527082,2 (Jazz),gtzan___gtzan_pop_00033
5291,9.118836,-8.112025,3 (Rock + Pop),gtzan___gtzan_pop_00034
5292,9.774799,-6.12527,3 (Rock + Pop),gtzan___gtzan_pop_00035
5293,8.892067,-6.689107,3 (Rock + Pop),gtzan___gtzan_pop_00036
5294,14.632421,-3.6230206,1 (Hip-Hop + Pop + HJDB),gtzan___gtzan_pop_00037
5295,11.237023,-6.8952365,1 (Hip-Hop + Pop + HJDB),gtzan___gtzan_pop_00038
5296,2.4890213,-1.4586153,3 (Rock + Pop),gtzan___gtzan_pop_00039
5297,-0.4912159,-5.7729626,2 (Jazz),gtzan___gtzan_pop_00040
5298,-2.3235774,-4.4788527,2 (Jazz),gtzan___gtzan_pop_00041
5299,10.064572,-7.7703953,1 (Hip-Hop + Pop + HJDB),gtzan___gtzan_pop_00042
5300,20.306475,-6.525337,1 (Hip-Hop + Pop + HJDB),gtzan___gtzan_pop_00043
5301,10.31517,-5.458781,3 (Rock + Pop),gtzan___gtzan_pop_00044
5302,10.235697,-8.737806,1 (Hip-Hop + Pop + HJDB),gtzan___gtzan_pop_00045
5303,9.788086,-8.7987795,1 (Hip-Hop + Pop + HJDB),gtzan___gtzan_pop_00046
5304,11.116264,-9.929026,1 (Hip-Hop + Pop + HJDB),gtzan___gtzan_pop_00047
5305,21.845781,-7.98227,1 (Hip-Hop + Pop + HJDB),gtzan___gtzan_pop_00048
5306,9.026354,-8.64324,3 (Rock + Pop),gtzan___gtzan_pop_00049
5307,9.6783495,-9.272451,1 (Hip-Hop + Pop + HJDB),gtzan___gtzan_pop_00050
5308,10.409199,-8.197177,1 (Hip-Hop + Pop + HJDB),gtzan___gtzan_pop_00051
5309,15.644373,-4.335813,1 (Hip-Hop + Pop + HJDB),gtzan___gtzan_pop_00052
5310,-5.2957015,4.9506364,2 (Jazz),gtzan___gtzan_pop_00053
5311,9.905425,-9.681276,1 (Hip-Hop + Pop + HJDB),gtzan___gtzan_pop_00054
5312,12.1548815,-7.9149733,1 (Hip-Hop + Pop + HJDB),gtzan___gtzan_pop_00055
5313,15.855079,-4.0638313,1 (Hip-Hop + Pop + HJDB),gtzan___gtzan_pop_00056
5314,15.5938225,-4.49613,1 (Hip-Hop + Pop + HJDB),gtzan___gtzan_pop_00057
5315,14.772434,-4.7832623,1 (Hip-Hop + Pop + HJDB),gtzan___gtzan_pop_00058
5316,15.804823,-4.3096194,1 (Hip-Hop + Pop + HJDB),gtzan___gtzan_pop_00059
5317,9.905425,-9.681276,1 (Hip-Hop + Pop + HJDB),gtzan___gtzan_pop_00060
5318,11.28628,-8.315459,1 (Hip-Hop + Pop + HJDB),gtzan___gtzan_pop_00061
5319,15.892695,-3.7720337,1 (Hip-Hop + Pop + HJDB),gtzan___gtzan_pop_00062
5320,4.3950734,-4.3014035,3 (Rock + Pop),gtzan___gtzan_pop_00063
5321,9.764682,-7.6592536,3 (Rock + Pop),gtzan___gtzan_pop_00064
5322,4.963749,-2.8754666,3 (Rock + Pop),gtzan___gtzan_pop_00065
5323,0.20208815,-4.9526143,3 (Rock + Pop),gtzan___gtzan_pop_00066
5324,12.816219,-8.727368,1 (Hip-Hop + Pop + HJDB),gtzan___gtzan_pop_00067
5325,11.61679,-6.6008897,1 (Hip-Hop + Pop + HJDB),gtzan___gtzan_pop_00068
5326,21.720467,-8.420643,1 (Hip-Hop + Pop + HJDB),gtzan___gtzan_pop_00069
5327,10.594669,-10.095559,1 (Hip-Hop + Pop + HJDB),gtzan___gtzan_pop_00070
5328,12.816219,-8.727368,1 (Hip-Hop + Pop + HJDB),gtzan___gtzan_pop_00071
5329,8.685551,10.330856,3 (Rock + Pop),gtzan___gtzan_pop_00072
5330,7.983348,-9.036408,3 (Rock + Pop),gtzan___gtzan_pop_00073
5331,10.565065,-7.692467,1 (Hip-Hop + Pop + HJDB),gtzan___gtzan_pop_00074
5332,8.657584,-7.959484,3 (Rock + Pop),gtzan___gtzan_pop_00075
5333,10.502318,-6.485579,1 (Hip-Hop + Pop + HJDB),gtzan___gtzan_pop_00076
5334,10.654759,-7.4614563,1 (Hip-Hop + Pop + HJDB),gtzan___gtzan_pop_00077
5335,11.10611,-7.97723,1 (Hip-Hop + Pop + HJDB),gtzan___gtzan_pop_00078
5336,-6.7697425,3.21381,2 (Jazz),gtzan___gtzan_pop_00079
5337,12.737851,-7.568057,1 (Hip-Hop + Pop + HJDB),gtzan___gtzan_pop_00080
5338,6.4612093,-6.323389,3 (Rock + Pop),gtzan___gtzan_pop_00081
5339,23.46406,-7.4372997,1 (Hip-Hop + Pop + HJDB),gtzan___gtzan_pop_00082
5340,0.45196882,-3.4973412,3 (Rock + Pop),gtzan___gtzan_pop_00083
5341,9.416016,-8.87839,1 (Hip-Hop + Pop + HJDB),gtzan___gtzan_pop_00084
5342,12.373973,-6.409019,1 (Hip-Hop + Pop + HJDB),gtzan___gtzan_pop_00085
5343,3.9122097,-3.37083,3 (Rock + Pop),gtzan___gtzan_pop_00086
5344,7.4745903,2.110097,3 (Rock + Pop),gtzan___gtzan_pop_00087
5345,9.821425,-7.733362,1 (Hip-Hop + Pop + HJDB),gtzan___gtzan_pop_00088
5346,9.827904,-8.54314,1 (Hip-Hop + Pop + HJDB),gtzan___gtzan_pop_00089
5347,7.3799,1.9375427,3 (Rock + Pop),gtzan___gtzan_pop_00090
5348,11.526942,-7.672055,1 (Hip-Hop + Pop + HJDB),gtzan___gtzan_pop_00091
5349,22.75487,-6.8415546,1 (Hip-Hop + Pop + HJDB),gtzan___gtzan_pop_00092
5350,22.020445,-6.8894234,1 (Hip-Hop + Pop + HJDB),gtzan___gtzan_pop_00093
5351,5.6973667,-6.344026,3 (Rock + Pop),gtzan___gtzan_pop_00094
5352,9.141707,-8.497051,3 (Rock + Pop),gtzan___gtzan_pop_00095
5353,8.554436,-8.397984,3 (Rock + Pop),gtzan___gtzan_pop_00096
5354,9.895968,-9.315355,1 (Hip-Hop + Pop + HJDB),gtzan___gtzan_pop_00097
5355,12.665058,-4.532145,1 (Hip-Hop + Pop + HJDB),gtzan___gtzan_pop_00098
5356,8.980058,-7.639268,3 (Rock + Pop),gtzan___gtzan_pop_00099
5357,-4.571907,9.482503,2 (Jazz),gtzan___gtzan_reggae_00000
5358,3.737503,4.17659,3 (Rock + Pop),gtzan___gtzan_reggae_00001
5359,16.289085,-1.6766216,1 (Hip-Hop + Pop + HJDB),gtzan___gtzan_reggae_00002
5360,17.356283,-2.07111,1 (Hip-Hop + Pop + HJDB),gtzan___gtzan_reggae_00003
5361,17.352232,-2.0904503,1 (Hip-Hop + Pop + HJDB),gtzan___gtzan_reggae_00004
5362,15.24328,-1.4007033,1 (Hip-Hop + Pop + HJDB),gtzan___gtzan_reggae_00005
5363,-7.7699223,1.0528071,2 (Jazz),gtzan___gtzan_reggae_00006
5364,17.593962,-2.106706,1 (Hip-Hop + Pop + HJDB),gtzan___gtzan_reggae_00007
5365,14.619599,-2.1486056,1 (Hip-Hop + Pop + HJDB),gtzan___gtzan_reggae_00008
5366,17.179153,-1.9320596,1 (Hip-Hop + Pop + HJDB),gtzan___gtzan_reggae_00009
5367,-2.7367232,4.911562,2 (Jazz),gtzan___gtzan_reggae_00010
5368,17.077671,-1.7341615,1 (Hip-Hop + Pop + HJDB),gtzan___gtzan_reggae_00011
5369,16.627695,-1.6869901,1 (Hip-Hop + Pop + HJDB),gtzan___gtzan_reggae_00012
5370,16.1227,-1.1410929,1 (Hip-Hop + Pop + HJDB),gtzan___gtzan_reggae_00013
5371,17.749662,-2.1285503,1 (Hip-Hop + Pop + HJDB),gtzan___gtzan_reggae_00014
5372,15.202237,-0.37412843,1 (Hip-Hop + Pop + HJDB),gtzan___gtzan_reggae_00015
5373,9.019307,-1.4341629,3 (Rock + Pop),gtzan___gtzan_reggae_00016
5374,17.497835,-2.299052,1 (Hip-Hop + Pop + HJDB),gtzan___gtzan_reggae_00017
5375,14.406089,-1.6080619,1 (Hip-Hop + Pop + HJDB),gtzan___gtzan_reggae_00018
5376,16.200933,-2.0934124,1 (Hip-Hop + Pop + HJDB),gtzan___gtzan_reggae_00019
5377,15.754492,-1.6277119,1 (Hip-Hop + Pop + HJDB),gtzan___gtzan_reggae_00020
5378,0.57524616,6.0165887,3 (Rock + Pop),gtzan___gtzan_reggae_00021
5379,16.847265,-2.9544919,1 (Hip-Hop + Pop + HJDB),gtzan___gtzan_reggae_00022
5380,18.067234,-1.4891409,1 (Hip-Hop + Pop + HJDB),gtzan___gtzan_reggae_00023
5381,14.247955,-4.028462,1 (Hip-Hop + Pop + HJDB),gtzan___gtzan_reggae_00024
5382,17.482807,-1.9868536,1 (Hip-Hop + Pop + HJDB),gtzan___gtzan_reggae_00025
5383,17.456615,-2.0875823,1 (Hip-Hop + Pop + HJDB),gtzan___gtzan_reggae_00026
5384,16.666641,-1.8893312,1 (Hip-Hop + Pop + HJDB),gtzan___gtzan_reggae_00027
5385,18.555758,-0.80085915,1 (Hip-Hop + Pop + HJDB),gtzan___gtzan_reggae_00028
5386,18.19532,-0.8595132,1 (Hip-Hop + Pop + HJDB),gtzan___gtzan_reggae_00029
5387,18.838694,-1.055309,1 (Hip-Hop + Pop + HJDB),gtzan___gtzan_reggae_00030
5388,17.959684,-1.6007228,1 (Hip-Hop + Pop + HJDB),gtzan___gtzan_reggae_00031
5389,19.73739,-0.3881515,1 (Hip-Hop + Pop + HJDB),gtzan___gtzan_reggae_00032
5390,18.35606,-0.979162,1 (Hip-Hop + Pop + HJDB),gtzan___gtzan_reggae_00033
5391,18.378208,-0.91547614,1 (Hip-Hop + Pop + HJDB),gtzan___gtzan_reggae_00034
5392,18.463884,-1.0240183,1 (Hip-Hop + Pop + HJDB),gtzan___gtzan_reggae_00035
5393,18.195616,-1.3917288,1 (Hip-Hop + Pop + HJDB),gtzan___gtzan_reggae_00036
5394,17.81298,-1.7577103,1 (Hip-Hop + Pop + HJDB),gtzan___gtzan_reggae_00037
5395,18.438679,-0.58732516,1 (Hip-Hop + Pop + HJDB),gtzan___gtzan_reggae_00038
5396,12.614583,-11.174076,1 (Hip-Hop + Pop + HJDB),gtzan___gtzan_reggae_00039
5397,-5.123722,-5.7517877,2 (Jazz),gtzan___gtzan_reggae_00040
5398,15.185924,-0.8047513,1 (Hip-Hop + Pop + HJDB),gtzan___gtzan_reggae_00041
5399,17.1425,-1.9022964,1 (Hip-Hop + Pop + HJDB),gtzan___gtzan_reggae_00042
5400,-1.3512357,9.064995,2 (Jazz),gtzan___gtzan_reggae_00043
5401,17.359516,-1.7256356,1 (Hip-Hop + Pop + HJDB),gtzan___gtzan_reggae_00044
5402,17.076283,-2.6286757,1 (Hip-Hop + Pop + HJDB),gtzan___gtzan_reggae_00045
5403,15.406176,-0.20176557,1 (Hip-Hop + Pop + HJDB),gtzan___gtzan_reggae_00046
5404,16.746424,-1.8661357,1 (Hip-Hop + Pop + HJDB),gtzan___gtzan_reggae_00047
5405,15.262081,-1.8922303,1 (Hip-Hop + Pop + HJDB),gtzan___gtzan_reggae_00048
5406,14.067713,1.731108,3 (Rock + Pop),gtzan___gtzan_reggae_00049
5407,16.697737,-4.1079574,1 (Hip-Hop + Pop + HJDB),gtzan___gtzan_reggae_00050
5408,24.654913,-7.339705,1 (Hip-Hop + Pop + HJDB),gtzan___gtzan_reggae_00051
5409,14.67952,-13.310724,1 (Hip-Hop + Pop + HJDB),gtzan___gtzan_reggae_00052
5410,17.612162,-1.8931558,1 (Hip-Hop + Pop + HJDB),gtzan___gtzan_reggae_00053
5411,17.25115,-2.1635191,1 (Hip-Hop + Pop + HJDB),gtzan___gtzan_reggae_00054
5412,25.151709,-7.268005,1 (Hip-Hop + Pop + HJDB),gtzan___gtzan_reggae_00055
5413,15.61622,-1.85757,1 (Hip-Hop + Pop + HJDB),gtzan___gtzan_reggae_00056
5414,15.340933,-2.89457,1 (Hip-Hop + Pop + HJDB),gtzan___gtzan_reggae_00057
5415,17.337547,-2.1162412,1 (Hip-Hop + Pop + HJDB),gtzan___gtzan_reggae_00058
5416,17.15514,-2.337201,1 (Hip-Hop + Pop + HJDB),gtzan___gtzan_reggae_00059
5417,-3.0141954,4.8410053,2 (Jazz),gtzan___gtzan_reggae_00060
5418,15.432564,-3.7179227,1 (Hip-Hop + Pop + HJDB),gtzan___gtzan_reggae_00061
5419,17.395977,-1.9046429,1 (Hip-Hop + Pop + HJDB),gtzan___gtzan_reggae_00062
5420,-1.9599658,1.5072831,2 (Jazz),gtzan___gtzan_reggae_00063
5421,17.388895,-2.3729846,1 (Hip-Hop + Pop + HJDB),gtzan___gtzan_reggae_00064
5422,17.790222,-2.2848387,1 (Hip-Hop + Pop + HJDB),gtzan___gtzan_reggae_00065
5423,13.722283,-2.2441173,1 (Hip-Hop + Pop + HJDB),gtzan___gtzan_reggae_00066
5424,16.873854,-1.4046797,1 (Hip-Hop + Pop + HJDB),gtzan___gtzan_reggae_00067
5425,17.046654,-2.0647738,1 (Hip-Hop + Pop + HJDB),gtzan___gtzan_reggae_00068
5426,16.294888,-1.2671007,1 (Hip-Hop + Pop + HJDB),gtzan___gtzan_reggae_00069
5427,15.327893,-4.287909,1 (Hip-Hop + Pop + HJDB),gtzan___gtzan_reggae_00070
5428,17.743805,-2.383939,1 (Hip-Hop + Pop + HJDB),gtzan___gtzan_reggae_00071
5429,16.903992,-2.7895973,1 (Hip-Hop + Pop + HJDB),gtzan___gtzan_reggae_00072
5430,14.797924,-13.607231,1 (Hip-Hop + Pop + HJDB),gtzan___gtzan_reggae_00073
5431,14.779446,-13.5381975,1 (Hip-Hop + Pop + HJDB),gtzan___gtzan_reggae_00074
5432,-1.3350158,9.738406,2 (Jazz),gtzan___gtzan_reggae_00075
5433,15.319529,-5.0088577,1 (Hip-Hop + Pop + HJDB),gtzan___gtzan_reggae_00076
5434,17.018753,-1.1976768,1 (Hip-Hop + Pop + HJDB),gtzan___gtzan_reggae_00077
5435,16.602055,-1.8246876,1 (Hip-Hop + Pop + HJDB),gtzan___gtzan_reggae_00078
5436,25.36943,5.9121203,1 (Hip-Hop + Pop + HJDB),gtzan___gtzan_reggae_00079
5437,14.163393,-9.995806,1 (Hip-Hop + Pop + HJDB),gtzan___gtzan_reggae_00080
5438,14.438716,-10.167165,1 (Hip-Hop + Pop + HJDB),gtzan___gtzan_reggae_00081
5439,14.438703,-10.167167,1 (Hip-Hop + Pop + HJDB),gtzan___gtzan_reggae_00082
5440,-8.968925,9.888694,2 (Jazz),gtzan___gtzan_reggae_00083
5441,-0.8352235,2.5221448,2 (Jazz),gtzan___gtzan_reggae_00084
5442,17.265083,-0.24798588,1 (Hip-Hop + Pop + HJDB),gtzan___gtzan_reggae_00085
5443,12.611406,-6.852834,1 (Hip-Hop + Pop + HJDB),gtzan___gtzan_reggae_00087
5444,19.026197,-3.092074,1 (Hip-Hop + Pop + HJDB),gtzan___gtzan_reggae_00088
5445,15.605673,1.2321967,1 (Hip-Hop + Pop + HJDB),gtzan___gtzan_reggae_00089
5446,15.147481,-3.0447483,1 (Hip-Hop + Pop + HJDB),gtzan___gtzan_reggae_00090
5447,-1.3665929,9.863808,2 (Jazz),gtzan___gtzan_reggae_00091
5448,-1.3747023,9.89489,2 (Jazz),gtzan___gtzan_reggae_00092
5449,15.661515,-1.7017431,1 (Hip-Hop + Pop + HJDB),gtzan___gtzan_reggae_00093
5450,-0.83615005,5.807222,2 (Jazz),gtzan___gtzan_reggae_00094
5451,13.414082,-7.3413305,1 (Hip-Hop + Pop + HJDB),gtzan___gtzan_reggae_00095
5452,17.206749,-0.21913043,1 (Hip-Hop + Pop + HJDB),gtzan___gtzan_reggae_00096
5453,-4.2170053,4.2612524,2 (Jazz),gtzan___gtzan_reggae_00097
5454,15.7123165,-0.7814755,1 (Hip-Hop + Pop + HJDB),gtzan___gtzan_reggae_00098
5455,21.513512,-2.1951475,1 (Hip-Hop + Pop + HJDB),gtzan___gtzan_reggae_00099
5456,-1.1431668,5.019105,2 (Jazz),gtzan___gtzan_rock_00000
5457,0.46077967,-0.07998804,3 (Rock + Pop),gtzan___gtzan_rock_00001
5458,0.670847,2.223713,3 (Rock + Pop),gtzan___gtzan_rock_00002
5459,0.55941343,3.470945,3 (Rock + Pop),gtzan___gtzan_rock_00003
5460,1.119063,-0.6625357,3 (Rock + Pop),gtzan___gtzan_rock_00004
5461,6.227733,8.565482,3 (Rock + Pop),gtzan___gtzan_rock_00005
5462,1.8236425,5.003803,3 (Rock + Pop),gtzan___gtzan_rock_00006
5463,0.7934315,-0.56263745,3 (Rock + Pop),gtzan___gtzan_rock_00007
5464,6.633442,8.893161,3 (Rock + Pop),gtzan___gtzan_rock_00008
5465,3.2349508,3.0510523,3 (Rock + Pop),gtzan___gtzan_rock_00009
5466,5.0155826,-5.0265694,3 (Rock + Pop),gtzan___gtzan_rock_00010
5467,-1.3724465,3.734028,2 (Jazz),gtzan___gtzan_rock_00011
5468,7.8532968,-0.58717835,3 (Rock + Pop),gtzan___gtzan_rock_00012
5469,8.565658,-9.076688,3 (Rock + Pop),gtzan___gtzan_rock_00013
5470,6.8808093,-2.154028,3 (Rock + Pop),gtzan___gtzan_rock_00014
5471,12.052606,-9.502787,1 (Hip-Hop + Pop + HJDB),gtzan___gtzan_rock_00015
5472,9.2116375,7.5645037,3 (Rock + Pop),gtzan___gtzan_rock_00016
5473,3.7383215,0.99874777,3 (Rock + Pop),gtzan___gtzan_rock_00017
5474,2.9144363,9.576016,3 (Rock + Pop),gtzan___gtzan_rock_00018
5475,0.19629218,7.710556,3 (Rock + Pop),gtzan___gtzan_rock_00019
5476,1.8587997,-1.4376377,3 (Rock + Pop),gtzan___gtzan_rock_00020
5477,3.0129242,-4.244116,3 (Rock + Pop),gtzan___gtzan_rock_00021
5478,3.1566987,-4.416357,3 (Rock + Pop),gtzan___gtzan_rock_00022
5479,-2.638526,-1.4246248,2 (Jazz),gtzan___gtzan_rock_00023
5480,0.09687272,7.174725,3 (Rock + Pop),gtzan___gtzan_rock_00024
5481,-1.3298512,5.0411425,2 (Jazz),gtzan___gtzan_rock_00025
5482,3.9899008,1.1971656,3 (Rock + Pop),gtzan___gtzan_rock_00026
5483,-2.247623,7.202908,2 (Jazz),gtzan___gtzan_rock_00027
5484,5.3265495,7.7733245,3 (Rock + Pop),gtzan___gtzan_rock_00028
5485,3.0107193,6.425301,3 (Rock + Pop),gtzan___gtzan_rock_00029
5486,2.8728635,10.4120455,3 (Rock + Pop),gtzan___gtzan_rock_00030
5487,6.580539,-1.2808139,3 (Rock + Pop),gtzan___gtzan_rock_00031
5488,2.7076483,5.497447,3 (Rock + Pop),gtzan___gtzan_rock_00032
5489,3.356756,5.9114714,3 (Rock + Pop),gtzan___gtzan_rock_00033
5490,10.239975,6.3813987,3 (Rock + Pop),gtzan___gtzan_rock_00034
5491,2.548105,2.5975156,3 (Rock + Pop),gtzan___gtzan_rock_00035
5492,8.694843,7.312817,3 (Rock + Pop),gtzan___gtzan_rock_00036
5493,4.039118,5.9902787,3 (Rock + Pop),gtzan___gtzan_rock_00037
5494,5.81851,7.6781793,3 (Rock + Pop),gtzan___gtzan_rock_00038
5495,4.1471243,8.1217575,3 (Rock + Pop),gtzan___gtzan_rock_00039
5496,0.32389346,7.2333784,3 (Rock + Pop),gtzan___gtzan_rock_00040
5497,3.7679284,8.190002,3 (Rock + Pop),gtzan___gtzan_rock_00041
5498,7.0505095,1.2858685,3 (Rock + Pop),gtzan___gtzan_rock_00042
5499,5.337698,7.088358,3 (Rock + Pop),gtzan___gtzan_rock_00043
5500,4.0124145,1.6405987,3 (Rock + Pop),gtzan___gtzan_rock_00044
5501,4.435572,10.488223,3 (Rock + Pop),gtzan___gtzan_rock_00045
5502,6.1210217,6.8500338,3 (Rock + Pop),gtzan___gtzan_rock_00046
5503,6.1842856,8.397148,3 (Rock + Pop),gtzan___gtzan_rock_00047
5504,4.488625,8.163946,3 (Rock + Pop),gtzan___gtzan_rock_00048
5505,-17.604742,5.9333997,4 (Classical),gtzan___gtzan_rock_00049
5506,2.8629506,2.5486941,3 (Rock + Pop),gtzan___gtzan_rock_00050
5507,6.7113557,1.7639425,3 (Rock + Pop),gtzan___gtzan_rock_00051
5508,7.067708,-8.402085,3 (Rock + Pop),gtzan___gtzan_rock_00052
5509,5.523015,3.0158098,3 (Rock + Pop),gtzan___gtzan_rock_00053
5510,7.1870804,0.28559247,3 (Rock + Pop),gtzan___gtzan_rock_00054
5511,25.194996,-1.7378936,1 (Hip-Hop + Pop + HJDB),gtzan___gtzan_rock_00055
5512,2.6070712,7.9787903,3 (Rock + Pop),gtzan___gtzan_rock_00056
5513,2.9900136,2.553776,3 (Rock + Pop),gtzan___gtzan_rock_00057
5514,-1.18451,-3.108335,2 (Jazz),gtzan___gtzan_rock_00058
5515,-5.223567,1.2400177,2 (Jazz),gtzan___gtzan_rock_00059
5516,7.029022,3.368698,3 (Rock + Pop),gtzan___gtzan_rock_00060
5517,2.8186808,4.2545514,3 (Rock + Pop),gtzan___gtzan_rock_00061
5518,-6.350949,11.345212,2 (Jazz),gtzan___gtzan_rock_00062
5519,-4.3321676,3.7814045,2 (Jazz),gtzan___gtzan_rock_00063
5520,2.258874,7.247837,3 (Rock + Pop),gtzan___gtzan_rock_00064
5521,-0.0047171973,6.8319263,3 (Rock + Pop),gtzan___gtzan_rock_00065
5522,-0.5263888,5.274658,3 (Rock + Pop),gtzan___gtzan_rock_00066
5523,1.9669371,6.9783373,3 (Rock + Pop),gtzan___gtzan_rock_00067
5524,3.6431134,8.269466,3 (Rock + Pop),gtzan___gtzan_rock_00068
5525,0.0568309,3.5700767,3 (Rock + Pop),gtzan___gtzan_rock_00069
5526,0.59549135,1.7249621,3 (Rock + Pop),gtzan___gtzan_rock_00070
5527,11.194514,-1.6686189,3 (Rock + Pop),gtzan___gtzan_rock_00071
5528,2.0176618,0.42349827,3 (Rock + Pop),gtzan___gtzan_rock_00072
5529,5.0503716,4.367405,3 (Rock + Pop),gtzan___gtzan_rock_00073
5530,7.552418,3.4212523,3 (Rock + Pop),gtzan___gtzan_rock_00074
5531,6.1651173,6.6918693,3 (Rock + Pop),gtzan___gtzan_rock_00075
5532,1.2351202,-0.9525381,3 (Rock + Pop),gtzan___gtzan_rock_00076
5533,17.64705,-0.80246943,1 (Hip-Hop + Pop + HJDB),gtzan___gtzan_rock_00077
5534,1.5900317,-0.8860528,3 (Rock + Pop),gtzan___gtzan_rock_00078
5535,0.37518188,7.370862,3 (Rock + Pop),gtzan___gtzan_rock_00079
5536,1.2164999,5.1903152,3 (Rock + Pop),gtzan___gtzan_rock_00080
5537,1.2863425,6.644203,3 (Rock + Pop),gtzan___gtzan_rock_00081
5538,0.8960688,4.8760705,3 (Rock + Pop),gtzan___gtzan_rock_00082
5539,1.9163353,-1.7802949,3 (Rock + Pop),gtzan___gtzan_rock_00083
5540,4.6042466,1.6020074,3 (Rock + Pop),gtzan___gtzan_rock_00084
5541,0.7430942,3.9793246,3 (Rock + Pop),gtzan___gtzan_rock_00085
5542,4.828014,6.4532175,3 (Rock + Pop),gtzan___gtzan_rock_00086
5543,5.283664,9.24504,3 (Rock + Pop),gtzan___gtzan_rock_00087
5544,1.6751403,6.7457466,3 (Rock + Pop),gtzan___gtzan_rock_00088
5545,2.7899308,1.0898513,3 (Rock + Pop),gtzan___gtzan_rock_00089
5546,-3.7983851,4.5886865,2 (Jazz),gtzan___gtzan_rock_00090
5547,5.9593415,3.0725236,3 (Rock + Pop),gtzan___gtzan_rock_00091
5548,5.729835,10.018998,3 (Rock + Pop),gtzan___gtzan_rock_00092
5549,6.13136,3.135309,3 (Rock + Pop),gtzan___gtzan_rock_00093
5550,5.71658,10.435762,3 (Rock + Pop),gtzan___gtzan_rock_00094
5551,1.6150168,0.6612854,3 (Rock + Pop),gtzan___gtzan_rock_00095
5552,4.277867,2.8219647,3 (Rock + Pop),gtzan___gtzan_rock_00096
5553,6.8645453,3.7760744,3 (Rock + Pop),gtzan___gtzan_rock_00097
5554,-5.2798066,0.040352218,2 (Jazz),gtzan___gtzan_rock_00098
5555,4.0826516,6.1557283,3 (Rock + Pop),gtzan___gtzan_rock_00099
