,t-SNE dimension 1,t-SNE dimension 2,label,file
0,-20.229647,2.7051103,2 (Classical + Jazz),asap___Bach_Fugue_bwv_846_Shi05M
1,-23.147903,-0.6847424,2 (Classical + Jazz),asap___Bach_Fugue_bwv_848_Denisova06M
2,-23.19984,-0.44628662,2 (Classical + Jazz),asap___Bach_Fugue_bwv_848_Lee01M
3,-23.893105,0.44913712,2 (Classical + Jazz),asap___Bach_Fugue_bwv_848_LeeSH01M
4,-23.288942,-0.35275197,2 (Classical + Jazz),asap___Bach_Fugue_bwv_848_Lin04M
5,-23.473864,-0.33385247,2 (Classical + Jazz),asap___Bach_Fugue_bwv_848_Lou01M
6,-24.95669,0.24825686,2 (Classical + Jazz),asap___Bach_Fugue_bwv_848_MiyashitaM01M
7,-22.985592,-0.32288694,2 (Classical + Jazz),asap___Bach_Fugue_bwv_848_Mizumoto03M
8,-24.145365,-0.09305259,2 (Classical + Jazz),asap___Bach_Fugue_bwv_848_SunY01M
9,-23.429092,-0.20762233,2 (Classical + Jazz),asap___Bach_Fugue_bwv_848_Zhou01M
10,-24.666206,-0.053841267,2 (Classical + Jazz),asap___Bach_Fugue_bwv_854_LuA01M
11,-24.2698,-0.2741263,2 (Classical + Jazz),asap___Bach_Fugue_bwv_854_MiyashitaM01M
12,-22.648045,-0.4941058,2 (Classical + Jazz),asap___Bach_Fugue_bwv_854_Ozaki01M
13,-24.411829,-0.13470899,2 (Classical + Jazz),asap___Bach_Fugue_bwv_854_Richardson01M
14,-23.909113,-0.26977712,2 (Classical + Jazz),asap___Bach_Fugue_bwv_854_WangA01M
15,-24.794638,0.5895673,2 (Classical + Jazz),asap___Bach_Fugue_bwv_856_LuoJ01M
16,-22.466785,1.8821701,2 (Classical + Jazz),asap___Bach_Fugue_bwv_857_Bult-ItoS02M
17,-21.836683,1.389473,2 (Classical + Jazz),asap___Bach_Fugue_bwv_857_Lisiecki04M
18,-22.381794,1.8814094,2 (Classical + Jazz),asap___Bach_Fugue_bwv_857_ToA01M
19,-22.514118,2.3795664,2 (Classical + Jazz),asap___Bach_Fugue_bwv_857_WangA01M
20,-22.40341,1.544627,2 (Classical + Jazz),asap___Bach_Fugue_bwv_857_YuP01M
21,-23.115665,2.3898857,2 (Classical + Jazz),asap___Bach_Fugue_bwv_858_VuV01M
22,-22.401085,0.3285463,2 (Classical + Jazz),asap___Bach_Fugue_bwv_858_Zhang01M
23,-23.611126,0.23263098,2 (Classical + Jazz),asap___Bach_Fugue_bwv_860_Ko04M
24,-23.190315,0.22934721,2 (Classical + Jazz),asap___Bach_Fugue_bwv_860_Nikiforov05M
25,-23.030367,0.064175755,2 (Classical + Jazz),asap___Bach_Fugue_bwv_860_Tetzloff04M
26,-24.004229,0.24274117,2 (Classical + Jazz),asap___Bach_Fugue_bwv_860_TuanS01M
27,-24.8744,0.0050106784,2 (Classical + Jazz),asap___Bach_Fugue_bwv_860_YoungS01M
28,-23.250187,0.016959127,2 (Classical + Jazz),asap___Bach_Fugue_bwv_860_ZhangH04M
29,-20.675402,2.296689,2 (Classical + Jazz),asap___Bach_Fugue_bwv_862_Song04M
30,-21.712725,2.7505352,2 (Classical + Jazz),asap___Bach_Fugue_bwv_863_LeeN01M
31,-19.963997,2.4053357,2 (Classical + Jazz),asap___Bach_Fugue_bwv_863_Shychko01M
32,-21.638165,2.7064435,2 (Classical + Jazz),asap___Bach_Fugue_bwv_863_TongB01M
33,-24.641495,0.6670426,2 (Classical + Jazz),asap___Bach_Fugue_bwv_864_SunD01M
34,-22.96019,-0.02166395,2 (Classical + Jazz),asap___Bach_Fugue_bwv_865_Teo01M
35,-24.06161,0.5661767,2 (Classical + Jazz),asap___Bach_Fugue_bwv_865_ZhangE01M
36,-21.730696,2.7553341,2 (Classical + Jazz),asap___Bach_Fugue_bwv_867_HuNY01M
37,-20.742342,2.3860385,2 (Classical + Jazz),asap___Bach_Fugue_bwv_867_Sham01M
38,-21.504076,2.0183883,2 (Classical + Jazz),asap___Bach_Fugue_bwv_868_GonzalezJ05M
39,-24.210968,-0.0409669,2 (Classical + Jazz),asap___Bach_Fugue_bwv_870_ChenW01M
40,-24.46673,0.046158202,2 (Classical + Jazz),asap___Bach_Fugue_bwv_870_LeeE01M
41,-22.941332,-0.76293164,2 (Classical + Jazz),asap___Bach_Fugue_bwv_870_MaximovI01M
42,-22.300058,0.20000243,2 (Classical + Jazz),asap___Bach_Fugue_bwv_873_Lisiecki13M
43,-19.433308,2.7657893,2 (Classical + Jazz),asap___Bach_Fugue_bwv_874_BianF01
44,-20.46784,2.705547,2 (Classical + Jazz),asap___Bach_Fugue_bwv_874_Kurz01M
45,-20.967012,3.172759,2 (Classical + Jazz),asap___Bach_Fugue_bwv_874_WongWY01M
46,-21.09399,1.7588192,2 (Classical + Jazz),asap___Bach_Fugue_bwv_875_Ahfat01M
47,-23.321365,1.2912402,2 (Classical + Jazz),asap___Bach_Fugue_bwv_875_CaoJ01M
48,-21.7295,2.5191212,2 (Classical + Jazz),asap___Bach_Fugue_bwv_876_SirajA01M
49,-21.564615,0.90352726,2 (Classical + Jazz),asap___Bach_Fugue_bwv_876_Song01M
50,-24.36185,-0.023749791,2 (Classical + Jazz),asap___Bach_Fugue_bwv_880_LeungR01M
51,-23.513866,-0.18603246,2 (Classical + Jazz),asap___Bach_Fugue_bwv_880_WangA04M
52,-21.6593,2.645844,2 (Classical + Jazz),asap___Bach_Fugue_bwv_883_GuoE01M
53,-23.668655,1.4633285,2 (Classical + Jazz),asap___Bach_Fugue_bwv_883_Herbert02
54,-23.985765,0.4089649,2 (Classical + Jazz),asap___Bach_Fugue_bwv_883_KaiRuiR03
55,-21.03047,2.252419,2 (Classical + Jazz),asap___Bach_Fugue_bwv_883_Khmara04
56,-24.57155,0.878614,2 (Classical + Jazz),asap___Bach_Fugue_bwv_883_LuM01M
57,-23.948692,-0.03382477,2 (Classical + Jazz),asap___Bach_Fugue_bwv_884_LiA01M
58,-22.699621,-0.20163602,2 (Classical + Jazz),asap___Bach_Fugue_bwv_885_Guo01M
59,-22.513964,0.8785166,2 (Classical + Jazz),asap___Bach_Fugue_bwv_885_Huang04M
60,-24.665842,0.53355926,2 (Classical + Jazz),asap___Bach_Fugue_bwv_885_JeonH01M
61,-23.355892,-0.31423867,2 (Classical + Jazz),asap___Bach_Fugue_bwv_885_SINKEV06
62,-22.089148,2.8427792,2 (Classical + Jazz),asap___Bach_Fugue_bwv_887_LiYZ01M
63,-24.801212,0.017314194,2 (Classical + Jazz),asap___Bach_Fugue_bwv_888_ZhaoK01M
64,-22.683702,-0.18133838,2 (Classical + Jazz),asap___Bach_Fugue_bwv_889_Giesbrecht01M
65,-23.537231,0.078342274,2 (Classical + Jazz),asap___Bach_Fugue_bwv_889_LiuY01M
66,-24.77009,0.8591183,2 (Classical + Jazz),asap___Bach_Fugue_bwv_889_MunA01M
67,-22.314985,-0.1377197,2 (Classical + Jazz),asap___Bach_Fugue_bwv_889_Wang01M
68,-23.92625,0.6198219,2 (Classical + Jazz),asap___Bach_Fugue_bwv_889_YangY02M
69,-23.629406,0.3619893,2 (Classical + Jazz),asap___Bach_Fugue_bwv_889_ZhangW02M
70,-22.195986,1.1286707,2 (Classical + Jazz),asap___Bach_Fugue_bwv_891_Duepree06M
71,-20.821133,2.0859752,2 (Classical + Jazz),asap___Bach_Fugue_bwv_892_Hou01M
72,-21.706924,2.9005766,2 (Classical + Jazz),asap___Bach_Fugue_bwv_892_KabuliL01M
73,-22.74889,-0.4246658,2 (Classical + Jazz),asap___Bach_Fugue_bwv_893_Kleisen04M
74,-23.53931,-0.47965565,2 (Classical + Jazz),asap___Bach_Fugue_bwv_893_Levitsky04M
75,-24.289293,1.3270144,2 (Classical + Jazz),asap___Bach_Fugue_bwv_893_Wong01M
76,-18.397089,1.4191159,2 (Classical + Jazz),asap___Bach_Prelude_bwv_846_Shi05M
77,-23.281954,-0.8423732,2 (Classical + Jazz),asap___Bach_Prelude_bwv_848_Denisova06M
78,-22.944967,-0.43217185,2 (Classical + Jazz),asap___Bach_Prelude_bwv_848_Lee01M
79,-24.192884,-0.58435863,2 (Classical + Jazz),asap___Bach_Prelude_bwv_848_LeeSH01M
80,-23.040974,-0.550981,2 (Classical + Jazz),asap___Bach_Prelude_bwv_848_Lin04M
81,-23.130121,-0.63409734,2 (Classical + Jazz),asap___Bach_Prelude_bwv_848_Lou01M
82,-24.8168,-0.4186408,2 (Classical + Jazz),asap___Bach_Prelude_bwv_848_MiyashitaM01M
83,-22.629322,-0.63830334,2 (Classical + Jazz),asap___Bach_Prelude_bwv_848_Mizumoto03M
84,-24.106089,-0.8586066,2 (Classical + Jazz),asap___Bach_Prelude_bwv_848_SunY01M
85,-23.453028,-0.8527321,2 (Classical + Jazz),asap___Bach_Prelude_bwv_848_Zhou01M
86,-22.96435,2.3964694,2 (Classical + Jazz),asap___Bach_Prelude_bwv_854_LuA01M
87,-22.939547,1.9079618,2 (Classical + Jazz),asap___Bach_Prelude_bwv_854_MiyashitaM01M
88,-20.953634,1.9151337,2 (Classical + Jazz),asap___Bach_Prelude_bwv_854_Ozaki01M
89,-22.468533,2.5444345,2 (Classical + Jazz),asap___Bach_Prelude_bwv_854_Richardson01M
90,-22.795729,2.1690083,2 (Classical + Jazz),asap___Bach_Prelude_bwv_854_WangA01M
91,-24.73904,-0.36239108,2 (Classical + Jazz),asap___Bach_Prelude_bwv_856_LuoJ01M
92,-22.416895,2.5058508,2 (Classical + Jazz),asap___Bach_Prelude_bwv_857_Bult-ItoS02M
93,-20.4698,2.3063436,2 (Classical + Jazz),asap___Bach_Prelude_bwv_857_Lan01M
94,-20.652525,2.7617939,2 (Classical + Jazz),asap___Bach_Prelude_bwv_857_Lisiecki04M
95,-21.877354,2.6073203,2 (Classical + Jazz),asap___Bach_Prelude_bwv_857_ToA01M
96,-22.10626,2.861857,2 (Classical + Jazz),asap___Bach_Prelude_bwv_857_WangA01M
97,-21.98199,2.6374419,2 (Classical + Jazz),asap___Bach_Prelude_bwv_857_YuP01M
98,-23.255005,2.2880113,2 (Classical + Jazz),asap___Bach_Prelude_bwv_858_VuV01M
99,-23.13867,0.9322773,2 (Classical + Jazz),asap___Bach_Prelude_bwv_858_Zhang01M
100,-23.096687,-0.61935306,2 (Classical + Jazz),asap___Bach_Prelude_bwv_860_Ko04M
101,-22.868042,-0.4743561,2 (Classical + Jazz),asap___Bach_Prelude_bwv_860_Nikiforov05M
102,-22.916243,-0.56297404,2 (Classical + Jazz),asap___Bach_Prelude_bwv_860_Tetzloff04M
103,-24.113277,-0.6651943,2 (Classical + Jazz),asap___Bach_Prelude_bwv_860_TuanS01M
104,-24.834778,-0.57097554,2 (Classical + Jazz),asap___Bach_Prelude_bwv_860_YoungS01M
105,-22.876427,-0.68219566,2 (Classical + Jazz),asap___Bach_Prelude_bwv_860_ZhangH04M
106,-22.510649,-0.13716625,2 (Classical + Jazz),asap___Bach_Prelude_bwv_862_Song04M
107,-22.300276,2.3913252,2 (Classical + Jazz),asap___Bach_Prelude_bwv_863_LeeN01M
108,-20.599,1.8977495,2 (Classical + Jazz),asap___Bach_Prelude_bwv_863_Shychko01M
109,-22.196249,1.8902836,2 (Classical + Jazz),asap___Bach_Prelude_bwv_863_TongB01M
110,-24.933731,0.054099012,2 (Classical + Jazz),asap___Bach_Prelude_bwv_864_SunD01M
111,-23.105618,-0.39749247,2 (Classical + Jazz),asap___Bach_Prelude_bwv_865_Rizikov01M
112,-22.785767,-0.6435397,2 (Classical + Jazz),asap___Bach_Prelude_bwv_865_Teo01M
113,-24.058249,-0.39215633,2 (Classical + Jazz),asap___Bach_Prelude_bwv_865_ZhangE01M
114,-19.66713,4.0642333,2 (Classical + Jazz),asap___Bach_Prelude_bwv_867_HuNY01M
115,-19.232172,3.6181462,2 (Classical + Jazz),asap___Bach_Prelude_bwv_867_Sham01M
116,-22.170689,1.5036013,2 (Classical + Jazz),asap___Bach_Prelude_bwv_868_GonzalezJ05M
117,-22.50257,2.975318,2 (Classical + Jazz),asap___Bach_Prelude_bwv_870_ChenW01M
118,-22.689945,2.3775957,2 (Classical + Jazz),asap___Bach_Prelude_bwv_870_LeeE01M
119,-22.422562,0.666037,2 (Classical + Jazz),asap___Bach_Prelude_bwv_870_MaximovI01M
120,-20.214355,2.8890994,2 (Classical + Jazz),asap___Bach_Prelude_bwv_873_Lisiecki13M
121,-22.85791,-0.16899215,2 (Classical + Jazz),asap___Bach_Prelude_bwv_874_BianF01M
122,-24.860025,0.68026155,2 (Classical + Jazz),asap___Bach_Prelude_bwv_874_WongWY01M
123,-23.22827,-0.4795476,2 (Classical + Jazz),asap___Bach_Prelude_bwv_875_Ahfat01M
124,-24.361345,-0.63124627,2 (Classical + Jazz),asap___Bach_Prelude_bwv_875_CaoJ01M
125,-23.442905,-0.67570657,2 (Classical + Jazz),asap___Bach_Prelude_bwv_875_HONG04M
126,-24.167871,0.21646833,2 (Classical + Jazz),asap___Bach_Prelude_bwv_876_SirajA01M
127,-23.11989,0.44351953,2 (Classical + Jazz),asap___Bach_Prelude_bwv_876_Song01M
128,-22.360292,1.9343902,2 (Classical + Jazz),asap___Bach_Prelude_bwv_880_LeungR01M
129,-21.551373,1.2759984,2 (Classical + Jazz),asap___Bach_Prelude_bwv_880_WangA04M
130,-21.974277,2.6393788,2 (Classical + Jazz),asap___Bach_Prelude_bwv_883_GuoE01M
131,-22.462427,2.8191948,2 (Classical + Jazz),asap___Bach_Prelude_bwv_883_LuM01M
132,-24.282309,-0.45282143,2 (Classical + Jazz),asap___Bach_Prelude_bwv_884_LiA01M
133,-20.072763,2.5426872,2 (Classical + Jazz),asap___Bach_Prelude_bwv_885_Guo01M
134,-20.79522,2.2142353,2 (Classical + Jazz),asap___Bach_Prelude_bwv_885_Huang04M
135,-20.015068,3.3243215,2 (Classical + Jazz),asap___Bach_Prelude_bwv_885_JeonH01M
136,-20.215794,2.8036566,2 (Classical + Jazz),asap___Bach_Prelude_bwv_885_SINKEV06
137,-24.969955,0.7542631,2 (Classical + Jazz),asap___Bach_Prelude_bwv_887_LiYZ01M
138,-22.703115,2.648379,2 (Classical + Jazz),asap___Bach_Prelude_bwv_888_ZhaoK01M
139,-21.407558,1.0088805,2 (Classical + Jazz),asap___Bach_Prelude_bwv_889_Giesbrecht01M
140,-23.174057,1.7658579,2 (Classical + Jazz),asap___Bach_Prelude_bwv_889_LiuY01M
141,-23.703901,1.9058034,2 (Classical + Jazz),asap___Bach_Prelude_bwv_889_MunA01M
142,-22.494883,1.455062,2 (Classical + Jazz),asap___Bach_Prelude_bwv_889_Wang01M
143,-23.31402,1.6230136,2 (Classical + Jazz),asap___Bach_Prelude_bwv_889_YangY02M
144,-23.14669,1.5339646,2 (Classical + Jazz),asap___Bach_Prelude_bwv_889_ZhangW02M
145,-22.252989,0.91953963,2 (Classical + Jazz),asap___Bach_Prelude_bwv_891_BLINOV04M
146,-22.307104,0.6912892,2 (Classical + Jazz),asap___Bach_Prelude_bwv_891_Duepree06M
147,-23.281244,-0.2997131,2 (Classical + Jazz),asap___Bach_Prelude_bwv_892_Hou01M
148,-24.053255,-0.11968489,2 (Classical + Jazz),asap___Bach_Prelude_bwv_892_KabuliL01M
149,-22.24938,1.0948603,2 (Classical + Jazz),asap___Bach_Prelude_bwv_893_Kleisen04M
150,-21.793184,0.81258386,2 (Classical + Jazz),asap___Bach_Prelude_bwv_893_Levitsky04M
151,-23.027987,2.2726738,2 (Classical + Jazz),asap___Bach_Prelude_bwv_893_Wong01M
152,-21.10272,-0.15440091,2 (Classical + Jazz),asap___Balakirev_Islamey_CHEN10M
153,-20.200405,0.44657385,2 (Classical + Jazz),asap___Balakirev_Islamey_Na08M
154,-20.216873,0.7879904,2 (Classical + Jazz),asap___Balakirev_Islamey_Yi04M
155,-21.35688,1.2303566,2 (Classical + Jazz),asap___Beethoven_Piano_Sonatas_10-1_Hou02M
156,-22.854767,0.39056206,2 (Classical + Jazz),asap___Beethoven_Piano_Sonatas_11-1_LiC03M
157,-20.782574,-1.0826762,2 (Classical + Jazz),asap___Beethoven_Piano_Sonatas_11-1_LiYZ03M
158,-21.634542,-0.7160897,2 (Classical + Jazz),asap___Beethoven_Piano_Sonatas_11-1_MaximovI02M
159,-21.274834,-0.7267621,2 (Classical + Jazz),asap___Beethoven_Piano_Sonatas_11-1_ZhaoK02M
160,-20.221724,1.5617304,2 (Classical + Jazz),asap___Beethoven_Piano_Sonatas_12-1_Kleisen05M
161,-20.587927,-0.940604,2 (Classical + Jazz),asap___Beethoven_Piano_Sonatas_16-1_BuiJL02M
162,-20.36981,-1.0437213,2 (Classical + Jazz),asap___Beethoven_Piano_Sonatas_16-1_Khmara05M
163,-20.401426,-0.7369685,2 (Classical + Jazz),asap___Beethoven_Piano_Sonatas_16-1_LeeSH02M
164,-21.491507,-1.4079452,2 (Classical + Jazz),asap___Beethoven_Piano_Sonatas_16-1_LuoJ03M
165,-20.80807,-0.695443,2 (Classical + Jazz),asap___Beethoven_Piano_Sonatas_16-1_Woo05M
166,-19.017294,2.3235893,2 (Classical + Jazz),asap___Beethoven_Piano_Sonatas_17-1_KaszoS09M
167,-21.08314,-0.48413572,2 (Classical + Jazz),asap___Beethoven_Piano_Sonatas_17-1_no_repeat_GuoE02M
168,-21.187056,-0.70399004,2 (Classical + Jazz),asap___Beethoven_Piano_Sonatas_17-1_no_repeat_KabuliL02M
169,-20.056095,-0.95574224,2 (Classical + Jazz),asap___Beethoven_Piano_Sonatas_17-1_no_repeat_Richardson02M
170,-21.026936,-0.6011256,2 (Classical + Jazz),asap___Beethoven_Piano_Sonatas_17-1_no_repeat_TuanS02M
171,-21.03125,-0.30043256,2 (Classical + Jazz),asap___Beethoven_Piano_Sonatas_17-1_no_repeat_WangH03M
172,-19.026474,2.8248508,2 (Classical + Jazz),asap___Beethoven_Piano_Sonatas_17-2_USHIKI05M
173,-21.990705,0.06960844,2 (Classical + Jazz),asap___Beethoven_Piano_Sonatas_17-3_KaszoS11M
174,-20.7705,-0.58587253,2 (Classical + Jazz),asap___Beethoven_Piano_Sonatas_17-3_USHIKI05M
175,-23.789764,1.3774306,2 (Classical + Jazz),asap___Beethoven_Piano_Sonatas_18-1_ChenGuang03M
176,-22.558685,0.28367507,2 (Classical + Jazz),asap___Beethoven_Piano_Sonatas_18-1_KOLESO06M
177,-23.570694,0.6152135,2 (Classical + Jazz),asap___Beethoven_Piano_Sonatas_18-1_LeungR02M
178,-22.993635,0.45705962,2 (Classical + Jazz),asap___Beethoven_Piano_Sonatas_18-1_Levitsky05M
179,-21.886225,0.08704232,2 (Classical + Jazz),asap___Beethoven_Piano_Sonatas_18-1_ZhangH05M
180,-21.058775,0.31727856,2 (Classical + Jazz),asap___Beethoven_Piano_Sonatas_18-4_ChenGuang06M
181,-22.09384,-0.19239075,2 (Classical + Jazz),asap___Beethoven_Piano_Sonatas_18-4_KOLESO06M
182,-20.552843,-0.2014873,2 (Classical + Jazz),asap___Beethoven_Piano_Sonatas_21-1_KaiRuiR02M
183,-23.021156,4.766122,2 (Classical + Jazz),asap___Beethoven_Piano_Sonatas_21-1_Sekino05M
184,-22.99975,4.6329165,2 (Classical + Jazz),asap___Beethoven_Piano_Sonatas_21-1_no_repeat_GonzalezJ06M
185,-23.093904,4.653789,2 (Classical + Jazz),asap___Beethoven_Piano_Sonatas_21-1_no_repeat_KimSY02M
186,-23.184807,4.756285,2 (Classical + Jazz),asap___Beethoven_Piano_Sonatas_21-1_no_repeat_LeeN02M
187,-23.175089,4.839393,2 (Classical + Jazz),asap___Beethoven_Piano_Sonatas_21-1_no_repeat_RichardsonC02M
188,-21.564146,-1.6303359,2 (Classical + Jazz),asap___Beethoven_Piano_Sonatas_21-1_no_repeat_Shychko02M
189,-23.034918,4.6649766,2 (Classical + Jazz),asap___Beethoven_Piano_Sonatas_21-1_no_repeat_Sladek02M
190,-23.033373,4.819083,2 (Classical + Jazz),asap___Beethoven_Piano_Sonatas_21-1_no_repeat_Song03M
191,-23.11941,4.832249,2 (Classical + Jazz),asap___Beethoven_Piano_Sonatas_21-1_no_repeat_SunY02M
192,-22.991558,4.7896523,2 (Classical + Jazz),asap___Beethoven_Piano_Sonatas_21-1_no_repeat_Tetzloff05M
193,-23.125217,4.8379245,2 (Classical + Jazz),asap___Beethoven_Piano_Sonatas_21-1_no_repeat_ToA02M
194,-23.14851,4.7981343,2 (Classical + Jazz),asap___Beethoven_Piano_Sonatas_21-1_no_repeat_TongB03M
195,-23.053167,4.7647696,2 (Classical + Jazz),asap___Beethoven_Piano_Sonatas_21-1_no_repeat_WangA02M
196,-23.122532,4.866379,2 (Classical + Jazz),asap___Beethoven_Piano_Sonatas_21-1_no_repeat_YeZ02M
197,-23.085,4.7795863,2 (Classical + Jazz),asap___Beethoven_Piano_Sonatas_21-1_no_repeat_ZhangW01M
198,-19.111687,3.5048738,2 (Classical + Jazz),asap___Beethoven_Piano_Sonatas_21-2_YOO05M
199,-19.914171,1.7663555,2 (Classical + Jazz),asap___Beethoven_Piano_Sonatas_21-3_KimSY04M
200,-19.519941,2.1176171,2 (Classical + Jazz),asap___Beethoven_Piano_Sonatas_21-3_Sekino05M
201,-19.662176,2.0665042,2 (Classical + Jazz),asap___Beethoven_Piano_Sonatas_21-3_YOO05M
202,-22.559628,-0.121221505,2 (Classical + Jazz),asap___Beethoven_Piano_Sonatas_22-2_KOLESO04M
203,-18.841682,1.4469626,2 (Classical + Jazz),asap___Beethoven_Piano_Sonatas_23-1_Duepree05M
204,-19.507036,-0.10317593,2 (Classical + Jazz),asap___Beethoven_Piano_Sonatas_23-1_Guo03M
205,-20.026762,-0.53134984,2 (Classical + Jazz),asap___Beethoven_Piano_Sonatas_23-1_LiuC02M
206,-19.493269,-0.4979797,2 (Classical + Jazz),asap___Beethoven_Piano_Sonatas_23-1_Mizumoto06M
207,-19.719723,-0.06143571,2 (Classical + Jazz),asap___Beethoven_Piano_Sonatas_23-1_Teo02M
208,-19.909166,0.29851252,2 (Classical + Jazz),asap___Beethoven_Piano_Sonatas_23-1_Yi02M
209,-18.46947,2.7769024,2 (Classical + Jazz),asap___Beethoven_Piano_Sonatas_24-1_Lisiecki05M
210,-21.342648,0.13946658,2 (Classical + Jazz),asap___Beethoven_Piano_Sonatas_24-1_no_2_repeat_Cui06M
211,-21.739767,0.6606123,2 (Classical + Jazz),asap___Beethoven_Piano_Sonatas_24-1_no_2_repeat_DeTurck06M
212,-22.88277,0.29716763,2 (Classical + Jazz),asap___Beethoven_Piano_Sonatas_24-1_no_repeat_Lou02M
213,-18.677292,2.5101728,2 (Classical + Jazz),asap___Beethoven_Piano_Sonatas_24-2_Lisiecki05M
214,-18.586218,3.4718754,2 (Classical + Jazz),asap___Beethoven_Piano_Sonatas_26-1_HuNY02M
215,-19.915108,1.9891015,2 (Classical + Jazz),asap___Beethoven_Piano_Sonatas_26-1_Sham03M
216,-18.99071,2.9222999,2 (Classical + Jazz),asap___Beethoven_Piano_Sonatas_26-1_Zhdanov05M
217,-19.800406,1.5162987,2 (Classical + Jazz),asap___Beethoven_Piano_Sonatas_26-1_no_repeat_Kim02M
218,-18.750717,3.5162914,2 (Classical + Jazz),asap___Beethoven_Piano_Sonatas_26-2_HONG05M
219,-18.533854,3.8294349,2 (Classical + Jazz),asap___Beethoven_Piano_Sonatas_26-2_LEE_K05M
220,-22.63534,0.50990915,2 (Classical + Jazz),asap___Beethoven_Piano_Sonatas_26-3_HONG05M
221,-20.855263,-0.5153474,2 (Classical + Jazz),asap___Beethoven_Piano_Sonatas_26-3_Zhdanov05M
222,-20.11591,1.8875055,2 (Classical + Jazz),asap___Beethoven_Piano_Sonatas_27-1_GiacomelliN04M
223,-20.069014,2.2747736,2 (Classical + Jazz),asap___Beethoven_Piano_Sonatas_27-1_Ko05M
224,-21.41671,1.0677168,2 (Classical + Jazz),asap___Beethoven_Piano_Sonatas_27-1_MiyashitaM02M
225,-20.205538,1.3601347,2 (Classical + Jazz),asap___Beethoven_Piano_Sonatas_27-2_GiacomelliN05M
226,-19.329943,2.9147294,2 (Classical + Jazz),asap___Beethoven_Piano_Sonatas_28-1_KimHJ02M
227,-19.344099,2.7574646,2 (Classical + Jazz),asap___Beethoven_Piano_Sonatas_28-1_KyykhynenT06M
228,-19.444143,2.7223997,2 (Classical + Jazz),asap___Beethoven_Piano_Sonatas_28-1_WangY04M
229,-18.021484,3.7682946,2 (Classical + Jazz),asap___Beethoven_Piano_Sonatas_3-2_MiyashitaM04M
230,-19.088337,1.1742406,2 (Classical + Jazz),asap___Beethoven_Piano_Sonatas_31-1_ADIG05M
231,-18.897429,1.0604051,2 (Classical + Jazz),asap___Beethoven_Piano_Sonatas_31-1_AbdelmoulaJS03M
232,-19.041931,1.3670872,2 (Classical + Jazz),asap___Beethoven_Piano_Sonatas_31-1_Ahfat02M
233,-19.264774,0.9101404,2 (Classical + Jazz),asap___Beethoven_Piano_Sonatas_31-1_BrendleA03M
234,-18.804134,1.0019933,2 (Classical + Jazz),asap___Beethoven_Piano_Sonatas_31-1_HuangSW08M
235,-18.815214,1.0120414,2 (Classical + Jazz),asap___Beethoven_Piano_Sonatas_31-1_LeungM03M
236,-19.131859,1.1729784,2 (Classical + Jazz),asap___Beethoven_Piano_Sonatas_31-1_Na06M
237,-19.12076,1.1259996,2 (Classical + Jazz),asap___Beethoven_Piano_Sonatas_31-1_Zuber04M
238,-20.630245,2.600627,2 (Classical + Jazz),asap___Beethoven_Piano_Sonatas_31-2_ADIG05M
239,-22.480776,-0.80679893,2 (Classical + Jazz),asap___Beethoven_Piano_Sonatas_32-1_DupreeF03M
240,-22.710106,-0.5175245,2 (Classical + Jazz),asap___Beethoven_Piano_Sonatas_32-1_HouY04M
241,-21.368753,-0.06854947,2 (Classical + Jazz),asap___Beethoven_Piano_Sonatas_32-1_Jussow06M
242,-19.105919,2.3674872,2 (Classical + Jazz),asap___Beethoven_Piano_Sonatas_4-1_Chon03M
243,-17.63293,3.536255,2 (Classical + Jazz),asap___Beethoven_Piano_Sonatas_4-1_LeeE02M
244,-18.83248,2.3686113,2 (Classical + Jazz),asap___Beethoven_Piano_Sonatas_4-1_LiA04M
245,-17.908688,2.9746244,2 (Classical + Jazz),asap___Beethoven_Piano_Sonatas_4-1_SirajA02M
246,-20.224274,2.3737478,2 (Classical + Jazz),asap___Beethoven_Piano_Sonatas_5-1_Colafelice02M
247,-22.0704,2.5676808,2 (Classical + Jazz),asap___Beethoven_Piano_Sonatas_5-1_SunD02M
248,-21.511929,-0.43791816,2 (Classical + Jazz),asap___Beethoven_Piano_Sonatas_7-1_Hebert01M
249,-21.346003,0.2738676,2 (Classical + Jazz),asap___Beethoven_Piano_Sonatas_7-1_Larionova04M
250,-21.485466,0.07393811,2 (Classical + Jazz),asap___Beethoven_Piano_Sonatas_7-1_LeeS02M
251,-21.21588,0.08105563,2 (Classical + Jazz),asap___Beethoven_Piano_Sonatas_7-1_Wang02M
252,-22.172792,-0.3547222,2 (Classical + Jazz),asap___Beethoven_Piano_Sonatas_7-1_WangY01M
253,-21.640621,-0.70593196,2 (Classical + Jazz),asap___Beethoven_Piano_Sonatas_7-1_ZhangE02M
254,-18.572727,2.694725,2 (Classical + Jazz),asap___Beethoven_Piano_Sonatas_7-4_Larionova04M
255,-18.60977,2.7458913,2 (Classical + Jazz),asap___Beethoven_Piano_Sonatas_7-4_LeeS05M
256,-18.115408,3.7308695,2 (Classical + Jazz),asap___Beethoven_Piano_Sonatas_8-1_Na06M
257,-22.14126,-0.49954778,2 (Classical + Jazz),asap___Beethoven_Piano_Sonatas_8-3_Na06M
258,-19.191538,1.1664549,2 (Classical + Jazz),asap___Beethoven_Piano_Sonatas_9-1_Tysman05M
259,-22.497623,-0.4051438,2 (Classical + Jazz),asap___Beethoven_Piano_Sonatas_9-3_Tysman05M
260,-18.658796,2.8092093,2 (Classical + Jazz),asap___Chopin_Ballades_1_BuiJL04M
261,-18.9111,2.3684587,2 (Classical + Jazz),asap___Chopin_Ballades_1_JIA06M
262,-19.551617,2.063776,2 (Classical + Jazz),asap___Chopin_Ballades_1_KimSuyeon04M
263,-18.435892,3.15282,2 (Classical + Jazz),asap___Chopin_Ballades_1_Mo07M
264,-20.254538,2.683935,2 (Classical + Jazz),asap___Chopin_Ballades_1_MunA19M
265,-18.195961,2.9781036,2 (Classical + Jazz),asap___Chopin_Ballades_1_Richardson13M
266,-19.232847,2.7553134,2 (Classical + Jazz),asap___Chopin_Ballades_1_Sladek04M
267,-20.712362,1.1888479,2 (Classical + Jazz),asap___Chopin_Ballades_1_Zhou06M
268,-18.906029,3.079564,2 (Classical + Jazz),asap___Chopin_Ballades_3_Ko11M
269,-18.566984,3.7521615,2 (Classical + Jazz),asap___Chopin_Ballades_3_LinPeng06M
270,-21.94196,1.2861196,2 (Classical + Jazz),asap___Chopin_Ballades_4_ChenC04M
271,-22.135424,1.2148157,2 (Classical + Jazz),asap___Chopin_Ballades_4_Kociuban07M
272,-20.267773,2.0957358,2 (Classical + Jazz),asap___Chopin_Ballades_4_Levitsky18M
273,-22.709677,1.799726,2 (Classical + Jazz),asap___Chopin_Ballades_4_LuEric04M
274,-22.17511,0.444146,2 (Classical + Jazz),asap___Chopin_Ballades_4_MiyashitaM04M
275,-20.93317,1.9017844,2 (Classical + Jazz),asap___Chopin_Ballades_4_Mizumoto02M
276,-21.057411,0.9961411,2 (Classical + Jazz),asap___Chopin_Ballades_4_Nikiforov13M
277,-19.89187,2.144769,2 (Classical + Jazz),asap___Chopin_Barcarolle_LeeSH05M
278,-19.925003,0.91154355,2 (Classical + Jazz),asap___Chopin_Barcarolle_Na09M
279,-20.48195,2.3577209,2 (Classical + Jazz),asap___Chopin_Barcarolle_Ozel10M
280,-19.63011,2.9119415,2 (Classical + Jazz),asap___Chopin_Barcarolle_Park10M
281,-20.652723,0.6216779,2 (Classical + Jazz),asap___Chopin_Barcarolle_Rozanski07M
282,-19.294224,1.7746929,2 (Classical + Jazz),asap___Chopin_Berceuse_op_57_LeungM07M
283,-22.918379,1.6020244,2 (Classical + Jazz),asap___Chopin_Berceuse_op_57_MiyashitaM06M
284,-20.980812,1.2552294,2 (Classical + Jazz),asap___Chopin_Berceuse_op_57_Tario07M
285,-18.483812,1.6787012,2 (Classical + Jazz),asap___Chopin_Berceuse_op_57_Teo11M
286,-20.45991,3.1241047,2 (Classical + Jazz),asap___Chopin_Berceuse_op_57_ZhangE09M
287,-21.939245,0.3020618,2 (Classical + Jazz),asap___Chopin_Etudes_op_10_10_WangH02M
288,-20.78499,-0.95075077,2 (Classical + Jazz),asap___Chopin_Etudes_op_10_12_Bult-ItoS04M
289,-20.254667,-0.922817,2 (Classical + Jazz),asap___Chopin_Etudes_op_10_12_HuNY03M
290,-20.265163,-0.5900568,2 (Classical + Jazz),asap___Chopin_Etudes_op_10_12_LuoJ08M
291,-20.618702,-1.1700722,2 (Classical + Jazz),asap___Chopin_Etudes_op_10_12_WuuE06M
292,-20.798044,-0.2824695,2 (Classical + Jazz),asap___Chopin_Etudes_op_10_12_ZhangYunling02M
293,-19.971014,-0.18982719,2 (Classical + Jazz),asap___Chopin_Etudes_op_10_1_ChenW03M
294,-20.001955,0.34814742,2 (Classical + Jazz),asap___Chopin_Etudes_op_10_1_KaiRuiR03M
295,-20.20257,-0.4577598,2 (Classical + Jazz),asap___Chopin_Etudes_op_10_1_LiYZ02M
296,-21.431946,-1.1468687,2 (Classical + Jazz),asap___Chopin_Etudes_op_10_1_LuM02M
297,-20.25289,-0.5297473,2 (Classical + Jazz),asap___Chopin_Etudes_op_10_1_MunA07M
298,-20.14964,-0.5129862,2 (Classical + Jazz),asap___Chopin_Etudes_op_10_1_SunY03M
299,-20.2383,-0.14091113,2 (Classical + Jazz),asap___Chopin_Etudes_op_10_1_YeF03M
300,-20.952085,-0.048134267,2 (Classical + Jazz),asap___Chopin_Etudes_op_10_1_YuP02M
301,-22.39247,-2.3122792,2 (Classical + Jazz),asap___Chopin_Etudes_op_10_2_Hebert03M
302,-25.03077,0.8468941,2 (Classical + Jazz),asap___Chopin_Etudes_op_10_2_JeonH02M
303,-22.057343,-0.6209013,2 (Classical + Jazz),asap___Chopin_Etudes_op_10_4_Duepree06M
304,-22.42116,-1.5923363,2 (Classical + Jazz),asap___Chopin_Etudes_op_10_4_Knoll03M
305,-21.965876,-1.0127983,2 (Classical + Jazz),asap___Chopin_Etudes_op_10_4_Kurz03M
306,-22.856333,-0.94369745,2 (Classical + Jazz),asap___Chopin_Etudes_op_10_4_LeeSH03M
307,-22.213291,-1.5818362,2 (Classical + Jazz),asap___Chopin_Etudes_op_10_4_Richardson_2013_03M
308,-21.831594,-1.0005223,2 (Classical + Jazz),asap___Chopin_Etudes_op_10_4_Sladek03M
309,-22.033802,-1.0013255,2 (Classical + Jazz),asap___Chopin_Etudes_op_10_4_Yi03M
310,-23.392115,-1.1664078,2 (Classical + Jazz),asap___Chopin_Etudes_op_10_4_ZhangE03M
311,-23.235336,-0.87003446,2 (Classical + Jazz),asap___Chopin_Etudes_op_10_4_ZhaoA03M
312,-20.594896,0.31609562,2 (Classical + Jazz),asap___Chopin_Etudes_op_10_5_LiA03M
313,-20.848154,0.1745757,2 (Classical + Jazz),asap___Chopin_Etudes_op_10_5_LiC02M
314,-20.633017,0.5425671,2 (Classical + Jazz),asap___Chopin_Etudes_op_10_5_ZhangW03M
315,-21.099707,-0.5912223,2 (Classical + Jazz),asap___Chopin_Etudes_op_10_8_KyykhynenT09M
316,-21.301765,-0.42125097,2 (Classical + Jazz),asap___Chopin_Etudes_op_10_8_Lou03M
317,-23.518093,-1.1817188,2 (Classical + Jazz),asap___Chopin_Etudes_op_10_8_LuEric03M
318,-20.937632,-0.5540487,2 (Classical + Jazz),asap___Chopin_Etudes_op_10_8_MiyashitaM05M
319,-20.667568,0.3769854,2 (Classical + Jazz),asap___Chopin_Etudes_op_10_8_Rizikov03M
320,-20.401196,0.9920169,2 (Classical + Jazz),asap___Chopin_Etudes_op_10_8_Tetzloff07M
321,-22.05188,-0.68154395,2 (Classical + Jazz),asap___Chopin_Etudes_op_10_8_Zhou03M
322,-20.55389,2.3935182,2 (Classical + Jazz),asap___Chopin_Etudes_op_25_10_Guo02M
323,-21.83914,2.7867384,2 (Classical + Jazz),asap___Chopin_Etudes_op_25_10_Ozel05M
324,-21.316105,2.5144184,2 (Classical + Jazz),asap___Chopin_Etudes_op_25_10_WangA03M
325,-20.1296,-0.15556797,2 (Classical + Jazz),asap___Chopin_Etudes_op_25_11_KimSuyeon03M
326,-20.377962,-0.11159654,2 (Classical + Jazz),asap___Chopin_Etudes_op_25_11_KyykhynenT10M
327,-19.995316,0.7416031,2 (Classical + Jazz),asap___Chopin_Etudes_op_25_11_Lisiecki07M
328,-20.992903,-0.09859853,2 (Classical + Jazz),asap___Chopin_Etudes_op_25_11_MiyashitaM03M
329,-20.257378,-0.18637797,2 (Classical + Jazz),asap___Chopin_Etudes_op_25_11_Richardson_2013_08M
330,-20.159399,-0.4465568,2 (Classical + Jazz),asap___Chopin_Etudes_op_25_11_Richardson_2015_03M
331,-20.071007,-0.10168081,2 (Classical + Jazz),asap___Chopin_Etudes_op_25_11_Sham02M
332,-20.195154,0.11259569,2 (Classical + Jazz),asap___Chopin_Etudes_op_25_11_Shychko03M
333,-20.399961,0.15548962,2 (Classical + Jazz),asap___Chopin_Etudes_op_25_11_Song02M
334,-20.134464,0.039849892,2 (Classical + Jazz),asap___Chopin_Etudes_op_25_11_WangA02M
335,-19.222092,-0.6749187,2 (Classical + Jazz),asap___Chopin_Etudes_op_25_12_BorickC04M
336,-19.41574,-0.39861354,2 (Classical + Jazz),asap___Chopin_Etudes_op_25_12_HouKimberly03M
337,-19.82275,-0.65925246,2 (Classical + Jazz),asap___Chopin_Etudes_op_25_12_LuA04M
338,-19.245813,0.12575099,2 (Classical + Jazz),asap___Chopin_Etudes_op_25_1_LeeN03M
339,-20.335869,0.17315611,2 (Classical + Jazz),asap___Chopin_Etudes_op_25_1_TongB02M
340,-19.430513,0.7398419,2 (Classical + Jazz),asap___Chopin_Etudes_op_25_1_TuanS04M
341,-19.110247,0.17696938,2 (Classical + Jazz),asap___Chopin_Etudes_op_25_1_Wong03M
342,-19.211975,3.4630225,2 (Classical + Jazz),asap___Chopin_Scherzos_20_Kurz04M
343,-19.825962,3.366258,2 (Classical + Jazz),asap___Chopin_Scherzos_20_Wong04M
344,-19.093668,3.871358,2 (Classical + Jazz),asap___Chopin_Scherzos_20_ZhangYunling04M
345,-18.491735,3.5693102,2 (Classical + Jazz),asap___Chopin_Scherzos_31_ChenW04M
346,-18.765089,3.325324,2 (Classical + Jazz),asap___Chopin_Scherzos_31_HuNY08M
347,-18.958681,3.2739778,2 (Classical + Jazz),asap___Chopin_Scherzos_31_Jussow11M
348,-18.664864,3.4464386,2 (Classical + Jazz),asap___Chopin_Scherzos_31_LeeN04M
349,-18.305563,3.4889593,2 (Classical + Jazz),asap___Chopin_Scherzos_31_LinTami06M
350,-18.25621,3.398757,2 (Classical + Jazz),asap___Chopin_Scherzos_31_LuoJ12M
351,-18.818052,3.3009505,2 (Classical + Jazz),asap___Chopin_Scherzos_31_SunD04M
352,-19.179672,3.2092443,2 (Classical + Jazz),asap___Chopin_Scherzos_31_TongB04M
353,-19.041927,3.080565,2 (Classical + Jazz),asap___Chopin_Scherzos_31_TuanS05M
354,-19.216608,3.2931304,2 (Classical + Jazz),asap___Chopin_Scherzos_31_ZhangW04M
355,-19.02929,2.5306764,2 (Classical + Jazz),asap___Chopin_Scherzos_39_Arciglione13M
356,-17.968658,3.196376,2 (Classical + Jazz),asap___Chopin_Scherzos_39_Bult-ItoS05M
357,-20.63158,-1.0749967,2 (Classical + Jazz),asap___Chopin_Sonata_2_4th_KaszoS16M
358,-20.78852,-0.79338515,2 (Classical + Jazz),asap___Chopin_Sonata_3_4th_GarritsonL11M
359,-20.815435,-0.07113691,2 (Classical + Jazz),asap___Chopin_Sonata_3_4th_HuangSW06M
360,-21.06346,-0.15811017,2 (Classical + Jazz),asap___Chopin_Sonata_3_4th_KimSJ10M
361,-21.058111,0.63317734,2 (Classical + Jazz),asap___Chopin_Sonata_3_4th_KimSY23M
362,-19.069372,1.1824628,2 (Classical + Jazz),asap___Debussy_Images_Book_1_1_Reflets_dans_lEau_Kleisen11M
363,-18.836428,1.0319445,2 (Classical + Jazz),asap___Debussy_Images_Book_1_1_Reflets_dans_lEau_ParkJH13M
364,-18.374907,2.2085445,2 (Classical + Jazz),asap___Haydn_Keyboard_Sonatas_31-1_Song05M
365,-22.954315,0.02375913,2 (Classical + Jazz),asap___Haydn_Keyboard_Sonatas_39-1_Yarden07M
366,-22.83794,0.5549158,2 (Classical + Jazz),asap___Haydn_Keyboard_Sonatas_39-3_Yarden07M
367,-25.04697,-0.41627356,2 (Classical + Jazz),asap___Haydn_Keyboard_Sonatas_46-1_WongWY02M
368,-24.23396,-0.5324514,2 (Classical + Jazz),asap___Haydn_Keyboard_Sonatas_46-1_YuP03M
369,-18.766306,2.1872635,2 (Classical + Jazz),asap___Haydn_Keyboard_Sonatas_48-1_GarritsonL02M
370,-18.309502,2.0523891,2 (Classical + Jazz),asap___Haydn_Keyboard_Sonatas_48-1_PrjevalskayaM02M
371,-22.53721,-1.3606553,2 (Classical + Jazz),asap___Haydn_Keyboard_Sonatas_48-2_GarritsonL03M
372,-22.551401,-0.80909926,2 (Classical + Jazz),asap___Haydn_Keyboard_Sonatas_48-2_PrjevalskayaM03M
373,-19.928905,2.2455149,2 (Classical + Jazz),asap___Haydn_Keyboard_Sonatas_50-1_no_repeat_GalantM02M
374,-18.394945,2.3480225,2 (Classical + Jazz),asap___Haydn_Keyboard_Sonatas_50-1_no_repeat_HamSY02M
375,-18.75531,2.2846508,2 (Classical + Jazz),asap___Haydn_Keyboard_Sonatas_50-1_no_repeat_Huang05M
376,-17.160564,3.7389035,2 (Classical + Jazz),asap___Haydn_Keyboard_Sonatas_50-1_no_repeat_JeonH03M
377,-18.847757,2.2562134,2 (Classical + Jazz),asap___Haydn_Keyboard_Sonatas_50-1_no_repeat_KARYAG06M
378,-18.537548,2.5510604,2 (Classical + Jazz),asap___Haydn_Keyboard_Sonatas_50-1_no_repeat_Shi07M
379,-17.111288,3.8279982,2 (Classical + Jazz),asap___Haydn_Keyboard_Sonatas_50-1_no_repeat_YoungS02M
380,-17.869574,2.050863,2 (Classical + Jazz),asap___Liszt_Annees_de_pelerinage_2_1_Gondoliera_LeungM08M
381,-17.716253,2.2791905,2 (Classical + Jazz),asap___Liszt_Annees_de_pelerinage_2_1_Gondoliera_LeungM12M
382,-18.163614,2.7998028,2 (Classical + Jazz),asap___Liszt_Ballade_2_GarritsonL04M
383,-18.74094,1.6439062,2 (Classical + Jazz),asap___Liszt_Ballade_2_Jin07M
384,-18.631897,1.8159136,2 (Classical + Jazz),asap___Liszt_Ballade_2_Min06M
385,-20.103786,0.12761179,2 (Classical + Jazz),asap___Liszt_Concert_Etude_S145_1_Kleisen06M
386,-20.432129,0.062207058,2 (Classical + Jazz),asap___Liszt_Concert_Etude_S145_1_Woo06M
387,-22.29807,-0.77420044,2 (Classical + Jazz),asap___Liszt_Concert_Etude_S145_2_Lu03M
388,-21.996216,-0.20306942,2 (Classical + Jazz),asap___Liszt_Concert_Etude_S145_2_Tario06M
389,-16.675005,2.1407492,2 (Classical + Jazz),asap___Liszt_Gran_Etudes_de_Paganini_2_La_campanella_BuiJL03M
390,-16.714617,2.1545656,2 (Classical + Jazz),asap___Liszt_Gran_Etudes_de_Paganini_2_La_campanella_LeungR04M
391,-16.790554,2.0755289,2 (Classical + Jazz),asap___Liszt_Gran_Etudes_de_Paganini_2_La_campanella_Levitsky06M
392,-16.955236,2.0766184,2 (Classical + Jazz),asap___Liszt_Gran_Etudes_de_Paganini_2_La_campanella_Lin07M
393,-16.399595,2.1752276,2 (Classical + Jazz),asap___Liszt_Gran_Etudes_de_Paganini_2_La_campanella_LiuC05M
394,-16.713802,2.1392422,2 (Classical + Jazz),asap___Liszt_Gran_Etudes_de_Paganini_2_La_campanella_LiuY03M
395,-16.613216,2.1020417,2 (Classical + Jazz),asap___Liszt_Gran_Etudes_de_Paganini_2_La_campanella_MunA08M
396,-16.556934,2.1588402,2 (Classical + Jazz),asap___Liszt_Gran_Etudes_de_Paganini_2_La_campanella_VuV06M
397,-16.494425,2.1467133,2 (Classical + Jazz),asap___Liszt_Gran_Etudes_de_Paganini_2_La_campanella_Yang05M
398,-16.937756,2.0296414,2 (Classical + Jazz),asap___Liszt_Gran_Etudes_de_Paganini_2_La_campanella_ZhangH07M
399,-20.294188,0.75551957,2 (Classical + Jazz),asap___Liszt_Gran_Etudes_de_Paganini_6_Theme_and_Variations_WangA07M
400,-21.00639,1.6904345,2 (Classical + Jazz),asap___Liszt_Gran_Etudes_de_Paganini_6_Theme_and_Variations_repeat_KanM09M
401,-20.633665,2.3244681,2 (Classical + Jazz),asap___Liszt_Transcendental_Etudes_3_Huang14M
402,-17.653845,1.2714055,2 (Classical + Jazz),asap___Liszt_Transcendental_Etudes_5_Huang16M
403,-17.777748,1.2274755,2 (Classical + Jazz),asap___Liszt_Transcendental_Etudes_5_LiuY06M
404,-17.237125,1.3887146,2 (Classical + Jazz),asap___Liszt_Transcendental_Etudes_5_Min03M
405,-17.291166,1.5100379,2 (Classical + Jazz),asap___Liszt_Transcendental_Etudes_5_Park03M
406,-17.65108,1.0280082,2 (Classical + Jazz),asap___Liszt_Transcendental_Etudes_5_Wang06M
407,-17.580956,1.1273173,2 (Classical + Jazz),asap___Liszt_Transcendental_Etudes_5_WangY02M
408,-24.884989,1.712736,2 (Classical + Jazz),asap___Mozart_Piano_Sonatas_12-1_MunA03M
409,-24.878366,1.7770867,2 (Classical + Jazz),asap___Mozart_Piano_Sonatas_12-1_WuuE02M
410,-24.325537,1.3473405,2 (Classical + Jazz),asap___Mozart_Piano_Sonatas_12-3_MunA05M
411,-23.50028,1.5513912,2 (Classical + Jazz),asap___Mozart_Piano_Sonatas_12-3_WuuE04M
412,-19.79654,1.948462,2 (Classical + Jazz),asap___Rachmaninoff_Preludes_op_23_4_ChenGuang12M
413,-20.341927,1.8505876,2 (Classical + Jazz),asap___Rachmaninoff_Preludes_op_23_4_WuuE07M
414,-19.546549,2.1480207,2 (Classical + Jazz),asap___Rachmaninoff_Preludes_op_23_6_Nikiforov14M
415,-19.886557,1.9775978,2 (Classical + Jazz),asap___Schubert_Impromptu_op.90_D.899_1_Duepree08M
416,-19.646135,1.3640954,2 (Classical + Jazz),asap___Schubert_Impromptu_op.90_D.899_1_Jin05M
417,-19.274195,1.4486187,2 (Classical + Jazz),asap___Schubert_Impromptu_op.90_D.899_1_Teo06M
418,-20.328405,-0.107874,2 (Classical + Jazz),asap___Schubert_Impromptu_op.90_D.899_2_Denisova11M
419,-21.481592,1.7533317,2 (Classical + Jazz),asap___Schubert_Impromptu_op.90_D.899_2_FaB06M
420,-18.623732,0.2478539,2 (Classical + Jazz),asap___Schubert_Impromptu_op.90_D.899_2_HuNY06M
421,-21.032417,2.1058578,2 (Classical + Jazz),asap___Schubert_Impromptu_op.90_D.899_2_KaiRuiR05M
422,-19.936272,0.96808296,2 (Classical + Jazz),asap___Schubert_Impromptu_op.90_D.899_2_Levitsky09M
423,-20.365427,0.9849669,2 (Classical + Jazz),asap___Schubert_Impromptu_op.90_D.899_2_Nikiforov09M
424,-19.502245,0.9760424,2 (Classical + Jazz),asap___Schubert_Impromptu_op.90_D.899_3_Hou06M
425,-20.349476,0.81284887,2 (Classical + Jazz),asap___Schubert_Impromptu_op.90_D.899_3_JeonH06M
426,-19.542383,1.1720959,2 (Classical + Jazz),asap___Schubert_Impromptu_op.90_D.899_3_Ko08M
427,-19.795761,0.97219944,2 (Classical + Jazz),asap___Schubert_Impromptu_op.90_D.899_3_Kociuban10M
428,-19.587337,1.2527276,2 (Classical + Jazz),asap___Schubert_Impromptu_op.90_D.899_3_LEE_K04M
429,-20.167837,0.6870285,2 (Classical + Jazz),asap___Schubert_Impromptu_op.90_D.899_3_LeeSH08M
430,-20.314205,0.50631416,2 (Classical + Jazz),asap___Schubert_Impromptu_op.90_D.899_3_Mizumoto07M
431,-19.49472,1.4486046,2 (Classical + Jazz),asap___Schubert_Impromptu_op.90_D.899_3_Woo10M
432,-20.149378,1.0073444,2 (Classical + Jazz),asap___Schubert_Impromptu_op.90_D.899_3_WuuE10M
433,-20.145882,1.2980741,2 (Classical + Jazz),asap___Schubert_Impromptu_op.90_D.899_3_ZhangW07M
434,-19.98956,1.2779347,2 (Classical + Jazz),asap___Schubert_Impromptu_op.90_D.899_3_ZhaoK10M
435,-19.695902,2.286756,2 (Classical + Jazz),asap___Schubert_Impromptu_op.90_D.899_4_no_repeat_Huang10M
436,-19.132301,2.1383681,2 (Classical + Jazz),asap___Schubert_Impromptu_op.90_D.899_4_no_repeat_Lin11M
437,-19.787556,1.9837428,2 (Classical + Jazz),asap___Schubert_Impromptu_op.90_D.899_4_no_repeat_LuoJ09M
438,-20.474646,1.4413631,2 (Classical + Jazz),asap___Schubert_Impromptu_op.90_D.899_4_no_repeat_WongWY08M
439,-18.119917,1.624352,2 (Classical + Jazz),asap___Schubert_Impromptu_op142_1_Kleisen10M
440,-19.23623,1.5821358,2 (Classical + Jazz),asap___Schubert_Impromptu_op142_1_Lisiecki10M
441,-19.361021,1.3768072,2 (Classical + Jazz),asap___Schubert_Impromptu_op142_1_Ozaki07M
442,-18.965124,2.9686122,2 (Classical + Jazz),asap___Schubert_Impromptu_op142_3_Richardson07M
443,-20.89934,2.2957244,2 (Classical + Jazz),asap___Schubert_Impromptu_op142_3_RichardsonC06M
444,-19.299314,1.8816702,2 (Classical + Jazz),asap___Schubert_Impromptu_op142_3_SunY08M
445,-21.139116,2.908658,2 (Classical + Jazz),asap___Schubert_Impromptu_op142_3_WangH06M
446,-20.759418,2.7998366,2 (Classical + Jazz),asap___Schubert_Impromptu_op142_3_YoungS06M
447,-19.924788,2.830551,2 (Classical + Jazz),asap___Schubert_Moment_Musical_no_1_MunA10M
448,-20.44429,1.7699627,2 (Classical + Jazz),asap___Schubert_Moment_musical_no_3_Tetzloff09M
449,-19.39513,3.556241,2 (Classical + Jazz),asap___Schubert_Piano_Sonatas_664-1_BuiJL06M
450,-19.626305,3.3920121,2 (Classical + Jazz),asap___Schubert_Piano_Sonatas_664-1_KabuliL10M
451,-18.950424,3.6266344,2 (Classical + Jazz),asap___Schubert_Piano_Sonatas_664-1_Mo10M
452,-22.474281,0.22958848,2 (Classical + Jazz),asap___Schubert_Piano_Sonatas_664-3_KabuliL12M
453,-19.522444,3.1534364,2 (Classical + Jazz),asap___Schubert_Piano_Sonatas_894-2_Yeletskiy08M
454,-19.113571,3.3640468,2 (Classical + Jazz),asap___Schubert_Piano_Sonatas_894-2_no_repeat_CHEN11M
455,-19.636875,3.1997766,2 (Classical + Jazz),asap___Schubert_Piano_Sonatas_894-2_no_repeat_Lee10M
456,-19.744198,3.3667488,2 (Classical + Jazz),asap___Schubert_Piano_Sonatas_894-2_no_repeat_SINKEV12M
457,-19.337818,2.0613554,2 (Classical + Jazz),asap___Schubert_Wanderer_fantasie_Larionova05M
458,-19.571146,0.6023119,2 (Classical + Jazz),asap___Schubert_Wanderer_fantasie_SunY10M
459,-18.352797,1.703548,2 (Classical + Jazz),asap___Schumann_Arabeske_Min09M
460,-21.009111,1.2745535,2 (Classical + Jazz),asap___Schumann_Arabeske_ParkS15M
461,-19.763565,1.5496343,2 (Classical + Jazz),asap___Schumann_Kreisleriana_1_ParkJH04M
462,-19.554924,1.392438,2 (Classical + Jazz),asap___Schumann_Kreisleriana_1_Yarden09M
463,-18.878305,-0.044835605,2 (Classical + Jazz),asap___Schumann_Kreisleriana_1_no_first_repeat_JohannsonP02M
464,-20.720882,-0.6372704,2 (Classical + Jazz),asap___Schumann_Toccata_WangY07M
465,-21.683413,-0.5351103,2 (Classical + Jazz),asap___Schumann_Toccata_no_repeat_DupreeF13M
466,-19.410841,3.0039728,2 (Classical + Jazz),asap___Scriabin_Etudes_op_8_11_Shi08M
467,-20.643364,0.5668566,2 (Classical + Jazz),asap___Scriabin_Sonatas_5_ChernovA06M
468,-22.05458,-0.24295633,2 (Classical + Jazz),asap___Scriabin_Sonatas_5_FaB05M
469,-21.121477,-0.5490374,2 (Classical + Jazz),asap___Scriabin_Sonatas_5_GarritsonL06M
470,-20.64628,0.28467843,2 (Classical + Jazz),asap___Scriabin_Sonatas_5_Ko07M
471,-21.480463,-0.39826,2 (Classical + Jazz),asap___Scriabin_Sonatas_5_Na07M
472,-22.223425,-0.61271346,2 (Classical + Jazz),asap___Scriabin_Sonatas_5_Yeletskiy07M
473,0.87282413,-2.5281086,1 (Pop + Groove + Rock + Hip-Hop),ballroom___ballroom_Albums-AnaBelen_Veneo-01
474,1.2844673,-2.2935815,1 (Pop + Groove + Rock + Hip-Hop),ballroom___ballroom_Albums-AnaBelen_Veneo-02
475,0.46214452,-2.338464,1 (Pop + Groove + Rock + Hip-Hop),ballroom___ballroom_Albums-AnaBelen_Veneo-03
476,0.5052822,-5.786438,1 (Pop + Groove + Rock + Hip-Hop),ballroom___ballroom_Albums-AnaBelen_Veneo-11
477,-1.947919,1.0732762,2 (Classical + Jazz),ballroom___ballroom_Albums-AnaBelen_Veneo-13
478,-12.475616,0.60688597,2 (Classical + Jazz),ballroom___ballroom_Albums-Ballroom_Classics4-01
479,-10.716875,1.715773,2 (Classical + Jazz),ballroom___ballroom_Albums-Ballroom_Classics4-02
480,-7.9281025,1.7400656,2 (Classical + Jazz),ballroom___ballroom_Albums-Ballroom_Classics4-03
481,-11.656317,2.7330046,2 (Classical + Jazz),ballroom___ballroom_Albums-Ballroom_Classics4-04
482,-12.115682,0.8773817,2 (Classical + Jazz),ballroom___ballroom_Albums-Ballroom_Classics4-05
483,2.339785,-7.9371715,1 (Pop + Groove + Rock + Hip-Hop),ballroom___ballroom_Albums-Ballroom_Classics4-06
484,-10.945842,0.18806298,2 (Classical + Jazz),ballroom___ballroom_Albums-Ballroom_Classics4-07
485,-10.845437,0.740667,2 (Classical + Jazz),ballroom___ballroom_Albums-Ballroom_Classics4-08
486,-10.566942,0.2559305,2 (Classical + Jazz),ballroom___ballroom_Albums-Ballroom_Classics4-09
487,3.4508462,-8.692996,1 (Pop + Groove + Rock + Hip-Hop),ballroom___ballroom_Albums-Ballroom_Classics4-10
488,-11.1449,1.6161213,2 (Classical + Jazz),ballroom___ballroom_Albums-Ballroom_Classics4-11
489,-9.264026,-2.2439542,2 (Classical + Jazz),ballroom___ballroom_Albums-Ballroom_Classics4-12
490,-12.254389,0.7167541,2 (Classical + Jazz),ballroom___ballroom_Albums-Ballroom_Classics4-13
491,2.2763832,-7.8325715,1 (Pop + Groove + Rock + Hip-Hop),ballroom___ballroom_Albums-Ballroom_Classics4-14
492,6.8897605,-5.6937456,1 (Pop + Groove + Rock + Hip-Hop),ballroom___ballroom_Albums-Ballroom_Classics4-18
493,5.9777822,-5.07619,1 (Pop + Groove + Rock + Hip-Hop),ballroom___ballroom_Albums-Ballroom_Classics4-19
494,4.840452,-7.245263,1 (Pop + Groove + Rock + Hip-Hop),ballroom___ballroom_Albums-Ballroom_Classics4-20
495,-13.056942,-0.061524455,2 (Classical + Jazz),ballroom___ballroom_Albums-Ballroom_Magic-01
496,-7.0578356,2.7886055,2 (Classical + Jazz),ballroom___ballroom_Albums-Ballroom_Magic-02
497,-4.4291415,-1.7267369,2 (Classical + Jazz),ballroom___ballroom_Albums-Ballroom_Magic-03
498,-13.492489,-1.0051792,2 (Classical + Jazz),ballroom___ballroom_Albums-Ballroom_Magic-04
499,-7.082968,3.3345394,2 (Classical + Jazz),ballroom___ballroom_Albums-Ballroom_Magic-05
500,-1.8891541,-6.241645,2 (Classical + Jazz),ballroom___ballroom_Albums-Ballroom_Magic-06
501,-2.3552656,-5.8707952,2 (Classical + Jazz),ballroom___ballroom_Albums-Ballroom_Magic-07
502,0.04315372,-5.47368,1 (Pop + Groove + Rock + Hip-Hop),ballroom___ballroom_Albums-Ballroom_Magic-08
503,-10.48946,3.0284941,2 (Classical + Jazz),ballroom___ballroom_Albums-Ballroom_Magic-09
504,-8.980712,-5.8059454,2 (Classical + Jazz),ballroom___ballroom_Albums-Ballroom_Magic-10
505,-10.215446,2.0004306,2 (Classical + Jazz),ballroom___ballroom_Albums-Ballroom_Magic-11
506,-0.43294257,-4.476971,2 (Classical + Jazz),ballroom___ballroom_Albums-Ballroom_Magic-15
507,0.6605389,-5.3771305,1 (Pop + Groove + Rock + Hip-Hop),ballroom___ballroom_Albums-Ballroom_Magic-16
508,-0.2608153,-3.9524486,1 (Pop + Groove + Rock + Hip-Hop),ballroom___ballroom_Albums-Ballroom_Magic-17
509,1.916157,-1.6439726,1 (Pop + Groove + Rock + Hip-Hop),ballroom___ballroom_Albums-Cafe_Paradiso-01
510,15.293152,5.204574,1 (Pop + Groove + Rock + Hip-Hop),ballroom___ballroom_Albums-Cafe_Paradiso-02
511,14.939727,5.729374,1 (Pop + Groove + Rock + Hip-Hop),ballroom___ballroom_Albums-Cafe_Paradiso-03
512,2.8553867,-2.6924984,1 (Pop + Groove + Rock + Hip-Hop),ballroom___ballroom_Albums-Cafe_Paradiso-04
513,1.95456,-3.2651308,1 (Pop + Groove + Rock + Hip-Hop),ballroom___ballroom_Albums-Cafe_Paradiso-05
514,17.351236,-3.1240819,1 (Pop + Groove + Rock + Hip-Hop),ballroom___ballroom_Albums-Cafe_Paradiso-06
515,17.714138,6.0473914,1 (Pop + Groove + Rock + Hip-Hop),ballroom___ballroom_Albums-Cafe_Paradiso-07
516,2.103341,-3.8267407,1 (Pop + Groove + Rock + Hip-Hop),ballroom___ballroom_Albums-Cafe_Paradiso-08
517,-3.9085457,-1.077592,2 (Classical + Jazz),ballroom___ballroom_Albums-Cafe_Paradiso-09
518,0.9425205,-2.333016,1 (Pop + Groove + Rock + Hip-Hop),ballroom___ballroom_Albums-Cafe_Paradiso-10
519,21.242619,9.090032,1 (Pop + Groove + Rock + Hip-Hop),ballroom___ballroom_Albums-Cafe_Paradiso-11
520,0.8835766,-1.9837275,1 (Pop + Groove + Rock + Hip-Hop),ballroom___ballroom_Albums-Cafe_Paradiso-12
521,0.7883816,-5.5290523,1 (Pop + Groove + Rock + Hip-Hop),ballroom___ballroom_Albums-Cafe_Paradiso-14
522,-0.16598307,-3.057057,1 (Pop + Groove + Rock + Hip-Hop),ballroom___ballroom_Albums-Cafe_Paradiso-15
523,1.1776283,-4.5210814,1 (Pop + Groove + Rock + Hip-Hop),ballroom___ballroom_Albums-Cafe_Paradiso-16
524,-5.541097,-0.5813581,2 (Classical + Jazz),ballroom___ballroom_Albums-Chrisanne1-01
525,-17.977919,0.81388336,2 (Classical + Jazz),ballroom___ballroom_Albums-Chrisanne1-02
526,-19.738096,5.248737,2 (Classical + Jazz),ballroom___ballroom_Albums-Chrisanne1-03
527,-0.910455,-4.1926556,2 (Classical + Jazz),ballroom___ballroom_Albums-Chrisanne1-04
528,0.6336087,-6.0236306,1 (Pop + Groove + Rock + Hip-Hop),ballroom___ballroom_Albums-Chrisanne1-05
529,-1.4227415,-3.7859485,2 (Classical + Jazz),ballroom___ballroom_Albums-Chrisanne1-06
530,-0.45778024,8.582777,1 (Pop + Groove + Rock + Hip-Hop),ballroom___ballroom_Albums-Chrisanne1-07
531,-6.689613,1.8100442,2 (Classical + Jazz),ballroom___ballroom_Albums-Chrisanne1-08
532,-0.64864254,-4.157162,2 (Classical + Jazz),ballroom___ballroom_Albums-Chrisanne1-12
533,-2.0696125,-2.807718,2 (Classical + Jazz),ballroom___ballroom_Albums-Chrisanne1-13
534,-1.4222007,-2.643551,2 (Classical + Jazz),ballroom___ballroom_Albums-Chrisanne1-14
535,-8.157616,1.6229658,2 (Classical + Jazz),ballroom___ballroom_Albums-Chrisanne2-01
536,-7.2136188,4.986556,2 (Classical + Jazz),ballroom___ballroom_Albums-Chrisanne2-02
537,-7.5189934,1.5704532,2 (Classical + Jazz),ballroom___ballroom_Albums-Chrisanne2-03
538,1.5106593,-6.1691475,1 (Pop + Groove + Rock + Hip-Hop),ballroom___ballroom_Albums-Chrisanne2-04
539,1.6593577,-6.1542993,1 (Pop + Groove + Rock + Hip-Hop),ballroom___ballroom_Albums-Chrisanne2-05
540,0.9913643,-6.564743,1 (Pop + Groove + Rock + Hip-Hop),ballroom___ballroom_Albums-Chrisanne2-06
541,-0.7791655,-5.1903358,2 (Classical + Jazz),ballroom___ballroom_Albums-Chrisanne2-07
542,-0.46525252,-4.0510674,2 (Classical + Jazz),ballroom___ballroom_Albums-Chrisanne2-11
543,-5.382015,1.8156539,2 (Classical + Jazz),ballroom___ballroom_Albums-Chrisanne3-01
544,-19.512245,5.20174,2 (Classical + Jazz),ballroom___ballroom_Albums-Chrisanne3-02
545,-3.551168,2.2867305,2 (Classical + Jazz),ballroom___ballroom_Albums-Chrisanne3-03
546,1.0233902,-6.5057135,1 (Pop + Groove + Rock + Hip-Hop),ballroom___ballroom_Albums-Chrisanne3-04
547,1.2156155,-6.3214984,1 (Pop + Groove + Rock + Hip-Hop),ballroom___ballroom_Albums-Chrisanne3-05
548,0.26566085,-5.788402,1 (Pop + Groove + Rock + Hip-Hop),ballroom___ballroom_Albums-Chrisanne3-06
549,1.2111655,-2.1513808,1 (Pop + Groove + Rock + Hip-Hop),ballroom___ballroom_Albums-Chrisanne3-07
550,-8.591912,0.23191127,2 (Classical + Jazz),ballroom___ballroom_Albums-Chrisanne3-08
551,-0.78983945,-2.6834764,2 (Classical + Jazz),ballroom___ballroom_Albums-Chrisanne3-09
552,-0.3836323,-4.3593802,2 (Classical + Jazz),ballroom___ballroom_Albums-Chrisanne3-13
553,0.2355428,-5.999784,1 (Pop + Groove + Rock + Hip-Hop),ballroom___ballroom_Albums-Chrisanne3-14
554,-1.17248,-3.073906,2 (Classical + Jazz),ballroom___ballroom_Albums-Chrisanne3-15
555,1.4794905,-4.319855,1 (Pop + Groove + Rock + Hip-Hop),ballroom___ballroom_Albums-Commitments-08
556,1.4280491,-1.4929016,1 (Pop + Groove + Rock + Hip-Hop),ballroom___ballroom_Albums-Commitments-10
557,-4.5468507,-1.5686535,2 (Classical + Jazz),ballroom___ballroom_Albums-Commitments-11
558,0.22304161,-3.1170623,1 (Pop + Groove + Rock + Hip-Hop),ballroom___ballroom_Albums-Fire-01
559,15.009775,5.5792704,1 (Pop + Groove + Rock + Hip-Hop),ballroom___ballroom_Albums-Fire-02
560,-4.426304,6.649097,2 (Classical + Jazz),ballroom___ballroom_Albums-Fire-03
561,1.5660182,-1.4232006,1 (Pop + Groove + Rock + Hip-Hop),ballroom___ballroom_Albums-Fire-07
562,16.670643,5.026614,1 (Pop + Groove + Rock + Hip-Hop),ballroom___ballroom_Albums-Fire-08
563,-2.1280153,6.004479,1 (Pop + Groove + Rock + Hip-Hop),ballroom___ballroom_Albums-Fire-10
564,15.99684,5.1208634,1 (Pop + Groove + Rock + Hip-Hop),ballroom___ballroom_Albums-Fire-12
565,-4.5330853,6.566186,2 (Classical + Jazz),ballroom___ballroom_Albums-Fire-13
566,18.096085,6.1240926,1 (Pop + Groove + Rock + Hip-Hop),ballroom___ballroom_Albums-Fire-14
567,14.876981,5.677415,1 (Pop + Groove + Rock + Hip-Hop),ballroom___ballroom_Albums-Fire-15
568,-0.9457028,-3.4217308,2 (Classical + Jazz),ballroom___ballroom_Albums-GloriaEstefan_MiTierra-01
569,-0.5973383,-3.39112,2 (Classical + Jazz),ballroom___ballroom_Albums-GloriaEstefan_MiTierra-04
570,-0.5903259,-3.4285219,2 (Classical + Jazz),ballroom___ballroom_Albums-GloriaEstefan_MiTierra-06
571,-0.7383193,-3.287365,2 (Classical + Jazz),ballroom___ballroom_Albums-GloriaEstefan_MiTierra-08
572,0.46251288,-3.4190404,1 (Pop + Groove + Rock + Hip-Hop),ballroom___ballroom_Albums-GloriaEstefan_MiTierra-11
573,7.721242,-6.1162744,1 (Pop + Groove + Rock + Hip-Hop),ballroom___ballroom_Albums-I_Like_It2-01
574,7.1445594,-5.2497296,1 (Pop + Groove + Rock + Hip-Hop),ballroom___ballroom_Albums-I_Like_It2-02
575,5.0842395,-3.2595134,1 (Pop + Groove + Rock + Hip-Hop),ballroom___ballroom_Albums-I_Like_It2-09
576,17.532349,4.919126,1 (Pop + Groove + Rock + Hip-Hop),ballroom___ballroom_Albums-Latin_Jam-01
577,17.369808,9.652132,1 (Pop + Groove + Rock + Hip-Hop),ballroom___ballroom_Albums-Latin_Jam-02
578,14.4761095,4.650635,1 (Pop + Groove + Rock + Hip-Hop),ballroom___ballroom_Albums-Latin_Jam-03
579,17.345518,-2.6445904,1 (Pop + Groove + Rock + Hip-Hop),ballroom___ballroom_Albums-Latin_Jam-04
580,0.76013947,-3.0185378,1 (Pop + Groove + Rock + Hip-Hop),ballroom___ballroom_Albums-Latin_Jam-05
581,15.070093,5.154193,1 (Pop + Groove + Rock + Hip-Hop),ballroom___ballroom_Albums-Latin_Jam-06
582,19.417824,3.3735044,1 (Pop + Groove + Rock + Hip-Hop),ballroom___ballroom_Albums-Latin_Jam-07
583,1.2763804,-1.9189148,1 (Pop + Groove + Rock + Hip-Hop),ballroom___ballroom_Albums-Latin_Jam-08
584,15.188482,5.140881,1 (Pop + Groove + Rock + Hip-Hop),ballroom___ballroom_Albums-Latin_Jam-09
585,0.14636885,-1.5909277,1 (Pop + Groove + Rock + Hip-Hop),ballroom___ballroom_Albums-Latin_Jam-11
586,2.5054102,1.0019419,1 (Pop + Groove + Rock + Hip-Hop),ballroom___ballroom_Albums-Latin_Jam-12
587,8.218978,-8.895033,1 (Pop + Groove + Rock + Hip-Hop),ballroom___ballroom_Albums-Latin_Jam2-01
588,2.0892649,-2.6557171,1 (Pop + Groove + Rock + Hip-Hop),ballroom___ballroom_Albums-Latin_Jam2-02
589,16.55483,4.7976294,1 (Pop + Groove + Rock + Hip-Hop),ballroom___ballroom_Albums-Latin_Jam2-03
590,17.949152,5.7624154,1 (Pop + Groove + Rock + Hip-Hop),ballroom___ballroom_Albums-Latin_Jam2-04
591,2.1434824,-3.7411413,1 (Pop + Groove + Rock + Hip-Hop),ballroom___ballroom_Albums-Latin_Jam2-05
592,17.859098,6.0562506,1 (Pop + Groove + Rock + Hip-Hop),ballroom___ballroom_Albums-Latin_Jam2-06
593,1.5965244,-2.656398,1 (Pop + Groove + Rock + Hip-Hop),ballroom___ballroom_Albums-Latin_Jam2-07
594,17.347523,9.7044525,1 (Pop + Groove + Rock + Hip-Hop),ballroom___ballroom_Albums-Latin_Jam2-08
595,0.9077448,-2.6203616,1 (Pop + Groove + Rock + Hip-Hop),ballroom___ballroom_Albums-Latin_Jam2-09
596,0.75864184,-4.9930806,1 (Pop + Groove + Rock + Hip-Hop),ballroom___ballroom_Albums-Latin_Jam2-11
597,10.374472,6.569866,1 (Pop + Groove + Rock + Hip-Hop),ballroom___ballroom_Albums-Latin_Jam2-12
598,16.91856,4.831258,1 (Pop + Groove + Rock + Hip-Hop),ballroom___ballroom_Albums-Latin_Jam3-01
599,2.3336942,-3.5300848,1 (Pop + Groove + Rock + Hip-Hop),ballroom___ballroom_Albums-Latin_Jam3-02
600,2.0414248,-3.4839294,1 (Pop + Groove + Rock + Hip-Hop),ballroom___ballroom_Albums-Latin_Jam3-03
601,14.625563,5.921086,1 (Pop + Groove + Rock + Hip-Hop),ballroom___ballroom_Albums-Latin_Jam3-04
602,14.644431,5.5286784,1 (Pop + Groove + Rock + Hip-Hop),ballroom___ballroom_Albums-Latin_Jam3-05
603,14.633786,5.838306,1 (Pop + Groove + Rock + Hip-Hop),ballroom___ballroom_Albums-Latin_Jam3-06
604,0.46284783,-3.0318007,1 (Pop + Groove + Rock + Hip-Hop),ballroom___ballroom_Albums-Latin_Jam3-07
605,1.2982217,-2.5180287,1 (Pop + Groove + Rock + Hip-Hop),ballroom___ballroom_Albums-Latin_Jam3-08
606,1.2533067,-2.6359866,1 (Pop + Groove + Rock + Hip-Hop),ballroom___ballroom_Albums-Latin_Jam3-09
607,7.136444,11.3440075,1 (Pop + Groove + Rock + Hip-Hop),ballroom___ballroom_Albums-Latin_Jam3-11
608,4.1271405,2.3041687,1 (Pop + Groove + Rock + Hip-Hop),ballroom___ballroom_Albums-Latin_Jam3-12
609,2.1640086,-2.5919726,1 (Pop + Groove + Rock + Hip-Hop),ballroom___ballroom_Albums-Latin_Jam4-01
610,14.571076,4.886985,1 (Pop + Groove + Rock + Hip-Hop),ballroom___ballroom_Albums-Latin_Jam4-02
611,17.966002,7.283075,1 (Pop + Groove + Rock + Hip-Hop),ballroom___ballroom_Albums-Latin_Jam4-03
612,0.8356394,-5.5319505,1 (Pop + Groove + Rock + Hip-Hop),ballroom___ballroom_Albums-Latin_Jam4-05
613,2.2559803,-3.4761457,1 (Pop + Groove + Rock + Hip-Hop),ballroom___ballroom_Albums-Latin_Jam4-06
614,14.727213,5.449964,1 (Pop + Groove + Rock + Hip-Hop),ballroom___ballroom_Albums-Latin_Jam4-07
615,1.0395249,-2.571358,1 (Pop + Groove + Rock + Hip-Hop),ballroom___ballroom_Albums-Latin_Jam4-08
616,2.7565362,-2.2660832,1 (Pop + Groove + Rock + Hip-Hop),ballroom___ballroom_Albums-Latin_Jam4-10
617,7.962589,-8.607462,1 (Pop + Groove + Rock + Hip-Hop),ballroom___ballroom_Albums-Latin_Jam4-11
618,11.763841,4.130622,1 (Pop + Groove + Rock + Hip-Hop),ballroom___ballroom_Albums-Latin_Jam4-12
619,1.2504942,-2.5049717,1 (Pop + Groove + Rock + Hip-Hop),ballroom___ballroom_Albums-Latin_Jam4-13
620,17.46202,4.6267395,1 (Pop + Groove + Rock + Hip-Hop),ballroom___ballroom_Albums-Latin_Jam5-01
621,2.6978533,-4.3902087,1 (Pop + Groove + Rock + Hip-Hop),ballroom___ballroom_Albums-Latin_Jam5-02
622,1.0117841,-2.445899,1 (Pop + Groove + Rock + Hip-Hop),ballroom___ballroom_Albums-Latin_Jam5-03
623,1.2302037,-4.6374016,1 (Pop + Groove + Rock + Hip-Hop),ballroom___ballroom_Albums-Latin_Jam5-04
624,14.013724,3.2872713,1 (Pop + Groove + Rock + Hip-Hop),ballroom___ballroom_Albums-Latin_Jam5-06
625,2.237541,-3.88806,1 (Pop + Groove + Rock + Hip-Hop),ballroom___ballroom_Albums-Latin_Jam5-07
626,1.7232711,-2.3485045,1 (Pop + Groove + Rock + Hip-Hop),ballroom___ballroom_Albums-Latin_Jam5-08
627,3.3279822,10.989485,1 (Pop + Groove + Rock + Hip-Hop),ballroom___ballroom_Albums-Latin_Jam5-09
628,1.8746386,-3.1951241,1 (Pop + Groove + Rock + Hip-Hop),ballroom___ballroom_Albums-Latin_Jam5-10
629,1.9813348,-3.3947756,1 (Pop + Groove + Rock + Hip-Hop),ballroom___ballroom_Albums-Latin_Jam5-11
630,0.70404637,-3.0985713,1 (Pop + Groove + Rock + Hip-Hop),ballroom___ballroom_Albums-Latin_Jam5-12
631,17.487642,5.4075136,1 (Pop + Groove + Rock + Hip-Hop),ballroom___ballroom_Albums-Latino_Latino-01
632,0.59205365,-3.1673849,1 (Pop + Groove + Rock + Hip-Hop),ballroom___ballroom_Albums-Latino_Latino-03
633,1.701526,-3.754846,1 (Pop + Groove + Rock + Hip-Hop),ballroom___ballroom_Albums-Latino_Latino-04
634,-1.5984238,-3.489087,2 (Classical + Jazz),ballroom___ballroom_Albums-Latino_Latino-05
635,0.09164289,-4.836225,1 (Pop + Groove + Rock + Hip-Hop),ballroom___ballroom_Albums-Latino_Latino-06
636,0.17450404,-4.293149,1 (Pop + Groove + Rock + Hip-Hop),ballroom___ballroom_Albums-Latino_Latino-09
637,-0.039322365,-4.171838,1 (Pop + Groove + Rock + Hip-Hop),ballroom___ballroom_Albums-Latino_Latino-10
638,6.2333536,-9.600225,1 (Pop + Groove + Rock + Hip-Hop),ballroom___ballroom_Albums-Macumba-01
639,6.131722,-9.878428,1 (Pop + Groove + Rock + Hip-Hop),ballroom___ballroom_Albums-Macumba-02
640,6.3165064,-10.019358,1 (Pop + Groove + Rock + Hip-Hop),ballroom___ballroom_Albums-Macumba-03
641,6.1181192,-9.739869,1 (Pop + Groove + Rock + Hip-Hop),ballroom___ballroom_Albums-Macumba-04
642,6.3913684,-10.02862,1 (Pop + Groove + Rock + Hip-Hop),ballroom___ballroom_Albums-Macumba-05
643,6.387952,-10.111233,1 (Pop + Groove + Rock + Hip-Hop),ballroom___ballroom_Albums-Macumba-06
644,6.4259663,-10.074612,1 (Pop + Groove + Rock + Hip-Hop),ballroom___ballroom_Albums-Macumba-07
645,6.2908926,-10.073853,1 (Pop + Groove + Rock + Hip-Hop),ballroom___ballroom_Albums-Macumba-08
646,6.3944445,-10.152469,1 (Pop + Groove + Rock + Hip-Hop),ballroom___ballroom_Albums-Macumba-09
647,6.2932158,-10.135321,1 (Pop + Groove + Rock + Hip-Hop),ballroom___ballroom_Albums-Macumba-10
648,0.37597647,-2.6292553,1 (Pop + Groove + Rock + Hip-Hop),ballroom___ballroom_Albums-Macumba-11
649,0.22174875,-2.6395774,1 (Pop + Groove + Rock + Hip-Hop),ballroom___ballroom_Albums-Macumba-12
650,6.178456,-9.904944,1 (Pop + Groove + Rock + Hip-Hop),ballroom___ballroom_Albums-Macumba-14
651,5.918772,-9.717349,1 (Pop + Groove + Rock + Hip-Hop),ballroom___ballroom_Albums-Macumba-15
652,6.15278,-10.030675,1 (Pop + Groove + Rock + Hip-Hop),ballroom___ballroom_Albums-Macumba-16
653,0.45105678,-6.1079993,1 (Pop + Groove + Rock + Hip-Hop),ballroom___ballroom_Albums-Mambo_Kings-03
654,-2.965024,-3.6532478,2 (Classical + Jazz),ballroom___ballroom_Albums-Mambo_Kings-10
655,-0.77643245,-2.548798,2 (Classical + Jazz),ballroom___ballroom_Albums-Mambo_Kings-11
656,0.28683323,-4.974915,1 (Pop + Groove + Rock + Hip-Hop),ballroom___ballroom_Albums-Mambo_Kings-12
657,2.402562,-2.4979312,1 (Pop + Groove + Rock + Hip-Hop),ballroom___ballroom_Albums-Pais_Tropical-01
658,2.4672468,-2.8426085,1 (Pop + Groove + Rock + Hip-Hop),ballroom___ballroom_Albums-Pais_Tropical-02
659,15.163452,4.983675,1 (Pop + Groove + Rock + Hip-Hop),ballroom___ballroom_Albums-Pais_Tropical-03
660,14.73335,5.19719,1 (Pop + Groove + Rock + Hip-Hop),ballroom___ballroom_Albums-Pais_Tropical-04
661,2.3505034,-4.3814526,1 (Pop + Groove + Rock + Hip-Hop),ballroom___ballroom_Albums-Pais_Tropical-05
662,2.2515175,-3.6743805,1 (Pop + Groove + Rock + Hip-Hop),ballroom___ballroom_Albums-Pais_Tropical-06
663,2.2952812,-3.5661979,1 (Pop + Groove + Rock + Hip-Hop),ballroom___ballroom_Albums-Pais_Tropical-07
664,2.190983,-2.9613225,1 (Pop + Groove + Rock + Hip-Hop),ballroom___ballroom_Albums-Pais_Tropical-08
665,1.1366473,-2.3798704,1 (Pop + Groove + Rock + Hip-Hop),ballroom___ballroom_Albums-Pais_Tropical-09
666,-0.9408784,6.8041425,1 (Pop + Groove + Rock + Hip-Hop),ballroom___ballroom_Albums-Pais_Tropical-10
667,0.7029501,-2.2609148,1 (Pop + Groove + Rock + Hip-Hop),ballroom___ballroom_Albums-Pais_Tropical-11
668,-7.2196555,3.4894385,2 (Classical + Jazz),ballroom___ballroom_Albums-Pais_Tropical-12
669,2.5678012,0.88912547,1 (Pop + Groove + Rock + Hip-Hop),ballroom___ballroom_Albums-Pais_Tropical-13
670,2.6675212,-2.3669436,1 (Pop + Groove + Rock + Hip-Hop),ballroom___ballroom_Albums-Pais_Tropical-14
671,1.4660335,-4.428697,1 (Pop + Groove + Rock + Hip-Hop),ballroom___ballroom_Albums-Pais_Tropical-15
672,3.1056035,-2.1568651,1 (Pop + Groove + Rock + Hip-Hop),ballroom___ballroom_Albums-Pais_Tropical-16
673,-7.526553,4.415869,2 (Classical + Jazz),ballroom___ballroom_Albums-Secret_Garden-01
674,-7.611457,4.7574124,2 (Classical + Jazz),ballroom___ballroom_Albums-Secret_Garden-02
675,-8.138298,0.2588822,2 (Classical + Jazz),ballroom___ballroom_Albums-Secret_Garden-05
676,-12.875706,-1.9894685,2 (Classical + Jazz),ballroom___ballroom_Albums-Secret_Garden-06
677,-13.104659,3.2227168,2 (Classical + Jazz),ballroom___ballroom_Albums-Step_By_Step-01
678,-9.237369,3.213918,2 (Classical + Jazz),ballroom___ballroom_Albums-Step_By_Step-02
679,-10.037277,2.9733715,2 (Classical + Jazz),ballroom___ballroom_Albums-Step_By_Step-03
680,-6.7244163,1.0394834,2 (Classical + Jazz),ballroom___ballroom_Albums-Step_By_Step-04
681,3.4644914,-8.699295,1 (Pop + Groove + Rock + Hip-Hop),ballroom___ballroom_Albums-Step_By_Step-05
682,3.549419,-8.407265,1 (Pop + Groove + Rock + Hip-Hop),ballroom___ballroom_Albums-Step_By_Step-06
683,-11.150294,-0.027891016,2 (Classical + Jazz),ballroom___ballroom_Albums-Step_By_Step-07
684,-10.581544,0.36053348,2 (Classical + Jazz),ballroom___ballroom_Albums-Step_By_Step-08
685,-10.820886,0.5557904,2 (Classical + Jazz),ballroom___ballroom_Albums-Step_By_Step-09
686,-10.979369,2.6081762,2 (Classical + Jazz),ballroom___ballroom_Albums-Step_By_Step-10
687,-10.561128,1.0411139,2 (Classical + Jazz),ballroom___ballroom_Albums-Step_By_Step-11
688,4.55524,-7.486582,1 (Pop + Groove + Rock + Hip-Hop),ballroom___ballroom_Albums-Step_By_Step-15
689,5.1091094,-7.432604,1 (Pop + Groove + Rock + Hip-Hop),ballroom___ballroom_Albums-Step_By_Step-16
690,9.027373,-3.899665,1 (Pop + Groove + Rock + Hip-Hop),ballroom___ballroom_Albums-Step_By_Step-17
691,5.0910892,-7.0963864,1 (Pop + Groove + Rock + Hip-Hop),ballroom___ballroom_Albums-Step_By_Step-18
692,-9.793466,0.2240747,2 (Classical + Jazz),ballroom___ballroom_Albums-StrictlyDancing_Tango-01
693,-9.3982115,1.2148184,2 (Classical + Jazz),ballroom___ballroom_Albums-StrictlyDancing_Tango-02
694,-9.257098,1.496073,2 (Classical + Jazz),ballroom___ballroom_Albums-StrictlyDancing_Tango-03
695,-9.759067,1.1666842,2 (Classical + Jazz),ballroom___ballroom_Albums-StrictlyDancing_Tango-04
696,-11.567749,-0.7877916,2 (Classical + Jazz),ballroom___ballroom_Albums-StrictlyDancing_Tango-05
697,-9.3812275,1.2392273,2 (Classical + Jazz),ballroom___ballroom_Albums-StrictlyDancing_Tango-06
698,-9.217604,0.70942885,2 (Classical + Jazz),ballroom___ballroom_Albums-StrictlyDancing_Tango-07
699,-9.685037,-0.10991749,2 (Classical + Jazz),ballroom___ballroom_Albums-StrictlyDancing_Tango-08
700,-9.040964,1.1147407,2 (Classical + Jazz),ballroom___ballroom_Albums-StrictlyDancing_Tango-09
701,-9.057639,0.95344007,2 (Classical + Jazz),ballroom___ballroom_Albums-StrictlyDancing_Tango-10
702,-9.233117,0.90203214,2 (Classical + Jazz),ballroom___ballroom_Albums-StrictlyDancing_Tango-11
703,-9.0404005,1.3909854,2 (Classical + Jazz),ballroom___ballroom_Albums-StrictlyDancing_Tango-12
704,-9.112958,1.0542182,2 (Classical + Jazz),ballroom___ballroom_Albums-StrictlyDancing_Tango-13
705,-10.562341,-0.46000808,2 (Classical + Jazz),ballroom___ballroom_Albums-StrictlyDancing_Tango-14
706,-10.382283,-0.4082533,2 (Classical + Jazz),ballroom___ballroom_Albums-StrictlyDancing_Tango-15
707,-10.087446,3.937014,2 (Classical + Jazz),ballroom___ballroom_Media-100601
708,-9.741234,3.9911935,2 (Classical + Jazz),ballroom___ballroom_Media-100602
709,-5.250781,1.7265364,2 (Classical + Jazz),ballroom___ballroom_Media-100603
710,-9.513903,4.0010843,2 (Classical + Jazz),ballroom___ballroom_Media-100604
711,1.8646884,-9.821677,1 (Pop + Groove + Rock + Hip-Hop),ballroom___ballroom_Media-100605
712,-7.6599207,0.3419194,2 (Classical + Jazz),ballroom___ballroom_Media-100606
713,-7.324699,0.5040759,2 (Classical + Jazz),ballroom___ballroom_Media-100607
714,0.033996332,-3.8951614,1 (Pop + Groove + Rock + Hip-Hop),ballroom___ballroom_Media-100608
715,-6.058905,0.40756574,2 (Classical + Jazz),ballroom___ballroom_Media-100609
716,-9.762152,4.0422006,2 (Classical + Jazz),ballroom___ballroom_Media-100610
717,5.8938727,-9.695627,1 (Pop + Groove + Rock + Hip-Hop),ballroom___ballroom_Media-100614
718,6.1457963,-9.916706,1 (Pop + Groove + Rock + Hip-Hop),ballroom___ballroom_Media-100615
719,5.925133,-9.712977,1 (Pop + Groove + Rock + Hip-Hop),ballroom___ballroom_Media-100616
720,-9.5133705,3.79361,2 (Classical + Jazz),ballroom___ballroom_Media-103301
721,-20.264193,5.9057555,2 (Classical + Jazz),ballroom___ballroom_Media-103302
722,-9.948333,2.9733484,2 (Classical + Jazz),ballroom___ballroom_Media-103303
723,2.6075735,-8.181104,1 (Pop + Groove + Rock + Hip-Hop),ballroom___ballroom_Media-103304
724,2.4217765,-8.79091,1 (Pop + Groove + Rock + Hip-Hop),ballroom___ballroom_Media-103305
725,2.9970853,-7.8710423,1 (Pop + Groove + Rock + Hip-Hop),ballroom___ballroom_Media-103306
726,-6.4701185,1.5448184,2 (Classical + Jazz),ballroom___ballroom_Media-103307
727,-3.2811098,0.21515414,2 (Classical + Jazz),ballroom___ballroom_Media-103308
728,5.619897,-8.005228,1 (Pop + Groove + Rock + Hip-Hop),ballroom___ballroom_Media-103312
729,3.3658466,-7.756453,1 (Pop + Groove + Rock + Hip-Hop),ballroom___ballroom_Media-103313
730,6.6167216,-5.742136,1 (Pop + Groove + Rock + Hip-Hop),ballroom___ballroom_Media-103314
731,-1.9488726,-0.3656683,2 (Classical + Jazz),ballroom___ballroom_Media-103315
732,7.6781473,-6.2585034,1 (Pop + Groove + Rock + Hip-Hop),ballroom___ballroom_Media-103401
733,7.705707,-6.119878,1 (Pop + Groove + Rock + Hip-Hop),ballroom___ballroom_Media-103402
734,7.187995,-6.1283813,1 (Pop + Groove + Rock + Hip-Hop),ballroom___ballroom_Media-103403
735,8.294589,-6.8466506,1 (Pop + Groove + Rock + Hip-Hop),ballroom___ballroom_Media-103404
736,7.867764,-5.723988,1 (Pop + Groove + Rock + Hip-Hop),ballroom___ballroom_Media-103405
737,7.8364472,-6.136586,1 (Pop + Groove + Rock + Hip-Hop),ballroom___ballroom_Media-103406
738,7.7526336,-5.400573,1 (Pop + Groove + Rock + Hip-Hop),ballroom___ballroom_Media-103407
739,9.014589,1.1608462,1 (Pop + Groove + Rock + Hip-Hop),ballroom___ballroom_Media-103408
740,7.771249,-5.893915,1 (Pop + Groove + Rock + Hip-Hop),ballroom___ballroom_Media-103409
741,8.152033,-6.63759,1 (Pop + Groove + Rock + Hip-Hop),ballroom___ballroom_Media-103410
742,6.9001465,-6.6810575,1 (Pop + Groove + Rock + Hip-Hop),ballroom___ballroom_Media-103411
743,8.509976,1.722,1 (Pop + Groove + Rock + Hip-Hop),ballroom___ballroom_Media-103412
744,9.798838,-5.5598626,1 (Pop + Groove + Rock + Hip-Hop),ballroom___ballroom_Media-103413
745,8.967746,-6.3104744,1 (Pop + Groove + Rock + Hip-Hop),ballroom___ballroom_Media-103416
746,9.463374,-6.140632,1 (Pop + Groove + Rock + Hip-Hop),ballroom___ballroom_Media-103417
747,9.672253,-4.555346,1 (Pop + Groove + Rock + Hip-Hop),ballroom___ballroom_Media-103501
748,7.3458447,-4.6922464,1 (Pop + Groove + Rock + Hip-Hop),ballroom___ballroom_Media-103502
749,7.1458445,-6.094321,1 (Pop + Groove + Rock + Hip-Hop),ballroom___ballroom_Media-103503
750,7.3320107,-4.3948193,1 (Pop + Groove + Rock + Hip-Hop),ballroom___ballroom_Media-103504
751,10.087926,-6.4790387,1 (Pop + Groove + Rock + Hip-Hop),ballroom___ballroom_Media-103505
752,-4.3886495,3.4805303,2 (Classical + Jazz),ballroom___ballroom_Media-103506
753,3.416128,-6.6932673,1 (Pop + Groove + Rock + Hip-Hop),ballroom___ballroom_Media-103507
754,4.6560555,-5.980976,1 (Pop + Groove + Rock + Hip-Hop),ballroom___ballroom_Media-103508
755,7.1368895,-6.2222104,1 (Pop + Groove + Rock + Hip-Hop),ballroom___ballroom_Media-103509
756,8.021238,-4.9541726,1 (Pop + Groove + Rock + Hip-Hop),ballroom___ballroom_Media-103510
757,5.9587994,-2.9610417,1 (Pop + Groove + Rock + Hip-Hop),ballroom___ballroom_Media-103511
758,-6.0020404,5.303088,2 (Classical + Jazz),ballroom___ballroom_Media-103512
759,-0.3229046,2.316117,1 (Pop + Groove + Rock + Hip-Hop),ballroom___ballroom_Media-103513
760,7.388911,-6.7651796,1 (Pop + Groove + Rock + Hip-Hop),ballroom___ballroom_Media-103514
761,1.5212419,5.27788,1 (Pop + Groove + Rock + Hip-Hop),ballroom___ballroom_Media-103515
762,6.287884,-5.0425477,1 (Pop + Groove + Rock + Hip-Hop),ballroom___ballroom_Media-103516
763,6.447857,-5.386324,1 (Pop + Groove + Rock + Hip-Hop),ballroom___ballroom_Media-103517
764,8.977193,-0.09314225,1 (Pop + Groove + Rock + Hip-Hop),ballroom___ballroom_Media-103601
765,3.7335541,-2.7378757,1 (Pop + Groove + Rock + Hip-Hop),ballroom___ballroom_Media-103602
766,10.094698,-3.1637802,1 (Pop + Groove + Rock + Hip-Hop),ballroom___ballroom_Media-103603
767,8.513178,-0.37004372,1 (Pop + Groove + Rock + Hip-Hop),ballroom___ballroom_Media-103604
768,7.437193,-4.840701,1 (Pop + Groove + Rock + Hip-Hop),ballroom___ballroom_Media-103605
769,12.373284,-4.951768,1 (Pop + Groove + Rock + Hip-Hop),ballroom___ballroom_Media-103606
770,14.963131,1.4944838,1 (Pop + Groove + Rock + Hip-Hop),ballroom___ballroom_Media-103607
771,-2.5148358,0.44323057,2 (Classical + Jazz),ballroom___ballroom_Media-103608
772,-5.9209275,4.980734,2 (Classical + Jazz),ballroom___ballroom_Media-103609
773,-6.006439,5.3023815,2 (Classical + Jazz),ballroom___ballroom_Media-103610
774,2.554176,1.1804838,1 (Pop + Groove + Rock + Hip-Hop),ballroom___ballroom_Media-103611
775,7.445706,-3.7968693,1 (Pop + Groove + Rock + Hip-Hop),ballroom___ballroom_Media-103612
776,13.381356,-0.99255747,1 (Pop + Groove + Rock + Hip-Hop),ballroom___ballroom_Media-103613
777,17.620611,-1.0925815,1 (Pop + Groove + Rock + Hip-Hop),ballroom___ballroom_Media-103614
778,-5.4871716,3.5806336,2 (Classical + Jazz),ballroom___ballroom_Media-103615
779,-4.320254,0.54922855,2 (Classical + Jazz),ballroom___ballroom_Media-103616
780,6.6777463,-4.0706735,1 (Pop + Groove + Rock + Hip-Hop),ballroom___ballroom_Media-103617
781,7.9094667,-6.974359,1 (Pop + Groove + Rock + Hip-Hop),ballroom___ballroom_Media-103618
782,3.7168553,-3.467931,1 (Pop + Groove + Rock + Hip-Hop),ballroom___ballroom_Media-103619
783,7.1354513,-6.676197,1 (Pop + Groove + Rock + Hip-Hop),ballroom___ballroom_Media-103701
784,8.217407,-6.245001,1 (Pop + Groove + Rock + Hip-Hop),ballroom___ballroom_Media-103702
785,7.9421506,-6.4464197,1 (Pop + Groove + Rock + Hip-Hop),ballroom___ballroom_Media-103703
786,8.934738,-0.01840471,1 (Pop + Groove + Rock + Hip-Hop),ballroom___ballroom_Media-103704
787,5.792111,-5.965505,1 (Pop + Groove + Rock + Hip-Hop),ballroom___ballroom_Media-103705
788,7.372397,-6.991728,1 (Pop + Groove + Rock + Hip-Hop),ballroom___ballroom_Media-103706
789,13.108957,1.1156834,1 (Pop + Groove + Rock + Hip-Hop),ballroom___ballroom_Media-103707
790,17.833239,0.47552136,1 (Pop + Groove + Rock + Hip-Hop),ballroom___ballroom_Media-103708
791,-6.1127634,5.106468,2 (Classical + Jazz),ballroom___ballroom_Media-103709
792,6.210243,-2.176018,1 (Pop + Groove + Rock + Hip-Hop),ballroom___ballroom_Media-103710
793,5.732715,-3.4742696,1 (Pop + Groove + Rock + Hip-Hop),ballroom___ballroom_Media-103711
794,9.211053,-8.852221,1 (Pop + Groove + Rock + Hip-Hop),ballroom___ballroom_Media-103712
795,5.4480653,-7.3560615,1 (Pop + Groove + Rock + Hip-Hop),ballroom___ballroom_Media-103713
796,10.537865,-2.355944,1 (Pop + Groove + Rock + Hip-Hop),ballroom___ballroom_Media-103714
797,-0.5057723,-0.9090423,1 (Pop + Groove + Rock + Hip-Hop),ballroom___ballroom_Media-103715
798,14.085799,9.125717,1 (Pop + Groove + Rock + Hip-Hop),ballroom___ballroom_Media-103716
799,-3.4772983,2.6412015,2 (Classical + Jazz),ballroom___ballroom_Media-103717
800,-6.4941764,-10.655729,2 (Classical + Jazz),ballroom___ballroom_Media-103718
801,6.6683,-1.3983228,1 (Pop + Groove + Rock + Hip-Hop),ballroom___ballroom_Media-103719
802,10.548237,-4.396043,1 (Pop + Groove + Rock + Hip-Hop),ballroom___ballroom_Media-103801
803,8.222273,-5.798293,1 (Pop + Groove + Rock + Hip-Hop),ballroom___ballroom_Media-103802
804,8.450271,-5.499447,1 (Pop + Groove + Rock + Hip-Hop),ballroom___ballroom_Media-103803
805,8.416872,-2.8009107,1 (Pop + Groove + Rock + Hip-Hop),ballroom___ballroom_Media-103804
806,14.110751,0.4450913,1 (Pop + Groove + Rock + Hip-Hop),ballroom___ballroom_Media-103805
807,10.441491,-0.5729047,1 (Pop + Groove + Rock + Hip-Hop),ballroom___ballroom_Media-103806
808,9.530747,0.7918175,1 (Pop + Groove + Rock + Hip-Hop),ballroom___ballroom_Media-103807
809,9.419892,-7.021332,1 (Pop + Groove + Rock + Hip-Hop),ballroom___ballroom_Media-103808
810,-3.1942186,-0.13193056,2 (Classical + Jazz),ballroom___ballroom_Media-103809
811,-3.5182617,1.1257706,2 (Classical + Jazz),ballroom___ballroom_Media-103810
812,6.209101,-2.576895,1 (Pop + Groove + Rock + Hip-Hop),ballroom___ballroom_Media-103811
813,5.700158,-3.2198584,1 (Pop + Groove + Rock + Hip-Hop),ballroom___ballroom_Media-103812
814,5.7868404,-7.270769,1 (Pop + Groove + Rock + Hip-Hop),ballroom___ballroom_Media-103813
815,6.7995777,-3.8146284,1 (Pop + Groove + Rock + Hip-Hop),ballroom___ballroom_Media-103814
816,8.810927,-4.4464326,1 (Pop + Groove + Rock + Hip-Hop),ballroom___ballroom_Media-103815
817,7.9352584,-6.1137724,1 (Pop + Groove + Rock + Hip-Hop),ballroom___ballroom_Media-103816
818,-5.5102544,2.455853,2 (Classical + Jazz),ballroom___ballroom_Media-103817
819,-2.8023992,2.8986156,2 (Classical + Jazz),ballroom___ballroom_Media-103818
820,-1.5600274,0.41709685,2 (Classical + Jazz),ballroom___ballroom_Media-103819
821,10.888241,-6.9505906,1 (Pop + Groove + Rock + Hip-Hop),ballroom___ballroom_Media-103901
822,14.049295,-0.28779504,1 (Pop + Groove + Rock + Hip-Hop),ballroom___ballroom_Media-103902
823,8.737209,-4.207317,1 (Pop + Groove + Rock + Hip-Hop),ballroom___ballroom_Media-103903
824,9.067016,-6.2952986,1 (Pop + Groove + Rock + Hip-Hop),ballroom___ballroom_Media-103904
825,-1.4015774,-3.7043185,2 (Classical + Jazz),ballroom___ballroom_Media-103905
826,6.9245477,-7.454133,1 (Pop + Groove + Rock + Hip-Hop),ballroom___ballroom_Media-103906
827,8.776601,-3.6267126,1 (Pop + Groove + Rock + Hip-Hop),ballroom___ballroom_Media-103907
828,7.824354,-6.0261154,1 (Pop + Groove + Rock + Hip-Hop),ballroom___ballroom_Media-103908
829,6.9124894,-6.160647,1 (Pop + Groove + Rock + Hip-Hop),ballroom___ballroom_Media-103909
830,7.3966746,-6.839221,1 (Pop + Groove + Rock + Hip-Hop),ballroom___ballroom_Media-103910
831,-9.116888,2.5213284,2 (Classical + Jazz),ballroom___ballroom_Media-103911
832,-7.977741,2.2517424,2 (Classical + Jazz),ballroom___ballroom_Media-103912
833,6.566067,-6.9617753,1 (Pop + Groove + Rock + Hip-Hop),ballroom___ballroom_Media-103913
834,-7.659901,2.9947326,2 (Classical + Jazz),ballroom___ballroom_Media-103914
835,10.613453,-2.7485912,1 (Pop + Groove + Rock + Hip-Hop),ballroom___ballroom_Media-103917
836,5.070519,3.3410923,1 (Pop + Groove + Rock + Hip-Hop),ballroom___ballroom_Media-103918
837,8.397244,3.226007,1 (Pop + Groove + Rock + Hip-Hop),ballroom___ballroom_Media-103919
838,6.946707,2.6671524,1 (Pop + Groove + Rock + Hip-Hop),ballroom___ballroom_Media-103920
839,11.371371,-1.7997863,1 (Pop + Groove + Rock + Hip-Hop),ballroom___ballroom_Media-104001
840,8.633971,-6.498537,1 (Pop + Groove + Rock + Hip-Hop),ballroom___ballroom_Media-104002
841,6.98108,-8.026174,1 (Pop + Groove + Rock + Hip-Hop),ballroom___ballroom_Media-104003
842,9.311768,-6.9455624,1 (Pop + Groove + Rock + Hip-Hop),ballroom___ballroom_Media-104004
843,-5.774918,4.4203124,2 (Classical + Jazz),ballroom___ballroom_Media-104005
844,5.994365,-1.596701,1 (Pop + Groove + Rock + Hip-Hop),ballroom___ballroom_Media-104006
845,6.41514,-3.1498294,1 (Pop + Groove + Rock + Hip-Hop),ballroom___ballroom_Media-104007
846,-8.793302,3.69177,2 (Classical + Jazz),ballroom___ballroom_Media-104008
847,7.808963,-4.0177364,1 (Pop + Groove + Rock + Hip-Hop),ballroom___ballroom_Media-104009
848,10.535325,-3.9501426,1 (Pop + Groove + Rock + Hip-Hop),ballroom___ballroom_Media-104010
849,11.348903,-5.2742767,1 (Pop + Groove + Rock + Hip-Hop),ballroom___ballroom_Media-104011
850,8.148741,-4.646872,1 (Pop + Groove + Rock + Hip-Hop),ballroom___ballroom_Media-104012
851,5.9232464,-7.8104854,1 (Pop + Groove + Rock + Hip-Hop),ballroom___ballroom_Media-104015
852,8.539002,-7.981651,1 (Pop + Groove + Rock + Hip-Hop),ballroom___ballroom_Media-104016
853,6.465581,-3.8772779,1 (Pop + Groove + Rock + Hip-Hop),ballroom___ballroom_Media-104017
854,17.020288,2.2446377,1 (Pop + Groove + Rock + Hip-Hop),ballroom___ballroom_Media-104101
855,14.262675,0.17897563,1 (Pop + Groove + Rock + Hip-Hop),ballroom___ballroom_Media-104102
856,14.216192,0.37657353,1 (Pop + Groove + Rock + Hip-Hop),ballroom___ballroom_Media-104103
857,14.100824,-0.2976058,1 (Pop + Groove + Rock + Hip-Hop),ballroom___ballroom_Media-104104
858,10.518773,8.561612,1 (Pop + Groove + Rock + Hip-Hop),ballroom___ballroom_Media-104105
859,10.313145,-0.6898374,1 (Pop + Groove + Rock + Hip-Hop),ballroom___ballroom_Media-104106
860,7.457887,-5.607401,1 (Pop + Groove + Rock + Hip-Hop),ballroom___ballroom_Media-104107
861,7.869733,-6.0336413,1 (Pop + Groove + Rock + Hip-Hop),ballroom___ballroom_Media-104108
862,4.4270215,-2.879632,1 (Pop + Groove + Rock + Hip-Hop),ballroom___ballroom_Media-104109
863,8.809191,-4.925089,1 (Pop + Groove + Rock + Hip-Hop),ballroom___ballroom_Media-104110
864,9.815066,-0.5189122,1 (Pop + Groove + Rock + Hip-Hop),ballroom___ballroom_Media-104111
865,6.3523874,-2.4563193,1 (Pop + Groove + Rock + Hip-Hop),ballroom___ballroom_Media-104112
866,6.10611,-2.799449,1 (Pop + Groove + Rock + Hip-Hop),ballroom___ballroom_Media-104113
867,-0.33843285,-3.3772712,1 (Pop + Groove + Rock + Hip-Hop),ballroom___ballroom_Media-104114
868,3.9693565,-4.421433,1 (Pop + Groove + Rock + Hip-Hop),ballroom___ballroom_Media-104115
869,9.397954,0.88121706,1 (Pop + Groove + Rock + Hip-Hop),ballroom___ballroom_Media-104116
870,13.739379,-1.0789154,1 (Pop + Groove + Rock + Hip-Hop),ballroom___ballroom_Media-104117
871,8.238356,-3.1738043,1 (Pop + Groove + Rock + Hip-Hop),ballroom___ballroom_Media-104118
872,5.895977,-7.2193832,1 (Pop + Groove + Rock + Hip-Hop),ballroom___ballroom_Media-104119
873,-12.354181,1.3486124,2 (Classical + Jazz),ballroom___ballroom_Media-104201
874,-11.652657,0.13268968,2 (Classical + Jazz),ballroom___ballroom_Media-104202
875,-12.116591,1.8155723,2 (Classical + Jazz),ballroom___ballroom_Media-104203
876,-5.5915136,3.5061393,2 (Classical + Jazz),ballroom___ballroom_Media-104204
877,-9.994918,3.795205,2 (Classical + Jazz),ballroom___ballroom_Media-104205
878,-10.534299,0.0284656,2 (Classical + Jazz),ballroom___ballroom_Media-104206
879,2.780537,-7.3152747,1 (Pop + Groove + Rock + Hip-Hop),ballroom___ballroom_Media-104207
880,3.3843906,-8.481432,1 (Pop + Groove + Rock + Hip-Hop),ballroom___ballroom_Media-104208
881,-10.770199,0.83858615,2 (Classical + Jazz),ballroom___ballroom_Media-104209
882,-11.31959,-0.28428364,2 (Classical + Jazz),ballroom___ballroom_Media-104210
883,-11.107936,1.5041121,2 (Classical + Jazz),ballroom___ballroom_Media-104211
884,2.4377968,-6.7291636,1 (Pop + Groove + Rock + Hip-Hop),ballroom___ballroom_Media-104212
885,6.031377,-6.300935,1 (Pop + Groove + Rock + Hip-Hop),ballroom___ballroom_Media-104216
886,5.210919,-7.066723,1 (Pop + Groove + Rock + Hip-Hop),ballroom___ballroom_Media-104217
887,5.3946037,-7.2782784,1 (Pop + Groove + Rock + Hip-Hop),ballroom___ballroom_Media-104218
888,6.1229157,-7.6244545,1 (Pop + Groove + Rock + Hip-Hop),ballroom___ballroom_Media-104219
889,-5.6357827,1.3239981,2 (Classical + Jazz),ballroom___ballroom_Media-104301
890,-5.7658043,1.1881244,2 (Classical + Jazz),ballroom___ballroom_Media-104302
891,-3.5663452,0.76538765,2 (Classical + Jazz),ballroom___ballroom_Media-104303
892,-2.0424645,-1.2756704,2 (Classical + Jazz),ballroom___ballroom_Media-104304
893,-1.7336999,-0.72953343,2 (Classical + Jazz),ballroom___ballroom_Media-104305
894,4.2411804,-7.760583,1 (Pop + Groove + Rock + Hip-Hop),ballroom___ballroom_Media-104306
895,-1.8057995,-0.68818617,2 (Classical + Jazz),ballroom___ballroom_Media-104307
896,-1.5802307,-0.27738923,2 (Classical + Jazz),ballroom___ballroom_Media-104308
897,-0.79217756,-0.39910313,1 (Pop + Groove + Rock + Hip-Hop),ballroom___ballroom_Media-104309
898,-0.9865918,-0.9029436,1 (Pop + Groove + Rock + Hip-Hop),ballroom___ballroom_Media-104314
899,-2.6765513,-0.5424994,2 (Classical + Jazz),ballroom___ballroom_Media-104315
900,5.7870393,-4.7975144,1 (Pop + Groove + Rock + Hip-Hop),ballroom___ballroom_Media-104316
901,-1.7454259,-0.62215745,2 (Classical + Jazz),ballroom___ballroom_Media-104317
902,-3.5196424,0.71079475,2 (Classical + Jazz),ballroom___ballroom_Media-104401
903,-5.9209185,0.4696976,2 (Classical + Jazz),ballroom___ballroom_Media-104402
904,-5.1520567,1.4765983,2 (Classical + Jazz),ballroom___ballroom_Media-104403
905,2.4282982,-7.5695553,1 (Pop + Groove + Rock + Hip-Hop),ballroom___ballroom_Media-104404
906,-2.9413176,-3.0918317,2 (Classical + Jazz),ballroom___ballroom_Media-104405
907,-2.1843002,-0.5349016,2 (Classical + Jazz),ballroom___ballroom_Media-104406
908,-3.438471,0.21873538,2 (Classical + Jazz),ballroom___ballroom_Media-104407
909,3.8133407,2.9061682,1 (Pop + Groove + Rock + Hip-Hop),ballroom___ballroom_Media-104408
910,-7.7211056,2.1257515,2 (Classical + Jazz),ballroom___ballroom_Media-104409
911,2.322595,-0.3638329,1 (Pop + Groove + Rock + Hip-Hop),ballroom___ballroom_Media-104415
912,5.871036,-3.840683,1 (Pop + Groove + Rock + Hip-Hop),ballroom___ballroom_Media-104416
913,-1.4025222,-0.9995094,2 (Classical + Jazz),ballroom___ballroom_Media-104417
914,-2.539138,-0.8097994,2 (Classical + Jazz),ballroom___ballroom_Media-104418
915,-7.233236,2.3745465,2 (Classical + Jazz),ballroom___ballroom_Media-104501
916,-6.655124,0.7016967,2 (Classical + Jazz),ballroom___ballroom_Media-104502
917,-10.175819,2.721848,2 (Classical + Jazz),ballroom___ballroom_Media-104503
918,-5.069257,2.5067973,2 (Classical + Jazz),ballroom___ballroom_Media-104504
919,2.12067,-8.330673,1 (Pop + Groove + Rock + Hip-Hop),ballroom___ballroom_Media-104505
920,3.2957048,-8.480567,1 (Pop + Groove + Rock + Hip-Hop),ballroom___ballroom_Media-104506
921,-6.688511,-2.5799658,2 (Classical + Jazz),ballroom___ballroom_Media-104507
922,-1.7438267,-1.0276918,2 (Classical + Jazz),ballroom___ballroom_Media-104508
923,5.641411,-5.9602056,1 (Pop + Groove + Rock + Hip-Hop),ballroom___ballroom_Media-104514
924,5.555362,-5.192492,1 (Pop + Groove + Rock + Hip-Hop),ballroom___ballroom_Media-104515
925,0.2426491,-0.989848,1 (Pop + Groove + Rock + Hip-Hop),ballroom___ballroom_Media-104516
926,-6.141155,1.1481836,2 (Classical + Jazz),ballroom___ballroom_Media-104601
927,-5.956246,1.0675083,2 (Classical + Jazz),ballroom___ballroom_Media-104602
928,-10.076189,2.897828,2 (Classical + Jazz),ballroom___ballroom_Media-104603
929,-4.793618,-0.015785355,2 (Classical + Jazz),ballroom___ballroom_Media-104604
930,-2.9395182,-11.333653,2 (Classical + Jazz),ballroom___ballroom_Media-104605
931,3.5324292,-7.439149,1 (Pop + Groove + Rock + Hip-Hop),ballroom___ballroom_Media-104606
932,-1.9319236,-1.1182429,2 (Classical + Jazz),ballroom___ballroom_Media-104607
933,-1.448891,1.1475815,1 (Pop + Groove + Rock + Hip-Hop),ballroom___ballroom_Media-104608
934,0.48589146,-0.88515884,1 (Pop + Groove + Rock + Hip-Hop),ballroom___ballroom_Media-104609
935,3.3175867,-4.6626463,1 (Pop + Groove + Rock + Hip-Hop),ballroom___ballroom_Media-104615
936,-0.7870066,-0.91713184,1 (Pop + Groove + Rock + Hip-Hop),ballroom___ballroom_Media-104616
937,-0.7790057,6.127114,1 (Pop + Groove + Rock + Hip-Hop),ballroom___ballroom_Media-104617
938,-6.090021,2.959047,2 (Classical + Jazz),ballroom___ballroom_Media-104618
939,-5.0109496,0.3798361,2 (Classical + Jazz),ballroom___ballroom_Media-104701
940,-4.43488,0.38350883,2 (Classical + Jazz),ballroom___ballroom_Media-104702
941,-6.9524636,2.1662042,2 (Classical + Jazz),ballroom___ballroom_Media-104703
942,-13.390256,-0.5462251,2 (Classical + Jazz),ballroom___ballroom_Media-104704
943,-1.4592073,-0.26347622,2 (Classical + Jazz),ballroom___ballroom_Media-104706
944,-10.198488,1.0784285,2 (Classical + Jazz),ballroom___ballroom_Media-104707
945,-1.931519,-0.79507154,2 (Classical + Jazz),ballroom___ballroom_Media-104708
946,3.1088438,-8.882228,1 (Pop + Groove + Rock + Hip-Hop),ballroom___ballroom_Media-104709
947,22.15402,8.161469,1 (Pop + Groove + Rock + Hip-Hop),ballroom___ballroom_Media-104710
948,-12.948246,-0.6053139,2 (Classical + Jazz),ballroom___ballroom_Media-104711
949,-10.186887,2.4418468,2 (Classical + Jazz),ballroom___ballroom_Media-104712
950,4.1543636,-6.6710806,1 (Pop + Groove + Rock + Hip-Hop),ballroom___ballroom_Media-104716
951,4.2027426,-8.11764,1 (Pop + Groove + Rock + Hip-Hop),ballroom___ballroom_Media-104717
952,-1.588171,-0.67453396,2 (Classical + Jazz),ballroom___ballroom_Media-104718
953,-10.289569,2.6063132,2 (Classical + Jazz),ballroom___ballroom_Media-104801
954,-7.49945,2.5742383,2 (Classical + Jazz),ballroom___ballroom_Media-104802
955,-9.936277,2.7523108,2 (Classical + Jazz),ballroom___ballroom_Media-104803
956,-9.959686,2.6667514,2 (Classical + Jazz),ballroom___ballroom_Media-104804
957,-10.199453,2.0650835,2 (Classical + Jazz),ballroom___ballroom_Media-104805
958,2.300415,-8.308584,1 (Pop + Groove + Rock + Hip-Hop),ballroom___ballroom_Media-104806
959,3.5550175,-8.405027,1 (Pop + Groove + Rock + Hip-Hop),ballroom___ballroom_Media-104807
960,-10.405884,0.17289926,2 (Classical + Jazz),ballroom___ballroom_Media-104808
961,-11.868668,0.17557606,2 (Classical + Jazz),ballroom___ballroom_Media-104809
962,-10.984304,2.1668339,2 (Classical + Jazz),ballroom___ballroom_Media-104810
963,-11.461768,-0.28760955,2 (Classical + Jazz),ballroom___ballroom_Media-104811
964,4.9218893,-7.125335,1 (Pop + Groove + Rock + Hip-Hop),ballroom___ballroom_Media-104815
965,15.845747,-2.219913,1 (Pop + Groove + Rock + Hip-Hop),ballroom___ballroom_Media-104816
966,-7.37045,1.6909225,2 (Classical + Jazz),ballroom___ballroom_Media-104901
967,-7.3020306,1.3504955,2 (Classical + Jazz),ballroom___ballroom_Media-104902
968,-5.8363914,0.7342765,2 (Classical + Jazz),ballroom___ballroom_Media-104903
969,-10.691915,1.5674326,2 (Classical + Jazz),ballroom___ballroom_Media-104904
970,-6.4637785,0.6433208,2 (Classical + Jazz),ballroom___ballroom_Media-104905
971,-10.654547,-0.7762833,2 (Classical + Jazz),ballroom___ballroom_Media-104906
972,-11.030974,0.14339696,2 (Classical + Jazz),ballroom___ballroom_Media-104907
973,-10.929462,2.0264761,2 (Classical + Jazz),ballroom___ballroom_Media-104908
974,-2.1031895,-0.10197294,2 (Classical + Jazz),ballroom___ballroom_Media-104909
975,5.8381658,-5.367732,1 (Pop + Groove + Rock + Hip-Hop),ballroom___ballroom_Media-104915
976,5.3841767,-6.623842,1 (Pop + Groove + Rock + Hip-Hop),ballroom___ballroom_Media-104916
977,12.755215,-4.532867,1 (Pop + Groove + Rock + Hip-Hop),ballroom___ballroom_Media-104917
978,-1.5930855,-1.18164,2 (Classical + Jazz),ballroom___ballroom_Media-104918
979,-11.868038,1.3342793,2 (Classical + Jazz),ballroom___ballroom_Media-105001
980,-5.6478066,0.86522746,2 (Classical + Jazz),ballroom___ballroom_Media-105002
981,-6.197405,1.0605879,2 (Classical + Jazz),ballroom___ballroom_Media-105003
982,-7.48164,1.487911,2 (Classical + Jazz),ballroom___ballroom_Media-105004
983,-3.508908,2.5172815,2 (Classical + Jazz),ballroom___ballroom_Media-105005
984,-8.302139,2.9827034,2 (Classical + Jazz),ballroom___ballroom_Media-105006
985,-9.591522,2.9803379,2 (Classical + Jazz),ballroom___ballroom_Media-105007
986,-9.694996,0.2869539,2 (Classical + Jazz),ballroom___ballroom_Media-105008
987,-9.983501,-0.1888071,2 (Classical + Jazz),ballroom___ballroom_Media-105009
988,-10.426565,2.3861284,2 (Classical + Jazz),ballroom___ballroom_Media-105010
989,3.839081,-8.411787,1 (Pop + Groove + Rock + Hip-Hop),ballroom___ballroom_Media-105011
990,4.9131317,-7.739638,1 (Pop + Groove + Rock + Hip-Hop),ballroom___ballroom_Media-105016
991,6.0262012,-5.6690946,1 (Pop + Groove + Rock + Hip-Hop),ballroom___ballroom_Media-105017
992,5.461454,-6.4536724,1 (Pop + Groove + Rock + Hip-Hop),ballroom___ballroom_Media-105018
993,5.8192096,-5.438568,1 (Pop + Groove + Rock + Hip-Hop),ballroom___ballroom_Media-105019
994,4.7843256,-6.9631066,1 (Pop + Groove + Rock + Hip-Hop),ballroom___ballroom_Media-105020
995,-6.064822,1.5395405,2 (Classical + Jazz),ballroom___ballroom_Media-105101
996,-13.282913,-0.75822866,2 (Classical + Jazz),ballroom___ballroom_Media-105102
997,-4.018739,2.3925447,2 (Classical + Jazz),ballroom___ballroom_Media-105103
998,-5.5166273,2.2533624,2 (Classical + Jazz),ballroom___ballroom_Media-105104
999,-9.165462,2.5469947,2 (Classical + Jazz),ballroom___ballroom_Media-105105
1000,-10.408629,2.574984,2 (Classical + Jazz),ballroom___ballroom_Media-105106
1001,3.5742207,-8.466903,1 (Pop + Groove + Rock + Hip-Hop),ballroom___ballroom_Media-105107
1002,2.3211834,-7.628841,1 (Pop + Groove + Rock + Hip-Hop),ballroom___ballroom_Media-105108
1003,3.226557,-8.501439,1 (Pop + Groove + Rock + Hip-Hop),ballroom___ballroom_Media-105109
1004,-4.5101886,0.9950357,2 (Classical + Jazz),ballroom___ballroom_Media-105110
1005,-10.007299,1.0120826,2 (Classical + Jazz),ballroom___ballroom_Media-105111
1006,-6.5692954,1.5723555,2 (Classical + Jazz),ballroom___ballroom_Media-105112
1007,6.470383,-4.3872204,1 (Pop + Groove + Rock + Hip-Hop),ballroom___ballroom_Media-105119
1008,5.9179344,-5.4186487,1 (Pop + Groove + Rock + Hip-Hop),ballroom___ballroom_Media-105120
1009,5.941679,-4.9952917,1 (Pop + Groove + Rock + Hip-Hop),ballroom___ballroom_Media-105121
1010,6.6687913,-4.3255806,1 (Pop + Groove + Rock + Hip-Hop),ballroom___ballroom_Media-105122
1011,0.044225883,-3.5567427,1 (Pop + Groove + Rock + Hip-Hop),ballroom___ballroom_Media-105207
1012,-7.074362,4.5888157,2 (Classical + Jazz),ballroom___ballroom_Media-105209
1013,-7.5957685,4.806106,2 (Classical + Jazz),ballroom___ballroom_Media-105210
1014,-7.6353083,4.8275876,2 (Classical + Jazz),ballroom___ballroom_Media-105211
1015,-12.777689,-2.0360332,2 (Classical + Jazz),ballroom___ballroom_Media-105212
1016,-5.755357,-0.2498431,2 (Classical + Jazz),ballroom___ballroom_Media-105213
1017,-6.4142914,-0.47894105,2 (Classical + Jazz),ballroom___ballroom_Media-105214
1018,-5.402281,-0.51811165,2 (Classical + Jazz),ballroom___ballroom_Media-105215
1019,-12.473014,2.0674663,2 (Classical + Jazz),ballroom___ballroom_Media-105301
1020,-6.481146,3.3072734,2 (Classical + Jazz),ballroom___ballroom_Media-105302
1021,-14.086801,-1.0631299,2 (Classical + Jazz),ballroom___ballroom_Media-105303
1022,-3.9587264,0.18026869,2 (Classical + Jazz),ballroom___ballroom_Media-105304
1023,3.2877464,-7.6899986,1 (Pop + Groove + Rock + Hip-Hop),ballroom___ballroom_Media-105305
1024,1.5511899,-7.4662585,1 (Pop + Groove + Rock + Hip-Hop),ballroom___ballroom_Media-105306
1025,-5.6387744,1.4564164,2 (Classical + Jazz),ballroom___ballroom_Media-105307
1026,-17.709612,-3.6734967,2 (Classical + Jazz),ballroom___ballroom_Media-105308
1027,-4.404927,3.6109111,2 (Classical + Jazz),ballroom___ballroom_Media-105309
1028,7.0378923,-4.039765,1 (Pop + Groove + Rock + Hip-Hop),ballroom___ballroom_Media-105313
1029,7.80146,-4.502584,1 (Pop + Groove + Rock + Hip-Hop),ballroom___ballroom_Media-105314
1030,5.8058047,-6.360623,1 (Pop + Groove + Rock + Hip-Hop),ballroom___ballroom_Media-105315
1031,-10.956867,1.7243491,2 (Classical + Jazz),ballroom___ballroom_Media-105316
1032,2.0812588,-7.6297407,1 (Pop + Groove + Rock + Hip-Hop),ballroom___ballroom_Media-105317
1033,-10.267349,2.0400417,2 (Classical + Jazz),ballroom___ballroom_Media-105318
1034,2.5496275,-7.1615357,1 (Pop + Groove + Rock + Hip-Hop),ballroom___ballroom_Media-105320
1035,8.788023,-5.957372,1 (Pop + Groove + Rock + Hip-Hop),ballroom___ballroom_Media-105401
1036,10.339824,-0.7244114,1 (Pop + Groove + Rock + Hip-Hop),ballroom___ballroom_Media-105402
1037,8.30038,-4.0204225,1 (Pop + Groove + Rock + Hip-Hop),ballroom___ballroom_Media-105403
1038,7.0705814,-2.9695106,1 (Pop + Groove + Rock + Hip-Hop),ballroom___ballroom_Media-105404
1039,10.192959,-1.1191226,1 (Pop + Groove + Rock + Hip-Hop),ballroom___ballroom_Media-105405
1040,8.10801,-6.6769433,1 (Pop + Groove + Rock + Hip-Hop),ballroom___ballroom_Media-105406
1041,6.5083294,-3.2992501,1 (Pop + Groove + Rock + Hip-Hop),ballroom___ballroom_Media-105407
1042,-6.4290624,3.0267177,2 (Classical + Jazz),ballroom___ballroom_Media-105408
1043,6.7216253,-2.544423,1 (Pop + Groove + Rock + Hip-Hop),ballroom___ballroom_Media-105409
1044,-4.717094,1.3148178,2 (Classical + Jazz),ballroom___ballroom_Media-105410
1045,-6.034006,2.285477,2 (Classical + Jazz),ballroom___ballroom_Media-105411
1046,4.1897545,3.7211032,1 (Pop + Groove + Rock + Hip-Hop),ballroom___ballroom_Media-105412
1047,5.3177323,3.7822404,1 (Pop + Groove + Rock + Hip-Hop),ballroom___ballroom_Media-105413
1048,10.063353,-2.8410306,1 (Pop + Groove + Rock + Hip-Hop),ballroom___ballroom_Media-105414
1049,7.1373506,2.1661942,1 (Pop + Groove + Rock + Hip-Hop),ballroom___ballroom_Media-105415
1050,7.9282465,-5.0000997,1 (Pop + Groove + Rock + Hip-Hop),ballroom___ballroom_Media-105416
1051,9.560494,-1.8929683,1 (Pop + Groove + Rock + Hip-Hop),ballroom___ballroom_Media-105417
1052,-9.036281,3.262792,2 (Classical + Jazz),ballroom___ballroom_Media-105418
1053,-9.484237,2.0256176,2 (Classical + Jazz),ballroom___ballroom_Media-105419
1054,8.483291,-2.7738855,1 (Pop + Groove + Rock + Hip-Hop),ballroom___ballroom_Media-105420
1055,-12.206029,2.8872814,2 (Classical + Jazz),ballroom___ballroom_Media-105501
1056,-8.913971,4.297726,2 (Classical + Jazz),ballroom___ballroom_Media-105502
1057,-4.9445434,1.8399466,2 (Classical + Jazz),ballroom___ballroom_Media-105503
1058,-11.989036,1.452752,2 (Classical + Jazz),ballroom___ballroom_Media-105504
1059,3.0851214,-8.543386,1 (Pop + Groove + Rock + Hip-Hop),ballroom___ballroom_Media-105505
1060,-11.211372,0.13758563,2 (Classical + Jazz),ballroom___ballroom_Media-105506
1061,2.5114002,-8.507983,1 (Pop + Groove + Rock + Hip-Hop),ballroom___ballroom_Media-105507
1062,3.4581728,-8.5531435,1 (Pop + Groove + Rock + Hip-Hop),ballroom___ballroom_Media-105508
1063,-13.089062,2.3176582,2 (Classical + Jazz),ballroom___ballroom_Media-105509
1064,-11.062134,1.0865587,2 (Classical + Jazz),ballroom___ballroom_Media-105510
1065,-11.490867,2.3495712,2 (Classical + Jazz),ballroom___ballroom_Media-105511
1066,4.3571825,-7.273989,1 (Pop + Groove + Rock + Hip-Hop),ballroom___ballroom_Media-105516
1067,6.611652,-6.1755905,1 (Pop + Groove + Rock + Hip-Hop),ballroom___ballroom_Media-105517
1068,6.69039,-4.441228,1 (Pop + Groove + Rock + Hip-Hop),ballroom___ballroom_Media-105518
1069,7.710265,-5.9865446,1 (Pop + Groove + Rock + Hip-Hop),ballroom___ballroom_Media-105601
1070,7.81175,-6.286919,1 (Pop + Groove + Rock + Hip-Hop),ballroom___ballroom_Media-105602
1071,7.4732985,-5.758288,1 (Pop + Groove + Rock + Hip-Hop),ballroom___ballroom_Media-105603
1072,7.8762193,-5.941195,1 (Pop + Groove + Rock + Hip-Hop),ballroom___ballroom_Media-105604
1073,9.27723,1.0389345,1 (Pop + Groove + Rock + Hip-Hop),ballroom___ballroom_Media-105605
1074,8.713272,-5.909754,1 (Pop + Groove + Rock + Hip-Hop),ballroom___ballroom_Media-105606
1075,13.561753,1.0645112,1 (Pop + Groove + Rock + Hip-Hop),ballroom___ballroom_Media-105607
1076,14.281447,0.38610378,1 (Pop + Groove + Rock + Hip-Hop),ballroom___ballroom_Media-105608
1077,13.542705,0.38923052,1 (Pop + Groove + Rock + Hip-Hop),ballroom___ballroom_Media-105609
1078,11.625361,-6.6204414,1 (Pop + Groove + Rock + Hip-Hop),ballroom___ballroom_Media-105611
1079,6.929342,-2.9469917,1 (Pop + Groove + Rock + Hip-Hop),ballroom___ballroom_Media-105612
1080,6.4906306,-2.4888515,1 (Pop + Groove + Rock + Hip-Hop),ballroom___ballroom_Media-105613
1081,6.9065123,-3.53575,1 (Pop + Groove + Rock + Hip-Hop),ballroom___ballroom_Media-105614
1082,6.041425,-2.7652483,1 (Pop + Groove + Rock + Hip-Hop),ballroom___ballroom_Media-105615
1083,-11.875179,1.4584602,2 (Classical + Jazz),ballroom___ballroom_Media-105701
1084,-5.849875,2.5825667,2 (Classical + Jazz),ballroom___ballroom_Media-105702
1085,-6.6938405,5.2893844,2 (Classical + Jazz),ballroom___ballroom_Media-105703
1086,-12.91788,3.2140121,2 (Classical + Jazz),ballroom___ballroom_Media-105704
1087,1.7651021,-7.843859,1 (Pop + Groove + Rock + Hip-Hop),ballroom___ballroom_Media-105705
1088,2.2710023,-7.3860273,1 (Pop + Groove + Rock + Hip-Hop),ballroom___ballroom_Media-105706
1089,4.8376923,-8.291746,1 (Pop + Groove + Rock + Hip-Hop),ballroom___ballroom_Media-105707
1090,-10.805838,1.7003894,2 (Classical + Jazz),ballroom___ballroom_Media-105708
1091,-9.742159,1.8885808,2 (Classical + Jazz),ballroom___ballroom_Media-105709
1092,-10.785494,1.9602504,2 (Classical + Jazz),ballroom___ballroom_Media-105710
1093,4.8925123,-6.63897,1 (Pop + Groove + Rock + Hip-Hop),ballroom___ballroom_Media-105715
1094,8.916995,-3.9166098,1 (Pop + Groove + Rock + Hip-Hop),ballroom___ballroom_Media-105716
1095,5.3254447,-7.136618,1 (Pop + Groove + Rock + Hip-Hop),ballroom___ballroom_Media-105717
1096,-6.55246,2.598035,2 (Classical + Jazz),ballroom___ballroom_Media-105801
1097,-11.424342,2.6842806,2 (Classical + Jazz),ballroom___ballroom_Media-105802
1098,-6.9767327,1.3365476,2 (Classical + Jazz),ballroom___ballroom_Media-105803
1099,-11.326079,0.70919913,2 (Classical + Jazz),ballroom___ballroom_Media-105804
1100,-12.027049,1.7653004,2 (Classical + Jazz),ballroom___ballroom_Media-105805
1101,3.857136,-7.4826717,1 (Pop + Groove + Rock + Hip-Hop),ballroom___ballroom_Media-105806
1102,-10.171534,0.118170924,2 (Classical + Jazz),ballroom___ballroom_Media-105807
1103,-10.054609,0.7870417,2 (Classical + Jazz),ballroom___ballroom_Media-105808
1104,-12.465474,2.841073,2 (Classical + Jazz),ballroom___ballroom_Media-105809
1105,-3.0633514,0.10247635,2 (Classical + Jazz),ballroom___ballroom_Media-105810
1106,-11.690644,0.6607171,2 (Classical + Jazz),ballroom___ballroom_Media-105811
1107,-7.1181273,1.5482274,2 (Classical + Jazz),ballroom___ballroom_Media-105812
1108,5.088296,-7.09523,1 (Pop + Groove + Rock + Hip-Hop),ballroom___ballroom_Media-105816
1109,4.90501,-7.077774,1 (Pop + Groove + Rock + Hip-Hop),ballroom___ballroom_Media-105817
1110,6.3470488,-5.475407,1 (Pop + Groove + Rock + Hip-Hop),ballroom___ballroom_Media-105818
1111,5.213226,-6.8873987,1 (Pop + Groove + Rock + Hip-Hop),ballroom___ballroom_Media-105819
1112,5.0945396,-7.104027,1 (Pop + Groove + Rock + Hip-Hop),ballroom___ballroom_Media-105820
1113,-10.737498,2.488179,2 (Classical + Jazz),ballroom___ballroom_Media-105901
1114,-6.7801313,-1.1173106,2 (Classical + Jazz),ballroom___ballroom_Media-105902
1115,1.6812433,-7.909272,1 (Pop + Groove + Rock + Hip-Hop),ballroom___ballroom_Media-105903
1116,3.2157757,-8.696945,1 (Pop + Groove + Rock + Hip-Hop),ballroom___ballroom_Media-105904
1117,-5.103268,-4.808418,2 (Classical + Jazz),ballroom___ballroom_Media-105905
1118,2.897944,-8.730607,1 (Pop + Groove + Rock + Hip-Hop),ballroom___ballroom_Media-105906
1119,3.6086557,-8.401109,1 (Pop + Groove + Rock + Hip-Hop),ballroom___ballroom_Media-105907
1120,5.4604597,-4.6464252,1 (Pop + Groove + Rock + Hip-Hop),ballroom___ballroom_Media-105911
1121,4.3926816,-7.519968,1 (Pop + Groove + Rock + Hip-Hop),ballroom___ballroom_Media-105912
1122,4.2940545,-7.593279,1 (Pop + Groove + Rock + Hip-Hop),ballroom___ballroom_Media-105913
1123,5.307335,-5.6599336,1 (Pop + Groove + Rock + Hip-Hop),ballroom___ballroom_Media-105914
1124,14.517539,0.023511551,1 (Pop + Groove + Rock + Hip-Hop),ballroom___ballroom_Media-106001
1125,10.080106,-1.1097159,1 (Pop + Groove + Rock + Hip-Hop),ballroom___ballroom_Media-106002
1126,8.995969,-5.1174107,1 (Pop + Groove + Rock + Hip-Hop),ballroom___ballroom_Media-106003
1127,14.2468815,0.4968358,1 (Pop + Groove + Rock + Hip-Hop),ballroom___ballroom_Media-106004
1128,7.0843463,-5.5497365,1 (Pop + Groove + Rock + Hip-Hop),ballroom___ballroom_Media-106005
1129,7.4194098,-5.318311,1 (Pop + Groove + Rock + Hip-Hop),ballroom___ballroom_Media-106006
1130,7.821498,-6.27927,1 (Pop + Groove + Rock + Hip-Hop),ballroom___ballroom_Media-106007
1131,5.627016,-6.695357,1 (Pop + Groove + Rock + Hip-Hop),ballroom___ballroom_Media-106008
1132,6.3223033,-2.0626159,1 (Pop + Groove + Rock + Hip-Hop),ballroom___ballroom_Media-106009
1133,-6.6219406,3.5739558,2 (Classical + Jazz),ballroom___ballroom_Media-106010
1134,-6.0143795,1.8758569,2 (Classical + Jazz),ballroom___ballroom_Media-106011
1135,-10.516805,1.6526752,2 (Classical + Jazz),ballroom___ballroom_Media-106012
1136,8.474801,0.966016,1 (Pop + Groove + Rock + Hip-Hop),ballroom___ballroom_Media-106015
1137,6.61545,-5.3729863,1 (Pop + Groove + Rock + Hip-Hop),ballroom___ballroom_Media-106016
1138,14.191,0.37078857,1 (Pop + Groove + Rock + Hip-Hop),ballroom___ballroom_Media-106017
1139,7.4293466,-5.551234,1 (Pop + Groove + Rock + Hip-Hop),ballroom___ballroom_Media-106101
1140,11.391978,-1.5921668,1 (Pop + Groove + Rock + Hip-Hop),ballroom___ballroom_Media-106102
1141,9.260575,-3.0431871,1 (Pop + Groove + Rock + Hip-Hop),ballroom___ballroom_Media-106103
1142,6.61545,-0.33384734,1 (Pop + Groove + Rock + Hip-Hop),ballroom___ballroom_Media-106104
1143,5.340193,-5.646796,1 (Pop + Groove + Rock + Hip-Hop),ballroom___ballroom_Media-106105
1144,9.590694,-4.7183104,1 (Pop + Groove + Rock + Hip-Hop),ballroom___ballroom_Media-106106
1145,14.333487,0.8443699,1 (Pop + Groove + Rock + Hip-Hop),ballroom___ballroom_Media-106107
1146,8.949026,-5.2826767,1 (Pop + Groove + Rock + Hip-Hop),ballroom___ballroom_Media-106108
1147,14.019632,1.0135856,1 (Pop + Groove + Rock + Hip-Hop),ballroom___ballroom_Media-106109
1148,-8.262022,3.375122,2 (Classical + Jazz),ballroom___ballroom_Media-106110
1149,-2.9173164,-0.24554618,2 (Classical + Jazz),ballroom___ballroom_Media-106111
1150,2.838323,-4.4128327,1 (Pop + Groove + Rock + Hip-Hop),ballroom___ballroom_Media-106112
1151,-6.311601,2.3082511,2 (Classical + Jazz),ballroom___ballroom_Media-106113
1152,8.282347,1.1468384,1 (Pop + Groove + Rock + Hip-Hop),ballroom___ballroom_Media-106114
1153,9.367439,3.003164,1 (Pop + Groove + Rock + Hip-Hop),ballroom___ballroom_Media-106115
1154,7.1737013,2.173223,1 (Pop + Groove + Rock + Hip-Hop),ballroom___ballroom_Media-106116
1155,0.09687703,8.1862,1 (Pop + Groove + Rock + Hip-Hop),ballroom___ballroom_Media-106117
1156,6.077229,-4.175038,1 (Pop + Groove + Rock + Hip-Hop),ballroom___ballroom_Media-106118
1157,-5.564008,1.3668454,2 (Classical + Jazz),ballroom___ballroom_Media-106119
1158,7.5678983,5.225937,1 (Pop + Groove + Rock + Hip-Hop),beatles___beatles_01_Please_Please_Me_01_I_Saw_Her_Standing_There
1159,3.2239208,2.4243126,1 (Pop + Groove + Rock + Hip-Hop),beatles___beatles_01_Please_Please_Me_02_Misery
1160,1.8730887,3.2418137,1 (Pop + Groove + Rock + Hip-Hop),beatles___beatles_01_Please_Please_Me_03_Anna_(Go_To_Him)
1161,2.6210341,2.7568324,1 (Pop + Groove + Rock + Hip-Hop),beatles___beatles_01_Please_Please_Me_04_Chains
1162,3.8285768,3.3147042,1 (Pop + Groove + Rock + Hip-Hop),beatles___beatles_01_Please_Please_Me_05_Boys
1163,-1.42877,4.13245,1 (Pop + Groove + Rock + Hip-Hop),beatles___beatles_01_Please_Please_Me_06_Ask_Me_Why
1164,7.3065557,5.715399,1 (Pop + Groove + Rock + Hip-Hop),beatles___beatles_01_Please_Please_Me_07_Please_Please_Me
1165,0.3276211,4.18131,1 (Pop + Groove + Rock + Hip-Hop),beatles___beatles_01_Please_Please_Me_08_Love_Me_Do
1166,2.0952804,3.8865743,1 (Pop + Groove + Rock + Hip-Hop),beatles___beatles_01_Please_Please_Me_09_P_S_I_Love_You
1167,1.2006398,3.573427,1 (Pop + Groove + Rock + Hip-Hop),beatles___beatles_01_Please_Please_Me_10_Baby_Its_You
1168,0.7817679,2.889468,1 (Pop + Groove + Rock + Hip-Hop),beatles___beatles_01_Please_Please_Me_11_Do_You_Want_To_Know_A_Secret
1169,-0.7890654,4.128636,1 (Pop + Groove + Rock + Hip-Hop),beatles___beatles_01_Please_Please_Me_12_A_Taste_Of_Honey
1170,7.0217524,4.904399,1 (Pop + Groove + Rock + Hip-Hop),beatles___beatles_01_Please_Please_Me_13_Theres_A_Place
1171,3.2134647,0.5330068,1 (Pop + Groove + Rock + Hip-Hop),beatles___beatles_01_Please_Please_Me_14_Twist_And_Shout
1172,6.658752,3.9788105,1 (Pop + Groove + Rock + Hip-Hop),beatles___beatles_02_With_the_Beatles_01_It_Wont_Be_Long
1173,2.9450963,-0.15982455,1 (Pop + Groove + Rock + Hip-Hop),beatles___beatles_02_With_the_Beatles_02_All_Ive_Got_To_Do
1174,-2.0712168,-3.2411354,2 (Classical + Jazz),beatles___beatles_02_With_the_Beatles_03_All_My_Loving
1175,3.7710755,1.6247649,1 (Pop + Groove + Rock + Hip-Hop),beatles___beatles_02_With_the_Beatles_04_Dont_Bother_Me
1176,6.306232,4.8337874,1 (Pop + Groove + Rock + Hip-Hop),beatles___beatles_02_With_the_Beatles_05_Little_Child
1177,-0.050013073,0.28814074,1 (Pop + Groove + Rock + Hip-Hop),beatles___beatles_02_With_the_Beatles_06_Till_There_Was_You
1178,7.250814,5.5251284,1 (Pop + Groove + Rock + Hip-Hop),beatles___beatles_02_With_the_Beatles_07_Please_Mister_Postman
1179,7.1176744,4.806043,1 (Pop + Groove + Rock + Hip-Hop),beatles___beatles_02_With_the_Beatles_08_Roll_Over_Beethoven
1180,3.915417,3.2488728,1 (Pop + Groove + Rock + Hip-Hop),beatles___beatles_02_With_the_Beatles_09_Hold_Me_Tight
1181,-2.1602848,-2.9426105,2 (Classical + Jazz),beatles___beatles_02_With_the_Beatles_10_You_Really_Got_A_Hold_On_Me
1182,4.0818725,0.1999308,1 (Pop + Groove + Rock + Hip-Hop),beatles___beatles_02_With_the_Beatles_11_I_Wanna_Be_Your_Man
1183,4.622596,-0.8301462,1 (Pop + Groove + Rock + Hip-Hop),beatles___beatles_02_With_the_Beatles_12_Devil_In_Her_Heart
1184,3.6369488,0.9795759,1 (Pop + Groove + Rock + Hip-Hop),beatles___beatles_02_With_the_Beatles_13_Not_A_Second_Time
1185,3.1670475,3.6776676,1 (Pop + Groove + Rock + Hip-Hop),beatles___beatles_02_With_the_Beatles_14_Money
1186,4.3542256,2.7637753,1 (Pop + Groove + Rock + Hip-Hop),beatles___beatles_03_A_Hard_Days_Night_01_A_Hard_Days_Night
1187,3.9452176,2.4141781,1 (Pop + Groove + Rock + Hip-Hop),beatles___beatles_03_A_Hard_Days_Night_02_I_Should_Have_Known_Better
1188,2.5026965,2.9445498,1 (Pop + Groove + Rock + Hip-Hop),beatles___beatles_03_A_Hard_Days_Night_03_If_I_Fell
1189,4.3203325,-1.9479092,1 (Pop + Groove + Rock + Hip-Hop),beatles___beatles_03_A_Hard_Days_Night_04_Im_Happy_Just_To_Dance_With_You
1190,-0.6184106,1.2747725,1 (Pop + Groove + Rock + Hip-Hop),beatles___beatles_03_A_Hard_Days_Night_05_And_I_Love_Her
1191,7.1115265,5.723071,1 (Pop + Groove + Rock + Hip-Hop),beatles___beatles_03_A_Hard_Days_Night_06_Tell_Me_Why
1192,6.4217906,2.5425198,1 (Pop + Groove + Rock + Hip-Hop),beatles___beatles_03_A_Hard_Days_Night_07_Cant_Buy_Me_Love
1193,5.7317996,3.5321321,1 (Pop + Groove + Rock + Hip-Hop),beatles___beatles_03_A_Hard_Days_Night_08_Any_Time_At_All
1194,4.8889403,2.9523365,1 (Pop + Groove + Rock + Hip-Hop),beatles___beatles_03_A_Hard_Days_Night_09_Ill_Cry_Instead
1195,2.179332,2.5260372,1 (Pop + Groove + Rock + Hip-Hop),beatles___beatles_03_A_Hard_Days_Night_10_Things_We_Said_Today
1196,4.1916394,3.0483613,1 (Pop + Groove + Rock + Hip-Hop),beatles___beatles_03_A_Hard_Days_Night_11_When_I_Get_Home
1197,4.287835,1.3778659,1 (Pop + Groove + Rock + Hip-Hop),beatles___beatles_03_A_Hard_Days_Night_12_You_Cant_Do_That
1198,3.7610176,2.5087483,1 (Pop + Groove + Rock + Hip-Hop),beatles___beatles_03_A_Hard_Days_Night_13_Ill_Be_Back
1199,2.660447,2.9429166,1 (Pop + Groove + Rock + Hip-Hop),beatles___beatles_04_Beatles_for_Sale_01_No_Reply
1200,4.11383,2.8822715,1 (Pop + Groove + Rock + Hip-Hop),beatles___beatles_04_Beatles_for_Sale_02_Im_a_Loser
1201,0.58147705,3.292864,1 (Pop + Groove + Rock + Hip-Hop),beatles___beatles_04_Beatles_for_Sale_03_Babys_In_Black
1202,8.078083,5.57436,1 (Pop + Groove + Rock + Hip-Hop),beatles___beatles_04_Beatles_for_Sale_04_Rock_and_Roll_Music
1203,-1.6641862,1.3080982,2 (Classical + Jazz),beatles___beatles_04_Beatles_for_Sale_05_Ill_Follow_the_Sun
1204,-2.155226,-2.688915,2 (Classical + Jazz),beatles___beatles_04_Beatles_for_Sale_06_Mr_Moonlight
1205,2.2404032,8.3448715,1 (Pop + Groove + Rock + Hip-Hop),beatles___beatles_04_Beatles_for_Sale_07_Kansas_City-_Hey_Hey_Hey_Hey
1206,4.1423125,2.8353524,1 (Pop + Groove + Rock + Hip-Hop),beatles___beatles_04_Beatles_for_Sale_08_Eight_Days_a_Week
1207,-1.4415879,6.927466,1 (Pop + Groove + Rock + Hip-Hop),beatles___beatles_04_Beatles_for_Sale_09_Words_of_Love
1208,1.0054845,1.7541614,1 (Pop + Groove + Rock + Hip-Hop),beatles___beatles_04_Beatles_for_Sale_10_Honey_Dont
1209,1.0419176,3.4936092,1 (Pop + Groove + Rock + Hip-Hop),beatles___beatles_04_Beatles_for_Sale_11_Every_Little_Thing
1210,2.7025557,3.3997593,1 (Pop + Groove + Rock + Hip-Hop),beatles___beatles_04_Beatles_for_Sale_12_I_Dont_Want_to_Spoil_the_Party
1211,2.4299808,3.731856,1 (Pop + Groove + Rock + Hip-Hop),beatles___beatles_04_Beatles_for_Sale_13_What_Youre_Doing
1212,3.4646432,3.379302,1 (Pop + Groove + Rock + Hip-Hop),beatles___beatles_04_Beatles_for_Sale_14_Everybodys_Trying_to_Be_My_Baby
1213,2.0549264,0.88535565,1 (Pop + Groove + Rock + Hip-Hop),beatles___beatles_05_Help_01_Help
1214,4.464834,3.650867,1 (Pop + Groove + Rock + Hip-Hop),beatles___beatles_05_Help_02_The_Night_Before
1215,-0.6868592,2.0776808,1 (Pop + Groove + Rock + Hip-Hop),beatles___beatles_05_Help_03_Youve_Got_To_Hide_Your_Love_Away
1216,0.52259564,1.954603,1 (Pop + Groove + Rock + Hip-Hop),beatles___beatles_05_Help_04_I_Need_You
1217,0.85001653,3.7857866,1 (Pop + Groove + Rock + Hip-Hop),beatles___beatles_05_Help_05_Another_Girl
1218,1.7947497,3.0046055,1 (Pop + Groove + Rock + Hip-Hop),beatles___beatles_05_Help_06_Youre_Going_To_Lose_That_Girl
1219,1.1067762,3.8521879,1 (Pop + Groove + Rock + Hip-Hop),beatles___beatles_05_Help_07_Ticket_To_Ride
1220,-0.2627175,3.024484,1 (Pop + Groove + Rock + Hip-Hop),beatles___beatles_05_Help_08_Act_Naturally
1221,-0.31301922,1.4819168,1 (Pop + Groove + Rock + Hip-Hop),beatles___beatles_05_Help_09_Its_Only_Love
1222,0.05982203,1.8201436,1 (Pop + Groove + Rock + Hip-Hop),beatles___beatles_05_Help_10_You_Like_Me_Too_Much
1223,0.15159526,1.206771,1 (Pop + Groove + Rock + Hip-Hop),beatles___beatles_05_Help_11_Tell_Me_What_You_See
1224,1.3131635,2.6897452,1 (Pop + Groove + Rock + Hip-Hop),beatles___beatles_05_Help_12_Ive_Just_Seen_a_Face
1225,-5.6054134,0.44216418,2 (Classical + Jazz),beatles___beatles_05_Help_13_Yesterday
1226,7.7673626,5.8239512,1 (Pop + Groove + Rock + Hip-Hop),beatles___beatles_05_Help_14_Dizzy_Miss_Lizzy
1227,1.8678826,-0.6006298,1 (Pop + Groove + Rock + Hip-Hop),beatles___beatles_06_Rubber_Soul_01_Drive_My_Car
1228,-0.81216514,3.3607025,1 (Pop + Groove + Rock + Hip-Hop),beatles___beatles_06_Rubber_Soul_02_Norwegian_Wood_(This_Bird_Has_Flown)
1229,1.7368573,3.180731,1 (Pop + Groove + Rock + Hip-Hop),beatles___beatles_06_Rubber_Soul_03_You_Wont_See_Me
1230,1.4798915,3.2169554,1 (Pop + Groove + Rock + Hip-Hop),beatles___beatles_06_Rubber_Soul_04_Nowhere_Man
1231,3.6407409,-0.0032300956,1 (Pop + Groove + Rock + Hip-Hop),beatles___beatles_06_Rubber_Soul_05_Think_For_Yourself
1232,3.3332837,-0.58486307,1 (Pop + Groove + Rock + Hip-Hop),beatles___beatles_06_Rubber_Soul_06_The_Word
1233,-3.0639093,1.1924912,2 (Classical + Jazz),beatles___beatles_06_Rubber_Soul_07_Michelle
1234,6.427966,-4.275336,1 (Pop + Groove + Rock + Hip-Hop),beatles___beatles_06_Rubber_Soul_08_What_Goes_On
1235,-0.75664866,0.5166627,1 (Pop + Groove + Rock + Hip-Hop),beatles___beatles_06_Rubber_Soul_09_Girl
1236,0.34385818,2.1869674,1 (Pop + Groove + Rock + Hip-Hop),beatles___beatles_06_Rubber_Soul_10_Im_Looking_Through_You
1237,-1.1980563,-0.22942004,2 (Classical + Jazz),beatles___beatles_06_Rubber_Soul_11_In_My_Life
1238,-1.0703584,-2.348562,2 (Classical + Jazz),beatles___beatles_06_Rubber_Soul_12_Wait
1239,1.8561431,3.2047246,1 (Pop + Groove + Rock + Hip-Hop),beatles___beatles_06_Rubber_Soul_13_If_I_Needed_Someone
1240,1.4082423,-0.08478966,1 (Pop + Groove + Rock + Hip-Hop),beatles___beatles_06_Rubber_Soul_14_Run_For_Your_Life
1241,3.788927,-0.53347814,1 (Pop + Groove + Rock + Hip-Hop),beatles___beatles_07_Revolver_01_Taxman
1242,-3.1733108,-3.0252273,2 (Classical + Jazz),beatles___beatles_07_Revolver_02_Eleanor_Rigby
1243,0.80906296,3.9561195,1 (Pop + Groove + Rock + Hip-Hop),beatles___beatles_07_Revolver_03_Im_Only_Sleeping
1244,-0.9451754,7.7359858,1 (Pop + Groove + Rock + Hip-Hop),beatles___beatles_07_Revolver_04_Love_You_To
1245,-5.7951455,0.089967035,2 (Classical + Jazz),beatles___beatles_07_Revolver_05_Here_There_And_Everywhere
1246,0.71206295,3.3426557,1 (Pop + Groove + Rock + Hip-Hop),beatles___beatles_07_Revolver_06_Yellow_Submarine
1247,1.523979,4.397776,1 (Pop + Groove + Rock + Hip-Hop),beatles___beatles_07_Revolver_07_She_Said_She_Said
1248,-3.0150242,-3.551582,2 (Classical + Jazz),beatles___beatles_07_Revolver_08_Good_Day_Sunshine
1249,7.7896776,5.8455353,1 (Pop + Groove + Rock + Hip-Hop),beatles___beatles_07_Revolver_09_And_Your_Bird_Can_Sing
1250,-0.6899016,2.6758173,1 (Pop + Groove + Rock + Hip-Hop),beatles___beatles_07_Revolver_10_For_No_One
1251,1.0197022,8.188817,1 (Pop + Groove + Rock + Hip-Hop),beatles___beatles_07_Revolver_11_Doctor_Robert
1252,0.31415996,4.9783616,1 (Pop + Groove + Rock + Hip-Hop),beatles___beatles_07_Revolver_12_I_Want_To_Tell_You
1253,3.9739783,-1.393113,1 (Pop + Groove + Rock + Hip-Hop),beatles___beatles_07_Revolver_13_Got_To_Get_You_Into_My_Life
1254,6.6654816,5.002015,1 (Pop + Groove + Rock + Hip-Hop),beatles___beatles_07_Revolver_14_Tomorrow_Never_Knows
1255,-0.8104423,-2.903709,2 (Classical + Jazz),beatles___beatles_08_Sgt_Peppers_Lonely_Hearts_Club_Band_01_Sgt_Peppers_Lonely_Hearts_Club_Band
1256,0.64003325,3.9939213,1 (Pop + Groove + Rock + Hip-Hop),beatles___beatles_08_Sgt_Peppers_Lonely_Hearts_Club_Band_02_With_A_Little_Help_From_My_Friends
1257,-1.4723014,0.6620867,2 (Classical + Jazz),beatles___beatles_08_Sgt_Peppers_Lonely_Hearts_Club_Band_03_Lucy_In_The_Sky_With_Diamonds
1258,2.8983836,-0.78708476,1 (Pop + Groove + Rock + Hip-Hop),beatles___beatles_08_Sgt_Peppers_Lonely_Hearts_Club_Band_04_Getting_Better
1259,0.6680609,4.4327703,1 (Pop + Groove + Rock + Hip-Hop),beatles___beatles_08_Sgt_Peppers_Lonely_Hearts_Club_Band_05_Fixing_A_Hole
1260,-5.780578,0.5674303,2 (Classical + Jazz),beatles___beatles_08_Sgt_Peppers_Lonely_Hearts_Club_Band_06_Shes_Leaving_Home
1261,-3.3302853,7.464489,2 (Classical + Jazz),beatles___beatles_08_Sgt_Peppers_Lonely_Hearts_Club_Band_07_Being_For_The_Benefit_Of_Mr_Kite
1262,0.93542486,-3.4918807,1 (Pop + Groove + Rock + Hip-Hop),beatles___beatles_08_Sgt_Peppers_Lonely_Hearts_Club_Band_08_Within_You_Without_You
1263,-3.7703867,-1.4735042,2 (Classical + Jazz),beatles___beatles_08_Sgt_Peppers_Lonely_Hearts_Club_Band_09_When_Im_Sixty-Four
1264,2.536381,0.18959883,1 (Pop + Groove + Rock + Hip-Hop),beatles___beatles_08_Sgt_Peppers_Lonely_Hearts_Club_Band_10_Lovely_Rita
1265,9.876658,6.8368096,1 (Pop + Groove + Rock + Hip-Hop),beatles___beatles_08_Sgt_Peppers_Lonely_Hearts_Club_Band_11_Good_Morning_Good_Morning
1266,2.6064656,2.2811425,1 (Pop + Groove + Rock + Hip-Hop),beatles___beatles_08_Sgt_Peppers_Lonely_Hearts_Club_Band_12_Sgt_Peppers_Lonely_Hearts_Club_Band_(Reprise)
1267,0.3531177,0.2595077,1 (Pop + Groove + Rock + Hip-Hop),beatles___beatles_08_Sgt_Peppers_Lonely_Hearts_Club_Band_13_A_Day_In_The_Life
1268,1.7811953,4.449171,1 (Pop + Groove + Rock + Hip-Hop),beatles___beatles_09_Magical_Mystery_Tour_01_Magical_Mystery_Tour
1269,-3.1586208,-3.3145359,2 (Classical + Jazz),beatles___beatles_09_Magical_Mystery_Tour_02_The_Fool_On_The_Hill
1270,-0.4370991,4.781159,1 (Pop + Groove + Rock + Hip-Hop),beatles___beatles_09_Magical_Mystery_Tour_03_Flying
1271,1.4778106,7.9502673,1 (Pop + Groove + Rock + Hip-Hop),beatles___beatles_09_Magical_Mystery_Tour_04_Blue_Jay_Way
1272,0.64464456,3.6540759,1 (Pop + Groove + Rock + Hip-Hop),beatles___beatles_09_Magical_Mystery_Tour_05_Your_Mother_Should_Know
1273,-5.6053286,1.9533579,2 (Classical + Jazz),beatles___beatles_09_Magical_Mystery_Tour_06_I_Am_The_Walrus
1274,1.709904,3.6861506,1 (Pop + Groove + Rock + Hip-Hop),beatles___beatles_09_Magical_Mystery_Tour_07_Hello_Goodbye
1275,-8.504612,-1.6405402,2 (Classical + Jazz),beatles___beatles_09_Magical_Mystery_Tour_08_Strawberry_Fields_Forever
1276,0.124403045,4.2647233,1 (Pop + Groove + Rock + Hip-Hop),beatles___beatles_09_Magical_Mystery_Tour_09_Penny_Lane
1277,0.7625316,0.087471865,1 (Pop + Groove + Rock + Hip-Hop),beatles___beatles_09_Magical_Mystery_Tour_10_Baby_Youre_A_Rich_Man
1278,0.518197,3.6895082,1 (Pop + Groove + Rock + Hip-Hop),beatles___beatles_09_Magical_Mystery_Tour_11_All_You_Need_Is_Love
1279,7.377262,5.159839,1 (Pop + Groove + Rock + Hip-Hop),beatles___beatles_10_CD1_The_Beatles_01_Back_in_the_USSR
1280,-1.9441648,0.8851563,2 (Classical + Jazz),beatles___beatles_10_CD1_The_Beatles_02_Dear_Prudence
1281,0.6906752,8.456214,1 (Pop + Groove + Rock + Hip-Hop),beatles___beatles_10_CD1_The_Beatles_03_Glass_Onion
1282,3.3030925,-0.2941318,1 (Pop + Groove + Rock + Hip-Hop),beatles___beatles_10_CD1_The_Beatles_04_Ob-La-Di_Ob-La-Da
1283,-0.05144452,-2.4758818,1 (Pop + Groove + Rock + Hip-Hop),beatles___beatles_10_CD1_The_Beatles_05_Wild_Honey_Pie
1284,0.18706886,0.09109806,1 (Pop + Groove + Rock + Hip-Hop),beatles___beatles_10_CD1_The_Beatles_06_The_Continuing_Story_of_Bungalow_Bill
1285,1.044648,5.3601537,1 (Pop + Groove + Rock + Hip-Hop),beatles___beatles_10_CD1_The_Beatles_07_While_My_Guitar_Gently_Weeps
1286,-3.8602443,3.9647171,2 (Classical + Jazz),beatles___beatles_10_CD1_The_Beatles_08_Happiness_is_a_Warm_Gun
1287,-2.5441437,-3.8594034,2 (Classical + Jazz),beatles___beatles_10_CD1_The_Beatles_09_Martha_My_Dear
1288,-1.0464976,-0.26096964,1 (Pop + Groove + Rock + Hip-Hop),beatles___beatles_10_CD1_The_Beatles_10_Im_So_Tired
1289,-3.3677492,1.2259852,2 (Classical + Jazz),beatles___beatles_10_CD1_The_Beatles_11_Black_Bird
1290,1.4520636,-3.8785648,1 (Pop + Groove + Rock + Hip-Hop),beatles___beatles_10_CD1_The_Beatles_12_Piggies
1291,-1.632199,1.4948268,2 (Classical + Jazz),beatles___beatles_10_CD1_The_Beatles_13_Rocky_Raccoon
1292,0.44923773,-0.3761408,1 (Pop + Groove + Rock + Hip-Hop),beatles___beatles_10_CD1_The_Beatles_14_Dont_Pass_Me_By
1293,0.41456866,0.10875706,1 (Pop + Groove + Rock + Hip-Hop),beatles___beatles_10_CD1_The_Beatles_15_Why_Dont_We_Do_It_In_The_Road
1294,-2.594218,0.5122566,2 (Classical + Jazz),beatles___beatles_10_CD1_The_Beatles_16_I_Will
1295,-6.6226883,-0.5236884,2 (Classical + Jazz),beatles___beatles_10_CD1_The_Beatles_17_Julia
1296,7.829573,5.4452276,1 (Pop + Groove + Rock + Hip-Hop),beatles___beatles_10_CD2_The_Beatles_01_Birthday
1297,-1.8272446,7.780898,1 (Pop + Groove + Rock + Hip-Hop),beatles___beatles_10_CD2_The_Beatles_02_Yer_Blues
1298,-3.264532,1.3961334,2 (Classical + Jazz),beatles___beatles_10_CD2_The_Beatles_03_Mother_Natures_Son
1299,4.089786,0.053052302,1 (Pop + Groove + Rock + Hip-Hop),beatles___beatles_10_CD2_The_Beatles_04_Everybodys_Got_Something_To_Hide_Except_Me_and_My_Monkey
1300,0.29149663,0.45230725,1 (Pop + Groove + Rock + Hip-Hop),beatles___beatles_10_CD2_The_Beatles_05_Sexy_Sadie
1301,7.6607933,7.358725,1 (Pop + Groove + Rock + Hip-Hop),beatles___beatles_10_CD2_The_Beatles_06_Helter_Skelter
1302,-5.1435733,0.6889494,2 (Classical + Jazz),beatles___beatles_10_CD2_The_Beatles_07_Long_Long_Long
1303,0.9285527,8.822312,1 (Pop + Groove + Rock + Hip-Hop),beatles___beatles_10_CD2_The_Beatles_08_Revolution_1
1304,-0.4112836,0.4223861,1 (Pop + Groove + Rock + Hip-Hop),beatles___beatles_10_CD2_The_Beatles_09_Honey_Pie
1305,2.73874,0.07353387,1 (Pop + Groove + Rock + Hip-Hop),beatles___beatles_10_CD2_The_Beatles_10_Savoy_Truffle
1306,-0.06963364,4.3366528,1 (Pop + Groove + Rock + Hip-Hop),beatles___beatles_10_CD2_The_Beatles_11_Cry_Baby_Cry
1307,-8.633044,-4.2877717,2 (Classical + Jazz),beatles___beatles_10_CD2_The_Beatles_12_Revolution_9
1308,-7.665876,1.5833087,2 (Classical + Jazz),beatles___beatles_10_CD2_The_Beatles_13_Good_Night
1309,0.3515672,-0.7974315,1 (Pop + Groove + Rock + Hip-Hop),beatles___beatles_11_Abbey_Road_01_Come_Together
1310,1.9864103,8.580579,1 (Pop + Groove + Rock + Hip-Hop),beatles___beatles_11_Abbey_Road_02_Something
1311,0.3531908,2.8344653,1 (Pop + Groove + Rock + Hip-Hop),beatles___beatles_11_Abbey_Road_03_Maxwells_Silver_Hammer
1312,2.2367349,0.17818803,1 (Pop + Groove + Rock + Hip-Hop),beatles___beatles_11_Abbey_Road_04_Oh_Darling
1313,-0.11028111,-0.9712572,1 (Pop + Groove + Rock + Hip-Hop),beatles___beatles_11_Abbey_Road_05_Octopuss_Garden
1314,-1.4390743,-0.26131192,2 (Classical + Jazz),beatles___beatles_11_Abbey_Road_06_I_Want_You
1315,4.6604214,2.6645803,1 (Pop + Groove + Rock + Hip-Hop),beatles___beatles_11_Abbey_Road_07_Here_Comes_The_Sun
1316,-8.574101,-1.2797314,2 (Classical + Jazz),beatles___beatles_11_Abbey_Road_08_Because
1317,-3.5291772,5.4540515,2 (Classical + Jazz),beatles___beatles_11_Abbey_Road_09_You_Never_Give_Me_Your_Money
1318,-7.1161904,-0.124092795,2 (Classical + Jazz),beatles___beatles_11_Abbey_Road_10_Sun_King
1319,2.8039722,3.7099972,1 (Pop + Groove + Rock + Hip-Hop),beatles___beatles_11_Abbey_Road_11_Mean_Mr_Mustard
1320,2.009968,0.21548757,1 (Pop + Groove + Rock + Hip-Hop),beatles___beatles_11_Abbey_Road_12_Polythene_Pam
1321,7.5486917,2.7004142,1 (Pop + Groove + Rock + Hip-Hop),beatles___beatles_11_Abbey_Road_13_She_Came_In_Through_The_Bathroom_Window
1322,-5.056312,1.3374022,2 (Classical + Jazz),beatles___beatles_11_Abbey_Road_14_Golden_Slumbers
1323,0.5484723,4.3137417,1 (Pop + Groove + Rock + Hip-Hop),beatles___beatles_11_Abbey_Road_15_Carry_That_Weight
1324,9.683881,6.8815007,1 (Pop + Groove + Rock + Hip-Hop),beatles___beatles_11_Abbey_Road_16_The_End
1325,-3.8824344,-1.5651555,2 (Classical + Jazz),beatles___beatles_11_Abbey_Road_17_Her_Majesty
1326,0.4196128,2.6528378,1 (Pop + Groove + Rock + Hip-Hop),beatles___beatles_12_Let_It_Be_01_Two_of_Us
1327,-2.0593898,-4.447279,2 (Classical + Jazz),beatles___beatles_12_Let_It_Be_02_Dig_a_Pony
1328,1.6669924,4.109774,1 (Pop + Groove + Rock + Hip-Hop),beatles___beatles_12_Let_It_Be_03_Across_the_Universe
1329,1.8152871,3.3151813,1 (Pop + Groove + Rock + Hip-Hop),beatles___beatles_12_Let_It_Be_04_I_Me_Mine
1330,0.528263,-0.49237287,1 (Pop + Groove + Rock + Hip-Hop),beatles___beatles_12_Let_It_Be_05_Dig_It
1331,-0.0011574941,5.743422,1 (Pop + Groove + Rock + Hip-Hop),beatles___beatles_12_Let_It_Be_06_Let_It_Be
1332,0.8012603,0.50537735,1 (Pop + Groove + Rock + Hip-Hop),beatles___beatles_12_Let_It_Be_07_Maggie_Mae
1333,1.1603141,-0.7032405,1 (Pop + Groove + Rock + Hip-Hop),beatles___beatles_12_Let_It_Be_08_Ive_Got_A_Feeling
1334,2.7427006,0.48477796,1 (Pop + Groove + Rock + Hip-Hop),beatles___beatles_12_Let_It_Be_09_One_After_909
1335,-5.922459,1.7294277,2 (Classical + Jazz),beatles___beatles_12_Let_It_Be_10_The_Long_and_Winding_Road
1336,1.8969951,-0.63936305,1 (Pop + Groove + Rock + Hip-Hop),beatles___beatles_12_Let_It_Be_11_For_You_Blue
1337,-1.0133724,-4.658367,2 (Classical + Jazz),beatles___beatles_12_Let_It_Be_12_Get_Back
1338,21.266005,0.28156492,1 (Pop + Groove + Rock + Hip-Hop),candombe___csic.1995_ansina1_01
1339,21.292233,0.32278356,1 (Pop + Groove + Rock + Hip-Hop),candombe___csic.1995_ansina1_02
1340,21.262323,0.26505142,1 (Pop + Groove + Rock + Hip-Hop),candombe___csic.1995_ansina1_03
1341,21.374449,0.3828848,1 (Pop + Groove + Rock + Hip-Hop),candombe___csic.1995_ansina1_04
1342,21.293873,0.27901164,1 (Pop + Groove + Rock + Hip-Hop),candombe___csic.1995_ansina1_05
1343,21.226696,0.23070668,1 (Pop + Groove + Rock + Hip-Hop),candombe___csic.1995_ansina2_01
1344,21.24589,0.22320692,1 (Pop + Groove + Rock + Hip-Hop),candombe___csic.1995_ansina2_02
1345,21.238148,0.22498967,1 (Pop + Groove + Rock + Hip-Hop),candombe___csic.1995_ansina2_03
1346,21.253113,0.21454577,1 (Pop + Groove + Rock + Hip-Hop),candombe___csic.1995_ansina2_04
1347,21.207682,0.21615665,1 (Pop + Groove + Rock + Hip-Hop),candombe___csic.1995_cuareim_01
1348,21.252254,0.27735728,1 (Pop + Groove + Rock + Hip-Hop),candombe___csic.1995_cuareim_02
1349,21.202744,0.286026,1 (Pop + Groove + Rock + Hip-Hop),candombe___csic.1995_cuareim_03
1350,21.237095,0.29126787,1 (Pop + Groove + Rock + Hip-Hop),candombe___csic.1995_cuareim_04
1351,21.273293,0.34340066,1 (Pop + Groove + Rock + Hip-Hop),candombe___csic.1995_cuareim_05
1352,21.813118,1.1924417,1 (Pop + Groove + Rock + Hip-Hop),candombe___proyecto.1992_gimenez_02
1353,21.94281,1.1728339,1 (Pop + Groove + Rock + Hip-Hop),candombe___proyecto.1992_gimenez_06
1354,21.823994,0.94913083,1 (Pop + Groove + Rock + Hip-Hop),candombe___proyecto.1992_lobo_01
1355,21.802711,0.99059564,1 (Pop + Groove + Rock + Hip-Hop),candombe___proyecto.1992_lobo_06
1356,21.896505,1.08787,1 (Pop + Groove + Rock + Hip-Hop),candombe___proyecto.1992_magarinos_02
1357,21.7981,0.89861274,1 (Pop + Groove + Rock + Hip-Hop),candombe___proyecto.1992_pelado_01
1358,21.742718,0.75049686,1 (Pop + Groove + Rock + Hip-Hop),candombe___proyecto.1992_pelado_05
1359,22.148952,1.2727574,1 (Pop + Groove + Rock + Hip-Hop),candombe___zavala.muniz.2014_41
1360,21.96991,1.1589049,1 (Pop + Groove + Rock + Hip-Hop),candombe___zavala.muniz.2014_42
1361,21.964808,1.1504284,1 (Pop + Groove + Rock + Hip-Hop),candombe___zavala.muniz.2014_44
1362,21.924257,1.1377459,1 (Pop + Groove + Rock + Hip-Hop),candombe___zavala.muniz.2014_45
1363,22.003338,1.1638985,1 (Pop + Groove + Rock + Hip-Hop),candombe___zavala.muniz.2014_46
1364,22.012001,1.1729854,1 (Pop + Groove + Rock + Hip-Hop),candombe___zavala.muniz.2014_47
1365,21.977005,1.1313078,1 (Pop + Groove + Rock + Hip-Hop),candombe___zavala.muniz.2014_48
1366,22.057901,1.1985105,1 (Pop + Groove + Rock + Hip-Hop),candombe___zavala.muniz.2014_49
1367,21.936623,1.126195,1 (Pop + Groove + Rock + Hip-Hop),candombe___zavala.muniz.2014_50
1368,22.034178,1.1917351,1 (Pop + Groove + Rock + Hip-Hop),candombe___zavala.muniz.2014_51
1369,21.94979,1.1372348,1 (Pop + Groove + Rock + Hip-Hop),candombe___zavala.muniz.2014_52
1370,21.94845,1.1455185,1 (Pop + Groove + Rock + Hip-Hop),candombe___zavala.muniz.2014_53
1371,21.935865,1.12004,1 (Pop + Groove + Rock + Hip-Hop),candombe___zavala.muniz.2014_54
1372,21.93225,1.119875,1 (Pop + Groove + Rock + Hip-Hop),candombe___zavala.muniz.2014_55
1373,-0.07628805,-8.835686,2 (Classical + Jazz),filosax___filosax_01
1374,-0.3535072,-8.846383,2 (Classical + Jazz),filosax___filosax_02
1375,-0.55579054,-8.688569,2 (Classical + Jazz),filosax___filosax_03
1376,-0.5353319,-8.682784,2 (Classical + Jazz),filosax___filosax_04
1377,-0.610601,-8.612479,2 (Classical + Jazz),filosax___filosax_05
1378,-0.40709743,-8.668,2 (Classical + Jazz),filosax___filosax_06
1379,-0.33999628,-9.129239,2 (Classical + Jazz),filosax___filosax_07
1380,-0.4788703,-8.049819,2 (Classical + Jazz),filosax___filosax_08
1381,-0.32762432,-7.7867875,2 (Classical + Jazz),filosax___filosax_09
1382,-0.44009167,-8.670477,2 (Classical + Jazz),filosax___filosax_10
1383,-0.5413675,-9.211589,2 (Classical + Jazz),filosax___filosax_11
1384,21.340906,10.326094,1 (Pop + Groove + Rock + Hip-Hop),filosax___filosax_12
1385,-0.20805289,-9.1315565,2 (Classical + Jazz),filosax___filosax_13
1386,0.10355721,-8.467877,2 (Classical + Jazz),filosax___filosax_14
1387,-0.77392864,-8.530238,2 (Classical + Jazz),filosax___filosax_15
1388,-0.27336174,-8.462505,2 (Classical + Jazz),filosax___filosax_16
1389,-0.60263926,-7.888554,2 (Classical + Jazz),filosax___filosax_17
1390,-0.1654385,-8.519436,2 (Classical + Jazz),filosax___filosax_18
1391,-0.21692508,-7.995888,2 (Classical + Jazz),filosax___filosax_19
1392,-0.4863942,-9.061072,2 (Classical + Jazz),filosax___filosax_20
1393,-0.9823512,-6.9600406,2 (Classical + Jazz),filosax___filosax_21
1394,-0.46888143,-8.398648,2 (Classical + Jazz),filosax___filosax_22
1395,-0.4644672,-8.282415,2 (Classical + Jazz),filosax___filosax_23
1396,-0.65685475,-8.131015,2 (Classical + Jazz),filosax___filosax_24
1397,4.9945974,-0.28218314,1 (Pop + Groove + Rock + Hip-Hop),filosax___filosax_25
1398,21.334953,10.325686,1 (Pop + Groove + Rock + Hip-Hop),filosax___filosax_26
1399,-0.67198235,-8.427578,2 (Classical + Jazz),filosax___filosax_27
1400,-0.3570559,-8.806283,2 (Classical + Jazz),filosax___filosax_28
1401,-0.16305457,-8.431399,2 (Classical + Jazz),filosax___filosax_29
1402,-0.25982907,-7.902697,2 (Classical + Jazz),filosax___filosax_30
1403,-0.30807325,-8.073161,2 (Classical + Jazz),filosax___filosax_31
1404,-0.49085906,-8.813603,2 (Classical + Jazz),filosax___filosax_32
1405,-0.008758776,-7.739528,2 (Classical + Jazz),filosax___filosax_33
1406,-0.33431676,-8.8788595,2 (Classical + Jazz),filosax___filosax_34
1407,-0.38958353,-8.64788,2 (Classical + Jazz),filosax___filosax_35
1408,-0.0016579662,-8.705307,2 (Classical + Jazz),filosax___filosax_36
1409,-0.38323313,-8.866759,2 (Classical + Jazz),filosax___filosax_37
1410,-0.1912322,-8.670635,2 (Classical + Jazz),filosax___filosax_38
1411,-0.49066487,-8.096713,2 (Classical + Jazz),filosax___filosax_39
1412,-0.2544413,-8.84273,2 (Classical + Jazz),filosax___filosax_40
1413,-0.61212444,-8.742351,2 (Classical + Jazz),filosax___filosax_41
1414,-0.25010124,-8.929733,2 (Classical + Jazz),filosax___filosax_42
1415,-0.316822,-8.791077,2 (Classical + Jazz),filosax___filosax_43
1416,0.048668187,-8.509924,2 (Classical + Jazz),filosax___filosax_44
1417,-0.72683483,-8.668894,2 (Classical + Jazz),filosax___filosax_45
1418,-0.592376,-8.320826,2 (Classical + Jazz),filosax___filosax_46
1419,-0.4362726,-8.149909,2 (Classical + Jazz),filosax___filosax_47
1420,-0.46534947,-8.500467,2 (Classical + Jazz),filosax___filosax_48
1421,25.085854,9.335657,1 (Pop + Groove + Rock + Hip-Hop),groove_midi___drummer10_session1_10_jazz-swing_110_beat_4-4
1422,25.1026,9.806724,1 (Pop + Groove + Rock + Hip-Hop),groove_midi___drummer10_session1_1_jazz-swing_124_beat_4-4
1423,26.37278,7.383769,1 (Pop + Groove + Rock + Hip-Hop),groove_midi___drummer10_session1_2_jazz-swing_215_beat_4-4
1424,23.631092,10.548328,1 (Pop + Groove + Rock + Hip-Hop),groove_midi___drummer10_session1_3_jazz-swing_215_beat_4-4
1425,26.440878,7.6015444,1 (Pop + Groove + Rock + Hip-Hop),groove_midi___drummer10_session1_4_jazz-swing_215_beat_4-4
1426,26.366453,7.200922,1 (Pop + Groove + Rock + Hip-Hop),groove_midi___drummer10_session1_5_jazz-swing_215_beat_4-4
1427,26.074732,7.690008,1 (Pop + Groove + Rock + Hip-Hop),groove_midi___drummer10_session1_6_jazz-swing_215_beat_4-4
1428,26.429863,8.275575,1 (Pop + Groove + Rock + Hip-Hop),groove_midi___drummer10_session1_9_jazz-swing_110_beat_4-4
1429,27.450003,9.535382,1 (Pop + Groove + Rock + Hip-Hop),groove_midi___drummer1_eval_session_10_soul-groove10_102_beat_4-4
1430,25.020338,8.667029,1 (Pop + Groove + Rock + Hip-Hop),groove_midi___drummer1_eval_session_1_funk-groove1_138_beat_4-4
1431,26.188002,8.602687,1 (Pop + Groove + Rock + Hip-Hop),groove_midi___drummer1_eval_session_2_funk-groove2_105_beat_4-4
1432,25.958647,8.084409,1 (Pop + Groove + Rock + Hip-Hop),groove_midi___drummer1_eval_session_3_soul-groove3_86_beat_4-4
1433,27.38995,9.495536,1 (Pop + Groove + Rock + Hip-Hop),groove_midi___drummer1_eval_session_4_soul-groove4_80_beat_4-4
1434,25.702236,8.210745,1 (Pop + Groove + Rock + Hip-Hop),groove_midi___drummer1_eval_session_5_funk-groove5_84_beat_4-4
1435,26.882864,8.838599,1 (Pop + Groove + Rock + Hip-Hop),groove_midi___drummer1_eval_session_6_hiphop-groove6_87_beat_4-4
1436,27.226322,9.371119,1 (Pop + Groove + Rock + Hip-Hop),groove_midi___drummer1_eval_session_7_pop-groove7_138_beat_4-4
1437,27.469564,9.612941,1 (Pop + Groove + Rock + Hip-Hop),groove_midi___drummer1_eval_session_8_rock-groove8_65_beat_4-4
1438,27.637669,9.40822,1 (Pop + Groove + Rock + Hip-Hop),groove_midi___drummer1_eval_session_9_soul-groove9_105_beat_4-4
1439,25.40487,7.666208,1 (Pop + Groove + Rock + Hip-Hop),groove_midi___drummer1_session1_100_neworleans-secondline_94_beat_4-4
1440,24.050232,10.479362,1 (Pop + Groove + Rock + Hip-Hop),groove_midi___drummer1_session1_101_dance-disco_120_beat_4-4
1441,26.306707,8.723515,1 (Pop + Groove + Rock + Hip-Hop),groove_midi___drummer1_session1_102_funk_95_beat_4-4
1442,24.36557,7.701701,1 (Pop + Groove + Rock + Hip-Hop),groove_midi___drummer1_session1_126_funk-fast_125_beat_4-4
1443,26.81461,8.649816,1 (Pop + Groove + Rock + Hip-Hop),groove_midi___drummer1_session1_145_latin-brazilian-baiao_95_beat_4-4
1444,23.006374,9.9559,1 (Pop + Groove + Rock + Hip-Hop),groove_midi___drummer1_session1_146_latin-brazilian-baiao_95_beat_4-4
1445,23.36447,9.788708,1 (Pop + Groove + Rock + Hip-Hop),groove_midi___drummer1_session1_176_afrocuban_105_beat_4-4
1446,24.009384,9.533551,1 (Pop + Groove + Rock + Hip-Hop),groove_midi___drummer1_session1_183_afrocuban_105_beat_4-4
1447,27.43401,9.621456,1 (Pop + Groove + Rock + Hip-Hop),groove_midi___drummer1_session1_184_reggae_78_beat_4-4
1448,25.641407,8.077578,1 (Pop + Groove + Rock + Hip-Hop),groove_midi___drummer1_session1_1_funk_80_beat_4-4
1449,27.295559,8.99046,1 (Pop + Groove + Rock + Hip-Hop),groove_midi___drummer1_session1_201_reggae-slow_64_beat_4-4
1450,25.245888,10.370243,1 (Pop + Groove + Rock + Hip-Hop),groove_midi___drummer1_session1_202_rock-halftime_140_beat_4-4
1451,24.036865,10.428979,1 (Pop + Groove + Rock + Hip-Hop),groove_midi___drummer1_session1_239_funk-purdieshuffle_130_beat_4-4
1452,24.214977,7.243905,1 (Pop + Groove + Rock + Hip-Hop),groove_midi___drummer1_session1_28_latin-samba_116_beat_4-4
1453,25.355076,8.846166,1 (Pop + Groove + Rock + Hip-Hop),groove_midi___drummer1_session1_2_funk_80_beat_4-4
1454,23.074646,9.738543,1 (Pop + Groove + Rock + Hip-Hop),groove_midi___drummer1_session1_38_latin-samba_116_beat_4-4
1455,25.503796,8.431829,1 (Pop + Groove + Rock + Hip-Hop),groove_midi___drummer1_session1_3_funk_80_beat_4-4
1456,23.387882,10.700103,1 (Pop + Groove + Rock + Hip-Hop),groove_midi___drummer1_session1_47_jazz_102_beat_4-4
1457,23.690132,10.752065,1 (Pop + Groove + Rock + Hip-Hop),groove_midi___drummer1_session1_48_jazz_93_beat_4-4
1458,23.515184,10.809342,1 (Pop + Groove + Rock + Hip-Hop),groove_midi___drummer1_session1_49_jazz_125_beat_4-4
1459,23.607178,10.0437,1 (Pop + Groove + Rock + Hip-Hop),groove_midi___drummer1_session1_4_jazz-funk_116_beat_4-4
1460,27.679886,9.504701,1 (Pop + Groove + Rock + Hip-Hop),groove_midi___drummer1_session1_50_jazz_125_beat_4-4
1461,24.263994,10.779364,1 (Pop + Groove + Rock + Hip-Hop),groove_midi___drummer1_session1_51_rock-shuffle_125_beat_4-4
1462,23.301266,10.659277,1 (Pop + Groove + Rock + Hip-Hop),groove_midi___drummer1_session1_52_jazz_125_beat_4-4
1463,23.333158,9.449565,1 (Pop + Groove + Rock + Hip-Hop),groove_midi___drummer1_session1_5_jazz-funk_116_beat_4-4
1464,24.751104,7.990143,1 (Pop + Groove + Rock + Hip-Hop),groove_midi___drummer1_session1_75_jazz_125_beat_4-4
1465,23.184517,10.801067,1 (Pop + Groove + Rock + Hip-Hop),groove_midi___drummer1_session1_77_jazz-mediumfast_180_beat_4-4
1466,22.761099,10.242189,1 (Pop + Groove + Rock + Hip-Hop),groove_midi___drummer1_session1_78_jazz-fast_290_beat_4-4
1467,24.115274,10.410412,1 (Pop + Groove + Rock + Hip-Hop),groove_midi___drummer1_session1_79_latin-reggaeton_90_beat_4-4
1468,26.148155,8.879035,1 (Pop + Groove + Rock + Hip-Hop),groove_midi___drummer1_session1_80_dance-breakbeat_170_beat_4-4
1469,25.699877,8.685559,1 (Pop + Groove + Rock + Hip-Hop),groove_midi___drummer1_session1_81_dance-breakbeat_170_beat_4-4
1470,26.011858,10.05442,1 (Pop + Groove + Rock + Hip-Hop),groove_midi___drummer1_session1_82_neworleans-funk_84_beat_4-4
1471,26.56442,8.515208,1 (Pop + Groove + Rock + Hip-Hop),groove_midi___drummer1_session2_10_country_114_beat_4-4
1472,24.951826,9.252913,1 (Pop + Groove + Rock + Hip-Hop),groove_midi___drummer1_session2_110_rock-prog_190_beat_4-4
1473,25.48604,7.911376,1 (Pop + Groove + Rock + Hip-Hop),groove_midi___drummer1_session2_111_rock-prog_110_beat_5-4
1474,23.76255,7.924049,1 (Pop + Groove + Rock + Hip-Hop),groove_midi___drummer1_session2_112_afrocuban-bembe_122_beat_4-4
1475,24.661598,9.646905,1 (Pop + Groove + Rock + Hip-Hop),groove_midi___drummer1_session2_142_gospel_120_beat_4-4
1476,24.796427,8.487829,1 (Pop + Groove + Rock + Hip-Hop),groove_midi___drummer1_session2_161_afrocuban-rhumba_110_beat_4-4
1477,25.293018,11.085106,1 (Pop + Groove + Rock + Hip-Hop),groove_midi___drummer1_session2_180_rock_50_beat_4-4
1478,26.059523,9.082238,1 (Pop + Groove + Rock + Hip-Hop),groove_midi___drummer1_session2_181_rock_115_beat_4-4
1479,25.026892,8.851131,1 (Pop + Groove + Rock + Hip-Hop),groove_midi___drummer1_session2_1_latin-chacarera_157_beat_3-4
1480,24.621304,8.445164,1 (Pop + Groove + Rock + Hip-Hop),groove_midi___drummer1_session2_2_latin-chacarera_118_beat_4-4
1481,26.553417,8.489857,1 (Pop + Groove + Rock + Hip-Hop),groove_midi___drummer1_session2_32_punk_140_beat_4-4
1482,27.76428,8.513905,1 (Pop + Groove + Rock + Hip-Hop),groove_midi___drummer1_session2_35_punk_128_beat_4-4
1483,24.85226,8.249331,1 (Pop + Groove + Rock + Hip-Hop),groove_midi___drummer1_session2_3_latin-chacarera_118_beat_4-4
1484,24.396685,9.495283,1 (Pop + Groove + Rock + Hip-Hop),groove_midi___drummer1_session2_4_jazz_120_beat_3-4
1485,24.52833,9.126937,1 (Pop + Groove + Rock + Hip-Hop),groove_midi___drummer1_session2_5_jazz_200_beat_3-4
1486,26.102839,9.804576,1 (Pop + Groove + Rock + Hip-Hop),groove_midi___drummer1_session2_62_punk_144_beat_4-4
1487,26.847052,8.869948,1 (Pop + Groove + Rock + Hip-Hop),groove_midi___drummer1_session2_6_rock_102_beat_3-4
1488,26.618921,7.705942,1 (Pop + Groove + Rock + Hip-Hop),groove_midi___drummer1_session2_7_jazz-march_88_beat_4-4
1489,26.124596,7.424137,1 (Pop + Groove + Rock + Hip-Hop),groove_midi___drummer1_session2_8_jazz-march_176_beat_4-4
1490,24.66122,10.386832,1 (Pop + Groove + Rock + Hip-Hop),groove_midi___drummer1_session2_90_funk-rock_92_beat_4-4
1491,25.757809,6.970024,1 (Pop + Groove + Rock + Hip-Hop),groove_midi___drummer1_session2_9_jazz-march_120_beat_4-4
1492,26.004269,8.340391,1 (Pop + Groove + Rock + Hip-Hop),groove_midi___drummer1_session3_10_rock-folk_90_beat_4-4
1493,24.060406,8.376605,1 (Pop + Groove + Rock + Hip-Hop),groove_midi___drummer1_session3_11_afrobeat_94_beat_4-4
1494,25.04584,9.307875,1 (Pop + Groove + Rock + Hip-Hop),groove_midi___drummer1_session3_12_latin-bomba_96_beat_4-4
1495,25.009813,7.248975,1 (Pop + Groove + Rock + Hip-Hop),groove_midi___drummer1_session3_13_rock_115_beat_4-4
1496,26.577202,10.287054,1 (Pop + Groove + Rock + Hip-Hop),groove_midi___drummer1_session3_14_rock_94_beat_4-4
1497,25.791729,7.242381,1 (Pop + Groove + Rock + Hip-Hop),groove_midi___drummer1_session3_15_funk_117_beat_4-4
1498,25.061468,7.15826,1 (Pop + Groove + Rock + Hip-Hop),groove_midi___drummer1_session3_16_funk_117_beat_4-4
1499,25.412207,9.263731,1 (Pop + Groove + Rock + Hip-Hop),groove_midi___drummer1_session3_17_afrocuban-calypso_108_beat_4-4
1500,26.76511,8.663766,1 (Pop + Groove + Rock + Hip-Hop),groove_midi___drummer1_session3_18_rock_128_beat_4-4
1501,24.136906,8.178818,1 (Pop + Groove + Rock + Hip-Hop),groove_midi___drummer1_session3_1_rock-prog_125_beat_4-4
1502,23.801754,9.63697,1 (Pop + Groove + Rock + Hip-Hop),groove_midi___drummer1_session3_2_jazz-swing_185_beat_4-4
1503,26.728035,8.219792,1 (Pop + Groove + Rock + Hip-Hop),groove_midi___drummer1_session3_3_rock-rockabilly_200_beat_4-4
1504,23.291664,8.99739,1 (Pop + Groove + Rock + Hip-Hop),groove_midi___drummer1_session3_4_jazz-linear_182_beat_4-4
1505,23.34329,8.830534,1 (Pop + Groove + Rock + Hip-Hop),groove_midi___drummer1_session3_5_jazz-linear_128_beat_4-4
1506,25.937983,8.114722,1 (Pop + Groove + Rock + Hip-Hop),groove_midi___drummer1_session3_6_dance-disco_120_beat_4-4
1507,25.18375,7.138863,1 (Pop + Groove + Rock + Hip-Hop),groove_midi___drummer1_session3_7_dance-disco_120_beat_4-4
1508,20.451015,3.1992378,1 (Pop + Groove + Rock + Hip-Hop),groove_midi___drummer1_session3_8_rock_135_beat_4-4
1509,24.284843,8.142062,1 (Pop + Groove + Rock + Hip-Hop),groove_midi___drummer1_session3_9_rock_135_beat_4-4
1510,23.469528,10.57256,1 (Pop + Groove + Rock + Hip-Hop),groove_midi___drummer3_session1_11_rock_120_beat_4-4
1511,23.582434,10.326352,1 (Pop + Groove + Rock + Hip-Hop),groove_midi___drummer3_session1_12_rock_120_beat_4-4
1512,25.436544,8.694312,1 (Pop + Groove + Rock + Hip-Hop),groove_midi___drummer3_session1_13_rock_120_beat_4-4
1513,26.179502,10.93596,1 (Pop + Groove + Rock + Hip-Hop),groove_midi___drummer3_session1_14_rock_120_beat_4-4
1514,23.507013,11.212752,1 (Pop + Groove + Rock + Hip-Hop),groove_midi___drummer3_session1_15_jazz_120_beat_4-4
1515,27.939383,8.403519,1 (Pop + Groove + Rock + Hip-Hop),groove_midi___drummer3_session1_16_jazz_120_beat_4-4
1516,24.198236,9.726003,1 (Pop + Groove + Rock + Hip-Hop),groove_midi___drummer3_session1_18_rock_120_beat_4-4
1517,24.827654,9.973552,1 (Pop + Groove + Rock + Hip-Hop),groove_midi___drummer3_session1_1_rock_105_beat_4-4
1518,23.114046,10.548352,1 (Pop + Groove + Rock + Hip-Hop),groove_midi___drummer3_session1_22_jazz_120_beat_4-4
1519,24.910967,7.993342,1 (Pop + Groove + Rock + Hip-Hop),groove_midi___drummer3_session1_35_rock_120_beat_4-4
1520,26.406275,8.99036,1 (Pop + Groove + Rock + Hip-Hop),groove_midi___drummer3_session1_3_rock_105_beat_4-4
1521,24.085426,10.76639,1 (Pop + Groove + Rock + Hip-Hop),groove_midi___drummer3_session1_4_rock_105_beat_4-4
1522,26.19535,7.0586324,1 (Pop + Groove + Rock + Hip-Hop),groove_midi___drummer3_session1_5_rock_105_beat_4-4
1523,25.321081,7.9405613,1 (Pop + Groove + Rock + Hip-Hop),groove_midi___drummer3_session1_7_rock_105_beat_4-4
1524,23.23951,10.622077,1 (Pop + Groove + Rock + Hip-Hop),groove_midi___drummer3_session1_8_jazz_105_beat_4-4
1525,24.10412,10.539216,1 (Pop + Groove + Rock + Hip-Hop),groove_midi___drummer3_session1_9_rock_105_beat_4-4
1526,27.511286,9.425605,1 (Pop + Groove + Rock + Hip-Hop),groove_midi___drummer3_session2_10_rock_100_beat_4-4
1527,24.89076,10.474621,1 (Pop + Groove + Rock + Hip-Hop),groove_midi___drummer3_session2_16_rock_100_beat_4-4
1528,26.384647,7.205566,1 (Pop + Groove + Rock + Hip-Hop),groove_midi___drummer3_session2_1_rock_100_beat_4-4
1529,26.877838,9.026044,1 (Pop + Groove + Rock + Hip-Hop),groove_midi___drummer3_session2_20_rock_92_beat_4-4
1530,25.497437,8.761083,1 (Pop + Groove + Rock + Hip-Hop),groove_midi___drummer3_session2_22_rock_92_beat_4-4
1531,24.00696,9.716397,1 (Pop + Groove + Rock + Hip-Hop),groove_midi___drummer3_session2_24_rock_92_beat_4-4
1532,25.646797,10.057005,1 (Pop + Groove + Rock + Hip-Hop),groove_midi___drummer3_session2_25_hiphop_92_beat_4-4
1533,26.01797,10.078018,1 (Pop + Groove + Rock + Hip-Hop),groove_midi___drummer3_session2_26_hiphop_92_beat_4-4
1534,26.371645,7.0803804,1 (Pop + Groove + Rock + Hip-Hop),groove_midi___drummer3_session2_2_rock_100_beat_4-4
1535,24.167152,9.989362,1 (Pop + Groove + Rock + Hip-Hop),groove_midi___drummer3_session2_37_rock_92_beat_4-4
1536,26.037518,9.487727,1 (Pop + Groove + Rock + Hip-Hop),groove_midi___drummer3_session2_43_rock_110_beat_4-4
1537,26.48434,7.3268747,1 (Pop + Groove + Rock + Hip-Hop),groove_midi___drummer3_session2_5_rock_100_beat_4-4
1538,26.169373,7.436235,1 (Pop + Groove + Rock + Hip-Hop),groove_midi___drummer3_session2_6_rock_100_beat_4-4
1539,25.874512,9.453704,1 (Pop + Groove + Rock + Hip-Hop),groove_midi___drummer4_session1_1_rock_87_beat_4-4
1540,25.259775,8.12819,1 (Pop + Groove + Rock + Hip-Hop),groove_midi___drummer4_session1_2_jazz_158_beat_4-4
1541,25.28204,8.634431,1 (Pop + Groove + Rock + Hip-Hop),groove_midi___drummer4_session1_3_jazz-klezmer_152_beat_4-4
1542,25.836775,7.164598,1 (Pop + Groove + Rock + Hip-Hop),groove_midi___drummer4_session1_4_latin-brazilian_92_beat_4-4
1543,25.445839,6.983589,1 (Pop + Groove + Rock + Hip-Hop),groove_midi___drummer4_session1_5_latin-brazilian_184_beat_4-4
1544,27.739117,9.744383,1 (Pop + Groove + Rock + Hip-Hop),groove_midi___drummer5_eval_session_10_soul-groove10_102_beat_4-4
1545,24.716614,10.945106,1 (Pop + Groove + Rock + Hip-Hop),groove_midi___drummer5_eval_session_1_funk-groove1_138_beat_4-4
1546,27.458466,9.601355,1 (Pop + Groove + Rock + Hip-Hop),groove_midi___drummer5_eval_session_2_funk-groove2_105_beat_4-4
1547,27.346174,8.261826,1 (Pop + Groove + Rock + Hip-Hop),groove_midi___drummer5_eval_session_3_soul-groove3_86_beat_4-4
1548,27.4572,9.161029,1 (Pop + Groove + Rock + Hip-Hop),groove_midi___drummer5_eval_session_4_soul-groove4_80_beat_4-4
1549,26.876678,8.666643,1 (Pop + Groove + Rock + Hip-Hop),groove_midi___drummer5_eval_session_5_funk-groove5_84_beat_4-4
1550,27.801256,9.393984,1 (Pop + Groove + Rock + Hip-Hop),groove_midi___drummer5_eval_session_6_hiphop-groove6_87_beat_4-4
1551,27.589603,9.755141,1 (Pop + Groove + Rock + Hip-Hop),groove_midi___drummer5_eval_session_7_pop-groove7_138_beat_4-4
1552,27.29576,9.954149,1 (Pop + Groove + Rock + Hip-Hop),groove_midi___drummer5_eval_session_8_rock-groove8_65_beat_4-4
1553,27.696695,9.388006,1 (Pop + Groove + Rock + Hip-Hop),groove_midi___drummer5_eval_session_9_soul-groove9_105_beat_4-4
1554,24.767618,7.2752814,1 (Pop + Groove + Rock + Hip-Hop),groove_midi___drummer5_session1_10_latin-brazilian-sambareggae_96_beat_4-4
1555,24.704763,7.2956376,1 (Pop + Groove + Rock + Hip-Hop),groove_midi___drummer5_session1_11_latin-brazilian-sambareggae_96_beat_4-4
1556,24.667952,7.569455,1 (Pop + Groove + Rock + Hip-Hop),groove_midi___drummer5_session1_12_latin-brazilian-sambareggae_96_beat_4-4
1557,24.640985,10.128788,1 (Pop + Groove + Rock + Hip-Hop),groove_midi___drummer5_session1_13_afrocuban-calypso_124_beat_4-4
1558,23.790915,10.037169,1 (Pop + Groove + Rock + Hip-Hop),groove_midi___drummer5_session1_14_latin-brazilian-songo_112_beat_4-4
1559,24.438143,10.6637945,1 (Pop + Groove + Rock + Hip-Hop),groove_midi___drummer5_session1_15_funk_100_beat_4-4
1560,24.427181,10.799405,1 (Pop + Groove + Rock + Hip-Hop),groove_midi___drummer5_session1_16_rock_136_beat_4-4
1561,24.357916,10.7846985,1 (Pop + Groove + Rock + Hip-Hop),groove_midi___drummer5_session1_17_blues-shuffle_72_beat_4-4
1562,23.603502,10.436588,1 (Pop + Groove + Rock + Hip-Hop),groove_midi___drummer5_session1_18_afrocuban_128_beat_4-4
1563,25.893858,9.623473,1 (Pop + Groove + Rock + Hip-Hop),groove_midi___drummer5_session1_19_middleeastern_126_beat_4-4
1564,24.491861,9.008951,1 (Pop + Groove + Rock + Hip-Hop),groove_midi___drummer5_session1_1_latin-brazilian-bossa_127_beat_4-4
1565,24.834364,8.564348,1 (Pop + Groove + Rock + Hip-Hop),groove_midi___drummer5_session1_20_latin-brazilian-baiao_110_beat_4-4
1566,24.502045,10.284282,1 (Pop + Groove + Rock + Hip-Hop),groove_midi___drummer5_session1_2_latin-brazilian-bossa_127_beat_4-4
1567,24.852446,7.797591,1 (Pop + Groove + Rock + Hip-Hop),groove_midi___drummer5_session1_3_latin-brazilian-samba_89_beat_4-4
1568,24.567343,7.4378734,1 (Pop + Groove + Rock + Hip-Hop),groove_midi___drummer5_session1_4_latin-brazilian-samba_89_beat_4-4
1569,24.423302,7.4351482,1 (Pop + Groove + Rock + Hip-Hop),groove_midi___drummer5_session1_5_latin-brazilian-samba_89_beat_4-4
1570,24.44936,7.1424627,1 (Pop + Groove + Rock + Hip-Hop),groove_midi___drummer5_session1_6_latin-brazilian-maracatu_96_beat_4-4
1571,26.01545,8.959493,1 (Pop + Groove + Rock + Hip-Hop),groove_midi___drummer5_session1_7_latin-brazilian-maracatu_96_beat_4-4
1572,24.554235,7.393079,1 (Pop + Groove + Rock + Hip-Hop),groove_midi___drummer5_session1_8_latin-venezuelan-merengue_162_beat_5-8
1573,24.43344,8.650792,1 (Pop + Groove + Rock + Hip-Hop),groove_midi___drummer5_session1_9_latin-dominican-merengue_130_beat_4-4
1574,26.684687,9.602419,1 (Pop + Groove + Rock + Hip-Hop),groove_midi___drummer5_session2_10_neworleans-funk_102_beat_4-4
1575,26.707005,10.132252,1 (Pop + Groove + Rock + Hip-Hop),groove_midi___drummer5_session2_11_soul_96_beat_4-4
1576,24.437748,10.894966,1 (Pop + Groove + Rock + Hip-Hop),groove_midi___drummer5_session2_12_rock_105_beat_4-4
1577,24.835247,8.417052,1 (Pop + Groove + Rock + Hip-Hop),groove_midi___drummer5_session2_13_rock_140_beat_4-4
1578,24.943077,8.537718,1 (Pop + Groove + Rock + Hip-Hop),groove_midi___drummer5_session2_14_rock_140_beat_4-4
1579,25.328474,7.782829,1 (Pop + Groove + Rock + Hip-Hop),groove_midi___drummer5_session2_15_latin-venezuelan-joropo_80_beat_4-4
1580,25.664513,9.410871,1 (Pop + Groove + Rock + Hip-Hop),groove_midi___drummer5_session2_16_latin-ando_125_beat_3-4
1581,25.912071,7.209864,1 (Pop + Groove + Rock + Hip-Hop),groove_midi___drummer5_session2_17_latin-brazilian-samba_110_beat_4-4
1582,24.029957,9.387038,1 (Pop + Groove + Rock + Hip-Hop),groove_midi___drummer5_session2_18_latin-brazilian-samba_93_beat_4-4
1583,23.716204,10.799882,1 (Pop + Groove + Rock + Hip-Hop),groove_midi___drummer5_session2_19_latin-brazilian-ijexa_108_beat_4-4
1584,24.187344,11.0211315,1 (Pop + Groove + Rock + Hip-Hop),groove_midi___drummer5_session2_1_latin-venezuelan-sangueo_101_beat_4-4
1585,27.030107,9.359823,1 (Pop + Groove + Rock + Hip-Hop),groove_midi___drummer5_session2_20_latin-brazilian-ijexa_108_beat_4-4
1586,26.817501,9.401993,1 (Pop + Groove + Rock + Hip-Hop),groove_midi___drummer5_session2_21_latin-brazilian-ijexa_108_beat_4-4
1587,27.000729,10.856522,1 (Pop + Groove + Rock + Hip-Hop),groove_midi___drummer5_session2_22_latin-brazilian-frevo_133_beat_4-4
1588,26.372284,8.191622,1 (Pop + Groove + Rock + Hip-Hop),groove_midi___drummer5_session2_23_latin-brazilian-songo_120_beat_4-4
1589,24.556015,11.109841,1 (Pop + Groove + Rock + Hip-Hop),groove_midi___drummer5_session2_24_latin-brazilian-songo_120_beat_4-4
1590,25.906384,8.846218,1 (Pop + Groove + Rock + Hip-Hop),groove_midi___drummer5_session2_2_latin-brazilian_101_beat_4-4
1591,24.576113,10.458888,1 (Pop + Groove + Rock + Hip-Hop),groove_midi___drummer5_session2_3_latin-brazilian_101_beat_4-4
1592,25.849297,9.723769,1 (Pop + Groove + Rock + Hip-Hop),groove_midi___drummer5_session2_4_reggae_141_beat_4-4
1593,26.586737,9.778988,1 (Pop + Groove + Rock + Hip-Hop),groove_midi___drummer5_session2_5_reggae_126_beat_4-4
1594,27.019085,7.6207414,1 (Pop + Groove + Rock + Hip-Hop),groove_midi___drummer5_session2_6_neworleans-secondline_99_beat_4-4
1595,27.138435,9.704894,1 (Pop + Groove + Rock + Hip-Hop),groove_midi___drummer5_session2_7_neworleans-secondline_124_beat_4-4
1596,25.358355,8.7865095,1 (Pop + Groove + Rock + Hip-Hop),groove_midi___drummer5_session2_8_neworleans-chacha_124_beat_4-4
1597,27.142319,7.8275228,1 (Pop + Groove + Rock + Hip-Hop),groove_midi___drummer5_session2_9_neworleans-shuffle_104_beat_4-4
1598,25.704908,9.727933,1 (Pop + Groove + Rock + Hip-Hop),groove_midi___drummer6_session1_1_rock_70_beat_6-8
1599,26.32158,9.709927,1 (Pop + Groove + Rock + Hip-Hop),groove_midi___drummer6_session1_2_rock_70_beat_6-8
1600,26.695189,8.933973,1 (Pop + Groove + Rock + Hip-Hop),groove_midi___drummer6_session1_3_rock_80_beat_6-8
1601,25.331406,10.020079,1 (Pop + Groove + Rock + Hip-Hop),groove_midi___drummer6_session1_4_rock_80_beat_6-8
1602,24.839159,10.679288,1 (Pop + Groove + Rock + Hip-Hop),groove_midi___drummer6_session1_5_rock_60_beat_6-8
1603,26.90423,8.846482,1 (Pop + Groove + Rock + Hip-Hop),groove_midi___drummer6_session2_1_rock_95_beat_4-4
1604,25.610165,10.361433,1 (Pop + Groove + Rock + Hip-Hop),groove_midi___drummer6_session2_2_rock_95_beat_4-4
1605,24.662998,9.723128,1 (Pop + Groove + Rock + Hip-Hop),groove_midi___drummer6_session2_3_rock_88_beat_4-4
1606,25.358349,9.646489,1 (Pop + Groove + Rock + Hip-Hop),groove_midi___drummer6_session3_1_rock_90_beat_4-4
1607,25.444176,8.988639,1 (Pop + Groove + Rock + Hip-Hop),groove_midi___drummer6_session3_2_rock_100_beat_4-4
1608,26.22867,9.253038,1 (Pop + Groove + Rock + Hip-Hop),groove_midi___drummer6_session3_3_rock_100_beat_4-4
1609,26.104448,9.975656,1 (Pop + Groove + Rock + Hip-Hop),groove_midi___drummer6_session3_4_rock_127_beat_4-4
1610,24.401077,9.35796,1 (Pop + Groove + Rock + Hip-Hop),groove_midi___drummer6_session3_5_rock_180_beat_4-4
1611,24.447819,9.785718,1 (Pop + Groove + Rock + Hip-Hop),groove_midi___drummer6_session3_6_rock_88_beat_4-4
1612,25.605894,9.668427,1 (Pop + Groove + Rock + Hip-Hop),groove_midi___drummer6_session3_7_rock_88_beat_4-4
1613,27.132303,9.3099375,1 (Pop + Groove + Rock + Hip-Hop),groove_midi___drummer7_eval_session_10_soul-groove10_102_beat_4-4
1614,24.181274,10.9300785,1 (Pop + Groove + Rock + Hip-Hop),groove_midi___drummer7_eval_session_1_funk-groove1_138_beat_4-4
1615,27.477896,9.272659,1 (Pop + Groove + Rock + Hip-Hop),groove_midi___drummer7_eval_session_2_funk-groove2_105_beat_4-4
1616,26.614504,8.610902,1 (Pop + Groove + Rock + Hip-Hop),groove_midi___drummer7_eval_session_3_soul-groove3_86_beat_4-4
1617,27.366747,9.768526,1 (Pop + Groove + Rock + Hip-Hop),groove_midi___drummer7_eval_session_4_soul-groove4_80_beat_4-4
1618,26.775011,8.793961,1 (Pop + Groove + Rock + Hip-Hop),groove_midi___drummer7_eval_session_5_funk-groove5_84_beat_4-4
1619,27.410166,8.916044,1 (Pop + Groove + Rock + Hip-Hop),groove_midi___drummer7_eval_session_6_hiphop-groove6_87_beat_4-4
1620,27.494568,9.819495,1 (Pop + Groove + Rock + Hip-Hop),groove_midi___drummer7_eval_session_7_pop-groove7_138_beat_4-4
1621,27.649359,9.503505,1 (Pop + Groove + Rock + Hip-Hop),groove_midi___drummer7_eval_session_8_rock-groove8_65_beat_4-4
1622,27.647394,9.596454,1 (Pop + Groove + Rock + Hip-Hop),groove_midi___drummer7_eval_session_9_soul-groove9_105_beat_4-4
1623,26.700535,10.374991,1 (Pop + Groove + Rock + Hip-Hop),groove_midi___drummer7_session1_10_rock_93_beat_4-4
1624,26.647638,9.995835,1 (Pop + Groove + Rock + Hip-Hop),groove_midi___drummer7_session1_11_rock_93_beat_4-4
1625,25.566343,8.676936,1 (Pop + Groove + Rock + Hip-Hop),groove_midi___drummer7_session1_12_funk_102_beat_4-4
1626,25.491552,8.5266695,1 (Pop + Groove + Rock + Hip-Hop),groove_midi___drummer7_session1_13_funk_102_beat_4-4
1627,25.099407,11.057377,1 (Pop + Groove + Rock + Hip-Hop),groove_midi___drummer7_session1_14_jazz_100_beat_4-4
1628,25.133429,10.937483,1 (Pop + Groove + Rock + Hip-Hop),groove_midi___drummer7_session1_15_jazz_112_beat_4-4
1629,26.014729,9.248707,1 (Pop + Groove + Rock + Hip-Hop),groove_midi___drummer7_session1_16_hiphop_100_beat_4-4
1630,25.999506,9.107411,1 (Pop + Groove + Rock + Hip-Hop),groove_midi___drummer7_session1_17_hiphop_100_beat_4-4
1631,25.715597,9.661358,1 (Pop + Groove + Rock + Hip-Hop),groove_midi___drummer7_session1_18_hiphop_100_beat_4-4
1632,25.2315,10.849163,1 (Pop + Groove + Rock + Hip-Hop),groove_midi___drummer7_session1_1_rock_86_beat_4-4
1633,25.924065,9.616007,1 (Pop + Groove + Rock + Hip-Hop),groove_midi___drummer7_session1_22_hiphop_100_beat_4-4
1634,27.017895,8.628356,1 (Pop + Groove + Rock + Hip-Hop),groove_midi___drummer7_session1_38_hiphop_100_beat_4-4
1635,27.174282,8.79812,1 (Pop + Groove + Rock + Hip-Hop),groove_midi___drummer7_session1_39_hiphop_100_beat_4-4
1636,26.401438,9.595927,1 (Pop + Groove + Rock + Hip-Hop),groove_midi___drummer7_session1_7_rock_93_beat_4-4
1637,25.592669,9.254516,1 (Pop + Groove + Rock + Hip-Hop),groove_midi___drummer7_session1_8_rock_93_beat_4-4
1638,26.283922,9.808397,1 (Pop + Groove + Rock + Hip-Hop),groove_midi___drummer7_session1_9_rock_93_beat_4-4
1639,24.412199,10.334507,1 (Pop + Groove + Rock + Hip-Hop),groove_midi___drummer7_session2_100_pop_142_beat_4-4
1640,24.286469,10.182688,1 (Pop + Groove + Rock + Hip-Hop),groove_midi___drummer7_session2_101_pop_142_beat_4-4
1641,26.542976,10.461095,1 (Pop + Groove + Rock + Hip-Hop),groove_midi___drummer7_session2_103_pop_132_beat_4-4
1642,26.405537,10.210396,1 (Pop + Groove + Rock + Hip-Hop),groove_midi___drummer7_session2_104_pop_132_beat_4-4
1643,24.812374,10.767693,1 (Pop + Groove + Rock + Hip-Hop),groove_midi___drummer7_session2_106_soul-motown_104_beat_4-4
1644,24.769106,10.850095,1 (Pop + Groove + Rock + Hip-Hop),groove_midi___drummer7_session2_108_soul-motown_104_beat_4-4
1645,25.55766,9.514853,1 (Pop + Groove + Rock + Hip-Hop),groove_midi___drummer7_session2_112_jazz-fusion_96_beat_4-4
1646,25.560654,9.733267,1 (Pop + Groove + Rock + Hip-Hop),groove_midi___drummer7_session2_113_jazz-fusion_96_beat_4-4
1647,24.366934,10.391895,1 (Pop + Groove + Rock + Hip-Hop),groove_midi___drummer7_session2_115_jazz-fusion_96_beat_4-4
1648,27.16347,9.133733,1 (Pop + Groove + Rock + Hip-Hop),groove_midi___drummer7_session2_123_hiphop_140_beat_4-4
1649,25.833422,10.078988,1 (Pop + Groove + Rock + Hip-Hop),groove_midi___drummer7_session2_14_rock_95_beat_4-4
1650,23.575924,10.35702,1 (Pop + Groove + Rock + Hip-Hop),groove_midi___drummer7_session2_15_rock_118_beat_4-4
1651,26.65388,9.896983,1 (Pop + Groove + Rock + Hip-Hop),groove_midi___drummer7_session2_1_rock_120_beat_4-4
1652,23.525661,9.484514,1 (Pop + Groove + Rock + Hip-Hop),groove_midi___drummer7_session2_26_rock_118_beat_4-4
1653,26.76362,10.2282505,1 (Pop + Groove + Rock + Hip-Hop),groove_midi___drummer7_session2_27_rock_75_beat_4-4
1654,26.752214,10.122387,1 (Pop + Groove + Rock + Hip-Hop),groove_midi___drummer7_session2_29_rock_75_beat_4-4
1655,27.589891,9.884697,1 (Pop + Groove + Rock + Hip-Hop),groove_midi___drummer7_session2_33_rock_75_beat_4-4
1656,26.088171,10.2574,1 (Pop + Groove + Rock + Hip-Hop),groove_midi___drummer7_session2_36_rock_75_fill_4-4
1657,25.425114,10.173331,1 (Pop + Groove + Rock + Hip-Hop),groove_midi___drummer7_session2_37_rock_112_beat_4-4
1658,25.797495,8.993785,1 (Pop + Groove + Rock + Hip-Hop),groove_midi___drummer7_session2_45_rock_135_beat_4-4
1659,24.242378,10.276206,1 (Pop + Groove + Rock + Hip-Hop),groove_midi___drummer7_session2_46_rock_135_beat_4-4
1660,24.241337,9.98389,1 (Pop + Groove + Rock + Hip-Hop),groove_midi___drummer7_session2_53_rock_135_beat_4-4
1661,26.859587,9.206376,1 (Pop + Groove + Rock + Hip-Hop),groove_midi___drummer7_session2_54_soul-motown_148_beat_4-4
1662,26.865557,8.602952,1 (Pop + Groove + Rock + Hip-Hop),groove_midi___drummer7_session2_63_soul-motown_148_beat_4-4
1663,26.029978,9.760635,1 (Pop + Groove + Rock + Hip-Hop),groove_midi___drummer7_session2_64_rock_145_beat_4-4
1664,26.774782,9.529929,1 (Pop + Groove + Rock + Hip-Hop),groove_midi___drummer7_session2_6_rock_120_beat_4-4
1665,27.16974,8.921562,1 (Pop + Groove + Rock + Hip-Hop),groove_midi___drummer7_session2_72_funk_100_beat_4-4
1666,27.155336,9.010307,1 (Pop + Groove + Rock + Hip-Hop),groove_midi___drummer7_session2_79_funk_100_beat_4-4
1667,26.428326,10.107516,1 (Pop + Groove + Rock + Hip-Hop),groove_midi___drummer7_session2_80_country_78_beat_4-4
1668,26.516201,10.49479,1 (Pop + Groove + Rock + Hip-Hop),groove_midi___drummer7_session2_87_hiphop_75_beat_4-4
1669,27.06461,9.79706,1 (Pop + Groove + Rock + Hip-Hop),groove_midi___drummer7_session2_8_rock_95_beat_4-4
1670,26.372316,10.329664,1 (Pop + Groove + Rock + Hip-Hop),groove_midi___drummer7_session2_93_hiphop_75_beat_4-4
1671,26.372818,9.585872,1 (Pop + Groove + Rock + Hip-Hop),groove_midi___drummer7_session2_96_pop_142_beat_4-4
1672,24.78624,9.92287,1 (Pop + Groove + Rock + Hip-Hop),groove_midi___drummer7_session2_97_pop_142_beat_4-4
1673,25.373371,11.364393,1 (Pop + Groove + Rock + Hip-Hop),groove_midi___drummer7_session3_106_hiphop_70_beat_4-4
1674,25.662031,9.658251,1 (Pop + Groove + Rock + Hip-Hop),groove_midi___drummer7_session3_108_rock_95_beat_4-4
1675,25.558947,10.055066,1 (Pop + Groove + Rock + Hip-Hop),groove_midi___drummer7_session3_109_rock_95_beat_4-4
1676,25.99395,10.401145,1 (Pop + Groove + Rock + Hip-Hop),groove_midi___drummer7_session3_10_rock_60_beat_4-4
1677,25.45161,9.954234,1 (Pop + Groove + Rock + Hip-Hop),groove_midi___drummer7_session3_117_rock_95_beat_4-4
1678,25.941673,9.918857,1 (Pop + Groove + Rock + Hip-Hop),groove_midi___drummer7_session3_119_rock_95_beat_4-4
1679,25.00815,10.9444275,1 (Pop + Groove + Rock + Hip-Hop),groove_midi___drummer7_session3_11_pop-soft_83_beat_4-4
1680,24.30139,10.509013,1 (Pop + Groove + Rock + Hip-Hop),groove_midi___drummer7_session3_120_rock_93_beat_4-4
1681,24.517664,10.504439,1 (Pop + Groove + Rock + Hip-Hop),groove_midi___drummer7_session3_129_rock_93_beat_4-4
1682,26.407887,9.343998,1 (Pop + Groove + Rock + Hip-Hop),groove_midi___drummer7_session3_130_soul_105_beat_4-4
1683,26.557035,9.714929,1 (Pop + Groove + Rock + Hip-Hop),groove_midi___drummer7_session3_131_soul_105_beat_4-4
1684,26.635948,10.203829,1 (Pop + Groove + Rock + Hip-Hop),groove_midi___drummer7_session3_132_soul_105_beat_4-4
1685,26.23147,9.533359,1 (Pop + Groove + Rock + Hip-Hop),groove_midi___drummer7_session3_133_soul_105_beat_4-4
1686,26.364513,9.861946,1 (Pop + Groove + Rock + Hip-Hop),groove_midi___drummer7_session3_150_soul_105_beat_4-4
1687,25.702229,10.191754,1 (Pop + Groove + Rock + Hip-Hop),groove_midi___drummer7_session3_151_soul_98_beat_4-4
1688,26.472776,10.0013075,1 (Pop + Groove + Rock + Hip-Hop),groove_midi___drummer7_session3_159_soul_98_beat_4-4
1689,27.93907,9.644657,1 (Pop + Groove + Rock + Hip-Hop),groove_midi___drummer7_session3_1_rock_60_beat_4-4
1690,25.193954,11.302951,1 (Pop + Groove + Rock + Hip-Hop),groove_midi___drummer7_session3_22_pop-soft_83_beat_4-4
1691,24.824896,11.374293,1 (Pop + Groove + Rock + Hip-Hop),groove_midi___drummer7_session3_23_pop-soft_83_beat_4-4
1692,26.5924,10.270879,1 (Pop + Groove + Rock + Hip-Hop),groove_midi___drummer7_session3_24_hiphop_67_beat_4-4
1693,25.828756,10.135365,1 (Pop + Groove + Rock + Hip-Hop),groove_midi___drummer7_session3_38_hiphop_67_beat_4-4
1694,25.754023,10.353562,1 (Pop + Groove + Rock + Hip-Hop),groove_midi___drummer7_session3_39_rock-indie_63_beat_4-4
1695,24.005991,10.816405,1 (Pop + Groove + Rock + Hip-Hop),groove_midi___drummer7_session3_46_rock-indie_63_beat_4-4
1696,25.708456,9.540394,1 (Pop + Groove + Rock + Hip-Hop),groove_midi___drummer7_session3_47_funk_112_beat_4-4
1697,25.723007,9.295363,1 (Pop + Groove + Rock + Hip-Hop),groove_midi___drummer7_session3_49_funk_112_beat_4-4
1698,25.385328,9.329259,1 (Pop + Groove + Rock + Hip-Hop),groove_midi___drummer7_session3_64_funk_112_beat_4-4
1699,25.645348,9.2034235,1 (Pop + Groove + Rock + Hip-Hop),groove_midi___drummer7_session3_65_funk_112_beat_4-4
1700,26.258106,10.786751,1 (Pop + Groove + Rock + Hip-Hop),groove_midi___drummer7_session3_67_neworleans-funk_93_beat_4-4
1701,25.150873,11.223573,1 (Pop + Groove + Rock + Hip-Hop),groove_midi___drummer7_session3_91_neworleans-funk_93_beat_4-4
1702,25.357525,11.3223,1 (Pop + Groove + Rock + Hip-Hop),groove_midi___drummer7_session3_92_hiphop_70_beat_4-4
1703,27.548931,9.068039,1 (Pop + Groove + Rock + Hip-Hop),groove_midi___drummer8_eval_session_10_soul-groove10_102_beat_4-4
1704,26.530306,8.764774,1 (Pop + Groove + Rock + Hip-Hop),groove_midi___drummer8_eval_session_1_funk-groove1_138_beat_4-4
1705,27.11742,9.28029,1 (Pop + Groove + Rock + Hip-Hop),groove_midi___drummer8_eval_session_2_funk-groove2_105_beat_4-4
1706,25.761877,8.0519705,1 (Pop + Groove + Rock + Hip-Hop),groove_midi___drummer8_eval_session_3_soul-groove3_86_beat_4-4
1707,27.362535,9.153113,1 (Pop + Groove + Rock + Hip-Hop),groove_midi___drummer8_eval_session_4_soul-groove4_80_beat_4-4
1708,26.022766,8.485323,1 (Pop + Groove + Rock + Hip-Hop),groove_midi___drummer8_eval_session_5_funk-groove5_84_beat_4-4
1709,26.30239,8.2214155,1 (Pop + Groove + Rock + Hip-Hop),groove_midi___drummer8_eval_session_6_hiphop-groove6_87_beat_4-4
1710,27.143425,9.082913,1 (Pop + Groove + Rock + Hip-Hop),groove_midi___drummer8_eval_session_7_pop-groove7_138_beat_4-4
1711,27.629599,9.477708,1 (Pop + Groove + Rock + Hip-Hop),groove_midi___drummer8_eval_session_8_rock-groove8_65_beat_4-4
1712,27.523436,9.092154,1 (Pop + Groove + Rock + Hip-Hop),groove_midi___drummer8_eval_session_9_soul-groove9_105_beat_4-4
1713,26.98701,8.9330225,1 (Pop + Groove + Rock + Hip-Hop),groove_midi___drummer8_session1_10_neworleans-funk_82_beat_4-4
1714,26.441938,9.203965,1 (Pop + Groove + Rock + Hip-Hop),groove_midi___drummer8_session1_11_neworleans-funk_82_beat_4-4
1715,23.252773,9.810652,1 (Pop + Groove + Rock + Hip-Hop),groove_midi___drummer8_session1_12_latin_118_beat_4-4
1716,23.71171,10.088274,1 (Pop + Groove + Rock + Hip-Hop),groove_midi___drummer8_session1_13_latin_118_beat_4-4
1717,27.426674,9.709937,1 (Pop + Groove + Rock + Hip-Hop),groove_midi___drummer8_session1_14_hiphop_94_beat_4-4
1718,27.194958,9.596162,1 (Pop + Groove + Rock + Hip-Hop),groove_midi___drummer8_session1_15_hiphop_94_beat_4-4
1719,24.001364,9.87528,1 (Pop + Groove + Rock + Hip-Hop),groove_midi___drummer8_session1_16_afrobeat_90_beat_4-4
1720,25.984694,8.551457,1 (Pop + Groove + Rock + Hip-Hop),groove_midi___drummer8_session1_17_afrobeat_90_beat_4-4
1721,25.89959,9.279309,1 (Pop + Groove + Rock + Hip-Hop),groove_midi___drummer8_session1_18_funk_108_beat_4-4
1722,26.398932,9.358415,1 (Pop + Groove + Rock + Hip-Hop),groove_midi___drummer8_session1_19_funk_108_beat_4-4
1723,26.628458,9.992364,1 (Pop + Groove + Rock + Hip-Hop),groove_midi___drummer8_session1_1_funk_95_beat_4-4
1724,25.76882,8.781763,1 (Pop + Groove + Rock + Hip-Hop),groove_midi___drummer8_session1_20_rock-shuffle_112_beat_4-4
1725,25.570654,8.375403,1 (Pop + Groove + Rock + Hip-Hop),groove_midi___drummer8_session1_21_rock-shuffle_112_beat_4-4
1726,25.665344,9.857133,1 (Pop + Groove + Rock + Hip-Hop),groove_midi___drummer8_session1_22_funk_115_beat_4-4
1727,27.491316,9.754655,1 (Pop + Groove + Rock + Hip-Hop),groove_midi___drummer8_session1_23_hiphop_70_beat_4-4
1728,24.767344,10.099198,1 (Pop + Groove + Rock + Hip-Hop),groove_midi___drummer8_session1_24_funk-latin_100_beat_4-4
1729,25.663584,9.849239,1 (Pop + Groove + Rock + Hip-Hop),groove_midi___drummer8_session1_25_funk-latin_100_beat_4-4
1730,24.20394,9.673425,1 (Pop + Groove + Rock + Hip-Hop),groove_midi___drummer8_session1_26_afrobeat_94_beat_4-4
1731,23.645967,7.7703714,1 (Pop + Groove + Rock + Hip-Hop),groove_midi___drummer8_session1_27_latin_122_beat_4-4
1732,27.181774,9.028586,1 (Pop + Groove + Rock + Hip-Hop),groove_midi___drummer8_session1_28_rock_102_beat_4-4
1733,26.673513,9.716991,1 (Pop + Groove + Rock + Hip-Hop),groove_midi___drummer8_session1_2_funk_95_beat_4-4
1734,27.495337,8.916025,1 (Pop + Groove + Rock + Hip-Hop),groove_midi___drummer8_session1_3_hiphop_90_beat_4-4
1735,26.72822,8.718529,1 (Pop + Groove + Rock + Hip-Hop),groove_midi___drummer8_session1_4_hiphop_90_beat_4-4
1736,26.476545,9.268109,1 (Pop + Groove + Rock + Hip-Hop),groove_midi___drummer8_session1_5_hiphop_90_beat_4-4
1737,24.372957,10.364824,1 (Pop + Groove + Rock + Hip-Hop),groove_midi___drummer8_session1_6_funk_80_beat_4-4
1738,26.284698,9.386342,1 (Pop + Groove + Rock + Hip-Hop),groove_midi___drummer8_session1_7_funk_80_beat_4-4
1739,26.624453,9.26621,1 (Pop + Groove + Rock + Hip-Hop),groove_midi___drummer8_session1_8_funk_96_beat_4-4
1740,27.082195,9.180016,1 (Pop + Groove + Rock + Hip-Hop),groove_midi___drummer8_session1_9_funk_96_beat_4-4
1741,23.560726,9.8766,1 (Pop + Groove + Rock + Hip-Hop),groove_midi___drummer9_session1_13_rock_120_beat_4-4
1742,23.864447,9.600118,1 (Pop + Groove + Rock + Hip-Hop),groove_midi___drummer9_session1_14_rock_120_beat_4-4
1743,25.685928,7.728553,1 (Pop + Groove + Rock + Hip-Hop),groove_midi___drummer9_session1_18_rock_120_beat_4-4
1744,25.37309,7.5304685,1 (Pop + Groove + Rock + Hip-Hop),groove_midi___drummer9_session1_19_rock_120_beat_4-4
1745,24.785172,9.517075,1 (Pop + Groove + Rock + Hip-Hop),groove_midi___drummer9_session1_1_rock_100_beat_4-4
1746,24.256746,10.060036,1 (Pop + Groove + Rock + Hip-Hop),groove_midi___drummer9_session1_20_rock_120_beat_4-4
1747,24.363926,9.683841,1 (Pop + Groove + Rock + Hip-Hop),groove_midi___drummer9_session1_22_rock_120_beat_4-4
1748,23.580172,9.246189,1 (Pop + Groove + Rock + Hip-Hop),groove_midi___drummer9_session1_23_rock_120_beat_4-4
1749,23.887344,9.935529,1 (Pop + Groove + Rock + Hip-Hop),groove_midi___drummer9_session1_24_rock_90_beat_4-4
1750,26.37221,8.496378,1 (Pop + Groove + Rock + Hip-Hop),groove_midi___drummer9_session1_25_rock_90_beat_4-4
1751,23.981712,10.05755,1 (Pop + Groove + Rock + Hip-Hop),groove_midi___drummer9_session1_26_rock_90_beat_4-4
1752,24.182821,10.446853,1 (Pop + Groove + Rock + Hip-Hop),groove_midi___drummer9_session1_28_rock_90_beat_4-4
1753,24.911137,9.53141,1 (Pop + Groove + Rock + Hip-Hop),groove_midi___drummer9_session1_2_rock_100_beat_4-4
1754,25.651081,9.9419155,1 (Pop + Groove + Rock + Hip-Hop),groove_midi___drummer9_session1_3_rock_100_beat_4-4
1755,24.031662,9.954816,1 (Pop + Groove + Rock + Hip-Hop),groove_midi___drummer9_session1_5_rock_100_beat_4-4
1756,26.385942,9.417827,1 (Pop + Groove + Rock + Hip-Hop),groove_midi___drummer9_session1_7_rock_100_beat_4-4
1757,-15.789581,8.497506,2 (Classical + Jazz),guitarset___00_BN1-129-Eb_comp_mix
1758,-15.325846,9.070292,2 (Classical + Jazz),guitarset___00_BN1-147-Gb_comp_mix
1759,-15.737852,9.031744,2 (Classical + Jazz),guitarset___00_BN2-131-B_comp_mix
1760,-15.434527,9.352237,2 (Classical + Jazz),guitarset___00_BN2-166-Ab_comp_mix
1761,-15.487325,8.600886,2 (Classical + Jazz),guitarset___00_BN3-119-G_comp_mix
1762,-15.142872,9.184074,2 (Classical + Jazz),guitarset___00_BN3-154-E_comp_mix
1763,-13.523061,9.516161,2 (Classical + Jazz),guitarset___00_Funk1-114-Ab_comp_mix
1764,-13.425259,9.636822,2 (Classical + Jazz),guitarset___00_Funk1-97-C_comp_mix
1765,-13.176479,9.147615,2 (Classical + Jazz),guitarset___00_Funk2-108-Eb_comp_mix
1766,-12.52863,8.611112,2 (Classical + Jazz),guitarset___00_Funk2-119-G_comp_mix
1767,-12.685081,8.795514,2 (Classical + Jazz),guitarset___00_Funk3-112-C#_comp_mix
1768,-13.3028345,9.053422,2 (Classical + Jazz),guitarset___00_Funk3-98-A_comp_mix
1769,-13.2843685,8.24161,2 (Classical + Jazz),guitarset___00_Jazz1-130-D_comp_mix
1770,-13.914959,9.455264,2 (Classical + Jazz),guitarset___00_Jazz1-200-B_comp_mix
1771,-13.747236,8.444863,2 (Classical + Jazz),guitarset___00_Jazz2-110-Bb_comp_mix
1772,-14.126987,10.10421,2 (Classical + Jazz),guitarset___00_Jazz2-187-F#_comp_mix
1773,-14.919809,8.630604,2 (Classical + Jazz),guitarset___00_Jazz3-137-Eb_comp_mix
1774,-13.580552,9.365808,2 (Classical + Jazz),guitarset___00_Jazz3-150-C_comp_mix
1775,-11.931302,7.438699,2 (Classical + Jazz),guitarset___00_Rock1-130-A_comp_mix
1776,-12.358216,7.8350453,2 (Classical + Jazz),guitarset___00_Rock1-90-C#_comp_mix
1777,-12.41995,7.895316,2 (Classical + Jazz),guitarset___00_Rock2-142-D_comp_mix
1778,-12.357951,7.956456,2 (Classical + Jazz),guitarset___00_Rock2-85-F_comp_mix
1779,-12.721202,8.442972,2 (Classical + Jazz),guitarset___00_Rock3-117-Bb_comp_mix
1780,-11.963186,7.6947427,2 (Classical + Jazz),guitarset___00_Rock3-148-C_comp_mix
1781,-16.84813,6.9383163,2 (Classical + Jazz),guitarset___00_SS1-100-C#_comp_mix
1782,-16.963291,6.8483043,2 (Classical + Jazz),guitarset___00_SS1-68-E_comp_mix
1783,-16.700382,7.294362,2 (Classical + Jazz),guitarset___00_SS2-107-Ab_comp_mix
1784,-15.612,8.377601,2 (Classical + Jazz),guitarset___00_SS2-88-F_comp_mix
1785,-16.271595,8.00604,2 (Classical + Jazz),guitarset___00_SS3-84-Bb_comp_mix
1786,-16.94392,6.9341345,2 (Classical + Jazz),guitarset___00_SS3-98-C_comp_mix
1787,-14.47171,9.461927,2 (Classical + Jazz),guitarset___01_BN1-129-Eb_comp_mix
1788,-14.298716,9.482639,2 (Classical + Jazz),guitarset___01_BN1-147-Gb_comp_mix
1789,-13.9411955,9.727431,2 (Classical + Jazz),guitarset___01_BN2-131-B_comp_mix
1790,-13.594771,10.260548,2 (Classical + Jazz),guitarset___01_BN2-166-Ab_comp_mix
1791,-14.294679,10.431521,2 (Classical + Jazz),guitarset___01_BN3-119-G_comp_mix
1792,-14.017936,10.14416,2 (Classical + Jazz),guitarset___01_BN3-154-E_comp_mix
1793,-13.184003,11.485308,2 (Classical + Jazz),guitarset___01_Funk1-114-Ab_comp_mix
1794,-13.273273,11.326818,2 (Classical + Jazz),guitarset___01_Funk1-97-C_comp_mix
1795,-13.303609,11.2842,2 (Classical + Jazz),guitarset___01_Funk2-108-Eb_comp_mix
1796,-13.236175,11.409102,2 (Classical + Jazz),guitarset___01_Funk2-119-G_comp_mix
1797,-13.307262,11.269859,2 (Classical + Jazz),guitarset___01_Funk3-112-C#_comp_mix
1798,-13.2501955,11.366568,2 (Classical + Jazz),guitarset___01_Funk3-98-A_comp_mix
1799,-15.734826,8.750045,2 (Classical + Jazz),guitarset___01_Jazz1-130-D_comp_mix
1800,-15.055941,9.748894,2 (Classical + Jazz),guitarset___01_Jazz1-200-B_comp_mix
1801,-14.068208,9.652184,2 (Classical + Jazz),guitarset___01_Jazz2-110-Bb_comp_mix
1802,-13.742252,10.718096,2 (Classical + Jazz),guitarset___01_Jazz2-187-F#_comp_mix
1803,-14.095089,10.060317,2 (Classical + Jazz),guitarset___01_Jazz3-137-Eb_comp_mix
1804,-13.907468,10.338703,2 (Classical + Jazz),guitarset___01_Jazz3-150-C_comp_mix
1805,-13.243713,9.125137,2 (Classical + Jazz),guitarset___01_Rock1-130-A_comp_mix
1806,-13.375884,8.8393545,2 (Classical + Jazz),guitarset___01_Rock1-90-C#_comp_mix
1807,-13.206142,9.097034,2 (Classical + Jazz),guitarset___01_Rock2-142-D_comp_mix
1808,-13.695062,8.680663,2 (Classical + Jazz),guitarset___01_Rock2-85-F_comp_mix
1809,-13.241539,9.595612,2 (Classical + Jazz),guitarset___01_Rock3-117-Bb_comp_mix
1810,-13.128798,9.7347,2 (Classical + Jazz),guitarset___01_Rock3-148-C_comp_mix
1811,-13.4083605,10.515149,2 (Classical + Jazz),guitarset___01_SS1-100-C#_comp_mix
1812,-18.313715,5.897536,2 (Classical + Jazz),guitarset___01_SS1-68-E_comp_mix
1813,-13.427894,11.163124,2 (Classical + Jazz),guitarset___01_SS2-107-Ab_comp_mix
1814,-13.88722,9.361242,2 (Classical + Jazz),guitarset___01_SS2-88-F_comp_mix
1815,-15.579105,8.178402,2 (Classical + Jazz),guitarset___01_SS3-84-Bb_comp_mix
1816,-17.723375,6.2805114,2 (Classical + Jazz),guitarset___01_SS3-98-C_comp_mix
1817,-15.74866,7.618509,2 (Classical + Jazz),guitarset___02_BN1-129-Eb_comp_mix
1818,-14.755298,8.7426405,2 (Classical + Jazz),guitarset___02_BN1-147-Gb_comp_mix
1819,-14.786923,7.8022046,2 (Classical + Jazz),guitarset___02_BN2-131-B_comp_mix
1820,-15.430895,7.860143,2 (Classical + Jazz),guitarset___02_BN2-166-Ab_comp_mix
1821,-14.522202,8.383374,2 (Classical + Jazz),guitarset___02_BN3-119-G_comp_mix
1822,-14.83677,8.455516,2 (Classical + Jazz),guitarset___02_BN3-154-E_comp_mix
1823,-14.610002,7.921994,2 (Classical + Jazz),guitarset___02_Funk1-114-Ab_comp_mix
1824,-14.517877,7.7217884,2 (Classical + Jazz),guitarset___02_Funk1-97-C_comp_mix
1825,-14.366795,7.84817,2 (Classical + Jazz),guitarset___02_Funk2-108-Eb_comp_mix
1826,-14.637369,8.0768385,2 (Classical + Jazz),guitarset___02_Funk2-119-G_comp_mix
1827,-14.484527,7.718909,2 (Classical + Jazz),guitarset___02_Funk3-112-C#_comp_mix
1828,-14.7900505,8.0466385,2 (Classical + Jazz),guitarset___02_Funk3-98-A_comp_mix
1829,-14.947057,8.132079,2 (Classical + Jazz),guitarset___02_Jazz1-130-D_comp_mix
1830,-14.927034,7.4223456,2 (Classical + Jazz),guitarset___02_Jazz1-200-B_comp_mix
1831,-14.281932,8.185038,2 (Classical + Jazz),guitarset___02_Jazz2-110-Bb_comp_mix
1832,-15.292662,8.060144,2 (Classical + Jazz),guitarset___02_Jazz2-187-F#_comp_mix
1833,-15.195812,7.546468,2 (Classical + Jazz),guitarset___02_Jazz3-137-Eb_comp_mix
1834,-15.154531,7.092421,2 (Classical + Jazz),guitarset___02_Jazz3-150-C_comp_mix
1835,-14.210389,8.754573,2 (Classical + Jazz),guitarset___02_Rock1-130-A_comp_mix
1836,-14.779503,8.862149,2 (Classical + Jazz),guitarset___02_Rock1-90-C#_comp_mix
1837,-14.585785,8.309835,2 (Classical + Jazz),guitarset___02_Rock2-142-D_comp_mix
1838,-14.764664,8.040912,2 (Classical + Jazz),guitarset___02_Rock2-85-F_comp_mix
1839,-13.923886,8.714509,2 (Classical + Jazz),guitarset___02_Rock3-117-Bb_comp_mix
1840,-13.1015215,8.883039,2 (Classical + Jazz),guitarset___02_Rock3-148-C_comp_mix
1841,-16.726097,6.9363065,2 (Classical + Jazz),guitarset___02_SS1-100-C#_comp_mix
1842,-17.327272,6.542533,2 (Classical + Jazz),guitarset___02_SS1-68-E_comp_mix
1843,-15.037064,7.6567974,2 (Classical + Jazz),guitarset___02_SS2-107-Ab_comp_mix
1844,-14.557612,8.395569,2 (Classical + Jazz),guitarset___02_SS2-88-F_comp_mix
1845,-13.9156475,7.829828,2 (Classical + Jazz),guitarset___02_SS3-84-Bb_comp_mix
1846,-14.116164,8.2368145,2 (Classical + Jazz),guitarset___02_SS3-98-C_comp_mix
1847,-15.408383,9.163348,2 (Classical + Jazz),guitarset___03_BN1-129-Eb_comp_mix
1848,-15.408586,9.279275,2 (Classical + Jazz),guitarset___03_BN1-147-Gb_comp_mix
1849,-15.42974,8.970065,2 (Classical + Jazz),guitarset___03_BN2-131-B_comp_mix
1850,-15.4041395,9.530313,2 (Classical + Jazz),guitarset___03_BN2-166-Ab_comp_mix
1851,-15.453696,8.846245,2 (Classical + Jazz),guitarset___03_BN3-119-G_comp_mix
1852,-15.505259,9.136695,2 (Classical + Jazz),guitarset___03_BN3-154-E_comp_mix
1853,-14.0970545,9.82383,2 (Classical + Jazz),guitarset___03_Funk1-114-Ab_comp_mix
1854,-14.154161,9.862684,2 (Classical + Jazz),guitarset___03_Funk1-97-C_comp_mix
1855,-14.034911,9.701418,2 (Classical + Jazz),guitarset___03_Funk2-108-Eb_comp_mix
1856,-14.241879,9.856388,2 (Classical + Jazz),guitarset___03_Funk2-119-G_comp_mix
1857,-14.543655,9.504452,2 (Classical + Jazz),guitarset___03_Funk3-112-C#_comp_mix
1858,-13.869838,10.335755,2 (Classical + Jazz),guitarset___03_Funk3-98-A_comp_mix
1859,-14.560405,9.150603,2 (Classical + Jazz),guitarset___03_Jazz1-130-D_comp_mix
1860,-14.187102,9.318635,2 (Classical + Jazz),guitarset___03_Jazz1-200-B_comp_mix
1861,-14.712904,8.862204,2 (Classical + Jazz),guitarset___03_Jazz2-110-Bb_comp_mix
1862,-15.146083,8.949759,2 (Classical + Jazz),guitarset___03_Jazz2-187-F#_comp_mix
1863,-14.461073,9.079221,2 (Classical + Jazz),guitarset___03_Jazz3-137-Eb_comp_mix
1864,-14.450478,9.293036,2 (Classical + Jazz),guitarset___03_Jazz3-150-C_comp_mix
1865,-13.664541,8.689887,2 (Classical + Jazz),guitarset___03_Rock1-130-A_comp_mix
1866,-14.030806,8.523567,2 (Classical + Jazz),guitarset___03_Rock1-90-C#_comp_mix
1867,-13.78895,9.364448,2 (Classical + Jazz),guitarset___03_Rock2-142-D_comp_mix
1868,-13.823203,8.7235365,2 (Classical + Jazz),guitarset___03_Rock2-85-F_comp_mix
1869,-14.389047,9.175605,2 (Classical + Jazz),guitarset___03_Rock3-117-Bb_comp_mix
1870,-13.627388,8.718177,2 (Classical + Jazz),guitarset___03_Rock3-148-C_comp_mix
1871,-13.855386,8.924133,2 (Classical + Jazz),guitarset___03_SS1-100-C#_comp_mix
1872,-15.047728,8.493134,2 (Classical + Jazz),guitarset___03_SS1-68-E_comp_mix
1873,-13.773081,9.491874,2 (Classical + Jazz),guitarset___03_SS2-107-Ab_comp_mix
1874,-13.883291,8.4982395,2 (Classical + Jazz),guitarset___03_SS2-88-F_comp_mix
1875,-15.849106,8.2000675,2 (Classical + Jazz),guitarset___03_SS3-84-Bb_comp_mix
1876,-13.625105,8.46327,2 (Classical + Jazz),guitarset___03_SS3-98-C_comp_mix
1877,-15.225929,8.829748,2 (Classical + Jazz),guitarset___04_BN1-129-Eb_comp_mix
1878,-15.435732,8.758097,2 (Classical + Jazz),guitarset___04_BN1-147-Gb_comp_mix
1879,-15.4078,8.879983,2 (Classical + Jazz),guitarset___04_BN2-131-B_comp_mix
1880,-15.465793,9.20695,2 (Classical + Jazz),guitarset___04_BN2-166-Ab_comp_mix
1881,-15.475134,8.674748,2 (Classical + Jazz),guitarset___04_BN3-119-G_comp_mix
1882,-15.514837,9.159502,2 (Classical + Jazz),guitarset___04_BN3-154-E_comp_mix
1883,-13.930947,10.572232,2 (Classical + Jazz),guitarset___04_Funk1-114-Ab_comp_mix
1884,-14.706245,10.411201,2 (Classical + Jazz),guitarset___04_Funk1-97-C_comp_mix
1885,-13.624514,10.730018,2 (Classical + Jazz),guitarset___04_Funk2-108-Eb_comp_mix
1886,-13.4789095,10.928305,2 (Classical + Jazz),guitarset___04_Funk2-119-G_comp_mix
1887,-13.681606,10.502472,2 (Classical + Jazz),guitarset___04_Funk3-112-C#_comp_mix
1888,-13.66124,10.641664,2 (Classical + Jazz),guitarset___04_Funk3-98-A_comp_mix
1889,-15.6024885,9.039051,2 (Classical + Jazz),guitarset___04_Jazz1-130-D_comp_mix
1890,-14.774375,9.653577,2 (Classical + Jazz),guitarset___04_Jazz1-200-B_comp_mix
1891,-15.38035,8.659328,2 (Classical + Jazz),guitarset___04_Jazz2-110-Bb_comp_mix
1892,-15.469152,9.196434,2 (Classical + Jazz),guitarset___04_Jazz2-187-F#_comp_mix
1893,-15.476896,8.9303875,2 (Classical + Jazz),guitarset___04_Jazz3-137-Eb_comp_mix
1894,-15.419251,8.906662,2 (Classical + Jazz),guitarset___04_Jazz3-150-C_comp_mix
1895,-14.604343,10.310678,2 (Classical + Jazz),guitarset___04_Rock1-130-A_comp_mix
1896,-13.916379,8.551407,2 (Classical + Jazz),guitarset___04_Rock1-90-C#_comp_mix
1897,-12.482024,8.286946,2 (Classical + Jazz),guitarset___04_Rock2-142-D_comp_mix
1898,-15.996462,8.047817,2 (Classical + Jazz),guitarset___04_Rock2-85-F_comp_mix
1899,-13.271811,8.9996195,2 (Classical + Jazz),guitarset___04_Rock3-117-Bb_comp_mix
1900,-14.516633,10.376103,2 (Classical + Jazz),guitarset___04_Rock3-148-C_comp_mix
1901,-17.078842,7.557533,2 (Classical + Jazz),guitarset___04_SS1-100-C#_comp_mix
1902,-12.036047,7.496333,2 (Classical + Jazz),guitarset___04_SS1-68-E_comp_mix
1903,-16.087744,8.230106,2 (Classical + Jazz),guitarset___04_SS2-107-Ab_comp_mix
1904,-16.26753,7.714519,2 (Classical + Jazz),guitarset___04_SS2-88-F_comp_mix
1905,-15.609855,8.1409235,2 (Classical + Jazz),guitarset___04_SS3-84-Bb_comp_mix
1906,-16.392092,7.52357,2 (Classical + Jazz),guitarset___04_SS3-98-C_comp_mix
1907,-15.652317,8.329301,2 (Classical + Jazz),guitarset___05_BN1-129-Eb_comp_mix
1908,-16.047852,8.073552,2 (Classical + Jazz),guitarset___05_BN1-147-Gb_comp_mix
1909,-15.845242,8.07789,2 (Classical + Jazz),guitarset___05_BN2-131-B_comp_mix
1910,-15.721119,8.205266,2 (Classical + Jazz),guitarset___05_BN2-166-Ab_comp_mix
1911,-15.342593,8.356712,2 (Classical + Jazz),guitarset___05_BN3-119-G_comp_mix
1912,-15.8482,8.134154,2 (Classical + Jazz),guitarset___05_BN3-154-E_comp_mix
1913,-13.794489,9.303105,2 (Classical + Jazz),guitarset___05_Funk1-114-Ab_comp_mix
1914,-13.829794,9.389382,2 (Classical + Jazz),guitarset___05_Funk1-97-C_comp_mix
1915,-13.830812,9.267065,2 (Classical + Jazz),guitarset___05_Funk2-108-Eb_comp_mix
1916,-13.847261,9.442827,2 (Classical + Jazz),guitarset___05_Funk2-119-G_comp_mix
1917,-13.885683,9.139448,2 (Classical + Jazz),guitarset___05_Funk3-112-C#_comp_mix
1918,-13.90404,9.3168955,2 (Classical + Jazz),guitarset___05_Funk3-98-A_comp_mix
1919,-14.028288,9.291906,2 (Classical + Jazz),guitarset___05_Jazz1-130-D_comp_mix
1920,-14.502103,10.162412,2 (Classical + Jazz),guitarset___05_Jazz1-200-B_comp_mix
1921,-14.265726,8.923382,2 (Classical + Jazz),guitarset___05_Jazz2-110-Bb_comp_mix
1922,-14.629981,10.165856,2 (Classical + Jazz),guitarset___05_Jazz2-187-F#_comp_mix
1923,-14.217946,9.671362,2 (Classical + Jazz),guitarset___05_Jazz3-137-Eb_comp_mix
1924,-14.171377,9.544039,2 (Classical + Jazz),guitarset___05_Jazz3-150-C_comp_mix
1925,-12.986328,7.8798094,2 (Classical + Jazz),guitarset___05_Rock1-130-A_comp_mix
1926,-13.425729,8.237695,2 (Classical + Jazz),guitarset___05_Rock1-90-C#_comp_mix
1927,-13.568328,7.826359,2 (Classical + Jazz),guitarset___05_Rock2-142-D_comp_mix
1928,-13.827207,8.170081,2 (Classical + Jazz),guitarset___05_Rock2-85-F_comp_mix
1929,-13.448707,8.227748,2 (Classical + Jazz),guitarset___05_Rock3-117-Bb_comp_mix
1930,-12.527399,9.461475,2 (Classical + Jazz),guitarset___05_Rock3-148-C_comp_mix
1931,-16.7078,7.069056,2 (Classical + Jazz),guitarset___05_SS1-100-C#_comp_mix
1932,-16.686346,7.1525,2 (Classical + Jazz),guitarset___05_SS1-68-E_comp_mix
1933,-16.054934,7.808849,2 (Classical + Jazz),guitarset___05_SS2-107-Ab_comp_mix
1934,-16.661676,7.1718707,2 (Classical + Jazz),guitarset___05_SS2-88-F_comp_mix
1935,-15.02516,8.437464,2 (Classical + Jazz),guitarset___05_SS3-84-Bb_comp_mix
1936,-16.79307,7.0066304,2 (Classical + Jazz),guitarset___05_SS3-98-C_comp_mix
1937,1.2765925,2.4105895,1 (Pop + Groove + Rock + Hip-Hop),hainsworth___hainsworth_001
1938,-2.0109427,-7.8961353,2 (Classical + Jazz),hainsworth___hainsworth_002
1939,-3.1576903,-7.0228105,2 (Classical + Jazz),hainsworth___hainsworth_003
1940,-21.343103,3.5477693,2 (Classical + Jazz),hainsworth___hainsworth_006
1941,-14.098791,-1.9005592,2 (Classical + Jazz),hainsworth___hainsworth_007
1942,-3.0870838,-6.2629104,2 (Classical + Jazz),hainsworth___hainsworth_008
1943,-3.448352,-6.2833643,2 (Classical + Jazz),hainsworth___hainsworth_009
1944,-0.043281768,7.235091,1 (Pop + Groove + Rock + Hip-Hop),hainsworth___hainsworth_010
1945,2.7346814,5.6028333,1 (Pop + Groove + Rock + Hip-Hop),hainsworth___hainsworth_011
1946,-21.260036,3.5427778,2 (Classical + Jazz),hainsworth___hainsworth_012
1947,-18.667868,-1.685442,2 (Classical + Jazz),hainsworth___hainsworth_013
1948,13.500004,5.386607,1 (Pop + Groove + Rock + Hip-Hop),hainsworth___hainsworth_015
1949,-8.776123,4.3367896,2 (Classical + Jazz),hainsworth___hainsworth_016
1950,13.077035,6.271873,1 (Pop + Groove + Rock + Hip-Hop),hainsworth___hainsworth_017
1951,15.646503,7.459038,1 (Pop + Groove + Rock + Hip-Hop),hainsworth___hainsworth_018
1952,3.9750566,3.9314106,1 (Pop + Groove + Rock + Hip-Hop),hainsworth___hainsworth_019
1953,19.621181,3.205611,1 (Pop + Groove + Rock + Hip-Hop),hainsworth___hainsworth_020
1954,-3.0512764,4.257558,2 (Classical + Jazz),hainsworth___hainsworth_021
1955,0.5634443,5.810839,1 (Pop + Groove + Rock + Hip-Hop),hainsworth___hainsworth_022
1956,0.65980667,0.7951722,1 (Pop + Groove + Rock + Hip-Hop),hainsworth___hainsworth_023
1957,-3.8988857,-0.85396487,2 (Classical + Jazz),hainsworth___hainsworth_024
1958,1.4178718,5.766253,1 (Pop + Groove + Rock + Hip-Hop),hainsworth___hainsworth_025
1959,-17.086918,-4.304568,2 (Classical + Jazz),hainsworth___hainsworth_035
1960,-17.46801,-5.2325253,2 (Classical + Jazz),hainsworth___hainsworth_036
1961,-17.335659,-3.9132478,2 (Classical + Jazz),hainsworth___hainsworth_037
1962,1.970803,1.2327489,1 (Pop + Groove + Rock + Hip-Hop),hainsworth___hainsworth_038
1963,10.52055,-1.1506709,1 (Pop + Groove + Rock + Hip-Hop),hainsworth___hainsworth_039
1964,14.0799265,3.4205427,1 (Pop + Groove + Rock + Hip-Hop),hainsworth___hainsworth_040
1965,4.7774367,0.35875204,1 (Pop + Groove + Rock + Hip-Hop),hainsworth___hainsworth_041
1966,16.760672,2.3832078,1 (Pop + Groove + Rock + Hip-Hop),hainsworth___hainsworth_042
1967,15.712453,2.816284,1 (Pop + Groove + Rock + Hip-Hop),hainsworth___hainsworth_043
1968,-2.813774,4.0276747,2 (Classical + Jazz),hainsworth___hainsworth_045
1969,1.2914889,10.733098,1 (Pop + Groove + Rock + Hip-Hop),hainsworth___hainsworth_046
1970,1.9730896,5.6788654,1 (Pop + Groove + Rock + Hip-Hop),hainsworth___hainsworth_047
1971,-0.9435971,5.600598,1 (Pop + Groove + Rock + Hip-Hop),hainsworth___hainsworth_048
1972,-1.2984161,1.9611105,1 (Pop + Groove + Rock + Hip-Hop),hainsworth___hainsworth_049
1973,7.0922484,8.988134,1 (Pop + Groove + Rock + Hip-Hop),hainsworth___hainsworth_050
1974,4.9403024,0.9470362,1 (Pop + Groove + Rock + Hip-Hop),hainsworth___hainsworth_051
1975,3.4243293,-0.32603744,1 (Pop + Groove + Rock + Hip-Hop),hainsworth___hainsworth_052
1976,-0.39774594,5.559247,1 (Pop + Groove + Rock + Hip-Hop),hainsworth___hainsworth_053
1977,3.597097,-0.3406682,1 (Pop + Groove + Rock + Hip-Hop),hainsworth___hainsworth_054
1978,2.9509997,1.5036604,1 (Pop + Groove + Rock + Hip-Hop),hainsworth___hainsworth_055
1979,2.0062401,-4.9836874,1 (Pop + Groove + Rock + Hip-Hop),hainsworth___hainsworth_056
1980,-4.264942,-0.53063023,2 (Classical + Jazz),hainsworth___hainsworth_057
1981,-3.9956987,1.7609669,2 (Classical + Jazz),hainsworth___hainsworth_058
1982,-5.3749385,0.31008628,2 (Classical + Jazz),hainsworth___hainsworth_059
1983,-1.301718,1.318859,1 (Pop + Groove + Rock + Hip-Hop),hainsworth___hainsworth_060
1984,-2.6996524,1.8311057,2 (Classical + Jazz),hainsworth___hainsworth_061
1985,-6.0591955,0.47554082,2 (Classical + Jazz),hainsworth___hainsworth_062
1986,0.5798279,4.765642,1 (Pop + Groove + Rock + Hip-Hop),hainsworth___hainsworth_063
1987,1.9970407,3.8049765,1 (Pop + Groove + Rock + Hip-Hop),hainsworth___hainsworth_064
1988,-2.5606928,0.16613668,2 (Classical + Jazz),hainsworth___hainsworth_065
1989,-1.1016046,0.93588096,1 (Pop + Groove + Rock + Hip-Hop),hainsworth___hainsworth_066
1990,-2.0357282,-2.1605885,2 (Classical + Jazz),hainsworth___hainsworth_067
1991,-2.9220293,2.3204079,2 (Classical + Jazz),hainsworth___hainsworth_068
1992,-2.1921425,1.83808,2 (Classical + Jazz),hainsworth___hainsworth_069
1993,-3.6194632,-2.9248092,2 (Classical + Jazz),hainsworth___hainsworth_070
1994,-0.14790016,0.22197694,1 (Pop + Groove + Rock + Hip-Hop),hainsworth___hainsworth_071
1995,-11.135824,3.5854628,2 (Classical + Jazz),hainsworth___hainsworth_072
1996,3.4577785,-3.2483993,1 (Pop + Groove + Rock + Hip-Hop),hainsworth___hainsworth_073
1997,-5.9975805,-4.693822,2 (Classical + Jazz),hainsworth___hainsworth_074
1998,-3.4754677,-2.87809,2 (Classical + Jazz),hainsworth___hainsworth_075
1999,-6.9776363,-5.380321,2 (Classical + Jazz),hainsworth___hainsworth_076
2000,-7.9016204,-4.1782656,2 (Classical + Jazz),hainsworth___hainsworth_077
2001,-4.5136933,5.1872635,2 (Classical + Jazz),hainsworth___hainsworth_078
2002,1.4204247,-0.896,1 (Pop + Groove + Rock + Hip-Hop),hainsworth___hainsworth_079
2003,-0.44192275,2.8094983,1 (Pop + Groove + Rock + Hip-Hop),hainsworth___hainsworth_080
2004,2.4219604,3.7005787,1 (Pop + Groove + Rock + Hip-Hop),hainsworth___hainsworth_081
2005,0.7640812,4.102789,1 (Pop + Groove + Rock + Hip-Hop),hainsworth___hainsworth_082
2006,-0.6804577,3.6499393,1 (Pop + Groove + Rock + Hip-Hop),hainsworth___hainsworth_083
2007,0.106156334,7.6478877,1 (Pop + Groove + Rock + Hip-Hop),hainsworth___hainsworth_084
2008,-0.15885223,2.459091,1 (Pop + Groove + Rock + Hip-Hop),hainsworth___hainsworth_085
2009,-0.44924992,3.8039842,1 (Pop + Groove + Rock + Hip-Hop),hainsworth___hainsworth_086
2010,2.9729865,5.0103626,1 (Pop + Groove + Rock + Hip-Hop),hainsworth___hainsworth_087
2011,0.51166636,4.619075,1 (Pop + Groove + Rock + Hip-Hop),hainsworth___hainsworth_088
2012,0.3750467,3.256583,1 (Pop + Groove + Rock + Hip-Hop),hainsworth___hainsworth_089
2013,16.076277,6.449801,1 (Pop + Groove + Rock + Hip-Hop),hainsworth___hainsworth_090
2014,-5.036773,3.069873,2 (Classical + Jazz),hainsworth___hainsworth_091
2015,-0.8101482,1.0924125,1 (Pop + Groove + Rock + Hip-Hop),hainsworth___hainsworth_092
2016,0.9100528,1.7695833,1 (Pop + Groove + Rock + Hip-Hop),hainsworth___hainsworth_093
2017,-4.750835,0.75220406,2 (Classical + Jazz),hainsworth___hainsworth_094
2018,3.1988,3.348931,1 (Pop + Groove + Rock + Hip-Hop),hainsworth___hainsworth_095
2019,-0.16736019,4.4909,1 (Pop + Groove + Rock + Hip-Hop),hainsworth___hainsworth_096
2020,-0.03141236,1.0578414,1 (Pop + Groove + Rock + Hip-Hop),hainsworth___hainsworth_097
2021,0.7408587,4.003356,1 (Pop + Groove + Rock + Hip-Hop),hainsworth___hainsworth_098
2022,-1.9495767,-1.6174594,2 (Classical + Jazz),hainsworth___hainsworth_099
2023,7.190588,5.712339,1 (Pop + Groove + Rock + Hip-Hop),hainsworth___hainsworth_100
2024,-1.5245855,-8.618808,2 (Classical + Jazz),hainsworth___hainsworth_102
2025,-5.965104,-3.0426233,2 (Classical + Jazz),hainsworth___hainsworth_103
2026,-3.9206827,-7.626091,2 (Classical + Jazz),hainsworth___hainsworth_104
2027,-4.274316,-4.540181,2 (Classical + Jazz),hainsworth___hainsworth_106
2028,-20.398306,0.12438055,2 (Classical + Jazz),hainsworth___hainsworth_107
2029,-3.3572404,-7.5454164,2 (Classical + Jazz),hainsworth___hainsworth_108
2030,-1.2487208,-8.50331,2 (Classical + Jazz),hainsworth___hainsworth_110
2031,-5.364549,-6.086879,2 (Classical + Jazz),hainsworth___hainsworth_111
2032,-3.9155595,-7.6877027,2 (Classical + Jazz),hainsworth___hainsworth_112
2033,-4.44847,-6.3635902,2 (Classical + Jazz),hainsworth___hainsworth_113
2034,-2.980961,-7.9048963,2 (Classical + Jazz),hainsworth___hainsworth_114
2035,-2.6315978,-10.022875,2 (Classical + Jazz),hainsworth___hainsworth_115
2036,-3.3820083,-6.9447374,2 (Classical + Jazz),hainsworth___hainsworth_117
2037,-1.4641515,-7.200701,2 (Classical + Jazz),hainsworth___hainsworth_118
2038,-2.6161451,-9.029614,2 (Classical + Jazz),hainsworth___hainsworth_119
2039,-0.58166903,-6.6442943,2 (Classical + Jazz),hainsworth___hainsworth_120
2040,-14.19065,-2.4164033,2 (Classical + Jazz),hainsworth___hainsworth_121
2041,-14.096814,-2.6021633,2 (Classical + Jazz),hainsworth___hainsworth_122
2042,-13.979645,-2.2529576,2 (Classical + Jazz),hainsworth___hainsworth_123
2043,-13.80367,-2.365436,2 (Classical + Jazz),hainsworth___hainsworth_124
2044,-14.180626,-2.3770626,2 (Classical + Jazz),hainsworth___hainsworth_125
2045,-14.327623,-2.5639117,2 (Classical + Jazz),hainsworth___hainsworth_126
2046,-14.300997,-2.6449425,2 (Classical + Jazz),hainsworth___hainsworth_127
2047,-14.235571,-2.9470088,2 (Classical + Jazz),hainsworth___hainsworth_128
2048,-14.468803,-2.3424392,2 (Classical + Jazz),hainsworth___hainsworth_129
2049,-14.301313,-2.7546604,2 (Classical + Jazz),hainsworth___hainsworth_130
2050,-14.2680855,-2.0816371,2 (Classical + Jazz),hainsworth___hainsworth_131
2051,-14.419524,-2.4698517,2 (Classical + Jazz),hainsworth___hainsworth_132
2052,-14.338264,-2.5811112,2 (Classical + Jazz),hainsworth___hainsworth_133
2053,-14.308359,-2.8591585,2 (Classical + Jazz),hainsworth___hainsworth_134
2054,-14.212395,-2.3594482,2 (Classical + Jazz),hainsworth___hainsworth_135
2055,-4.5466647,1.8608949,2 (Classical + Jazz),hainsworth___hainsworth_137
2056,8.355897,7.7396507,1 (Pop + Groove + Rock + Hip-Hop),hainsworth___hainsworth_138
2057,8.314079,4.884917,1 (Pop + Groove + Rock + Hip-Hop),hainsworth___hainsworth_139
2058,-5.786472,0.26381463,2 (Classical + Jazz),hainsworth___hainsworth_140
2059,7.6551886,6.3555408,1 (Pop + Groove + Rock + Hip-Hop),hainsworth___hainsworth_141
2060,7.1619387,8.16347,1 (Pop + Groove + Rock + Hip-Hop),hainsworth___hainsworth_143
2061,-1.2473749,-2.7472985,2 (Classical + Jazz),hainsworth___hainsworth_144
2062,13.331949,-6.1681933,1 (Pop + Groove + Rock + Hip-Hop),hainsworth___hainsworth_145
2063,13.578914,2.4833438,1 (Pop + Groove + Rock + Hip-Hop),hainsworth___hainsworth_146
2064,20.344458,6.0453906,1 (Pop + Groove + Rock + Hip-Hop),hainsworth___hainsworth_147
2065,-7.9004555,-6.7771153,2 (Classical + Jazz),hainsworth___hainsworth_148
2066,-6.9538097,-6.238881,2 (Classical + Jazz),hainsworth___hainsworth_149
2067,0.8402968,7.7506056,1 (Pop + Groove + Rock + Hip-Hop),hainsworth___hainsworth_150
2068,1.4977571,6.766597,1 (Pop + Groove + Rock + Hip-Hop),hainsworth___hainsworth_151
2069,-13.919861,-4.602782,2 (Classical + Jazz),hainsworth___hainsworth_152
2070,12.530399,5.0468435,1 (Pop + Groove + Rock + Hip-Hop),hainsworth___hainsworth_153
2071,15.595719,3.5113463,1 (Pop + Groove + Rock + Hip-Hop),hainsworth___hainsworth_154
2072,18.30838,0.76771957,1 (Pop + Groove + Rock + Hip-Hop),hainsworth___hainsworth_155
2073,15.62215,0.7675206,1 (Pop + Groove + Rock + Hip-Hop),hainsworth___hainsworth_156
2074,19.284014,1.3077925,1 (Pop + Groove + Rock + Hip-Hop),hainsworth___hainsworth_157
2075,18.710714,1.0849112,1 (Pop + Groove + Rock + Hip-Hop),hainsworth___hainsworth_158
2076,6.351322,7.971921,1 (Pop + Groove + Rock + Hip-Hop),hainsworth___hainsworth_159
2077,6.820872,11.497667,1 (Pop + Groove + Rock + Hip-Hop),hainsworth___hainsworth_160
2078,3.2197726,4.3102074,1 (Pop + Groove + Rock + Hip-Hop),hainsworth___hainsworth_161
2079,-1.6457968,2.6938071,1 (Pop + Groove + Rock + Hip-Hop),hainsworth___hainsworth_162
2080,12.658196,2.0444093,1 (Pop + Groove + Rock + Hip-Hop),hainsworth___hainsworth_163
2081,1.0487765,2.206834,1 (Pop + Groove + Rock + Hip-Hop),hainsworth___hainsworth_164
2082,13.306932,6.581485,1 (Pop + Groove + Rock + Hip-Hop),hainsworth___hainsworth_165
2083,1.7483687,7.8840837,1 (Pop + Groove + Rock + Hip-Hop),hainsworth___hainsworth_166
2084,-2.9812436,6.758266,2 (Classical + Jazz),hainsworth___hainsworth_167
2085,17.493618,9.755273,1 (Pop + Groove + Rock + Hip-Hop),hainsworth___hainsworth_168
2086,6.6055145,-1.733439,1 (Pop + Groove + Rock + Hip-Hop),hainsworth___hainsworth_169
2087,18.639496,-1.9551389,1 (Pop + Groove + Rock + Hip-Hop),hainsworth___hainsworth_170
2088,20.115519,6.848675,1 (Pop + Groove + Rock + Hip-Hop),hainsworth___hainsworth_171
2089,16.034798,4.1852007,1 (Pop + Groove + Rock + Hip-Hop),hainsworth___hainsworth_172
2090,6.5255694,10.990951,1 (Pop + Groove + Rock + Hip-Hop),hainsworth___hainsworth_173
2091,13.57463,-1.4817688,1 (Pop + Groove + Rock + Hip-Hop),hainsworth___hainsworth_174
2092,12.636004,1.2282238,1 (Pop + Groove + Rock + Hip-Hop),hainsworth___hainsworth_175
2093,13.453955,1.1696893,1 (Pop + Groove + Rock + Hip-Hop),hainsworth___hainsworth_176
2094,15.788738,1.7484244,1 (Pop + Groove + Rock + Hip-Hop),hainsworth___hainsworth_177
2095,6.2238126,0.8638278,1 (Pop + Groove + Rock + Hip-Hop),hainsworth___hainsworth_178
2096,5.554231,1.536374,1 (Pop + Groove + Rock + Hip-Hop),hainsworth___hainsworth_179
2097,10.630184,-1.0188042,1 (Pop + Groove + Rock + Hip-Hop),hainsworth___hainsworth_180
2098,6.7577114,0.9798891,1 (Pop + Groove + Rock + Hip-Hop),hainsworth___hainsworth_181
2099,7.259577,1.1552243,1 (Pop + Groove + Rock + Hip-Hop),hainsworth___hainsworth_182
2100,6.1777773,1.1666709,1 (Pop + Groove + Rock + Hip-Hop),hainsworth___hainsworth_183
2101,10.355833,-2.3242307,1 (Pop + Groove + Rock + Hip-Hop),hainsworth___hainsworth_184
2102,0.9798297,2.189198,1 (Pop + Groove + Rock + Hip-Hop),hainsworth___hainsworth_185
2103,3.6806655,2.0780418,1 (Pop + Groove + Rock + Hip-Hop),hainsworth___hainsworth_186
2104,5.360245,1.3861711,1 (Pop + Groove + Rock + Hip-Hop),hainsworth___hainsworth_187
2105,-16.218147,-0.1600771,2 (Classical + Jazz),hainsworth___hainsworth_188
2106,-18.734684,0.7514536,2 (Classical + Jazz),hainsworth___hainsworth_189
2107,-16.607613,-2.703485,2 (Classical + Jazz),hainsworth___hainsworth_190
2108,-20.70559,3.8070092,2 (Classical + Jazz),hainsworth___hainsworth_191
2109,-7.7963076,-1.30159,2 (Classical + Jazz),hainsworth___hainsworth_193
2110,-17.895695,-2.770785,2 (Classical + Jazz),hainsworth___hainsworth_194
2111,-18.14639,-3.2184117,2 (Classical + Jazz),hainsworth___hainsworth_195
2112,-9.715043,-1.3695763,2 (Classical + Jazz),hainsworth___hainsworth_196
2113,-2.4629197,-9.643661,2 (Classical + Jazz),hainsworth___hainsworth_197
2114,-2.596649,-7.4069734,2 (Classical + Jazz),hainsworth___hainsworth_198
2115,-2.3877404,-4.4953527,2 (Classical + Jazz),hainsworth___hainsworth_200
2116,-16.67066,-2.709394,2 (Classical + Jazz),hainsworth___hainsworth_201
2117,-17.11679,-4.229805,2 (Classical + Jazz),hainsworth___hainsworth_202
2118,-14.661398,-0.2204155,2 (Classical + Jazz),hainsworth___hainsworth_205
2119,-23.46888,0.8637973,2 (Classical + Jazz),hainsworth___hainsworth_206
2120,-6.9042196,-1.4040256,2 (Classical + Jazz),hainsworth___hainsworth_207
2121,-17.11369,-3.3003104,2 (Classical + Jazz),hainsworth___hainsworth_208
2122,-15.290208,-1.1808635,2 (Classical + Jazz),hainsworth___hainsworth_209
2123,-17.592752,-4.4081755,2 (Classical + Jazz),hainsworth___hainsworth_210
2124,-17.489943,-5.188899,2 (Classical + Jazz),hainsworth___hainsworth_211
2125,-3.413609,5.8369637,2 (Classical + Jazz),hainsworth___hainsworth_212
2126,-1.5099946,3.8014896,1 (Pop + Groove + Rock + Hip-Hop),hainsworth___hainsworth_213
2127,17.727468,9.793868,1 (Pop + Groove + Rock + Hip-Hop),hainsworth___hainsworth_214
2128,5.4071093,-1.0921141,1 (Pop + Groove + Rock + Hip-Hop),hainsworth___hainsworth_215
2129,17.809351,9.828937,1 (Pop + Groove + Rock + Hip-Hop),hainsworth___hainsworth_216
2130,5.559665,-1.0842737,1 (Pop + Groove + Rock + Hip-Hop),hainsworth___hainsworth_217
2131,-14.297628,-2.464664,2 (Classical + Jazz),hainsworth___hainsworth_218
2132,-14.469571,-2.130507,2 (Classical + Jazz),hainsworth___hainsworth_219
2133,-14.349375,-2.4375577,2 (Classical + Jazz),hainsworth___hainsworth_220
2134,-14.235998,-2.1412215,2 (Classical + Jazz),hainsworth___hainsworth_221
2135,-1.2495599,-8.120834,2 (Classical + Jazz),hainsworth___hainsworth_222
2136,-1.9876637,-9.015716,2 (Classical + Jazz),hainsworth___hainsworth_223
2137,5.3704104,-1.407988,1 (Pop + Groove + Rock + Hip-Hop),hainsworth___hainsworth_224
2138,3.5662827,-2.9620116,1 (Pop + Groove + Rock + Hip-Hop),hainsworth___hainsworth_225
2139,5.3363905,9.34175,1 (Pop + Groove + Rock + Hip-Hop),hainsworth___hainsworth_226
2140,5.5841727,9.09149,1 (Pop + Groove + Rock + Hip-Hop),hainsworth___hainsworth_227
2141,3.3120184,1.0314871,1 (Pop + Groove + Rock + Hip-Hop),hainsworth___hainsworth_228
2142,15.833765,4.1199236,1 (Pop + Groove + Rock + Hip-Hop),hainsworth___hainsworth_229
2143,6.9276514,4.4425673,1 (Pop + Groove + Rock + Hip-Hop),hainsworth___hainsworth_230
2144,4.6750965,-0.6390437,1 (Pop + Groove + Rock + Hip-Hop),hainsworth___hainsworth_231
2145,0.82642734,2.9397366,1 (Pop + Groove + Rock + Hip-Hop),hainsworth___hainsworth_232
2146,2.7465045,5.5009174,1 (Pop + Groove + Rock + Hip-Hop),hainsworth___hainsworth_233
2147,-0.68475336,2.984319,1 (Pop + Groove + Rock + Hip-Hop),hainsworth___hainsworth_234
2148,17.928139,9.845912,1 (Pop + Groove + Rock + Hip-Hop),hainsworth___hainsworth_235
2149,19.142296,0.4685927,1 (Pop + Groove + Rock + Hip-Hop),hainsworth___hainsworth_236
2150,13.193978,-3.2306812,1 (Pop + Groove + Rock + Hip-Hop),hainsworth___hainsworth_237
2151,19.599545,1.136578,1 (Pop + Groove + Rock + Hip-Hop),hainsworth___hainsworth_238
2152,13.088622,3.2390888,1 (Pop + Groove + Rock + Hip-Hop),hainsworth___hainsworth_239
2153,-17.3977,-4.1867867,2 (Classical + Jazz),hainsworth___hainsworth_240
2154,-19.670473,-2.1599934,2 (Classical + Jazz),hainsworth___hainsworth_241
2155,-17.500952,-3.9994292,2 (Classical + Jazz),hainsworth___hainsworth_242
2156,-17.359163,-4.787596,2 (Classical + Jazz),hainsworth___hainsworth_243
2157,-18.339315,-4.1055236,2 (Classical + Jazz),hainsworth___hainsworth_244
2158,-21.825668,2.526531,2 (Classical + Jazz),hainsworth___hainsworth_245
2159,10.16321,-2.3606732,1 (Pop + Groove + Rock + Hip-Hop),harmonix___0001_12step
2160,11.101533,-3.1835995,1 (Pop + Groove + Rock + Hip-Hop),harmonix___0003_6foot7foot
2161,4.399543,-0.7535392,1 (Pop + Groove + Rock + Hip-Hop),harmonix___0004_abc
2162,6.247651,7.071679,1 (Pop + Groove + Rock + Hip-Hop),harmonix___0005_again
2163,13.135248,-0.7802128,1 (Pop + Groove + Rock + Hip-Hop),harmonix___0006_aint2proud2beg
2164,-4.5054364,2.3429954,2 (Classical + Jazz),harmonix___0008_america
2165,2.2422087,2.5493543,1 (Pop + Groove + Rock + Hip-Hop),harmonix___0009_americanmusic
2166,9.809182,11.473276,1 (Pop + Groove + Rock + Hip-Hop),harmonix___0010_andjusticeforall
2167,9.72604,5.9238067,1 (Pop + Groove + Rock + Hip-Hop),harmonix___0011_areyouexperienced
2168,9.549894,-5.5792923,1 (Pop + Groove + Rock + Hip-Hop),harmonix___0012_aroundtheworld
2169,5.6738253,7.83891,1 (Pop + Groove + Rock + Hip-Hop),harmonix___0013_athingaboutyou
2170,3.366649,8.262775,1 (Pop + Groove + Rock + Hip-Hop),harmonix___0014_babaoriley
2171,15.918734,-0.8538528,1 (Pop + Groove + Rock + Hip-Hop),harmonix___0015_babygotback
2172,7.613488,2.498446,1 (Pop + Groove + Rock + Hip-Hop),harmonix___0017_badromance
2173,10.230856,3.6514916,1 (Pop + Groove + Rock + Hip-Hop),harmonix___0018_bassdownlow
2174,7.6253757,-1.5419009,1 (Pop + Groove + Rock + Hip-Hop),harmonix___0020_becauseofyou
2175,6.751706,10.73766,1 (Pop + Groove + Rock + Hip-Hop),harmonix___0021_better
2176,14.485186,1.7459714,1 (Pop + Groove + Rock + Hip-Hop),harmonix___0022_betteroffalone
2177,9.076451,-5.5546913,1 (Pop + Groove + Rock + Hip-Hop),harmonix___0023_bewareoftheboys
2178,4.1420894,0.03494077,1 (Pop + Groove + Rock + Hip-Hop),harmonix___0024_billionaire
2179,11.584,-2.6579494,1 (Pop + Groove + Rock + Hip-Hop),harmonix___0026_blackandyellow
2180,8.819259,8.41329,1 (Pop + Groove + Rock + Hip-Hop),harmonix___0027_blackened
2181,8.7734785,9.564748,1 (Pop + Groove + Rock + Hip-Hop),harmonix___0028_blackmagic
2182,14.539878,-3.8472521,1 (Pop + Groove + Rock + Hip-Hop),harmonix___0030_bodymovin
2183,1.6762203,5.953483,1 (Pop + Groove + Rock + Hip-Hop),harmonix___0032_boomboompow
2184,9.469181,-1.472982,1 (Pop + Groove + Rock + Hip-Hop),harmonix___0035_boyfriend
2185,1.2194302,2.9833977,1 (Pop + Groove + Rock + Hip-Hop),harmonix___0036_breakingthegirl
2186,9.700151,1.9998785,1 (Pop + Groove + Rock + Hip-Hop),harmonix___0037_breakyourheart
2187,6.453252,7.693967,1 (Pop + Groove + Rock + Hip-Hop),harmonix___0038_bringmetolife
2188,11.622011,1.9520901,1 (Pop + Groove + Rock + Hip-Hop),harmonix___0039_bulletproof
2189,13.696991,-3.4462366,1 (Pop + Groove + Rock + Hip-Hop),harmonix___0040_bustamove
2190,11.936226,-0.53797114,1 (Pop + Groove + Rock + Hip-Hop),harmonix___0041_calabria
2191,-1.0087607,1.7551337,1 (Pop + Groove + Rock + Hip-Hop),harmonix___0042_callme
2192,11.218858,0.7755503,1 (Pop + Groove + Rock + Hip-Hop),harmonix___0043_callmemaybe
2193,3.3438308,8.059272,1 (Pop + Groove + Rock + Hip-Hop),harmonix___0044_cameraeye
2194,6.299123,-1.1083676,1 (Pop + Groove + Rock + Hip-Hop),harmonix___0045_cantgetyououtofmyhead
2195,-0.9598971,-1.4412127,2 (Classical + Jazz),harmonix___0046_castlesmadeofsand
2196,7.207418,4.3513036,1 (Pop + Groove + Rock + Hip-Hop),harmonix___0047_chinacatsunflower
2197,12.486439,-3.751389,1 (Pop + Groove + Rock + Hip-Hop),harmonix___0048_chingaling
2198,7.6697607,-1.1496396,1 (Pop + Groove + Rock + Hip-Hop),harmonix___0049_closer
2199,10.545811,1.8890343,1 (Pop + Groove + Rock + Hip-Hop),harmonix___0050_clubcanthandleme
2200,6.3893666,11.164179,1 (Pop + Groove + Rock + Hip-Hop),harmonix___0052_collector
2201,9.265594,4.2961254,1 (Pop + Groove + Rock + Hip-Hop),harmonix___0053_commander
2202,11.104015,-4.1771884,1 (Pop + Groove + Rock + Hip-Hop),harmonix___0054_conceited
2203,8.359373,9.025392,1 (Pop + Groove + Rock + Hip-Hop),harmonix___0055_constantmotion
2204,14.871768,1.8818702,1 (Pop + Groove + Rock + Hip-Hop),harmonix___0056_control
2205,11.548154,-4.391307,1 (Pop + Groove + Rock + Hip-Hop),harmonix___0057_crankthat
2206,8.7163315,7.83555,1 (Pop + Groove + Rock + Hip-Hop),harmonix___0058_criticalacclaim
2207,10.419103,-3.822307,1 (Pop + Groove + Rock + Hip-Hop),harmonix___0059_cupidshuffle
2208,5.2261295,-0.55161625,1 (Pop + Groove + Rock + Hip-Hop),harmonix___0061_dabutt
2209,11.830022,3.0881033,1 (Pop + Groove + Rock + Hip-Hop),harmonix___0062_dance
2210,18.860575,0.9001753,1 (Pop + Groove + Rock + Hip-Hop),harmonix___0063_daysgoby
2211,6.9465747,7.903678,1 (Pop + Groove + Rock + Hip-Hop),harmonix___0065_deadandbloated
2212,8.576769,5.7675476,1 (Pop + Groove + Rock + Hip-Hop),harmonix___0066_decentdaysandnights
2213,4.590583,9.099493,1 (Pop + Groove + Rock + Hip-Hop),harmonix___0067_deep
2214,7.6737666,10.559806,1 (Pop + Groove + Rock + Hip-Hop),harmonix___0068_devilsisland
2215,8.857414,10.365089,1 (Pop + Groove + Rock + Hip-Hop),harmonix___0069_digginmedown
2216,8.11806,-1.5972854,1 (Pop + Groove + Rock + Hip-Hop),harmonix___0070_dipitlow
2217,-2.1663144,5.103979,1 (Pop + Groove + Rock + Hip-Hop),harmonix___0071_dirtypool
2218,6.785889,1.0058796,1 (Pop + Groove + Rock + Hip-Hop),harmonix___0072_discoinferno
2219,7.6236806,-0.6677087,1 (Pop + Groove + Rock + Hip-Hop),harmonix___0073_disturbia
2220,9.093631,2.326999,1 (Pop + Groove + Rock + Hip-Hop),harmonix___0074_djgotusfallininlove
2221,9.606901,-2.5267198,1 (Pop + Groove + Rock + Hip-Hop),harmonix___0075_dontcha
2222,14.412716,-1.2077662,1 (Pop + Groove + Rock + Hip-Hop),harmonix___0077_dontsweat
2223,11.938574,-3.473312,1 (Pop + Groove + Rock + Hip-Hop),harmonix___0078_donttouchme
2224,10.012627,2.4514523,1 (Pop + Groove + Rock + Hip-Hop),harmonix___0079_dontyouwantme
2225,7.010381,0.5449856,1 (Pop + Groove + Rock + Hip-Hop),harmonix___0080_down
2226,9.594655,-2.6490293,1 (Pop + Groove + Rock + Hip-Hop),harmonix___0081_downonme
2227,10.039472,-2.1623597,1 (Pop + Groove + Rock + Hip-Hop),harmonix___0082_dragosteadintei
2228,7.2347345,9.594738,1 (Pop + Groove + Rock + Hip-Hop),harmonix___0083_dragthewaters
2229,12.016254,-3.8703253,1 (Pop + Groove + Rock + Hip-Hop),harmonix___0084_dropitlikeitshot
2230,13.827836,1.7056371,1 (Pop + Groove + Rock + Hip-Hop),harmonix___0085_electricboogie
2231,8.509423,2.8759184,1 (Pop + Groove + Rock + Hip-Hop),harmonix___0086_escapade
2232,8.622567,1.7088108,1 (Pop + Groove + Rock + Hip-Hop),harmonix___0087_evacuate
2233,5.8185945,2.533528,1 (Pop + Groove + Rock + Hip-Hop),harmonix___0088_everybody
2234,4.570213,9.218577,1 (Pop + Groove + Rock + Hip-Hop),harmonix___0090_fearofthedarklive
2235,2.8508246,2.2945075,1 (Pop + Groove + Rock + Hip-Hop),harmonix___0091_fellonblackdays
2236,11.4329,-3.4177465,1 (Pop + Groove + Rock + Hip-Hop),harmonix___0092_fergalicious
2237,7.882803,3.259951,1 (Pop + Groove + Rock + Hip-Hop),harmonix___0093_fireburning
2238,6.7265453,-2.2034574,1 (Pop + Groove + Rock + Hip-Hop),harmonix___0094_fireflies
2239,9.242756,3.782227,1 (Pop + Groove + Rock + Hip-Hop),harmonix___0095_firework
2240,7.474294,10.826374,1 (Pop + Groove + Rock + Hip-Hop),harmonix___0096_fivemagics
2241,7.479028,11.57107,1 (Pop + Groove + Rock + Hip-Hop),harmonix___0098_floods
2242,11.887609,0.37566042,1 (Pop + Groove + Rock + Hip-Hop),harmonix___0099_forgetyou
2243,-2.315051,0.37363407,2 (Classical + Jazz),harmonix___0100_futureperfecttense
2244,12.120929,0.19778642,1 (Pop + Groove + Rock + Hip-Hop),harmonix___0101_galang
2245,12.38802,-1.3871727,1 (Pop + Groove + Rock + Hip-Hop),harmonix___0102_gangstaluv
2246,12.112691,3.6793952,1 (Pop + Groove + Rock + Hip-Hop),harmonix___0104_getbusy
2247,9.086081,-3.4726238,1 (Pop + Groove + Rock + Hip-Hop),harmonix___0105_getdownonit
2248,8.586772,-2.3415883,1 (Pop + Groove + Rock + Hip-Hop),harmonix___0106_getitshawty
2249,10.938037,-1.9201856,1 (Pop + Groove + Rock + Hip-Hop),harmonix___0107_getlow
2250,12.221967,0.8627272,1 (Pop + Groove + Rock + Hip-Hop),harmonix___0108_getup
2251,10.138191,-3.9699132,1 (Pop + Groove + Rock + Hip-Hop),harmonix___0109_geturfreakon
2252,7.5470214,3.6306336,1 (Pop + Groove + Rock + Hip-Hop),harmonix___0110_girlsandboys
2253,9.102197,7.147774,1 (Pop + Groove + Rock + Hip-Hop),harmonix___0111_girlsonfilm
2254,17.463562,1.477103,1 (Pop + Groove + Rock + Hip-Hop),harmonix___0112_giveitup
2255,9.598813,-4.09248,1 (Pop + Groove + Rock + Hip-Hop),harmonix___0113_giveituptome
2256,12.298853,-0.8145755,1 (Pop + Groove + Rock + Hip-Hop),harmonix___0114_givemeeverything
2257,12.883941,-2.0647876,1 (Pop + Groove + Rock + Hip-Hop),harmonix___0115_gonnamakeyousweat
2258,8.490508,-2.2414978,1 (Pop + Groove + Rock + Hip-Hop),harmonix___0116_goodies
2259,8.152048,10.372807,1 (Pop + Groove + Rock + Hip-Hop),harmonix___0117_goodmorningblackfriday
2260,-2.3737633,-2.3349361,2 (Classical + Jazz),harmonix___0118_grenade
2261,7.215058,7.5853577,1 (Pop + Groove + Rock + Hip-Hop),harmonix___0119_gunpowderandlead
2262,10.997949,-3.0114148,1 (Pop + Groove + Rock + Hip-Hop),harmonix___0122_heardemall
2263,4.8239613,8.555502,1 (Pop + Groove + Rock + Hip-Hop),harmonix___0123_heavyduty
2264,8.31754,6.299503,1 (Pop + Groove + Rock + Hip-Hop),harmonix___0124_hello
2265,12.669884,-3.0698981,1 (Pop + Groove + Rock + Hip-Hop),harmonix___0125_hellogoodmorning
2266,10.470203,-4.709451,1 (Pop + Groove + Rock + Hip-Hop),harmonix___0126_heymami
2267,9.165624,0.6396874,1 (Pop + Groove + Rock + Hip-Hop),harmonix___0127_hollabackgirl
2268,6.158212,4.1950054,1 (Pop + Groove + Rock + Hip-Hop),harmonix___0128_homecoming
2269,10.738482,-3.210055,1 (Pop + Groove + Rock + Hip-Hop),harmonix___0129_hotinherre
2270,8.252762,2.3403041,1 (Pop + Groove + Rock + Hip-Hop),harmonix___0130_hotstuff
2271,13.070732,-4.321398,1 (Pop + Groove + Rock + Hip-Hop),harmonix___0131_iamthebest
2272,13.369957,-5.068976,1 (Pop + Groove + Rock + Hip-Hop),harmonix___0132_iceicebaby
2273,13.159875,6.297665,1 (Pop + Groove + Rock + Hip-Hop),harmonix___0133_ifeellove
2274,2.4268029,6.6134253,1 (Pop + Groove + Rock + Hip-Hop),harmonix___0134_igotmine
2275,9.634162,2.9593973,1 (Pop + Groove + Rock + Hip-Hop),harmonix___0135_igottafeeling
2276,12.480581,-2.2942007,1 (Pop + Groove + Rock + Hip-Hop),harmonix___0136_igotyoudancing
2277,12.077737,-1.1119729,1 (Pop + Groove + Rock + Hip-Hop),harmonix___0137_iknowyouwantme
2278,9.063058,4.938432,1 (Pop + Groove + Rock + Hip-Hop),harmonix___0138_ilikeit
2279,3.7916207,-0.94135904,1 (Pop + Groove + Rock + Hip-Hop),harmonix___0139_imcomingout
2280,12.059374,0.11294365,1 (Pop + Groove + Rock + Hip-Hop),harmonix___0140_impacto
2281,11.468315,-3.1107688,1 (Pop + Groove + Rock + Hip-Hop),harmonix___0141_indaclub
2282,9.112478,8.205065,1 (Pop + Groove + Rock + Hip-Hop),harmonix___0142_indestructible
2283,8.8784685,-4.186702,1 (Pop + Groove + Rock + Hip-Hop),harmonix___0143_informer
2284,4.6483727,-4.511041,1 (Pop + Groove + Rock + Hip-Hop),harmonix___0144_ishotthesheriff
2285,3.067272,-1.8025178,1 (Pop + Groove + Rock + Hip-Hop),harmonix___0145_iwantyouback
2286,7.3708887,8.341748,1 (Pop + Groove + Rock + Hip-Hop),harmonix___0148_jesusofsuburbia
2287,8.88591,5.33271,1 (Pop + Groove + Rock + Hip-Hop),harmonix___0149_johnnyguitar
2288,8.702523,0.37692797,1 (Pop + Groove + Rock + Hip-Hop),harmonix___0150_justdance
2289,11.982682,-3.057318,1 (Pop + Groove + Rock + Hip-Hop),harmonix___0151_kingofdancehall
2290,-1.7886189,8.047403,1 (Pop + Groove + Rock + Hip-Hop),harmonix___0152_kingofrock
2291,7.692257,6.950559,1 (Pop + Groove + Rock + Hip-Hop),harmonix___0153_lalaland
2292,10.217498,-0.21596867,1 (Pop + Groove + Rock + Hip-Hop),harmonix___0155_lapdance
2293,8.013615,-2.6262472,1 (Pop + Groove + Rock + Hip-Hop),harmonix___0156_lastnight
2294,11.24118,-4.057345,1 (Pop + Groove + Rock + Hip-Hop),harmonix___0157_leanwitit
2295,6.343811,4.181774,1 (Pop + Groove + Rock + Hip-Hop),harmonix___0158_letitrock
2296,13.7560005,2.1320264,1 (Pop + Groove + Rock + Hip-Hop),harmonix___0159_letthemusicplay
2297,9.742069,1.693391,1 (Pop + Groove + Rock + Hip-Hop),harmonix___0160_likeag6
2298,2.9705431,2.5686433,1 (Pop + Groove + Rock + Hip-Hop),harmonix___0161_limelight
2299,7.7817006,7.5024943,1 (Pop + Groove + Rock + Hip-Hop),harmonix___0162_lobotomy
2300,10.549288,-3.3893774,1 (Pop + Groove + Rock + Hip-Hop),harmonix___0164_low
2301,7.4806423,11.079413,1 (Pop + Groove + Rock + Hip-Hop),harmonix___0165_lucretia
2302,14.791492,0.91530526,1 (Pop + Groove + Rock + Hip-Hop),harmonix___0166_macarena
2303,9.977079,7.141482,1 (Pop + Groove + Rock + Hip-Hop),harmonix___0167_makesomenoise
2304,8.88429,0.6539724,1 (Pop + Groove + Rock + Hip-Hop),harmonix___0168_maneater
2305,6.2561555,10.670898,1 (Pop + Groove + Rock + Hip-Hop),harmonix___0169_manicdepression
2306,5.046352,6.248269,1 (Pop + Groove + Rock + Hip-Hop),harmonix___0170_manyshadesofblack
2307,5.6328,11.779478,1 (Pop + Groove + Rock + Hip-Hop),harmonix___0171_marchofthepigs
2308,2.3759542,1.4830589,1 (Pop + Groove + Rock + Hip-Hop),harmonix___0172_marrythenight
2309,10.621996,-3.576797,1 (Pop + Groove + Rock + Hip-Hop),harmonix___0173_massiveattack
2310,0.08744358,-1.1534255,1 (Pop + Groove + Rock + Hip-Hop),harmonix___0174_maythisbelove
2311,9.494728,-0.29645875,1 (Pop + Groove + Rock + Hip-Hop),harmonix___0175_meddle
2312,8.9714575,9.717343,1 (Pop + Groove + Rock + Hip-Hop),harmonix___0176_megasus
2313,5.0962443,-4.1448274,1 (Pop + Groove + Rock + Hip-Hop),harmonix___0177_milkshake
2314,8.622736,3.8447185,1 (Pop + Groove + Rock + Hip-Hop),harmonix___0178_mountainman
2315,11.175602,1.1567297,1 (Pop + Groove + Rock + Hip-Hop),harmonix___0179_moveslikejagger
2316,11.155754,-1.3681842,1 (Pop + Groove + Rock + Hip-Hop),harmonix___0181_mrsaxobeat
2317,8.573431,11.416,1 (Pop + Groove + Rock + Hip-Hop),harmonix___0182_mycurse
2318,6.993503,7.778231,1 (Pop + Groove + Rock + Hip-Hop),harmonix___0183_mynameisjonas
2319,2.7530677,-0.17773925,1 (Pop + Groove + Rock + Hip-Hop),harmonix___0184_myprerogative
2320,12.524779,0.5900337,1 (Pop + Groove + Rock + Hip-Hop),harmonix___0185_nasty
2321,9.0033245,8.364568,1 (Pop + Groove + Rock + Hip-Hop),harmonix___0186_nearlylostyou
2322,7.1283717,1.9403929,1 (Pop + Groove + Rock + Hip-Hop),harmonix___0189_neversaynever
2323,8.268627,7.1134152,1 (Pop + Groove + Rock + Hip-Hop),harmonix___0190_newfang
2324,-0.8137596,1.5746317,1 (Pop + Groove + Rock + Hip-Hop),harmonix___0191_newslang
2325,-9.126146,-1.3873906,2 (Classical + Jazz),harmonix___0194_nomoretears
2326,10.281495,8.52333,1 (Pop + Groove + Rock + Hip-Hop),harmonix___0195_nookie
2327,0.9624944,0.3122811,1 (Pop + Groove + Rock + Hip-Hop),harmonix___0197_nothinonyou
2328,11.408233,1.0116742,1 (Pop + Groove + Rock + Hip-Hop),harmonix___0198_nowthatwefoundlove
2329,8.419006,8.88727,1 (Pop + Groove + Rock + Hip-Hop),harmonix___0199_numberofthebeast2
2330,-6.8730264,-0.75913614,2 (Classical + Jazz),harmonix___0200_oceansize
2331,10.179056,1.917256,1 (Pop + Groove + Rock + Hip-Hop),harmonix___0201_oh
2332,0.9581505,6.9172707,1 (Pop + Groove + Rock + Hip-Hop),harmonix___0204_onlyamemory
2333,7.056814,-3.1877375,1 (Pop + Groove + Rock + Hip-Hop),harmonix___0207_oopsohmy
2334,9.513578,-4.999004,1 (Pop + Groove + Rock + Hip-Hop),harmonix___0208_opp
2335,6.338642,2.9713564,1 (Pop + Groove + Rock + Hip-Hop),harmonix___0209_paparazzi
2336,1.1426159,3.3896067,1 (Pop + Groove + Rock + Hip-Hop),harmonix___0212_peoplegotalotofnerve
2337,11.180282,-8.278713,1 (Pop + Groove + Rock + Hip-Hop),harmonix___0214_planetrock
2338,4.534027,6.794316,1 (Pop + Groove + Rock + Hip-Hop),harmonix___0215_pointofknowreturn
2339,8.462486,-0.5654049,1 (Pop + Groove + Rock + Hip-Hop),harmonix___0216_poison
2340,8.911407,5.1451197,1 (Pop + Groove + Rock + Hip-Hop),harmonix___0217_pokerface
2341,15.804241,-0.5602959,1 (Pop + Groove + Rock + Hip-Hop),harmonix___0218_policyoftruth
2342,10.712896,-1.5715575,1 (Pop + Groove + Rock + Hip-Hop),harmonix___0219_pondereplay
2343,12.905273,-1.969889,1 (Pop + Groove + Rock + Hip-Hop),harmonix___0220_promiscuous
2344,3.1384578,6.705069,1 (Pop + Groove + Rock + Hip-Hop),harmonix___0222_realgoodlooking
2345,1.2053006,2.4615643,1 (Pop + Groove + Rock + Hip-Hop),harmonix___0223_reallove
2346,13.247461,2.4117343,1 (Pop + Groove + Rock + Hip-Hop),harmonix___0226_rendezvu
2347,8.949733,-2.1673613,1 (Pop + Groove + Rock + Hip-Hop),harmonix___0227_replay
2348,7.4111967,11.196567,1 (Pop + Groove + Rock + Hip-Hop),harmonix___0229_ridingonthewind
2349,11.851546,-3.1243377,1 (Pop + Groove + Rock + Hip-Hop),harmonix___0231_rightthurr
2350,7.9291363,8.013675,1 (Pop + Groove + Rock + Hip-Hop),harmonix___0233_rocknrollnightmare
2351,-9.835428,-12.077279,2 (Classical + Jazz),harmonix___0234_roundandround
2352,8.971071,-3.1462042,1 (Pop + Groove + Rock + Hip-Hop),harmonix___0235_rudeboy
2353,13.537624,-3.2248144,1 (Pop + Groove + Rock + Hip-Hop),harmonix___0236_rumpshaker
2354,8.614747,6.507196,1 (Pop + Groove + Rock + Hip-Hop),harmonix___0237_run
2355,12.865539,-0.23799795,1 (Pop + Groove + Rock + Hip-Hop),harmonix___0238_sambadejaneiro
2356,9.089789,2.2187252,1 (Pop + Groove + Rock + Hip-Hop),harmonix___0239_sandm
2357,2.5787952,10.793027,1 (Pop + Groove + Rock + Hip-Hop),harmonix___0240_sandstorm
2358,10.205291,0.38462597,1 (Pop + Groove + Rock + Hip-Hop),harmonix___0241_satellite
2359,12.355857,2.6701796,1 (Pop + Groove + Rock + Hip-Hop),harmonix___0242_satisfaction
2360,3.7906313,4.0407896,1 (Pop + Groove + Rock + Hip-Hop),harmonix___0243_saucyjack
2361,8.697244,0.7255615,1 (Pop + Groove + Rock + Hip-Hop),harmonix___0244_sayaah
2362,12.894369,-0.36078742,1 (Pop + Groove + Rock + Hip-Hop),harmonix___0245_sayhey
2363,14.110958,-3.9179575,1 (Pop + Groove + Rock + Hip-Hop),harmonix___0246_scenario
2364,7.417691,3.3527462,1 (Pop + Groove + Rock + Hip-Hop),harmonix___0247_scream
2365,8.095151,7.7749567,1 (Pop + Groove + Rock + Hip-Hop),harmonix___0248_screamingfor
2366,8.850783,-1.0168986,1 (Pop + Groove + Rock + Hip-Hop),harmonix___0249_sensualseduction
2367,12.671529,-0.9319112,1 (Pop + Groove + Rock + Hip-Hop),harmonix___0250_sexyandiknowit
2368,11.353762,2.9567611,1 (Pop + Groove + Rock + Hip-Hop),harmonix___0251_sexychick
2369,8.708053,9.329758,1 (Pop + Groove + Rock + Hip-Hop),harmonix___0254_sixsixsix
2370,9.084886,9.226283,1 (Pop + Groove + Rock + Hip-Hop),harmonix___0255_sleepwalker
2371,8.782333,-2.7028139,1 (Pop + Groove + Rock + Hip-Hop),harmonix___0257_somebodytolove
2372,-1.8771636,4.719765,1 (Pop + Groove + Rock + Hip-Hop),harmonix___0258_sorry
2373,7.4414735,5.171942,1 (Pop + Groove + Rock + Hip-Hop),harmonix___0259_spiceupyourlife
2374,11.13976,2.1728926,1 (Pop + Groove + Rock + Hip-Hop),harmonix___0261_starships
2375,-1.7163182,-10.153721,2 (Classical + Jazz),harmonix___0262_stash
2376,11.416378,-1.2395028,1 (Pop + Groove + Rock + Hip-Hop),harmonix___0264_stereolove
2377,5.306631,7.6632676,1 (Pop + Groove + Rock + Hip-Hop),harmonix___0265_straightlines
2378,13.51624,1.5565909,1 (Pop + Groove + Rock + Hip-Hop),harmonix___0266_straightup
2379,7.8477287,-3.6695766,1 (Pop + Groove + Rock + Hip-Hop),harmonix___0267_superfreak
2380,10.264401,-7.7809796,1 (Pop + Groove + Rock + Hip-Hop),harmonix___0268_supersonic
2381,11.697377,-3.0568523,1 (Pop + Groove + Rock + Hip-Hop),harmonix___0269_sweettalk
2382,11.403712,2.645356,1 (Pop + Groove + Rock + Hip-Hop),harmonix___0270_takeovercontrol
2383,12.281339,-4.98859,1 (Pop + Groove + Rock + Hip-Hop),harmonix___0271_teachmehowtodougie
2384,13.631567,-3.5578012,1 (Pop + Groove + Rock + Hip-Hop),harmonix___0272_teachmehowtojerk
2385,12.02449,-4.3266025,1 (Pop + Groove + Rock + Hip-Hop),harmonix___0273_technologic
2386,9.504819,-4.0544004,1 (Pop + Groove + Rock + Hip-Hop),harmonix___0274_temperature
2387,-2.2689977,4.909045,1 (Pop + Groove + Rock + Hip-Hop),harmonix___0276_texasflood
2388,9.974201,-0.21465307,1 (Pop + Groove + Rock + Hip-Hop),harmonix___0277_thashiznit
2389,13.801265,-2.9195404,1 (Pop + Groove + Rock + Hip-Hop),harmonix___0278_thatsthahomie
2390,13.33256,-5.258382,1 (Pop + Groove + Rock + Hip-Hop),harmonix___0279_thebreaks
2391,5.101851,9.237633,1 (Pop + Groove + Rock + Hip-Hop),harmonix___0280_thedayitriedtolive
2392,3.8671577,2.0410223,1 (Pop + Groove + Rock + Hip-Hop),harmonix___0281_theedgeofglory
2393,5.9404936,9.507616,1 (Pop + Groove + Rock + Hip-Hop),harmonix___0282_thegreatsatan
2394,13.888413,-3.872473,1 (Pop + Groove + Rock + Hip-Hop),harmonix___0283_thehumptydance
2395,9.565425,0.036114346,1 (Pop + Groove + Rock + Hip-Hop),harmonix___0284_thehustle
2396,6.0304184,7.471951,1 (Pop + Groove + Rock + Hip-Hop),harmonix___0285_thekill
2397,6.097372,9.251782,1 (Pop + Groove + Rock + Hip-Hop),harmonix___0286_theragelive
2398,5.160181,7.5932765,1 (Pop + Groove + Rock + Hip-Hop),harmonix___0287_therewasatime
2399,7.794977,0.17031313,1 (Pop + Groove + Rock + Hip-Hop),harmonix___0288_thewayiare
2400,8.423104,11.4325285,1 (Pop + Groove + Rock + Hip-Hop),harmonix___0289_thisisexile
2401,6.0664864,1.225085,1 (Pop + Groove + Rock + Hip-Hop),harmonix___0290_thisishowwedoit
2402,8.689732,9.160322,1 (Pop + Groove + Rock + Hip-Hop),harmonix___0291_thrasher
2403,5.953242,7.3347425,1 (Pop + Groove + Rock + Hip-Hop),harmonix___0292_timeslikethese
2404,2.3882744,6.7082253,1 (Pop + Groove + Rock + Hip-Hop),harmonix___0293_tomsawyer2
2405,10.76082,-2.1345615,1 (Pop + Groove + Rock + Hip-Hop),harmonix___0294_tonighttonight
2406,9.510772,-1.4189895,1 (Pop + Groove + Rock + Hip-Hop),harmonix___0295_toxic
2407,2.027643,9.300264,1 (Pop + Groove + Rock + Hip-Hop),harmonix___0296_transmaniaconmc
2408,0.73707145,8.855692,1 (Pop + Groove + Rock + Hip-Hop),harmonix___0297_troublecomesrunning
2409,9.054866,-4.4563813,1 (Pop + Groove + Rock + Hip-Hop),harmonix___0298_turnmeon
2410,11.931723,3.8928869,1 (Pop + Groove + Rock + Hip-Hop),harmonix___0299_turnthebeataround
2411,-0.9093785,-1.844366,2 (Classical + Jazz),harmonix___0301_unclejohnsband
2412,14.060444,3.1882184,1 (Pop + Groove + Rock + Hip-Hop),harmonix___0302_venus
2413,6.9424386,10.468132,1 (Pop + Groove + Rock + Hip-Hop),harmonix___0303_wakeupdead
2414,19.101469,2.644165,1 (Pop + Groove + Rock + Hip-Hop),harmonix___0304_weaponofchoice
2415,4.9193816,-5.696883,1 (Pop + Groove + Rock + Hip-Hop),harmonix___0305_wenospeakamericano
2416,13.803902,-4.201437,1 (Pop + Groove + Rock + Hip-Hop),harmonix___0306_werunthis
2417,9.374575,4.114788,1 (Pop + Groove + Rock + Hip-Hop),harmonix___0307_whatdoesntkillyou
2418,13.857574,4.4005623,1 (Pop + Groove + Rock + Hip-Hop),harmonix___0308_whatislove
2419,7.582545,-0.5659787,1 (Pop + Groove + Rock + Hip-Hop),harmonix___0309_whatsmyname
2420,9.062902,-3.260362,1 (Pop + Groove + Rock + Hip-Hop),harmonix___0310_whineup
2421,9.840851,-0.68727195,1 (Pop + Groove + Rock + Hip-Hop),harmonix___0311_whipmyhair
2422,5.0424986,3.1909878,1 (Pop + Groove + Rock + Hip-Hop),harmonix___0312_whitefalconfuzz
2423,12.762655,-5.3914237,1 (Pop + Groove + Rock + Hip-Hop),harmonix___0314_whoomp
2424,6.815488,8.270189,1 (Pop + Groove + Rock + Hip-Hop),harmonix___0315_whygo
2425,8.953883,3.963724,1 (Pop + Groove + Rock + Hip-Hop),harmonix___0316_wildones
2426,6.833793,7.9595995,1 (Pop + Groove + Rock + Hip-Hop),harmonix___0318_windup
2427,5.5095973,6.649229,1 (Pop + Groove + Rock + Hip-Hop),harmonix___0319_withoutyou
2428,1.9172738,6.0021415,1 (Pop + Groove + Rock + Hip-Hop),harmonix___0320_wolflikeme
2429,3.3436913,3.9078813,1 (Pop + Groove + Rock + Hip-Hop),harmonix___0321_wonderwall
2430,4.5435085,-1.3821769,1 (Pop + Groove + Rock + Hip-Hop),harmonix___0322_wordup
2431,8.389102,-4.1826606,1 (Pop + Groove + Rock + Hip-Hop),harmonix___0323_yeah
2432,11.004333,2.9185896,1 (Pop + Groove + Rock + Hip-Hop),harmonix___0324_yeah3x
2433,-1.029153,-2.2002945,2 (Classical + Jazz),harmonix___0325_ymca
2434,2.6681192,-0.8125412,1 (Pop + Groove + Rock + Hip-Hop),harmonix___0326_yougotittherightstuff
2435,9.043475,2.5838196,1 (Pop + Groove + Rock + Hip-Hop),harmonix___0327_youmakemefeel
2436,10.816421,1.3187084,1 (Pop + Groove + Rock + Hip-Hop),harmonix___0328_youmakemefeeldc
2437,12.312169,-3.978628,1 (Pop + Groove + Rock + Hip-Hop),harmonix___0329_youreajerk
2438,9.065741,5.861391,1 (Pop + Groove + Rock + Hip-Hop),harmonix___0330_50waystosaygoodbye
2439,1.0237952,6.2784586,1 (Pop + Groove + Rock + Hip-Hop),harmonix___0331_againstallodds
2440,7.854047,1.8947885,1 (Pop + Groove + Rock + Hip-Hop),harmonix___0332_alejandro
2441,6.436245,5.2526283,1 (Pop + Groove + Rock + Hip-Hop),harmonix___0333_allday
2442,7.3659506,0.7343963,1 (Pop + Groove + Rock + Hip-Hop),harmonix___0334_alltherightplaces
2443,2.7186985,4.717655,1 (Pop + Groove + Rock + Hip-Hop),harmonix___0335_allyourlife
2444,4.1188874,5.3930526,1 (Pop + Groove + Rock + Hip-Hop),harmonix___0336_alonewithyou
2445,3.6092608,8.330008,1 (Pop + Groove + Rock + Hip-Hop),harmonix___0337_alwayssomethingthere
2446,6.2675266,6.7413445,1 (Pop + Groove + Rock + Hip-Hop),harmonix___0338_animal
2447,9.933106,7.600673,1 (Pop + Groove + Rock + Hip-Hop),harmonix___0339_aslongasyouloveme
2448,11.464384,-0.7688299,1 (Pop + Groove + Rock + Hip-Hop),harmonix___0340_backintime
2449,8.276184,2.3754783,1 (Pop + Groove + Rock + Hip-Hop),harmonix___0341_baggageclaim
2450,9.068682,7.220103,1 (Pop + Groove + Rock + Hip-Hop),harmonix___0342_bangpop
2451,6.5389724,5.6021967,1 (Pop + Groove + Rock + Hip-Hop),harmonix___0343_banjo
2452,9.1149845,1.9440856,1 (Pop + Groove + Rock + Hip-Hop),harmonix___0344_beautifullife
2453,12.0121765,0.1877589,1 (Pop + Groove + Rock + Hip-Hop),harmonix___0345_beinlovetonight
2454,6.4046044,3.3438125,1 (Pop + Groove + Rock + Hip-Hop),harmonix___0346_birthdaydress
2455,5.0431194,5.954027,1 (Pop + Groove + Rock + Hip-Hop),harmonix___0347_bitch
2456,10.41454,4.8005414,1 (Pop + Groove + Rock + Hip-Hop),harmonix___0348_blackout
2457,9.733491,3.427416,1 (Pop + Groove + Rock + Hip-Hop),harmonix___0349_blow
2458,8.678515,4.5030556,1 (Pop + Groove + Rock + Hip-Hop),harmonix___0350_blowme
2459,10.020817,0.7039849,1 (Pop + Groove + Rock + Hip-Hop),harmonix___0351_blowup
2460,7.0789337,0.89079994,1 (Pop + Groove + Rock + Hip-Hop),harmonix___0352_boogiewonderland
2461,8.4854,-5.0718455,1 (Pop + Groove + Rock + Hip-Hop),harmonix___0353_bottomsup
2462,7.689772,6.500257,1 (Pop + Groove + Rock + Hip-Hop),harmonix___0354_brandnewday
2463,10.56789,-0.306752,1 (Pop + Groove + Rock + Hip-Hop),harmonix___0355_brokenhearted
2464,8.376649,-0.44954392,1 (Pop + Groove + Rock + Hip-Hop),harmonix___0356_californiagurls
2465,6.3428354,2.230965,1 (Pop + Groove + Rock + Hip-Hop),harmonix___0357_cheers
2466,4.6480722,-1.7975341,1 (Pop + Groove + Rock + Hip-Hop),harmonix___0358_children
2467,8.244813,6.2103014,1 (Pop + Groove + Rock + Hip-Hop),harmonix___0359_cominghome
2468,8.239361,2.6340544,1 (Pop + Groove + Rock + Hip-Hop),harmonix___0360_coolerthanme
2469,4.5676484,4.702532,1 (Pop + Groove + Rock + Hip-Hop),harmonix___0361_countrymustbecountrywide
2470,5.2742405,8.105457,1 (Pop + Groove + Rock + Hip-Hop),harmonix___0362_crazygirl
2471,3.5182502,6.0025487,1 (Pop + Groove + Rock + Hip-Hop),harmonix___0363_darkside
2472,13.187615,-4.503362,1 (Pop + Groove + Rock + Hip-Hop),harmonix___0364_deuces
2473,10.293564,0.15163875,1 (Pop + Groove + Rock + Hip-Hop),harmonix___0365_dirtroadanthem
2474,9.800456,1.5104685,1 (Pop + Groove + Rock + Hip-Hop),harmonix___0366_domino
2475,-2.0898383,6.5997987,1 (Pop + Groove + Rock + Hip-Hop),harmonix___0367_dontdreamitsover
2476,7.926355,0.020255938,1 (Pop + Groove + Rock + Hip-Hop),harmonix___0368_dontwakemeup
2477,-3.722728,-0.28303492,2 (Classical + Jazz),harmonix___0369_dontyouworrychild
2478,10.494256,-3.4924994,1 (Pop + Groove + Rock + Hip-Hop),harmonix___0370_downonme
2479,3.379028,-2.1873333,1 (Pop + Groove + Rock + Hip-Hop),harmonix___0371_downunder
2480,5.134513,8.286812,1 (Pop + Groove + Rock + Hip-Hop),harmonix___0372_drinkinmyhand
2481,7.3112426,1.1808841,1 (Pop + Groove + Rock + Hip-Hop),harmonix___0373_driveby
2482,5.4560485,5.522728,1 (Pop + Groove + Rock + Hip-Hop),harmonix___0374_drunkonyou
2483,8.27146,2.2223575,1 (Pop + Groove + Rock + Hip-Hop),harmonix___0375_dynamite
2484,6.451219,4.1717057,1 (Pop + Groove + Rock + Hip-Hop),harmonix___0376_earthquake
2485,7.43381,0.32472986,1 (Pop + Groove + Rock + Hip-Hop),harmonix___0377_eatdirt
2486,5.139156,4.3408914,1 (Pop + Groove + Rock + Hip-Hop),harmonix___0378_effinperfect
2487,8.492371,1.258923,1 (Pop + Groove + Rock + Hip-Hop),harmonix___0379_et
2488,6.4746046,6.904936,1 (Pop + Groove + Rock + Hip-Hop),harmonix___0380_everybodytalks
2489,5.1313233,6.2381496,1 (Pop + Groove + Rock + Hip-Hop),harmonix___0381_everythingyouwant
2490,7.3356705,8.1468115,1 (Pop + Groove + Rock + Hip-Hop),harmonix___0382_fatherofmine
2491,7.4263034,1.127138,1 (Pop + Groove + Rock + Hip-Hop),harmonix___0383_feelsoclose
2492,5.4904757,0.108583696,1 (Pop + Groove + Rock + Hip-Hop),harmonix___0384_finally
2493,9.295331,0.3184358,1 (Pop + Groove + Rock + Hip-Hop),harmonix___0385_fiveoclock
2494,2.3870702,5.8629837,1 (Pop + Groove + Rock + Hip-Hop),harmonix___0386_footloose
2495,2.1683602,6.2575903,1 (Pop + Groove + Rock + Hip-Hop),harmonix___0387_free
2496,11.759303,0.8849933,1 (Pop + Groove + Rock + Hip-Hop),harmonix___0388_gangnamstyle
2497,2.2329326,-1.2415745,1 (Pop + Groove + Rock + Hip-Hop),harmonix___0389_gettinoveryou
2498,12.743088,-2.6466136,1 (Pop + Groove + Rock + Hip-Hop),harmonix___0390_getyourselfbackhome
2499,10.312628,2.5335467,1 (Pop + Groove + Rock + Hip-Hop),harmonix___0391_givemeallyourluvin
2500,9.349329,4.9499946,1 (Pop + Groove + Rock + Hip-Hop),harmonix___0392_givemeyourhand
2501,7.8538814,4.0585165,1 (Pop + Groove + Rock + Hip-Hop),harmonix___0393_giveyourheartabreak
2502,5.675997,6.6126537,1 (Pop + Groove + Rock + Hip-Hop),harmonix___0394_godgavemetoyou
2503,7.761163,0.38226375,1 (Pop + Groove + Rock + Hip-Hop),harmonix___0395_gold
2504,12.224625,0.7276025,1 (Pop + Groove + Rock + Hip-Hop),harmonix___0396_goodfeeling
2505,3.447671,6.9469013,1 (Pop + Groove + Rock + Hip-Hop),harmonix___0397_goodlife
2506,9.501003,3.7540367,1 (Pop + Groove + Rock + Hip-Hop),harmonix___0398_goodtime
2507,10.302431,1.0000163,1 (Pop + Groove + Rock + Hip-Hop),harmonix___0399_gotmygirls
2508,3.0526161,8.385744,1 (Pop + Groove + Rock + Hip-Hop),harmonix___0400_heatofthemoment
2509,4.8942213,4.765233,1 (Pop + Groove + Rock + Hip-Hop),harmonix___0401_hello
2510,5.82068,5.3310056,1 (Pop + Groove + Rock + Hip-Hop),harmonix___0402_herestous
2511,9.71678,1.3691889,1 (Pop + Groove + Rock + Hip-Hop),harmonix___0403_heybaby
2512,5.6165113,5.677705,1 (Pop + Groove + Rock + Hip-Hop),harmonix___0404_holditagainstme
2513,4.4616413,7.355528,1 (Pop + Groove + Rock + Hip-Hop),harmonix___0405_home
2514,2.4717407,6.380211,1 (Pop + Groove + Rock + Hip-Hop),harmonix___0406_honeybee
2515,6.909114,1.7171295,1 (Pop + Groove + Rock + Hip-Hop),harmonix___0407_humpinaround
2516,12.837522,-1.6035434,1 (Pop + Groove + Rock + Hip-Hop),harmonix___0408_icanonlyimagine
2517,9.805434,3.49657,1 (Pop + Groove + Rock + Hip-Hop),harmonix___0409_idontlikeyou
2518,5.578173,4.4548173,1 (Pop + Groove + Rock + Hip-Hop),harmonix___0410_idontwantthisnighttoend
2519,9.193608,5.7885494,1 (Pop + Groove + Rock + Hip-Hop),harmonix___0411_ifihadyou
2520,7.827502,3.8105545,1 (Pop + Groove + Rock + Hip-Hop),harmonix___0412_ifitmakesyouhappy
2521,6.71314,7.434569,1 (Pop + Groove + Rock + Hip-Hop),harmonix___0413_ifyoucouldonlysee
2522,3.4012806,4.8467803,1 (Pop + Groove + Rock + Hip-Hop),harmonix___0414_illbe
2523,-8.5916395,-12.812121,2 (Classical + Jazz),harmonix___0415_illbewaiting
2524,4.3603454,5.221501,1 (Pop + Groove + Rock + Hip-Hop),harmonix___0416_impossible
2525,16.237204,2.5197487,1 (Pop + Groove + Rock + Hip-Hop),harmonix___0417_imtoosexy
2526,11.34524,0.16073158,1 (Pop + Groove + Rock + Hip-Hop),harmonix___0418_inthedark
2527,6.6886053,2.515218,1 (Pop + Groove + Rock + Hip-Hop),harmonix___0419_itgirl
2528,6.9500113,1.427531,1 (Pop + Groove + Rock + Hip-Hop),harmonix___0420_itsrainingmen
2529,14.562914,-3.9778626,1 (Pop + Groove + Rock + Hip-Hop),harmonix___0421_ittakestwo
2530,5.082121,4.834201,1 (Pop + Groove + Rock + Hip-Hop),harmonix___0422_itwillrain
2531,11.5184145,2.3374586,1 (Pop + Groove + Rock + Hip-Hop),harmonix___0423_iwannago
2532,9.166847,0.07938114,1 (Pop + Groove + Rock + Hip-Hop),harmonix___0424_justadream
2533,5.1552954,4.74179,1 (Pop + Groove + Rock + Hip-Hop),harmonix___0425_justakiss
2534,12.646681,-3.0184522,1 (Pop + Groove + Rock + Hip-Hop),harmonix___0426_justcantgetenough
2535,5.214118,1.2274373,1 (Pop + Groove + Rock + Hip-Hop),harmonix___0427_justthewayyouare
2536,6.128036,4.003783,1 (Pop + Groove + Rock + Hip-Hop),harmonix___0428_kingofanything
2537,6.730582,2.5195692,1 (Pop + Groove + Rock + Hip-Hop),harmonix___0429_kissinu
2538,9.277906,3.2411356,1 (Pop + Groove + Rock + Hip-Hop),harmonix___0430_lastfridaynight
2539,1.8228993,4.2149773,1 (Pop + Groove + Rock + Hip-Hop),harmonix___0431_letitrain
2540,9.805585,4.4801984,1 (Pop + Groove + Rock + Hip-Hop),harmonix___0432_letsgo
2541,5.7155786,-1.4191023,1 (Pop + Groove + Rock + Hip-Hop),harmonix___0433_lighters
2542,5.5342627,4.190948,1 (Pop + Groove + Rock + Hip-Hop),harmonix___0434_lights
2543,13.171047,-2.1256955,1 (Pop + Groove + Rock + Hip-Hop),harmonix___0435_lookatmenow
2544,6.9885406,4.0770493,1 (Pop + Groove + Rock + Hip-Hop),harmonix___0436_loveactually
2545,7.9736834,-3.3489413,1 (Pop + Groove + Rock + Hip-Hop),harmonix___0437_lovelikewoe
2546,0.87526065,2.2419622,1 (Pop + Groove + Rock + Hip-Hop),harmonix___0438_loverlover
2547,12.457019,-1.8939456,1 (Pop + Groove + Rock + Hip-Hop),harmonix___0439_lovethewayyoulie
2548,8.2567215,-1.3348019,1 (Pop + Groove + Rock + Hip-Hop),harmonix___0440_loveyoulikealovesong
2549,6.9679103,-1.5058788,1 (Pop + Groove + Rock + Hip-Hop),harmonix___0441_lovingyoutonight
2550,4.986107,5.030869,1 (Pop + Groove + Rock + Hip-Hop),harmonix___0442_lullaby
2551,8.839714,1.1462842,1 (Pop + Groove + Rock + Hip-Hop),harmonix___0443_magic
2552,7.35442,7.207728,1 (Pop + Groove + Rock + Hip-Hop),harmonix___0444_maybe
2553,10.37177,3.7212937,1 (Pop + Groove + Rock + Hip-Hop),harmonix___0445_memories
2554,3.9033978,9.551465,1 (Pop + Groove + Rock + Hip-Hop),harmonix___0446_midnightcity
2555,11.071354,-3.228495,1 (Pop + Groove + Rock + Hip-Hop),harmonix___0447_mindyourmanners
2556,6.0619454,6.525756,1 (Pop + Groove + Rock + Hip-Hop),harmonix___0448_mine
2557,9.337301,3.4944046,1 (Pop + Groove + Rock + Hip-Hop),harmonix___0449_misery
2558,7.408573,1.6551627,1 (Pop + Groove + Rock + Hip-Hop),harmonix___0450_more
2559,6.647808,3.3324754,1 (Pop + Groove + Rock + Hip-Hop),harmonix___0451_mrknowitall
2560,12.598067,-0.5080854,1 (Pop + Groove + Rock + Hip-Hop),harmonix___0452_myfirstkiss
2561,9.725762,2.3309984,1 (Pop + Groove + Rock + Hip-Hop),harmonix___0453_mygirl
2562,5.634523,5.7299623,1 (Pop + Groove + Rock + Hip-Hop),harmonix___0454_myohmy
2563,2.0973797,4.9379997,1 (Pop + Groove + Rock + Hip-Hop),harmonix___0455_nevertearusapart
2564,13.329292,-4.3463993,1 (Pop + Groove + Rock + Hip-Hop),harmonix___0456_nohands
2565,6.1583285,6.35605,1 (Pop + Groove + Rock + Hip-Hop),harmonix___0457_nothing
2566,3.0920558,0.799567,1 (Pop + Groove + Rock + Hip-Hop),harmonix___0458_notorious
2567,8.731428,6.798005,1 (Pop + Groove + Rock + Hip-Hop),harmonix___0459_notoveryou
2568,5.5174336,4.672226,1 (Pop + Groove + Rock + Hip-Hop),harmonix___0460_numb
2569,10.654104,2.4893315,1 (Pop + Groove + Rock + Hip-Hop),harmonix___0461_obsession
2570,-0.5944286,3.1134195,1 (Pop + Groove + Rock + Hip-Hop),harmonix___0462_oldalabama
2571,8.987509,0.8819675,1 (Pop + Groove + Rock + Hip-Hop),harmonix___0463_onemorenight
2572,3.496993,5.106276,1 (Pop + Groove + Rock + Hip-Hop),harmonix___0464_oneofus
2573,3.818129,0.36460444,1 (Pop + Groove + Rock + Hip-Hop),harmonix___0465_onething
2574,-0.14802225,5.3579674,1 (Pop + Groove + Rock + Hip-Hop),harmonix___0466_onthedarkside
2575,11.422012,0.046623383,1 (Pop + Groove + Rock + Hip-Hop),harmonix___0467_onthefloor
2576,-14.026286,3.2882433,2 (Classical + Jazz),harmonix___0468_openarms
2577,4.0647964,6.784946,1 (Pop + Groove + Rock + Hip-Hop),harmonix___0469_ordinaryworld
2578,3.8648984,3.6063218,1 (Pop + Groove + Rock + Hip-Hop),harmonix___0470_ours
2579,8.866361,5.921045,1 (Pop + Groove + Rock + Hip-Hop),harmonix___0471_paradise
2580,9.036625,4.116709,1 (Pop + Groove + Rock + Hip-Hop),harmonix___0472_partofme
2581,6.962021,3.5062873,1 (Pop + Groove + Rock + Hip-Hop),harmonix___0473_payphone
2582,7.1130457,1.8060178,1 (Pop + Groove + Rock + Hip-Hop),harmonix___0474_pleasedontgo
2583,8.49451,2.9597178,1 (Pop + Groove + Rock + Hip-Hop),harmonix___0475_poisonedwithlove
2584,1.9503909,2.2477036,1 (Pop + Groove + Rock + Hip-Hop),harmonix___0476_pontoon
2585,9.1001425,2.1752977,1 (Pop + Groove + Rock + Hip-Hop),harmonix___0477_poundthealarm
2586,4.753744,5.4398117,1 (Pop + Groove + Rock + Hip-Hop),harmonix___0478_prayforyou
2587,8.832263,-0.7118607,1 (Pop + Groove + Rock + Hip-Hop),harmonix___0479_pricetag
2588,6.7594223,4.195742,1 (Pop + Groove + Rock + Hip-Hop),harmonix___0480_raiseyourglass
2589,8.776475,2.1380522,1 (Pop + Groove + Rock + Hip-Hop),harmonix___0481_reallove
2590,12.704959,-5.500422,1 (Pop + Groove + Rock + Hip-Hop),harmonix___0482_redsolocup
2591,9.205038,-2.4107602,1 (Pop + Groove + Rock + Hip-Hop),harmonix___0483_ridinsolo
2592,11.792264,0.4292182,1 (Pop + Groove + Rock + Hip-Hop),harmonix___0484_rockthatbody
2593,3.0062752,1.6728985,1 (Pop + Groove + Rock + Hip-Hop),harmonix___0485_rollinginthedeep
2594,11.623495,-0.32931075,1 (Pop + Groove + Rock + Hip-Hop),harmonix___0486_rundatback
2595,7.352983,4.9535065,1 (Pop + Groove + Rock + Hip-Hop),harmonix___0487_secrets
2596,5.339036,5.922455,1 (Pop + Groove + Rock + Hip-Hop),harmonix___0488_september
2597,9.791842,2.1188405,1 (Pop + Groove + Rock + Hip-Hop),harmonix___0489_shakeyourbody
2598,9.336941,3.465056,1 (Pop + Groove + Rock + Hip-Hop),harmonix___0490_showme
2599,5.064825,5.3464828,1 (Pop + Groove + Rock + Hip-Hop),harmonix___0491_skyscraper
2600,8.0058155,-1.1387385,1 (Pop + Groove + Rock + Hip-Hop),harmonix___0492_sm
2601,4.627649,4.6071935,1 (Pop + Groove + Rock + Hip-Hop),harmonix___0493_somebodysheartbreak
2602,3.6551378,-4.559397,1 (Pop + Groove + Rock + Hip-Hop),harmonix___0494_somebodythatiusedtoknow
2603,-5.3022943,1.240776,2 (Classical + Jazz),harmonix___0495_someonelikeyou
2604,6.3947144,5.442646,1 (Pop + Groove + Rock + Hip-Hop),harmonix___0496_sparksfly
2605,7.504567,5.6969366,1 (Pop + Groove + Rock + Hip-Hop),harmonix___0497_speakers
2606,4.104489,5.2797065,1 (Pop + Groove + Rock + Hip-Hop),harmonix___0498_springsteen
2607,7.319614,2.4274213,1 (Pop + Groove + Rock + Hip-Hop),harmonix___0499_starbuckssmile
2608,6.6936193,1.8550317,1 (Pop + Groove + Rock + Hip-Hop),harmonix___0500_stay
2609,6.279259,5.6494594,1 (Pop + Groove + Rock + Hip-Hop),harmonix___0501_stayawhile
2610,3.3797054,5.00019,1 (Pop + Groove + Rock + Hip-Hop),harmonix___0502_stronger
2611,6.87607,0.7623824,1 (Pop + Groove + Rock + Hip-Hop),harmonix___0503_stucklikeglue
2612,3.7208238,9.082828,1 (Pop + Groove + Rock + Hip-Hop),harmonix___0504_suspiciousminds
2613,10.197277,2.9387763,1 (Pop + Groove + Rock + Hip-Hop),harmonix___0505_takeitoff
2614,3.4106596,6.1387267,1 (Pop + Groove + Rock + Hip-Hop),harmonix___0506_takemehometonight
2615,9.215559,2.7306056,1 (Pop + Groove + Rock + Hip-Hop),harmonix___0507_teenagedream
2616,-3.841868,1.3541193,2 (Classical + Jazz),harmonix___0508_tennesseeme
2617,9.9974,-3.6240652,1 (Pop + Groove + Rock + Hip-Hop),harmonix___0509_thelazysong
2618,4.6387434,6.4955153,1 (Pop + Groove + Rock + Hip-Hop),harmonix___0510_theonethatgotaway
2619,4.0605187,4.3342166,1 (Pop + Groove + Rock + Hip-Hop),harmonix___0511_theonlyexception
2620,13.53559,-4.4414067,1 (Pop + Groove + Rock + Hip-Hop),harmonix___0512_theshowgoeson
2621,9.695045,4.458809,1 (Pop + Groove + Rock + Hip-Hop),harmonix___0513_thetime
2622,5.201147,0.17011684,1 (Pop + Groove + Rock + Hip-Hop),harmonix___0514_thetimeofmylife
2623,5.2042327,6.8536034,1 (Pop + Groove + Rock + Hip-Hop),harmonix___0515_thisafternoon
2624,9.82395,-0.5756124,1 (Pop + Groove + Rock + Hip-Hop),harmonix___0516_thisorthat
2625,7.755992,0.5448622,1 (Pop + Groove + Rock + Hip-Hop),harmonix___0517_tilltheworldends
2626,-1.324817,1.0864302,1 (Pop + Groove + Rock + Hip-Hop),harmonix___0518_timeaftertime
2627,7.6353216,2.3257594,1 (Pop + Groove + Rock + Hip-Hop),harmonix___0519_titanium
2628,10.19128,0.91017544,1 (Pop + Groove + Rock + Hip-Hop),harmonix___0520_tonight
2629,0.48952135,9.2495,1 (Pop + Groove + Rock + Hip-Hop),harmonix___0521_tooclose
2630,10.12196,0.9293901,1 (Pop + Groove + Rock + Hip-Hop),harmonix___0522_turnupthemusic
2631,12.849569,-0.93853503,1 (Pop + Groove + Rock + Hip-Hop),harmonix___0523_ucanttouchthis
2632,6.198202,3.7784078,1 (Pop + Groove + Rock + Hip-Hop),harmonix___0524_undoit
2633,11.021291,4.5773582,1 (Pop + Groove + Rock + Hip-Hop),harmonix___0525_venus
2634,4.544648,4.7241597,1 (Pop + Groove + Rock + Hip-Hop),harmonix___0526_waitingoutsidethelines
2635,13.999057,-3.203219,1 (Pop + Groove + Rock + Hip-Hop),harmonix___0527_wantuback
2636,11.53879,-0.24549997,1 (Pop + Groove + Rock + Hip-Hop),harmonix___0528_werunthenight
2637,7.9397254,1.3496412,1 (Pop + Groove + Rock + Hip-Hop),harmonix___0529_werwhower
2638,8.241305,5.8374453,1 (Pop + Groove + Rock + Hip-Hop),harmonix___0530_whatthehell
2639,6.415062,7.408342,1 (Pop + Groove + Rock + Hip-Hop),harmonix___0531_whenwestandtogether
2640,12.919752,-0.2480481,1 (Pop + Groove + Rock + Hip-Hop),harmonix___0532_whistle
2641,5.0791764,1.9495991,1 (Pop + Groove + Rock + Hip-Hop),harmonix___0533_whosays
2642,4.675637,5.6683183,1 (Pop + Groove + Rock + Hip-Hop),harmonix___0534_wideawake
2643,-5.6659665,3.3226357,2 (Classical + Jazz),harmonix___0535_withoutyou
2644,11.75999,-3.6031957,1 (Pop + Groove + Rock + Hip-Hop),harmonix___0536_workout
2645,11.286623,1.0367588,1 (Pop + Groove + Rock + Hip-Hop),harmonix___0537_writteninthestars
2646,3.6419442,4.416168,1 (Pop + Groove + Rock + Hip-Hop),harmonix___0538_you
2647,3.9910614,5.626342,1 (Pop + Groove + Rock + Hip-Hop),harmonix___0539_youandi
2648,5.9829397,4.659131,1 (Pop + Groove + Rock + Hip-Hop),harmonix___0540_youandme
2649,3.4204495,1.6079372,1 (Pop + Groove + Rock + Hip-Hop),harmonix___0541_youdroppedabombonme
2650,4.367453,6.670614,1 (Pop + Groove + Rock + Hip-Hop),harmonix___0542_yougetwhatyougive
2651,5.4762635,5.3453345,1 (Pop + Groove + Rock + Hip-Hop),harmonix___0543_yougonnafly
2652,9.032195,-0.36386317,1 (Pop + Groove + Rock + Hip-Hop),harmonix___0544_yougottabe
2653,3.8036132,6.4417295,1 (Pop + Groove + Rock + Hip-Hop),harmonix___0545_youkeepmehangingon
2654,6.4430623,7.2289343,1 (Pop + Groove + Rock + Hip-Hop),harmonix___0546_18days
2655,7.31301,4.974926,1 (Pop + Groove + Rock + Hip-Hop),harmonix___0547_1901boflexdpassionpitremix
2656,10.671902,4.3304477,1 (Pop + Groove + Rock + Hip-Hop),harmonix___0548_2getherextended
2657,-4.7774687,2.3446288,2 (Classical + Jazz),harmonix___0549_515
2658,6.2608705,7.0646024,1 (Pop + Groove + Rock + Hip-Hop),harmonix___0550_aboutyounow
2659,7.129007,6.488909,1 (Pop + Groove + Rock + Hip-Hop),harmonix___0551_accordingtoyou
2660,6.9992867,7.1211457,1 (Pop + Groove + Rock + Hip-Hop),harmonix___0552_addicted
2661,11.660881,4.7144675,1 (Pop + Groove + Rock + Hip-Hop),harmonix___0553_alivefeatthegoodnatured
2662,5.1701546,5.471595,1 (Pop + Groove + Rock + Hip-Hop),harmonix___0554_allalright
2663,5.745124,5.190852,1 (Pop + Groove + Rock + Hip-Hop),harmonix___0555_allaroundme
2664,7.731991,3.7045162,1 (Pop + Groove + Rock + Hip-Hop),harmonix___0556_allaroundtheworld
2665,5.446031,-0.56425583,1 (Pop + Groove + Rock + Hip-Hop),harmonix___0557_alligator
2666,8.277969,1.3480552,1 (Pop + Groove + Rock + Hip-Hop),harmonix___0558_allnightlong
2667,6.39017,4.90282,1 (Pop + Groove + Rock + Hip-Hop),harmonix___0559_alltherightmoves
2668,8.375896,-1.6359216,1 (Pop + Groove + Rock + Hip-Hop),harmonix___0560_almostlovenow
2669,10.0557,1.7190982,1 (Pop + Groove + Rock + Hip-Hop),harmonix___0561_alorsondanse
2670,5.5920424,6.1650424,1 (Pop + Groove + Rock + Hip-Hop),harmonix___0562_alreadygone
2671,9.500408,4.083178,1 (Pop + Groove + Rock + Hip-Hop),harmonix___0564_americanboybenny
2672,3.9877768,4.895025,1 (Pop + Groove + Rock + Hip-Hop),harmonix___0565_americanhoney
2673,-6.9501014,-11.147596,2 (Classical + Jazz),harmonix___0566_americanwoman
2674,5.9401364,7.925162,1 (Pop + Groove + Rock + Hip-Hop),harmonix___0567_anythingcouldhappen
2675,4.629335,3.5178804,1 (Pop + Groove + Rock + Hip-Hop),harmonix___0568_apologize
2676,4.3547344,-0.98928833,1 (Pop + Groove + Rock + Hip-Hop),harmonix___0569_arrow
2677,9.927547,7.5931087,1 (Pop + Groove + Rock + Hip-Hop),harmonix___0570_aslongasyouloveme
2678,4.3451447,7.9795227,1 (Pop + Groove + Rock + Hip-Hop),harmonix___0571_atlantis
2679,12.256601,-3.4301436,1 (Pop + Groove + Rock + Hip-Hop),harmonix___0572_awake
2680,7.327215,1.7378432,1 (Pop + Groove + Rock + Hip-Hop),harmonix___0573_babyludacris
2681,12.304054,1.450417,1 (Pop + Groove + Rock + Hip-Hop),harmonix___0574_badromanceappboyz
2682,11.631483,1.4025197,1 (Pop + Groove + Rock + Hip-Hop),harmonix___0575_badromanceskrillexremix
2683,11.314032,5.995915,1 (Pop + Groove + Rock + Hip-Hop),harmonix___0576_barbrastreisand
2684,9.913676,5.5577946,1 (Pop + Groove + Rock + Hip-Hop),harmonix___0577_battlefieldmainversion
2685,-2.7067297,0.51787347,2 (Classical + Jazz),harmonix___0578_bealright
2686,8.827765,7.6598916,1 (Pop + Groove + Rock + Hip-Hop),harmonix___0579_beatitstudioversion
2687,3.5167212,4.9003224,1 (Pop + Groove + Rock + Hip-Hop),harmonix___0580_beautiful
2688,-0.3690971,1.301369,1 (Pop + Groove + Rock + Hip-Hop),harmonix___0581_beautifulcarlyrae
2689,4.3306813,7.4900475,1 (Pop + Groove + Rock + Hip-Hop),harmonix___0582_beautifulday
2690,8.192663,-4.1838655,1 (Pop + Groove + Rock + Hip-Hop),harmonix___0583_beautifulgirls
2691,9.560742,4.0629735,1 (Pop + Groove + Rock + Hip-Hop),harmonix___0585_beautyandabeat
2692,7.3840237,-2.5036826,1 (Pop + Groove + Rock + Hip-Hop),harmonix___0586_bed
2693,11.743906,-3.2677,1 (Pop + Groove + Rock + Hip-Hop),harmonix___0587_bedrock
2694,6.871967,3.38337,1 (Pop + Groove + Rock + Hip-Hop),harmonix___0588_believe
2695,12.686452,-3.2967353,1 (Pop + Groove + Rock + Hip-Hop),harmonix___0589_bestieverhad
2696,7.278866,-0.6645585,1 (Pop + Groove + Rock + Hip-Hop),harmonix___0590_betterintime
2697,6.67836,0.19652055,1 (Pop + Groove + Rock + Hip-Hop),harmonix___0591_biggirlsdontcry
2698,10.169532,1.3291467,1 (Pop + Groove + Rock + Hip-Hop),harmonix___0592_blameit
2699,8.781002,0.6015576,1 (Pop + Groove + Rock + Hip-Hop),harmonix___0593_blameitradioedit
2700,6.0724473,0.85203826,1 (Pop + Groove + Rock + Hip-Hop),harmonix___0594_bleedinglove
2701,4.817297,-0.41234812,1 (Pop + Groove + Rock + Hip-Hop),harmonix___0595_blonde
2702,10.930303,-3.7148206,1 (Pop + Groove + Rock + Hip-Hop),harmonix___0596_bonbon
2703,-7.3602467,-12.627468,2 (Classical + Jazz),harmonix___0597_boomboomguetta
2704,9.731449,2.1951184,1 (Pop + Groove + Rock + Hip-Hop),harmonix___0598_boomboompow
2705,9.408105,-1.3966545,1 (Pop + Groove + Rock + Hip-Hop),harmonix___0599_boyfriend
2706,5.715211,5.906753,1 (Pop + Groove + Rock + Hip-Hop),harmonix___0600_breakeven
2707,8.788356,1.5695428,1 (Pop + Groove + Rock + Hip-Hop),harmonix___0602_breaktheice
2708,12.327359,1.5006949,1 (Pop + Groove + Rock + Hip-Hop),harmonix___0603_breaktheicejasonnevinsmix
2709,8.054628,-0.91631645,1 (Pop + Groove + Rock + Hip-Hop),harmonix___0604_bustitbabypart2
2710,12.239957,-2.5802407,1 (Pop + Groove + Rock + Hip-Hop),harmonix___0607_cantholdus
2711,4.7653403,4.133037,1 (Pop + Groove + Rock + Hip-Hop),harmonix___0608_canttellmenothing
2712,4.58073,5.617035,1 (Pop + Groove + Rock + Hip-Hop),harmonix___0609_carryon
2713,8.580982,3.3959367,1 (Pop + Groove + Rock + Hip-Hop),harmonix___0610_castle
2714,7.117714,-1.2482716,1 (Pop + Groove + Rock + Hip-Hop),harmonix___0611_catchingfeelings
2715,3.00342,9.313616,1 (Pop + Groove + Rock + Hip-Hop),harmonix___0613_celebrationbennybenassi
2716,10.154279,4.512604,1 (Pop + Groove + Rock + Hip-Hop),harmonix___0614_cinema
2717,10.511052,0.8991443,1 (Pop + Groove + Rock + Hip-Hop),harmonix___0615_circus
2718,3.3863928,3.386296,1 (Pop + Groove + Rock + Hip-Hop),harmonix___0616_citygirl
2719,7.242635,-0.772268,1 (Pop + Groove + Rock + Hip-Hop),harmonix___0617_citylights
2720,3.2877715,7.391899,1 (Pop + Groove + Rock + Hip-Hop),harmonix___0618_clocks
2721,8.599187,-0.9430356,1 (Pop + Groove + Rock + Hip-Hop),harmonix___0619_closer
2722,7.1923356,6.5529127,1 (Pop + Groove + Rock + Hip-Hop),harmonix___0620_closertands
2723,10.947235,1.7134466,1 (Pop + Groove + Rock + Hip-Hop),harmonix___0621_clubcanthandleme
2724,6.1534777,0.7027077,1 (Pop + Groove + Rock + Hip-Hop),harmonix___0622_clumsy
2725,4.1443796,4.1573515,1 (Pop + Groove + Rock + Hip-Hop),harmonix___0623_comeongethigher
2726,5.333815,4.172997,1 (Pop + Groove + Rock + Hip-Hop),harmonix___0625_complicated
2727,8.30223,2.6197808,1 (Pop + Groove + Rock + Hip-Hop),harmonix___0626_coolerthanme
2728,8.146923,4.9048324,1 (Pop + Groove + Rock + Hip-Hop),harmonix___0627_cowboyboots
2729,11.061293,-4.3844523,1 (Pop + Groove + Rock + Hip-Hop),harmonix___0628_crankthatsouljaboy
2730,7.754554,-0.9596043,1 (Pop + Groove + Rock + Hip-Hop),harmonix___0629_crush
2731,5.5779505,5.15508,1 (Pop + Groove + Rock + Hip-Hop),harmonix___0630_crushcrushcrush
2732,9.1673355,2.6660275,1 (Pop + Groove + Rock + Hip-Hop),harmonix___0631_curiosity
2733,11.415167,-2.733621,1 (Pop + Groove + Rock + Hip-Hop),harmonix___0632_cyclone
2734,12.538182,3.2805796,1 (Pop + Groove + Rock + Hip-Hop),harmonix___0633_dancingmachine
2735,11.712424,-3.3435588,1 (Pop + Groove + Rock + Hip-Hop),harmonix___0634_dangerous
2736,9.111552,-2.0084805,1 (Pop + Groove + Rock + Hip-Hop),harmonix___0635_daynnite
2737,9.466365,-3.568058,1 (Pop + Groove + Rock + Hip-Hop),harmonix___0636_daynnitecrookersremix
2738,9.50138,-3.4920342,1 (Pop + Groove + Rock + Hip-Hop),harmonix___0637_daynniteremix
2739,12.555473,-3.779431,1 (Pop + Groove + Rock + Hip-Hop),harmonix___0638_deadandgone
2740,8.3667755,-0.68918276,1 (Pop + Groove + Rock + Hip-Hop),harmonix___0639_dieinyourarms
2741,7.569853,-0.68456584,1 (Pop + Groove + Rock + Hip-Hop),harmonix___0640_disturbia2
2742,1.0424125,4.673491,1 (Pop + Groove + Rock + Hip-Hop),harmonix___0642_dontconfess
2743,5.7859573,5.654315,1 (Pop + Groove + Rock + Hip-Hop),harmonix___0643_dontrush
2744,4.495517,7.9443746,1 (Pop + Groove + Rock + Hip-Hop),harmonix___0644_dontsayaword
2745,9.04189,-2.6439352,1 (Pop + Groove + Rock + Hip-Hop),harmonix___0645_dontstopthemusic
2746,4.6271377,4.645055,1 (Pop + Groove + Rock + Hip-Hop),harmonix___0647_dontthinkidontthinkaboutit
2747,10.238345,5.4696317,1 (Pop + Groove + Rock + Hip-Hop),harmonix___0648_donttrustme
2748,7.7622204,-0.9435126,1 (Pop + Groove + Rock + Hip-Hop),harmonix___0649_down
2749,7.5908203,-0.6464514,1 (Pop + Groove + Rock + Hip-Hop),harmonix___0650_downlilwayne
2750,8.161786,-0.08517226,1 (Pop + Groove + Rock + Hip-Hop),harmonix___0651_doyouremember
2751,6.587721,6.86499,1 (Pop + Groove + Rock + Hip-Hop),harmonix___0652_drovemewild
2752,10.439367,3.0848627,1 (Pop + Groove + Rock + Hip-Hop),harmonix___0653_dynamite
2753,8.037006,0.29734355,1 (Pop + Groove + Rock + Hip-Hop),harmonix___0654_dynamitemixinmarc
2754,10.86967,4.7956376,1 (Pop + Groove + Rock + Hip-Hop),harmonix___0655_earthquakey
2755,11.594936,-2.2466815,1 (Pop + Groove + Rock + Hip-Hop),harmonix___0657_enursbonfire
2756,8.5419235,1.8411919,1 (Pop + Groove + Rock + Hip-Hop),harmonix___0658_evacuatethedancefloor
2757,2.5629306,5.2776504,1 (Pop + Groove + Rock + Hip-Hop),harmonix___0659_everybody
2758,11.977784,4.5084014,1 (Pop + Groove + Rock + Hip-Hop),harmonix___0660_everymorning
2759,9.5376215,2.1395164,1 (Pop + Groove + Rock + Hip-Hop),harmonix___0661_everythingaboutyou
2760,11.634076,-0.99884266,1 (Pop + Groove + Rock + Hip-Hop),harmonix___0662_everytimewetouch
2761,4.7395263,7.2948985,1 (Pop + Groove + Rock + Hip-Hop),harmonix___0663_explosions
2762,11.184898,4.3722343,1 (Pop + Groove + Rock + Hip-Hop),harmonix___0664_eyesextendedmix
2763,5.4919186,5.1848373,1 (Pop + Groove + Rock + Hip-Hop),harmonix___0665_fall
2764,-0.36179918,5.2232585,1 (Pop + Groove + Rock + Hip-Hop),harmonix___0666_fallin
2765,13.263648,2.392604,1 (Pop + Groove + Rock + Hip-Hop),harmonix___0668_fallinganthem
2766,8.389285,-0.06650246,1 (Pop + Groove + Rock + Hip-Hop),harmonix___0669_fastforwardffwd
2767,6.203079,4.869426,1 (Pop + Groove + Rock + Hip-Hop),harmonix___0670_fearless
2768,10.168193,-1.7544152,1 (Pop + Groove + Rock + Hip-Hop),harmonix___0671_feedback
2769,10.869631,4.4704123,1 (Pop + Groove + Rock + Hip-Hop),harmonix___0672_feelitinmybones
2770,5.530064,6.7910542,1 (Pop + Groove + Rock + Hip-Hop),harmonix___0673_feelsliketonight
2771,11.297694,4.977145,1 (Pop + Groove + Rock + Hip-Hop),harmonix___0674_feelsocloseextendedmix
2772,5.335772,7.355631,1 (Pop + Groove + Rock + Hip-Hop),harmonix___0676_figure8
2773,11.848499,1.0867796,1 (Pop + Groove + Rock + Hip-Hop),harmonix___0677_fireburning
2774,6.640173,-2.0570426,1 (Pop + Groove + Rock + Hip-Hop),harmonix___0678_fireflies
2775,5.51875,6.892561,1 (Pop + Groove + Rock + Hip-Hop),harmonix___0679_firsttime
2776,4.097347,6.78882,1 (Pop + Groove + Rock + Hip-Hop),harmonix___0680_fixaheart
2777,11.410589,-2.6410918,1 (Pop + Groove + Rock + Hip-Hop),harmonix___0681_flashinglights
2778,8.276819,4.192432,1 (Pop + Groove + Rock + Hip-Hop),harmonix___0682_forever
2779,10.668879,5.2918916,1 (Pop + Groove + Rock + Hip-Hop),harmonix___0683_foreverextendedmix
2780,6.493052,4.968225,1 (Pop + Groove + Rock + Hip-Hop),harmonix___0685_forgottolaugh
2781,5.546912,4.2475324,1 (Pop + Groove + Rock + Hip-Hop),harmonix___0686_fortheloveofadaughter
2782,10.716457,4.0160155,1 (Pop + Groove + Rock + Hip-Hop),harmonix___0687_getouttamyway
2783,10.985373,-0.46227315,1 (Pop + Groove + Rock + Hip-Hop),harmonix___0688_getthepartystarted
2784,12.648773,-8.012117,1 (Pop + Groove + Rock + Hip-Hop),harmonix___0689_gettinoveryou
2785,10.071429,2.1458385,1 (Pop + Groove + Rock + Hip-Hop),harmonix___0690_givemeeverything
2786,6.4810014,-0.7194375,1 (Pop + Groove + Rock + Hip-Hop),harmonix___0691_givesyouhell
2787,7.8530955,4.112767,1 (Pop + Groove + Rock + Hip-Hop),harmonix___0692_giveyourheartabreakdos
2788,10.732974,0.41827193,1 (Pop + Groove + Rock + Hip-Hop),harmonix___0693_gold
2789,9.036523,6.2449718,1 (Pop + Groove + Rock + Hip-Hop),harmonix___0695_goodbyegoodbye
2790,9.497206,5.362907,1 (Pop + Groove + Rock + Hip-Hop),harmonix___0696_goodgirlsgobad
2791,6.7423086,0.34115517,1 (Pop + Groove + Rock + Hip-Hop),harmonix___0697_goodlife
2792,9.513805,3.9358184,1 (Pop + Groove + Rock + Hip-Hop),harmonix___0698_goodtime
2793,11.561008,-3.3668053,1 (Pop + Groove + Rock + Hip-Hop),harmonix___0699_gotmoney
2794,6.798622,9.45257,1 (Pop + Groove + Rock + Hip-Hop),harmonix___0700_gottabesomebody
2795,5.265676,4.31089,1 (Pop + Groove + Rock + Hip-Hop),harmonix___0701_gottabeyou
2796,5.4095373,2.1124964,1 (Pop + Groove + Rock + Hip-Hop),harmonix___0702_greenlight
2797,10.281875,4.152036,1 (Pop + Groove + Rock + Hip-Hop),harmonix___0704_guitarstringweddingring
2798,6.2663393,6.499649,1 (Pop + Groove + Rock + Hip-Hop),harmonix___0705_haditall
2799,4.8493633,7.8350496,1 (Pop + Groove + Rock + Hip-Hop),harmonix___0706_halcyon
2800,5.3607283,6.8851843,1 (Pop + Groove + Rock + Hip-Hop),harmonix___0707_halfwaygone
2801,6.9813657,-0.31517294,1 (Pop + Groove + Rock + Hip-Hop),harmonix___0708_haloradioedit
2802,4.570673,6.978447,1 (Pop + Groove + Rock + Hip-Hop),harmonix___0709_hangingon
2803,6.682566,1.8572391,1 (Pop + Groove + Rock + Hip-Hop),harmonix___0710_hardjeezy
2804,6.3840923,7.2192984,1 (Pop + Groove + Rock + Hip-Hop),harmonix___0711_heartheartheartbreak
2805,11.147225,-3.7830982,1 (Pop + Groove + Rock + Hip-Hop),harmonix___0712_heartless
2806,3.3016803,4.309598,1 (Pop + Groove + Rock + Hip-Hop),harmonix___0713_heartofgoldnow
2807,8.867373,6.02097,1 (Pop + Groove + Rock + Hip-Hop),harmonix___0714_hell
2808,17.907549,-2.4943182,1 (Pop + Groove + Rock + Hip-Hop),harmonix___0715_hellodadalife
2809,6.291368,7.9851885,1 (Pop + Groove + Rock + Hip-Hop),harmonix___0716_heroheroine
2810,4.9000998,2.45271,1 (Pop + Groove + Rock + Hip-Hop),harmonix___0717_heysoulsister
2811,-3.485605,1.8360039,2 (Classical + Jazz),harmonix___0718_heytheredelilah
2812,11.816027,-1.7521491,1 (Pop + Groove + Rock + Hip-Hop),harmonix___0719_hipsdontlie
2813,8.757849,2.3788888,1 (Pop + Groove + Rock + Hip-Hop),harmonix___0721_holdup
2814,11.61508,-3.4299593,1 (Pop + Groove + Rock + Hip-Hop),harmonix___0723_hotelroomservice
2815,7.6766095,7.5759077,1 (Pop + Groove + Rock + Hip-Hop),harmonix___0724_hotmessdj
2816,6.674589,6.2468963,1 (Pop + Groove + Rock + Hip-Hop),harmonix___0725_hotncold
2817,15.501202,0.06781754,1 (Pop + Groove + Rock + Hip-Hop),harmonix___0726_hotplay
2818,6.412936,5.8949137,1 (Pop + Groove + Rock + Hip-Hop),harmonix___0727_howcomeyoudontwantme
2819,6.557077,7.535052,1 (Pop + Groove + Rock + Hip-Hop),harmonix___0728_howyouremindme
2820,7.7868032,0.63261753,1 (Pop + Groove + Rock + Hip-Hop),harmonix___0729_hurricane
2821,9.980309,3.1373172,1 (Pop + Groove + Rock + Hip-Hop),harmonix___0730_hurtssogood
2822,5.4294524,2.929627,1 (Pop + Groove + Rock + Hip-Hop),harmonix___0731_icouldntbeyourfriend
2823,7.2635436,4.5092096,1 (Pop + Groove + Rock + Hip-Hop),harmonix___0732_idontwannabeinlove
2824,9.70354,5.6861167,1 (Pop + Groove + Rock + Hip-Hop),harmonix___0733_ifihadyou
2825,6.1121807,7.1269784,1 (Pop + Groove + Rock + Hip-Hop),harmonix___0734_iftodaywasyourlastday
2826,7.8562045,3.0273674,1 (Pop + Groove + Rock + Hip-Hop),harmonix___0735_ifuseeamy
2827,10.259518,3.2676318,1 (Pop + Groove + Rock + Hip-Hop),harmonix___0736_igotafeeling
2828,6.9162917,-0.1213338,1 (Pop + Groove + Rock + Hip-Hop),harmonix___0737_ihatethispart
2829,7.418326,6.8469048,1 (Pop + Groove + Rock + Hip-Hop),harmonix___0738_ihearnoises
2830,5.8266835,4.829748,1 (Pop + Groove + Rock + Hip-Hop),harmonix___0739_ikissedagirl
2831,7.4424615,4.721893,1 (Pop + Groove + Rock + Hip-Hop),harmonix___0740_ikissedagirljasonnevins
2832,-4.6503634,-0.105449595,2 (Classical + Jazz),harmonix___0741_iknowyoucare
2833,11.811589,-0.9039522,1 (Pop + Groove + Rock + Hip-Hop),harmonix___0742_iknowyouwantme
2834,8.456567,6.4657974,1 (Pop + Groove + Rock + Hip-Hop),harmonix___0743_iminloveiwannadoit
2835,12.002671,-4.0815206,1 (Pop + Groove + Rock + Hip-Hop),harmonix___0744_immabe
2836,10.802309,-2.9160013,1 (Pop + Groove + Rock + Hip-Hop),harmonix___0745_immabewolf
2837,5.904095,5.3230104,1 (Pop + Groove + Rock + Hip-Hop),harmonix___0746_imnotyourhero
2838,7.222291,0.4623289,1 (Pop + Groove + Rock + Hip-Hop),harmonix___0747_imreal
2839,7.8877487,-2.376144,1 (Pop + Groove + Rock + Hip-Hop),harmonix___0748_imyours
2840,5.8522487,0.20087612,1 (Pop + Groove + Rock + Hip-Hop),harmonix___0749_indestructible2
2841,9.846569,2.70763,1 (Pop + Groove + Rock + Hip-Hop),harmonix___0750_ineedyourlove
2842,7.0776587,6.215318,1 (Pop + Groove + Rock + Hip-Hop),harmonix___0751_inlovewithagirl
2843,9.124749,2.1884067,1 (Pop + Groove + Rock + Hip-Hop),harmonix___0752_inmyhead
2844,4.299782,-0.023202412,1 (Pop + Groove + Rock + Hip-Hop),harmonix___0753_inreallife
2845,5.429831,9.027041,1 (Pop + Groove + Rock + Hip-Hop),harmonix___0755_intothenight
2846,4.0593348,4.2769847,1 (Pop + Groove + Rock + Hip-Hop),harmonix___0756_istillmissyou
2847,8.983523,4.7563887,1 (Pop + Groove + Rock + Hip-Hop),harmonix___0758_itgetsbetter
2848,10.129981,2.301764,1 (Pop + Groove + Rock + Hip-Hop),harmonix___0759_itgirljasonnevins
2849,13.106555,-3.1870797,1 (Pop + Groove + Rock + Hip-Hop),harmonix___0760_iwannarock
2850,6.4600315,7.049178,1 (Pop + Groove + Rock + Hip-Hop),harmonix___0761_iwant
2851,0.78272474,3.365544,1 (Pop + Groove + Rock + Hip-Hop),harmonix___0762_iwantitthatway
2852,4.0065346,6.747794,1 (Pop + Groove + Rock + Hip-Hop),harmonix___0763_iwasafool
2853,4.184278,5.842834,1 (Pop + Groove + Rock + Hip-Hop),harmonix___0764_iwish
2854,12.149176,3.3389447,1 (Pop + Groove + Rock + Hip-Hop),harmonix___0765_jimmyiovine
2855,8.753007,0.3078916,1 (Pop + Groove + Rock + Hip-Hop),harmonix___0766_justdance
2856,8.76009,-1.7412056,1 (Pop + Groove + Rock + Hip-Hop),harmonix___0767_justfine
2857,3.2869463,5.5357566,1 (Pop + Groove + Rock + Hip-Hop),harmonix___0768_keepsgettinbetter
2858,7.846456,-0.6153486,1 (Pop + Groove + Rock + Hip-Hop),harmonix___0769_killa
2859,18.43223,1.8206493,1 (Pop + Groove + Rock + Hip-Hop),harmonix___0770_kingofmycastle
2860,7.7209167,-3.4988818,1 (Pop + Groove + Rock + Hip-Hop),harmonix___0771_kisskissmainversion
2861,11.004167,0.31183147,1 (Pop + Groove + Rock + Hip-Hop),harmonix___0772_kissmebackcrytonight
2862,13.077893,-3.4569612,1 (Pop + Groove + Rock + Hip-Hop),harmonix___0773_kissmethruthephone
2863,8.227387,1.5089023,1 (Pop + Groove + Rock + Hip-Hop),harmonix___0774_knockyoudown
2864,10.780959,2.1723979,1 (Pop + Groove + Rock + Hip-Hop),harmonix___0775_knockyoudownbimbojones
2865,12.240479,-0.36779884,1 (Pop + Groove + Rock + Hip-Hop),harmonix___0776_krazy
2866,2.05691,-4.720195,1 (Pop + Groove + Rock + Hip-Hop),harmonix___0777_lebump
2867,8.655926,1.7986794,1 (Pop + Groove + Rock + Hip-Hop),harmonix___0778_letitrock
2868,10.915273,3.8417816,1 (Pop + Groove + Rock + Hip-Hop),harmonix___0779_letitrockfilthy
2869,9.988501,4.106398,1 (Pop + Groove + Rock + Hip-Hop),harmonix___0780_letmebereal
2870,8.38248,1.1731776,1 (Pop + Groove + Rock + Hip-Hop),harmonix___0781_lettinggoduttylove
2871,6.380858,6.351326,1 (Pop + Groove + Rock + Hip-Hop),harmonix___0782_lifeafteryou
2872,5.6750536,7.1240363,1 (Pop + Groove + Rock + Hip-Hop),harmonix___0783_lighton
2873,7.1123643,-0.58608776,1 (Pop + Groove + Rock + Hip-Hop),harmonix___0784_lightweight
2874,4.890232,1.2829908,1 (Pop + Groove + Rock + Hip-Hop),harmonix___0785_littleliesnow
2875,7.1434355,5.3026443,1 (Pop + Groove + Rock + Hip-Hop),harmonix___0786_livelikeweredying
2876,7.372721,6.6215715,1 (Pop + Groove + Rock + Hip-Hop),harmonix___0787_liveyourlife
2877,5.842599,2.35461,1 (Pop + Groove + Rock + Hip-Hop),harmonix___0789_livingroom
2878,17.122454,-0.6062352,1 (Pop + Groove + Rock + Hip-Hop),harmonix___0790_locapeople
2879,-7.263554,-13.33163,2 (Classical + Jazz),harmonix___0791_lollipop
2880,-6.3386416,-11.720909,2 (Classical + Jazz),harmonix___0792_lovedrunk
2881,11.286748,-3.4123917,1 (Pop + Groove + Rock + Hip-Hop),harmonix___0793_lovegame
2882,12.222999,1.3252685,1 (Pop + Groove + Rock + Hip-Hop),harmonix___0794_lovegamedave
2883,6.8321986,4.9785066,1 (Pop + Groove + Rock + Hip-Hop),harmonix___0796_loveinthisclub
2884,-10.004093,-16.978327,2 (Classical + Jazz),harmonix___0797_loveisgone
2885,8.227274,0.7108878,1 (Pop + Groove + Rock + Hip-Hop),harmonix___0798_lovelikethis
2886,9.648966,-1.8046062,1 (Pop + Groove + Rock + Hip-Hop),harmonix___0799_lovesexmagic
2887,12.454639,1.7302054,1 (Pop + Groove + Rock + Hip-Hop),harmonix___0800_lovesexmagicjason
2888,4.8696375,4.984931,1 (Pop + Groove + Rock + Hip-Hop),harmonix___0801_lovesong
2889,8.336133,0.71965784,1 (Pop + Groove + Rock + Hip-Hop),harmonix___0802_lovestoned
2890,4.72903,5.4525466,1 (Pop + Groove + Rock + Hip-Hop),harmonix___0803_lovestory
2891,6.610322,5.9756894,1 (Pop + Groove + Rock + Hip-Hop),harmonix___0805_lovetheysay
2892,4.4238997,3.5697422,1 (Pop + Groove + Rock + Hip-Hop),harmonix___0806_mad
2893,10.660497,-3.085749,1 (Pop + Groove + Rock + Hip-Hop),harmonix___0807_makemebetter
2894,13.50292,-3.2104404,1 (Pop + Groove + Rock + Hip-Hop),harmonix___0808_makethemoney
2895,10.313916,3.6594887,1 (Pop + Groove + Rock + Hip-Hop),harmonix___0810_memoriesextended
2896,14.683821,-4.079887,1 (Pop + Groove + Rock + Hip-Hop),harmonix___0811_miami2ibiza
2897,-6.0352507,6.480572,2 (Classical + Jazz),harmonix___0812_miserybimbo
2898,8.138829,-1.708085,1 (Pop + Groove + Rock + Hip-Hop),harmonix___0813_missindependent
2899,7.8722787,1.8067406,1 (Pop + Groove + Rock + Hip-Hop),harmonix___0814_mistake
2900,4.9139333,5.9351497,1 (Pop + Groove + Rock + Hip-Hop),harmonix___0815_mondaymondaymonday
2901,6.7233043,2.1946244,1 (Pop + Groove + Rock + Hip-Hop),harmonix___0817_morethanthis
2902,11.034518,-0.7972121,1 (Pop + Groove + Rock + Hip-Hop),harmonix___0818_mrsaxobeatext
2903,-5.6061926,2.2514086,2 (Classical + Jazz),harmonix___0819_myblood
2904,13.61463,-4.272208,1 (Pop + Groove + Rock + Hip-Hop),harmonix___0820_mychickbad
2905,9.836756,8.375641,1 (Pop + Groove + Rock + Hip-Hop),harmonix___0821_myfeelingsforyou
2906,6.311225,7.207209,1 (Pop + Groove + Rock + Hip-Hop),harmonix___0823_mylifewouldsuckwithoutyou
2907,9.4731655,2.5306222,1 (Pop + Groove + Rock + Hip-Hop),harmonix___0824_mylifewouldsuckwithoutyous
2908,4.4658837,5.2093883,1 (Pop + Groove + Rock + Hip-Hop),harmonix___0825_myloveislikeastar
2909,-4.281618,4.1543555,2 (Classical + Jazz),harmonix___0826_myohmy
2910,2.8502839,5.4497857,1 (Pop + Groove + Rock + Hip-Hop),harmonix___0827_needyounow
2911,12.130788,-3.0750911,1 (Pop + Groove + Rock + Hip-Hop),harmonix___0828_neoncathedral
2912,5.714411,6.740855,1 (Pop + Groove + Rock + Hip-Hop),harmonix___0829_nevertoolate
2913,5.839904,4.6417136,1 (Pop + Groove + Rock + Hip-Hop),harmonix___0830_nightwatch
2914,7.1506605,-0.17712913,1 (Pop + Groove + Rock + Hip-Hop),harmonix___0831_noair
2915,3.4018736,2.6999195,1 (Pop + Groove + Rock + Hip-Hop),harmonix___0832_noone
2916,9.179445,7.7090154,1 (Pop + Groove + Rock + Hip-Hop),harmonix___0833_northshore
2917,6.2781405,7.1533337,1 (Pop + Groove + Rock + Hip-Hop),harmonix___0834_nosurprise
2918,3.378551,6.106454,1 (Pop + Groove + Rock + Hip-Hop),harmonix___0835_notetogod
2919,12.291933,1.4965166,1 (Pop + Groove + Rock + Hip-Hop),harmonix___0836_notmyselftonight
2920,-0.40785155,4.714348,1 (Pop + Groove + Rock + Hip-Hop),harmonix___0837_nottonight
2921,9.032241,6.9316773,1 (Pop + Groove + Rock + Hip-Hop),harmonix___0838_nowimallmessedup
2922,12.226785,-1.4065466,1 (Pop + Groove + Rock + Hip-Hop),harmonix___0839_nowyouseeit
2923,8.294673,-2.6538692,1 (Pop + Groove + Rock + Hip-Hop),harmonix___0840_obsessed
2924,9.514612,3.5038223,1 (Pop + Groove + Rock + Hip-Hop),harmonix___0841_obsessedcahill
2925,9.8276,4.2314606,1 (Pop + Groove + Rock + Hip-Hop),harmonix___0842_obsessionstatic
2926,12.231948,5.164607,1 (Pop + Groove + Rock + Hip-Hop),harmonix___0843_omgalmighty
2927,-2.7613947,-2.9220743,2 (Classical + Jazz),harmonix___0844_ondirecting
2928,-4.2626762,2.2423003,2 (Classical + Jazz),harmonix___0845_onefoot
2929,7.2686486,1.2750338,1 (Pop + Groove + Rock + Hip-Hop),harmonix___0846_onelove
2930,9.852116,-1.695396,1 (Pop + Groove + Rock + Hip-Hop),harmonix___0847_onestepatatime
2931,3.8061135,0.36809626,1 (Pop + Groove + Rock + Hip-Hop),harmonix___0848_onething
2932,3.8072557,8.269916,1 (Pop + Groove + Rock + Hip-Hop),harmonix___0849_onlyyou
2933,-1.1744576,1.9839563,1 (Pop + Groove + Rock + Hip-Hop),harmonix___0850_onlyyoucanlovemethisway
2934,8.871684,4.930571,1 (Pop + Groove + Rock + Hip-Hop),harmonix___0851_openurmind
2935,5.642222,5.0493064,1 (Pop + Groove + Rock + Hip-Hop),harmonix___0852_oursong
2936,5.9023466,3.6883602,1 (Pop + Groove + Rock + Hip-Hop),harmonix___0853_outonthetown
2937,5.1715736,7.235613,1 (Pop + Groove + Rock + Hip-Hop),harmonix___0854_overmyheadcablecar
2938,6.7963457,7.357082,1 (Pop + Groove + Rock + Hip-Hop),harmonix___0855_overyou
2939,13.602218,-0.6466124,1 (Pop + Groove + Rock + Hip-Hop),harmonix___0856_paperbackhead
2940,8.630204,0.79551005,1 (Pop + Groove + Rock + Hip-Hop),harmonix___0857_paralyzer
2941,-1.1922799,9.40751,1 (Pop + Groove + Rock + Hip-Hop),harmonix___0858_peoplearepeople
2942,5.871744,6.9711847,1 (Pop + Groove + Rock + Hip-Hop),harmonix___0859_picturesofyou
2943,10.742202,0.21504146,1 (Pop + Groove + Rock + Hip-Hop),harmonix___0860_pieceofme
2944,10.066269,0.9584209,1 (Pop + Groove + Rock + Hip-Hop),harmonix___0861_pingmebaby
2945,11.529691,3.1257455,1 (Pop + Groove + Rock + Hip-Hop),harmonix___0862_pleasedontleaveme
2946,5.2067733,8.279903,1 (Pop + Groove + Rock + Hip-Hop),harmonix___0863_pleasedontleavemedigi
2947,5.2182484,8.214196,1 (Pop + Groove + Rock + Hip-Hop),harmonix___0864_pleasedontleavememain
2948,6.012633,2.987101,1 (Pop + Groove + Rock + Hip-Hop),harmonix___0865_pocketfulofsunshine
2949,16.816925,1.8872194,1 (Pop + Groove + Rock + Hip-Hop),harmonix___0866_pokerfacedave
2950,9.075555,5.1011605,1 (Pop + Groove + Rock + Hip-Hop),harmonix___0867_pokerfacedos
2951,13.252574,-3.992176,1 (Pop + Groove + Rock + Hip-Hop),harmonix___0868_puton
2952,12.301441,2.7351556,1 (Pop + Groove + Rock + Hip-Hop),harmonix___0869_raiseyourweapon
2953,9.20196,0.8357168,1 (Pop + Groove + Rock + Hip-Hop),harmonix___0870_ratedr
2954,11.439828,1.5420476,1 (Pop + Groove + Rock + Hip-Hop),harmonix___0872_readyfortheweekend
2955,7.1794147,0.07235347,1 (Pop + Groove + Rock + Hip-Hop),harmonix___0873_readyornot
2956,4.4167542,4.2791433,1 (Pop + Groove + Rock + Hip-Hop),harmonix___0874_realize
2957,5.2999187,2.9152727,1 (Pop + Groove + Rock + Hip-Hop),harmonix___0875_redbelt
2958,4.5818543,3.9393358,1 (Pop + Groove + Rock + Hip-Hop),harmonix___0876_rehab
2959,8.988978,-3.3706665,1 (Pop + Groove + Rock + Hip-Hop),harmonix___0877_releasemenow
2960,8.918493,-2.1580236,1 (Pop + Groove + Rock + Hip-Hop),harmonix___0878_replay
2961,10.79827,2.6018836,1 (Pop + Groove + Rock + Hip-Hop),harmonix___0879_ridinsoloian
2962,9.042722,-2.5059693,1 (Pop + Groove + Rock + Hip-Hop),harmonix___0880_righthere
2963,11.853057,-2.7003417,1 (Pop + Groove + Rock + Hip-Hop),harmonix___0881_rightround
2964,10.123261,5.497766,1 (Pop + Groove + Rock + Hip-Hop),harmonix___0882_rightroundbenny
2965,5.9538307,0.8893012,1 (Pop + Groove + Rock + Hip-Hop),harmonix___0883_rocksatmywindow
2966,8.014952,6.300374,1 (Pop + Groove + Rock + Hip-Hop),harmonix___0884_rockstar
2967,9.174637,-3.020749,1 (Pop + Groove + Rock + Hip-Hop),harmonix___0886_rudeboy
2968,4.840756,5.699286,1 (Pop + Groove + Rock + Hip-Hop),harmonix___0888_russianroulettejump
2969,12.804528,-3.5225222,1 (Pop + Groove + Rock + Hip-Hop),harmonix___0889_samelove
2970,5.0388803,6.277321,1 (Pop + Groove + Rock + Hip-Hop),harmonix___0890_samemistakes
2971,-4.602969,2.4893186,2 (Classical + Jazz),harmonix___0891_savetheworld
2972,6.942577,2.9887385,1 (Pop + Groove + Rock + Hip-Hop),harmonix___0892_saveyoutonight
2973,5.1350164,5.9672875,1 (Pop + Groove + Rock + Hip-Hop),harmonix___0893_say
2974,12.8718605,-0.34352645,1 (Pop + Groove + Rock + Hip-Hop),harmonix___0894_sayheyiloveyou
2975,4.3161235,8.138611,1 (Pop + Groove + Rock + Hip-Hop),harmonix___0895_scarymonsters
2976,4.3929014,6.059029,1 (Pop + Groove + Rock + Hip-Hop),harmonix___0897_sentimentaltune
2977,10.397242,-3.7475424,1 (Pop + Groove + Rock + Hip-Hop),harmonix___0898_sexyback
2978,11.398955,-3.442567,1 (Pop + Groove + Rock + Hip-Hop),harmonix___0899_sexycani
2979,11.56032,2.863913,1 (Pop + Groove + Rock + Hip-Hop),harmonix___0900_sexychickakon
2980,10.486618,-5.019944,1 (Pop + Groove + Rock + Hip-Hop),harmonix___0901_sexydj
2981,11.577183,5.450126,1 (Pop + Groove + Rock + Hip-Hop),harmonix___0902_shakeitradiomix
2982,9.1658125,6.683571,1 (Pop + Groove + Rock + Hip-Hop),harmonix___0903_shakethatbubblenow
2983,10.343787,0.6230881,1 (Pop + Groove + Rock + Hip-Hop),harmonix___0904_shewolf
2984,3.3020747,7.243836,1 (Pop + Groove + Rock + Hip-Hop),harmonix___0905_shocktoyoursystem
2985,8.613513,5.2344704,1 (Pop + Groove + Rock + Hip-Hop),harmonix___0906_shutupanddrive
2986,5.764157,4.6736937,1 (Pop + Groove + Rock + Hip-Hop),harmonix___0907_skyscraper
2987,8.381967,5.055926,1 (Pop + Groove + Rock + Hip-Hop),harmonix___0908_sober
2988,13.53228,0.047480926,1 (Pop + Groove + Rock + Hip-Hop),harmonix___0909_sofineed
2989,8.21162,-1.0396303,1 (Pop + Groove + Rock + Hip-Hop),harmonix___0910_solo
2990,7.0703106,5.888293,1 (Pop + Groove + Rock + Hip-Hop),harmonix___0911_someday
2991,-0.81758606,-0.49537158,1 (Pop + Groove + Rock + Hip-Hop),harmonix___0912_somenights
2992,-14.1467285,2.041935,2 (Classical + Jazz),harmonix___0913_somuchlove
2993,6.263536,7.1087513,1 (Pop + Groove + Rock + Hip-Hop),harmonix___0914_soobviousnow
2994,6.1352158,2.542693,1 (Pop + Groove + Rock + Hip-Hop),harmonix___0915_sosletthemusicplay
2995,6.8339543,7.328573,1 (Pop + Groove + Rock + Hip-Hop),harmonix___0916_sowhat
2996,4.4520617,6.4369006,1 (Pop + Groove + Rock + Hip-Hop),harmonix___0917_spacemanties
2997,12.117949,0.16308494,1 (Pop + Groove + Rock + Hip-Hop),harmonix___0918_starstrukk
2998,11.506037,-1.3206592,1 (Pop + Groove + Rock + Hip-Hop),harmonix___0919_stereolove
2999,1.2771089,4.47908,1 (Pop + Groove + Rock + Hip-Hop),harmonix___0920_stopandstare
3000,14.074215,-5.3991995,1 (Pop + Groove + Rock + Hip-Hop),harmonix___0921_stronger
3001,7.7603855,-1.2100785,1 (Pop + Groove + Rock + Hip-Hop),harmonix___0922_suffocate
3002,-8.832848,-10.078388,2 (Classical + Jazz),harmonix___0923_sunandmoon
3003,10.757778,-0.11648863,1 (Pop + Groove + Rock + Hip-Hop),harmonix___0924_sunisup
3004,13.807796,5.1366105,1 (Pop + Groove + Rock + Hip-Hop),harmonix___0925_sweetdisposition
3005,6.3645806,6.09482,1 (Pop + Groove + Rock + Hip-Hop),harmonix___0926_sweetthing
3006,11.380827,-3.8699722,1 (Pop + Groove + Rock + Hip-Hop),harmonix___0927_swing
3007,12.250725,1.6357453,1 (Pop + Groove + Rock + Hip-Hop),harmonix___0928_takeabow
3008,11.703515,2.5460923,1 (Pop + Groove + Rock + Hip-Hop),harmonix___0929_takeovercontrolext
3009,3.7205887,7.772214,1 (Pop + Groove + Rock + Hip-Hop),harmonix___0930_takeyourtime
3010,11.847032,-1.9582328,1 (Pop + Groove + Rock + Hip-Hop),harmonix___0931_takeyouthere
3011,7.5411105,-0.023606539,1 (Pop + Groove + Rock + Hip-Hop),harmonix___0932_tattoo
3012,7.6297927,-0.030509697,1 (Pop + Groove + Rock + Hip-Hop),harmonix___0933_teardropsonmyguitar
3013,10.524486,3.2428758,1 (Pop + Groove + Rock + Hip-Hop),harmonix___0934_teenagedreamkaskade
3014,8.629062,0.5380861,1 (Pop + Groove + Rock + Hip-Hop),harmonix___0936_tequieroacoustic
3015,12.165839,-1.5281551,1 (Pop + Groove + Rock + Hip-Hop),harmonix___0937_thatsnotmyname
3016,12.559111,-3.2961874,1 (Pop + Groove + Rock + Hip-Hop),harmonix___0938_thebusiness
3017,9.94735,0.57876897,1 (Pop + Groove + Rock + Hip-Hop),harmonix___0939_thecure
3018,-2.6653283,1.6848043,2 (Classical + Jazz),harmonix___0940_thehousethatbuiltme
3019,6.8784957,7.616442,1 (Pop + Groove + Rock + Hip-Hop),harmonix___0941_theocean
3020,11.302976,2.1400552,1 (Pop + Groove + Rock + Hip-Hop),harmonix___0943_thetheayer
3021,11.438069,0.2091247,1 (Pop + Groove + Rock + Hip-Hop),harmonix___0945_thewayiareradio
3022,7.729042,6.9197054,1 (Pop + Groove + Rock + Hip-Hop),harmonix___0946_thinkingofyou
3023,10.109305,2.8093705,1 (Pop + Groove + Rock + Hip-Hop),harmonix___0947_thiskiss
3024,5.968843,2.6949804,1 (Pop + Groove + Rock + Hip-Hop),harmonix___0948_thislove
3025,8.527004,-2.762975,1 (Pop + Groove + Rock + Hip-Hop),harmonix___0949_throwitinthebag
3026,10.635478,1.6816756,1 (Pop + Groove + Rock + Hip-Hop),harmonix___0950_throwyourhandsup
3027,6.211497,7.1894946,1 (Pop + Groove + Rock + Hip-Hop),harmonix___0951_thunder
3028,10.912931,-0.64551735,1 (Pop + Groove + Rock + Hip-Hop),harmonix___0952_tiktok
3029,7.69572,0.5919,1 (Pop + Groove + Rock + Hip-Hop),harmonix___0953_tilltheworldends2
3030,12.619857,4.7746086,1 (Pop + Groove + Rock + Hip-Hop),harmonix___0954_timeaftertimevan
3031,11.31365,2.719694,1 (Pop + Groove + Rock + Hip-Hop),harmonix___0955_tinylittlebows
3032,11.215548,-0.9418249,1 (Pop + Groove + Rock + Hip-Hop),harmonix___0956_tonightimgettingoveryou
3033,10.218424,1.2635609,1 (Pop + Groove + Rock + Hip-Hop),harmonix___0958_turnmeup
3034,10.955149,2.1228368,1 (Pop + Groove + Rock + Hip-Hop),harmonix___0959_turnthisclubaround
3035,8.222657,1.5355357,1 (Pop + Groove + Rock + Hip-Hop),harmonix___0960_umbrella
3036,10.597717,3.6483052,1 (Pop + Groove + Rock + Hip-Hop),harmonix___0961_unfaithfulfemme
3037,7.523392,-0.46020645,1 (Pop + Groove + Rock + Hip-Hop),harmonix___0962_usagainsttheworldjason
3038,6.3834515,7.299803,1 (Pop + Groove + Rock + Hip-Hop),harmonix___0964_wakingupinvegas
3039,9.980226,6.265877,1 (Pop + Groove + Rock + Hip-Hop),harmonix___0965_wakingupinvegascalvin
3040,-6.3034024,-11.2426405,2 (Classical + Jazz),harmonix___0966_wakingupinvegascalvinh
3041,10.784043,2.633258,1 (Pop + Groove + Rock + Hip-Hop),harmonix___0967_walkingonadream
3042,9.165675,-1.9050645,1 (Pop + Groove + Rock + Hip-Hop),harmonix___0968_walltowall
3043,8.936074,-2.5069513,1 (Pop + Groove + Rock + Hip-Hop),harmonix___0969_webelongtogether
3044,5.949487,6.671745,1 (Pop + Groove + Rock + Hip-Hop),harmonix___0970_whataboutnow
3045,6.3074813,6.390581,1 (Pop + Groove + Rock + Hip-Hop),harmonix___0971_whatayawantfromme
3046,6.4422965,2.496492,1 (Pop + Groove + Rock + Hip-Hop),harmonix___0972_whatchasay
3047,5.5732503,6.5521255,1 (Pop + Groove + Rock + Hip-Hop),harmonix___0973_whateverittakes
3048,8.038933,-2.6480837,1 (Pop + Groove + Rock + Hip-Hop),harmonix___0974_whateveryoulike
3049,10.542455,5.8570213,1 (Pop + Groove + Rock + Hip-Hop),harmonix___0975_whathappensinvegas
3050,4.9892197,3.7557805,1 (Pop + Groove + Rock + Hip-Hop),harmonix___0977_wheelsnow
3051,8.805243,-0.31452638,1 (Pop + Groove + Rock + Hip-Hop),harmonix___0978_whenigrowup
3052,9.104097,3.4326062,1 (Pop + Groove + Rock + Hip-Hop),harmonix___0979_whenlovetakesover
3053,11.14245,4.2108345,1 (Pop + Groove + Rock + Hip-Hop),harmonix___0980_whenyouleave
3054,4.386777,5.786154,1 (Pop + Groove + Rock + Hip-Hop),harmonix___0981_whenyouregone
3055,6.529815,6.1175694,1 (Pop + Groove + Rock + Hip-Hop),harmonix___0982_whoknewdos
3056,4.096414,3.6746309,1 (Pop + Groove + Rock + Hip-Hop),harmonix___0983_whyamitheone
3057,10.083063,-4.212285,1 (Pop + Groove + Rock + Hip-Hop),harmonix___0986_winner
3058,8.417226,-1.6240959,1 (Pop + Groove + Rock + Hip-Hop),harmonix___0987_withyou
3059,12.87102,0.12519377,1 (Pop + Groove + Rock + Hip-Hop),harmonix___0988_withyoukovas
3060,7.679891,-0.5242109,1 (Pop + Groove + Rock + Hip-Hop),harmonix___0989_womanizer
3061,8.073851,2.7483377,1 (Pop + Groove + Rock + Hip-Hop),harmonix___0991_worryaboutyounow
3062,6.685348,4.0969954,1 (Pop + Groove + Rock + Hip-Hop),harmonix___0992_wrongthinwhiteduke
3063,18.919735,0.8342942,1 (Pop + Groove + Rock + Hip-Hop),harmonix___0993_youandidanny
3064,3.8558471,4.768128,1 (Pop + Groove + Rock + Hip-Hop),harmonix___0994_youbelongwithme
3065,5.4229884,6.9164305,1 (Pop + Groove + Rock + Hip-Hop),harmonix___0995_youfoundme
3066,4.1845245,4.6627994,1 (Pop + Groove + Rock + Hip-Hop),harmonix___0998_youregonnamissthis
3067,9.516546,1.8299687,1 (Pop + Groove + Rock + Hip-Hop),harmonix___0999_yourheartisamuscle
3068,9.64783,1.9489999,1 (Pop + Groove + Rock + Hip-Hop),harmonix___1000_yourloveismydrug
3069,8.289616,3.3721738,1 (Pop + Groove + Rock + Hip-Hop),harmonix___1001_yourloveismydrugdave
3070,19.3479,1.217354,1 (Pop + Groove + Rock + Hip-Hop),hjdb___hjdb_2_Bad_Mice_Take_You
3071,16.810635,0.8711671,1 (Pop + Groove + Rock + Hip-Hop),hjdb___hjdb_4_Am
3072,11.588784,8.504514,1 (Pop + Groove + Rock + Hip-Hop),hjdb___hjdb_6_Million_Ways_To_Die_(DJ_Hype_Remix)
3073,19.523302,1.2545741,1 (Pop + Groove + Rock + Hip-Hop),hjdb___hjdb_A21
3074,16.490742,0.23936841,1 (Pop + Groove + Rock + Hip-Hop),hjdb___hjdb_A_Musical_Box
3075,2.9470406,1.1386695,1 (Pop + Groove + Rock + Hip-Hop),hjdb___hjdb_A_New_Dawn
3076,20.260344,4.199986,1 (Pop + Groove + Rock + Hip-Hop),hjdb___hjdb_Aftershock
3077,18.992466,2.7915351,1 (Pop + Groove + Rock + Hip-Hop),hjdb___hjdb_All_Right_(All_Night_Mix)
3078,15.993238,0.23410676,1 (Pop + Groove + Rock + Hip-Hop),hjdb___hjdb_Alright_With_Me
3079,15.584662,4.0362062,1 (Pop + Groove + Rock + Hip-Hop),hjdb___hjdb_Anastacia
3080,16.767527,-1.6096,1 (Pop + Groove + Rock + Hip-Hop),hjdb___hjdb_Another_Direction
3081,17.964014,3.497699,1 (Pop + Groove + Rock + Hip-Hop),hjdb___hjdb_Being_With_You
3082,18.981777,2.217716,1 (Pop + Groove + Rock + Hip-Hop),hjdb___hjdb_Being_With_You_(Foul_Play_Remix)
3083,20.03998,2.380415,1 (Pop + Groove + Rock + Hip-Hop),hjdb___hjdb_Being_With_You_1
3084,16.582956,1.7812495,1 (Pop + Groove + Rock + Hip-Hop),hjdb___hjdb_Beyond_Bass
3085,16.963541,0.15468381,1 (Pop + Groove + Rock + Hip-Hop),hjdb___hjdb_Beyond_Control
3086,18.26262,2.7415435,1 (Pop + Groove + Rock + Hip-Hop),hjdb___hjdb_Bish_Bosh
3087,14.488525,-4.6805067,1 (Pop + Groove + Rock + Hip-Hop),hjdb___hjdb_Bodymotion
3088,16.235573,-0.20249936,1 (Pop + Groove + Rock + Hip-Hop),hjdb___hjdb_Bombscare
3089,19.086988,2.0846052,1 (Pop + Groove + Rock + Hip-Hop),hjdb___hjdb_Bouncing
3090,17.519388,2.7889745,1 (Pop + Groove + Rock + Hip-Hop),hjdb___hjdb_Breakage4
3091,19.783165,2.9534347,1 (Pop + Groove + Rock + Hip-Hop),hjdb___hjdb_Breaking_Free
3092,19.357948,2.4319983,1 (Pop + Groove + Rock + Hip-Hop),hjdb___hjdb_Breaking_Free_2
3093,16.988178,1.2678949,1 (Pop + Groove + Rock + Hip-Hop),hjdb___hjdb_Cant_Stop_The_Rush_(93_Remix)
3094,17.401138,0.88826776,1 (Pop + Groove + Rock + Hip-Hop),hjdb___hjdb_Cant_Stop_Thinking_About
3095,17.137606,0.44536805,1 (Pop + Groove + Rock + Hip-Hop),hjdb___hjdb_Captain_Of_This_Ship
3096,19.06844,1.8570676,1 (Pop + Groove + Rock + Hip-Hop),hjdb___hjdb_Casanova_(Down_To_Earth_Remix)
3097,17.364471,1.5718882,1 (Pop + Groove + Rock + Hip-Hop),hjdb___hjdb_Champion_Sound
3098,19.337948,2.9349153,1 (Pop + Groove + Rock + Hip-Hop),hjdb___hjdb_Champion_Sound_(Doc_Scott_Remix)
3099,16.066021,3.725577,1 (Pop + Groove + Rock + Hip-Hop),hjdb___hjdb_Charly
3100,18.719795,0.8699006,1 (Pop + Groove + Rock + Hip-Hop),hjdb___hjdb_Chasin_A_Dream
3101,16.945242,0.401491,1 (Pop + Groove + Rock + Hip-Hop),hjdb___hjdb_Cold_Fresh_Air_(Remix)
3102,17.225025,0.90572387,1 (Pop + Groove + Rock + Hip-Hop),hjdb___hjdb_Come_Back_2_Me
3103,16.244658,1.929796,1 (Pop + Groove + Rock + Hip-Hop),hjdb___hjdb_Cookin_Up_Yah_Brain
3104,18.442745,2.2031302,1 (Pop + Groove + Rock + Hip-Hop),hjdb___hjdb_Crackman_The_Return_(DJ_Ron_Remix)
3105,17.648573,1.5560229,1 (Pop + Groove + Rock + Hip-Hop),hjdb___hjdb_Crystalize
3106,16.230907,5.0140395,1 (Pop + Groove + Rock + Hip-Hop),hjdb___hjdb_DJ_Business
3107,18.569443,3.7278292,1 (Pop + Groove + Rock + Hip-Hop),hjdb___hjdb_Dam_Tuff
3108,17.6272,1.0573198,1 (Pop + Groove + Rock + Hip-Hop),hjdb___hjdb_Damage
3109,16.868622,3.9167035,1 (Pop + Groove + Rock + Hip-Hop),hjdb___hjdb_Dance_Factor
3110,16.57317,4.0428104,1 (Pop + Groove + Rock + Hip-Hop),hjdb___hjdb_Dance_The_Dream
3111,0.596452,10.005959,1 (Pop + Groove + Rock + Hip-Hop),hjdb___hjdb_Dance_With_Power_(Original_Mix)
3112,17.361292,0.376368,1 (Pop + Groove + Rock + Hip-Hop),hjdb___hjdb_Dark_Angel
3113,16.293829,0.79787445,1 (Pop + Groove + Rock + Hip-Hop),hjdb___hjdb_Dark_Stranger_(Origin_Unknown_Remix)
3114,19.371273,4.2088246,1 (Pop + Groove + Rock + Hip-Hop),hjdb___hjdb_Darkcore
3115,17.538908,3.033412,1 (Pop + Groove + Rock + Hip-Hop),hjdb___hjdb_Darkman
3116,18.373617,3.2688465,1 (Pop + Groove + Rock + Hip-Hop),hjdb___hjdb_Deep_Cover
3117,19.07021,1.7881737,1 (Pop + Groove + Rock + Hip-Hop),hjdb___hjdb_Deep_Love
3118,18.500439,-0.5450696,1 (Pop + Groove + Rock + Hip-Hop),hjdb___hjdb_Deep_Space
3119,18.221037,2.6340065,1 (Pop + Groove + Rock + Hip-Hop),hjdb___hjdb_Demons_Theme
3120,19.666864,3.7895932,1 (Pop + Groove + Rock + Hip-Hop),hjdb___hjdb_Devotion
3121,15.20061,2.5123117,1 (Pop + Groove + Rock + Hip-Hop),hjdb___hjdb_Digable_Bass
3122,18.106136,3.02787,1 (Pop + Groove + Rock + Hip-Hop),hjdb___hjdb_Dis_Generation
3123,19.734755,2.3002052,1 (Pop + Groove + Rock + Hip-Hop),hjdb___hjdb_Divine_Rhythm
3124,16.258553,5.102679,1 (Pop + Groove + Rock + Hip-Hop),hjdb___hjdb_Do_It_Now
3125,16.443493,2.744255,1 (Pop + Groove + Rock + Hip-Hop),hjdb___hjdb_Do_It_Together_(The_Baggys_Mix)
3126,18.69645,1.1281893,1 (Pop + Groove + Rock + Hip-Hop),hjdb___hjdb_Dont_Come_No_Ruffer_(Ruff_Mix)
3127,19.102835,1.3202405,1 (Pop + Groove + Rock + Hip-Hop),hjdb___hjdb_Dont_Need_Your_Love
3128,19.794748,2.3528578,1 (Pop + Groove + Rock + Hip-Hop),hjdb___hjdb_Dream_Sequence
3129,17.632486,2.6293223,1 (Pop + Groove + Rock + Hip-Hop),hjdb___hjdb_Drowning_In_Her
3130,19.26855,1.8964553,1 (Pop + Groove + Rock + Hip-Hop),hjdb___hjdb_Drum_Programme_(Remix)
3131,18.588984,3.768865,1 (Pop + Groove + Rock + Hip-Hop),hjdb___hjdb_Drummer_Of_Doom
3132,18.136127,2.3771093,1 (Pop + Groove + Rock + Hip-Hop),hjdb___hjdb_Dub_War_Chapter_1_(Raw_Mix)
3133,17.925264,3.066936,1 (Pop + Groove + Rock + Hip-Hop),hjdb___hjdb_Dub_War_Chapter_1_(The_Mix_Strikes_Back)
3134,17.949556,2.9626513,1 (Pop + Groove + Rock + Hip-Hop),hjdb___hjdb_Dub_War_Chapter_2
3135,18.916254,1.8043203,1 (Pop + Groove + Rock + Hip-Hop),hjdb___hjdb_Ecstatic_House
3136,19.177896,3.3399222,1 (Pop + Groove + Rock + Hip-Hop),hjdb___hjdb_Enticer
3137,19.110336,3.0488586,1 (Pop + Groove + Rock + Hip-Hop),hjdb___hjdb_Essence_Ep
3138,19.311924,1.0014774,1 (Pop + Groove + Rock + Hip-Hop),hjdb___hjdb_Even_Further_Intrigue
3139,14.50128,3.2245142,1 (Pop + Groove + Rock + Hip-Hop),hjdb___hjdb_Exodus_(When_The_Lion_Awakes)
3140,19.719772,2.9301586,1 (Pop + Groove + Rock + Hip-Hop),hjdb___hjdb_Factor_5
3141,16.29919,0.8163344,1 (Pop + Groove + Rock + Hip-Hop),hjdb___hjdb_Fearless_Wonder_(Remix)
3142,18.264328,1.7446502,1 (Pop + Groove + Rock + Hip-Hop),hjdb___hjdb_Feel_(Feel_Good)
3143,16.242653,1.5882205,1 (Pop + Groove + Rock + Hip-Hop),hjdb___hjdb_Final_Conflict
3144,18.410305,2.2681947,1 (Pop + Groove + Rock + Hip-Hop),hjdb___hjdb_Finest_Illusion_(Legal_Mix)
3145,19.102121,-0.22660042,1 (Pop + Groove + Rock + Hip-Hop),hjdb___hjdb_Fireball
3146,4.778369,0.19213407,1 (Pop + Groove + Rock + Hip-Hop),hjdb___hjdb_Fires_Burning
3147,19.275305,3.3880537,1 (Pop + Groove + Rock + Hip-Hop),hjdb___hjdb_Flammable
3148,16.582205,0.8568908,1 (Pop + Groove + Rock + Hip-Hop),hjdb___hjdb_Flammable_(Tango_Remix)
3149,18.31626,2.5262184,1 (Pop + Groove + Rock + Hip-Hop),hjdb___hjdb_Freeaneazy
3150,16.92229,0.06297862,1 (Pop + Groove + Rock + Hip-Hop),hjdb___hjdb_Fuckin_Hardcore
3151,19.70383,2.0793731,1 (Pop + Groove + Rock + Hip-Hop),hjdb___hjdb_Further_Intrigue
3152,18.874323,2.2161393,1 (Pop + Groove + Rock + Hip-Hop),hjdb___hjdb_Future_Followers
3153,-8.882806,-16.638422,2 (Classical + Jazz),hjdb___hjdb_Future_Followers_(Remix)
3154,22.905272,6.4801083,1 (Pop + Groove + Rock + Hip-Hop),hjdb___hjdb_Future_Funk
3155,18.24286,0.7253777,1 (Pop + Groove + Rock + Hip-Hop),hjdb___hjdb_Gangsta
3156,17.456495,0.825672,1 (Pop + Groove + Rock + Hip-Hop),hjdb___hjdb_Get_High_(New_Jack_London)
3157,19.259514,0.98546904,1 (Pop + Groove + Rock + Hip-Hop),hjdb___hjdb_Ghetto_People
3158,19.17419,0.9605944,1 (Pop + Groove + Rock + Hip-Hop),hjdb___hjdb_Ghetto_People_(Remix)
3159,17.925896,4.43686,1 (Pop + Groove + Rock + Hip-Hop),hjdb___hjdb_Give_A_Little_Love_(Remix)
3160,19.975073,8.469604,1 (Pop + Groove + Rock + Hip-Hop),hjdb___hjdb_Going_Out_For_Da_Loot
3161,17.79084,0.22973146,1 (Pop + Groove + Rock + Hip-Hop),hjdb___hjdb_Gonna_Be_Alright
3162,17.280096,3.6297286,1 (Pop + Groove + Rock + Hip-Hop),hjdb___hjdb_Gotta_Release
3163,19.112543,3.0910401,1 (Pop + Groove + Rock + Hip-Hop),hjdb___hjdb_Hands_Of_Time
3164,17.920185,0.3281139,1 (Pop + Groove + Rock + Hip-Hop),hjdb___hjdb_Happiness
3165,16.133238,1.9603982,1 (Pop + Groove + Rock + Hip-Hop),hjdb___hjdb_Hardcore_Junglism
3166,19.564734,2.7579012,1 (Pop + Groove + Rock + Hip-Hop),hjdb___hjdb_Hardcore_Will_Never_Die
3167,18.723036,1.3770276,1 (Pop + Groove + Rock + Hip-Hop),hjdb___hjdb_Here_Comes_The_Drumz_(Drumz_VIP_Mix)
3168,19.422752,1.5271151,1 (Pop + Groove + Rock + Hip-Hop),hjdb___hjdb_Hey_DJ
3169,13.933334,-0.75734824,1 (Pop + Groove + Rock + Hip-Hop),hjdb___hjdb_Hold_it_Down
3170,17.929504,3.0322528,1 (Pop + Groove + Rock + Hip-Hop),hjdb___hjdb_Horizons
3171,16.615993,3.6174865,1 (Pop + Groove + Rock + Hip-Hop),hjdb___hjdb_How_Should_I_Start
3172,17.356863,3.4405792,1 (Pop + Groove + Rock + Hip-Hop),hjdb___hjdb_I_Need_Your_Lovin
3173,18.86385,2.7860696,1 (Pop + Groove + Rock + Hip-Hop),hjdb___hjdb_I_Wanna_Be_Your_Lover
3174,3.5837855,1.1749682,1 (Pop + Groove + Rock + Hip-Hop),hjdb___hjdb_Ill_Take_You_(Original_Mix)
3175,0.87775004,-8.956886,1 (Pop + Groove + Rock + Hip-Hop),hjdb___hjdb_Im_Gonna_Get_You
3176,18.328295,1.313318,1 (Pop + Groove + Rock + Hip-Hop),hjdb___hjdb_Imagine_The_Future
3177,17.452534,-0.014372339,1 (Pop + Groove + Rock + Hip-Hop),hjdb___hjdb_In_Complete_Darkness_(Slipmatt_remix)
3178,17.007591,0.83802354,1 (Pop + Groove + Rock + Hip-Hop),hjdb___hjdb_In_Effect
3179,19.605934,1.2550979,1 (Pop + Groove + Rock + Hip-Hop),hjdb___hjdb_Incredible_Bass_(Remix)
3180,13.224718,5.932991,1 (Pop + Groove + Rock + Hip-Hop),hjdb___hjdb_Inna_Year_4000
3181,18.95723,2.096679,1 (Pop + Groove + Rock + Hip-Hop),hjdb___hjdb_Into_Da_Future_(Massive_Mix)
3182,19.088938,2.3387873,1 (Pop + Groove + Rock + Hip-Hop),hjdb___hjdb_Jeopardy_(DJ_Spice_Mix)
3183,18.709402,3.6915355,1 (Pop + Groove + Rock + Hip-Hop),hjdb___hjdb_Johnny_(Dance_Conspiracy_Mix)
3184,17.395636,0.7583382,1 (Pop + Groove + Rock + Hip-Hop),hjdb___hjdb_Johnny_94_(Origin_Unkown_Remix)
3185,18.59606,2.166766,1 (Pop + Groove + Rock + Hip-Hop),hjdb___hjdb_Jump_Mk_II
3186,12.95229,3.9906933,1 (Pop + Groove + Rock + Hip-Hop),hjdb___hjdb_Just_A_Dream
3187,15.36462,3.2155714,1 (Pop + Groove + Rock + Hip-Hop),hjdb___hjdb_Keep_The_Fires_Burning
3188,16.53344,-0.25569847,1 (Pop + Groove + Rock + Hip-Hop),hjdb___hjdb_Last_Action_Hero
3189,13.529595,3.99752,1 (Pop + Groove + Rock + Hip-Hop),hjdb___hjdb_Let_Me_Be_Your_Fantasy
3190,19.576391,3.717937,1 (Pop + Groove + Rock + Hip-Hop),hjdb___hjdb_Light_Years
3191,15.735971,3.340674,1 (Pop + Groove + Rock + Hip-Hop),hjdb___hjdb_Livin_In_A_Dream
3192,18.872446,2.9752903,1 (Pop + Groove + Rock + Hip-Hop),hjdb___hjdb_Lords_Of_The_Null_Lines_(Foul_Play_Remix)
3193,18.487158,1.3954086,1 (Pop + Groove + Rock + Hip-Hop),hjdb___hjdb_Manic_Stampede
3194,18.424091,1.4212658,1 (Pop + Groove + Rock + Hip-Hop),hjdb___hjdb_Merder_Style
3195,18.48516,1.9999341,1 (Pop + Groove + Rock + Hip-Hop),hjdb___hjdb_Method_To_My_Madness
3196,19.23855,1.6369883,1 (Pop + Groove + Rock + Hip-Hop),hjdb___hjdb_Moments_So_Dark
3197,17.979994,2.590698,1 (Pop + Groove + Rock + Hip-Hop),hjdb___hjdb_Mr._Logic
3198,18.157274,2.7562468,1 (Pop + Groove + Rock + Hip-Hop),hjdb___hjdb_Music
3199,18.609121,1.4197322,1 (Pop + Groove + Rock + Hip-Hop),hjdb___hjdb_Music_In_Search_Of_Light
3200,12.860433,2.1827605,1 (Pop + Groove + Rock + Hip-Hop),hjdb___hjdb_Music_Takes_You
3201,17.042034,3.2974901,1 (Pop + Groove + Rock + Hip-Hop),hjdb___hjdb_My_Own_(Hixxy_and_UFO_Remix)
3202,13.796466,6.3829684,1 (Pop + Groove + Rock + Hip-Hop),hjdb___hjdb_Mystic_Stepper_(Feel_Better)
3203,18.903017,3.9579856,1 (Pop + Groove + Rock + Hip-Hop),hjdb___hjdb_NHS_(Midday_Mix)
3204,18.474218,0.89180756,1 (Pop + Groove + Rock + Hip-Hop),hjdb___hjdb_Never_Try_The_Hippodrome_(Remix)
3205,16.162567,1.9561929,1 (Pop + Groove + Rock + Hip-Hop),hjdb___hjdb_New_Direction
3206,17.576344,3.1277056,1 (Pop + Groove + Rock + Hip-Hop),hjdb___hjdb_News_At_Ten
3207,14.128578,1.2304363,1 (Pop + Groove + Rock + Hip-Hop),hjdb___hjdb_Nightmare_Walking
3208,15.933554,2.2211502,1 (Pop + Groove + Rock + Hip-Hop),hjdb___hjdb_No_Worries
3209,16.42227,2.8868997,1 (Pop + Groove + Rock + Hip-Hop),hjdb___hjdb_Oblivion
3210,18.33718,2.7414067,1 (Pop + Groove + Rock + Hip-Hop),hjdb___hjdb_Obsession_(Musics_So_Wonderful)
3211,16.505465,3.5579062,1 (Pop + Groove + Rock + Hip-Hop),hjdb___hjdb_Obsession_(The_Only_Remix)
3212,17.385496,3.1538377,1 (Pop + Groove + Rock + Hip-Hop),hjdb___hjdb_Obsessions
3213,17.413065,3.6545699,1 (Pop + Groove + Rock + Hip-Hop),hjdb___hjdb_Oh_So_Nice
3214,19.218433,2.369054,1 (Pop + Groove + Rock + Hip-Hop),hjdb___hjdb_On_My_Own_(Rmx)
3215,18.660515,2.1528146,1 (Pop + Groove + Rock + Hip-Hop),hjdb___hjdb_Open_Secrets
3216,15.464163,1.9643909,1 (Pop + Groove + Rock + Hip-Hop),hjdb___hjdb_Open_Your_Mind
3217,19.336094,2.127633,1 (Pop + Groove + Rock + Hip-Hop),hjdb___hjdb_Original_Badboy
3218,16.700293,1.9296687,1 (Pop + Groove + Rock + Hip-Hop),hjdb___hjdb_Peakin_Thru_The_Window
3219,13.233526,5.0188937,1 (Pop + Groove + Rock + Hip-Hop),hjdb___hjdb_Pennywise
3220,15.078512,0.07854083,1 (Pop + Groove + Rock + Hip-Hop),hjdb___hjdb_Phizical_(Moody_Mix)
3221,18.581684,2.0575948,1 (Pop + Groove + Rock + Hip-Hop),hjdb___hjdb_Project_1_(Remix)
3222,18.447254,2.920489,1 (Pop + Groove + Rock + Hip-Hop),hjdb___hjdb_Promised_Land
3223,17.44564,0.8979705,1 (Pop + Groove + Rock + Hip-Hop),hjdb___hjdb_R-type
3224,17.88938,2.3272665,1 (Pop + Groove + Rock + Hip-Hop),hjdb___hjdb_R_Yeah
3225,16.743313,0.84613127,1 (Pop + Groove + Rock + Hip-Hop),hjdb___hjdb_Re-Baptised_By_Dub_(Selectors_Revenge)
3226,18.436008,2.0588667,1 (Pop + Groove + Rock + Hip-Hop),hjdb___hjdb_Renegade_Snares_(Foul_Play_Remix)
3227,17.973248,2.052675,1 (Pop + Groove + Rock + Hip-Hop),hjdb___hjdb_Renegade_Snares_(VIP_Remix)
3228,14.997541,2.2983193,1 (Pop + Groove + Rock + Hip-Hop),hjdb___hjdb_Return_Of_The_Donut_Pt2
3229,16.284931,2.6618686,1 (Pop + Groove + Rock + Hip-Hop),hjdb___hjdb_Rhythm
3230,15.860272,5.4199505,1 (Pop + Groove + Rock + Hip-Hop),hjdb___hjdb_Right_Before_My_Eyes
3231,19.05334,1.9698391,1 (Pop + Groove + Rock + Hip-Hop),hjdb___hjdb_Rock_To_The_Groove
3232,16.540565,0.96586096,1 (Pop + Groove + Rock + Hip-Hop),hjdb___hjdb_Rockin_Down_The_House
3233,17.174397,2.1528647,1 (Pop + Groove + Rock + Hip-Hop),hjdb___hjdb_Ruff
3234,18.445435,2.6906505,1 (Pop + Groove + Rock + Hip-Hop),hjdb___hjdb_Ruff_(Remix)
3235,16.487062,4.8234878,1 (Pop + Groove + Rock + Hip-Hop),hjdb___hjdb_Ruff_Beats
3236,16.86087,3.074628,1 (Pop + Groove + Rock + Hip-Hop),hjdb___hjdb_Scottie
3237,14.048602,4.5618463,1 (Pop + Groove + Rock + Hip-Hop),hjdb___hjdb_Screw_Face
3238,18.52146,2.4599931,1 (Pop + Groove + Rock + Hip-Hop),hjdb___hjdb_Serious_Sounds
3239,17.856844,4.2127633,1 (Pop + Groove + Rock + Hip-Hop),hjdb___hjdb_Showtime
3240,19.224632,2.242917,1 (Pop + Groove + Rock + Hip-Hop),hjdb___hjdb_Skanka
3241,18.344482,1.1589223,1 (Pop + Groove + Rock + Hip-Hop),hjdb___hjdb_Slow_Jam
3242,17.29729,3.1986253,1 (Pop + Groove + Rock + Hip-Hop),hjdb___hjdb_So_Good
3243,15.638745,2.3176575,1 (Pop + Groove + Rock + Hip-Hop),hjdb___hjdb_Something_I_Feel_(2_Bad_Mice_Remix)
3244,14.839316,3.230328,1 (Pop + Groove + Rock + Hip-Hop),hjdb___hjdb_Something_New_Pt1
3245,17.059391,1.3867003,1 (Pop + Groove + Rock + Hip-Hop),hjdb___hjdb_Something_New_Pt2
3246,17.786076,3.4401212,1 (Pop + Groove + Rock + Hip-Hop),hjdb___hjdb_Special_Request
3247,18.903189,1.5495209,1 (Pop + Groove + Rock + Hip-Hop),hjdb___hjdb_Spiritual_Aura
3248,17.022795,2.2349172,1 (Pop + Groove + Rock + Hip-Hop),hjdb___hjdb_Spliffhead
3249,0.34898114,-10.99343,2 (Classical + Jazz),hjdb___hjdb_Star_Eyes
3250,17.34704,2.5076406,1 (Pop + Groove + Rock + Hip-Hop),hjdb___hjdb_Stay_Calm_(Foul_Play_Remix)
3251,17.96562,2.8162777,1 (Pop + Groove + Rock + Hip-Hop),hjdb___hjdb_Storm_Trooper
3252,18.55185,3.5027366,1 (Pop + Groove + Rock + Hip-Hop),hjdb___hjdb_Street_Knowledge
3253,19.677746,1.5220963,1 (Pop + Groove + Rock + Hip-Hop),hjdb___hjdb_String_Of_Darkness
3254,18.957531,4.05791,1 (Pop + Groove + Rock + Hip-Hop),hjdb___hjdb_Sub_Dub
3255,17.806774,1.1891303,1 (Pop + Groove + Rock + Hip-Hop),hjdb___hjdb_Summer_Breeze
3256,18.572235,2.719126,1 (Pop + Groove + Rock + Hip-Hop),hjdb___hjdb_Superpod
3257,3.7859592,1.156544,1 (Pop + Groove + Rock + Hip-Hop),hjdb___hjdb_Sweet_Sensation_(12_Mix)
3258,19.379433,3.9633956,1 (Pop + Groove + Rock + Hip-Hop),hjdb___hjdb_Sweet_Vibrations
3259,16.649895,1.2909766,1 (Pop + Groove + Rock + Hip-Hop),hjdb___hjdb_T-N-T
3260,17.068722,1.2159086,1 (Pop + Groove + Rock + Hip-Hop),hjdb___hjdb_Take_Me_To_The_Top
3261,18.014809,1.8977228,1 (Pop + Groove + Rock + Hip-Hop),hjdb___hjdb_Tales_From_The_Darkside
3262,16.400297,1.2220912,1 (Pop + Groove + Rock + Hip-Hop),hjdb___hjdb_Tales_From_The_Darkside_2
3263,17.826273,0.4376034,1 (Pop + Groove + Rock + Hip-Hop),hjdb___hjdb_Terminator
3264,17.650532,0.65648997,1 (Pop + Groove + Rock + Hip-Hop),hjdb___hjdb_Terminator_2
3265,18.180029,2.9018025,1 (Pop + Groove + Rock + Hip-Hop),hjdb___hjdb_Terrorist_(Grooverider_Remix)
3266,17.820034,0.9184256,1 (Pop + Groove + Rock + Hip-Hop),hjdb___hjdb_Terrorist_(PA_Mix)
3267,17.261702,0.2378054,1 (Pop + Groove + Rock + Hip-Hop),hjdb___hjdb_Terrorist_(original)
3268,19.4056,2.825063,1 (Pop + Groove + Rock + Hip-Hop),hjdb___hjdb_The_Core
3269,17.22621,3.1467981,1 (Pop + Groove + Rock + Hip-Hop),hjdb___hjdb_The_Criminal
3270,20.028322,3.6627243,1 (Pop + Groove + Rock + Hip-Hop),hjdb___hjdb_The_Deep
3271,15.414391,1.1831229,1 (Pop + Groove + Rock + Hip-Hop),hjdb___hjdb_The_Element_(Highnoon)
3272,19.237402,1.645183,1 (Pop + Groove + Rock + Hip-Hop),hjdb___hjdb_The_End_(Alternative_Version)
3273,19.49044,1.7172929,1 (Pop + Groove + Rock + Hip-Hop),hjdb___hjdb_The_Grand_National_(DJ_SS_and_EQ_Remix)
3274,18.965649,0.60863376,1 (Pop + Groove + Rock + Hip-Hop),hjdb___hjdb_The_Helicopter_Tune
3275,19.03994,1.6395215,1 (Pop + Groove + Rock + Hip-Hop),hjdb___hjdb_The_R
3276,17.948824,2.2843027,1 (Pop + Groove + Rock + Hip-Hop),hjdb___hjdb_The_Slammer
3277,19.344715,2.2965498,1 (Pop + Groove + Rock + Hip-Hop),hjdb___hjdb_The_Warning_(Remix)
3278,15.765666,1.2683527,1 (Pop + Groove + Rock + Hip-Hop),hjdb___hjdb_The_Way_(VIP_Mix)
3279,19.284399,1.9327391,1 (Pop + Groove + Rock + Hip-Hop),hjdb___hjdb_This_Is_A_Trip
3280,19.478235,2.5377955,1 (Pop + Groove + Rock + Hip-Hop),hjdb___hjdb_This_Way
3281,18.538677,2.5322213,1 (Pop + Groove + Rock + Hip-Hop),hjdb___hjdb_Tibetan_Jungle
3282,18.90175,4.971902,1 (Pop + Groove + Rock + Hip-Hop),hjdb___hjdb_Tiger_Style
3283,19.695421,1.2537125,1 (Pop + Groove + Rock + Hip-Hop),hjdb___hjdb_Time_Bomb
3284,19.590878,1.3829746,1 (Pop + Groove + Rock + Hip-Hop),hjdb___hjdb_Time_Bomb_(Remix)
3285,15.571177,1.1201975,1 (Pop + Groove + Rock + Hip-Hop),hjdb___hjdb_Too_Much_(Ray_Keith_Rmx)
3286,18.07298,2.1029437,1 (Pop + Groove + Rock + Hip-Hop),hjdb___hjdb_Total_Xstacy_(Remix)
3287,18.013548,1.5553037,1 (Pop + Groove + Rock + Hip-Hop),hjdb___hjdb_Touch_Somebody
3288,18.864931,2.1093576,1 (Pop + Groove + Rock + Hip-Hop),hjdb___hjdb_Trip_II_The_Moon
3289,-8.97479,-16.532097,2 (Classical + Jazz),hjdb___hjdb_Twisted
3290,16.365654,1.0749133,1 (Pop + Groove + Rock + Hip-Hop),hjdb___hjdb_Unfriendly
3291,18.290524,1.8164314,1 (Pop + Groove + Rock + Hip-Hop),hjdb___hjdb_United
3292,17.837538,3.050524,1 (Pop + Groove + Rock + Hip-Hop),hjdb___hjdb_United_(Grooverider_Remix)
3293,18.22711,1.6495566,1 (Pop + Groove + Rock + Hip-Hop),hjdb___hjdb_Unity
3294,16.097355,2.908994,1 (Pop + Groove + Rock + Hip-Hop),hjdb___hjdb_Until_The_Night_Is_Morning
3295,16.503628,0.64349604,1 (Pop + Groove + Rock + Hip-Hop),hjdb___hjdb_Volume_1
3296,16.96495,2.7513254,1 (Pop + Groove + Rock + Hip-Hop),hjdb___hjdb_Wait_4_The_Bass
3297,17.831045,2.7334507,1 (Pop + Groove + Rock + Hip-Hop),hjdb___hjdb_Warpdrive
3298,17.761436,2.9757776,1 (Pop + Groove + Rock + Hip-Hop),hjdb___hjdb_We_Are_Hardcore
3299,17.884733,1.261005,1 (Pop + Groove + Rock + Hip-Hop),hjdb___hjdb_What_Kind_of_World
3300,18.21889,3.2933404,1 (Pop + Groove + Rock + Hip-Hop),hjdb___hjdb_Wind_It_Up_(Rewound)
3301,19.32431,2.9183788,1 (Pop + Groove + Rock + Hip-Hop),hjdb___hjdb_Wots_My_Code_(Ray_Keith_Final_Plate)
3302,18.547607,3.7135332,1 (Pop + Groove + Rock + Hip-Hop),hjdb___hjdb_Yaaah
3303,17.208178,0.48238543,1 (Pop + Groove + Rock + Hip-Hop),hjdb___hjdb_You_Dont_Know
3304,16.554659,0.8190978,1 (Pop + Groove + Rock + Hip-Hop),hjdb___hjdb_You_Got_Me_Burnin_(A.A.S_Mix)
3305,-3.6051161,-8.086489,2 (Classical + Jazz),jaah___jaah_000-tito_puente-airegin
3306,-3.3736336,-4.2165837,2 (Classical + Jazz),jaah___jaah_001-sarah_vaughan-all_alone
3307,21.360363,10.668695,1 (Pop + Groove + Rock + Hip-Hop),jaah___jaah_002-thelonious_monk-bags_groove
3308,-7.69729,-4.5569816,2 (Classical + Jazz),jaah___jaah_003-louis_armstrong_and_his_hot_seven-big_butter_and_egg_man_from_the_west
3309,-5.9076357,-6.6845884,2 (Classical + Jazz),jaah___jaah_004-dexter_gordon_quartet-bikini
3310,-7.143,-6.2128396,2 (Classical + Jazz),jaah___jaah_005-duke_ellington_and_his_orchestra-black_and_tan_fantasy
3311,-5.8683376,-5.546346,2 (Classical + Jazz),jaah___jaah_006-jelly_roll_mortons_red_hot_peppers-black_bottom_stomp
3312,-7.3350897,-4.0734525,2 (Classical + Jazz),jaah___jaah_007-bessie_smith_james_p_johnson-black_water_blues
3313,16.938343,7.3442903,1 (Pop + Groove + Rock + Hip-Hop),jaah___jaah_008-sonny_rollins-blue_7
3314,-7.6002336,-4.4827337,2 (Classical + Jazz),jaah___jaah_009-sidney_bechets_blue_note_jazzmen-blue_horizon
3315,-9.438643,-2.3862236,2 (Classical + Jazz),jaah___jaah_010-duke_ellington_his_orchestra-blue_serge
3316,-4.014244,-7.678367,2 (Classical + Jazz),jaah___jaah_011-charlie_parker-blues_for_alice
3317,-3.4368203,-7.6160326,2 (Classical + Jazz),jaah___jaah_012-stan_getz_jj_johnson-blues_in_the_closet
3318,-9.587778,-4.5234833,2 (Classical + Jazz),jaah___jaah_013-the_benny_goodman_trio-body_and_soul
3319,-7.25911,-4.2892485,2 (Classical + Jazz),jaah___jaah_014-coleman_hawkins_and_his_orchestra-body_and_soul
3320,-2.7153363,-6.5405865,2 (Classical + Jazz),jaah___jaah_015-miles_davis_nonet-boplicity
3321,-4.9415774,-6.4377594,2 (Classical + Jazz),jaah___jaah_016-the_benny_goodman_sextet-breakfast_feud_composite_feat_charlie_christian
3322,-7.3436756,-5.4636993,2 (Classical + Jazz),jaah___jaah_017-duke_ellington_his_orchestra-concerto_for_cootie
3323,-6.869997,-5.990835,2 (Classical + Jazz),jaah___jaah_018-duke_ellington_his_orchestra-cotton_tail
3324,0.40033165,-5.9433427,1 (Pop + Groove + Rock + Hip-Hop),jaah___jaah_019-ella_fitzgerald_duke_ellington_orchestra-cotton_tail
3325,-5.70284,-6.68624,2 (Classical + Jazz),jaah___jaah_020-charlie_parker-crazeology_take_4
3326,-2.4169025,-9.600202,2 (Classical + Jazz),jaah___jaah_021-the_clifford_brownmax_roach_quintet-daahoud
3327,-6.7234073,-6.5493894,2 (Classical + Jazz),jaah___jaah_022-jelly_roll_mortons_red_hot_peppers-dead_man_blues
3328,-5.7204804,-6.8956804,2 (Classical + Jazz),jaah___jaah_023-dexter_gordon-dexter_rides_again
3329,-6.3157773,-5.2092805,2 (Classical + Jazz),jaah___jaah_024-duke_ellington_his_orchestra-diminuendo_in_blue_and_crescendo_in_blue
3330,-6.340756,-5.762615,2 (Classical + Jazz),jaah___jaah_025-django_reinhardt-dinah
3331,-6.4551735,-6.8960066,2 (Classical + Jazz),jaah___jaah_026-fats_waller_and_his_rhythm-dinah
3332,-6.818255,-6.337009,2 (Classical + Jazz),jaah___jaah_027-red_nichols_his_five_pennies-dinah
3333,-6.7477965,-5.52854,2 (Classical + Jazz),jaah___jaah_028-king_olivers_creole_jazz_band-dippermouth_blues
3334,-2.0175838,-9.103237,2 (Classical + Jazz),jaah___jaah_029-the_modern_jazz_quartet-django
3335,-6.5085917,-6.047168,2 (Classical + Jazz),jaah___jaah_030-count_basie_his_orchestra-doggin_around
3336,-6.926396,-6.1245556,2 (Classical + Jazz),jaah___jaah_031-duke_ellington_his_orchestra-east_st_louis_toodleoo
3337,-5.0440454,-6.337138,2 (Classical + Jazz),jaah___jaah_032-charlie_parker_quintet-embraceable_you
3338,-6.5485954,-5.2979903,2 (Classical + Jazz),jaah___jaah_033-the_boswell_sisters-everybody_loves_my_baby
3339,-3.797777,-9.2048435,2 (Classical + Jazz),jaah___jaah_034-thelonious_monk-evidence
3340,-6.606566,-6.7908716,2 (Classical + Jazz),jaah___jaah_035-jimmie_lunceford_and_his_orchestra-for_dancers_only
3341,-4.003387,-7.3175435,2 (Classical + Jazz),jaah___jaah_036-woody_herman_and_his_orchestra-four_brothers
3342,-7.3772855,-5.805961,2 (Classical + Jazz),jaah___jaah_037-jimmie_noones_apex_club_orchestra-four_or_five_times
3343,-6.7266645,-5.638002,2 (Classical + Jazz),jaah___jaah_038-bix_beiderbecke_paul_whiteman_and_his_orchestra-from_monday_on
3344,-4.400095,-7.752906,2 (Classical + Jazz),jaah___jaah_039-john_coltrane-giant_steps
3345,-3.4367256,-6.1128964,2 (Classical + Jazz),jaah___jaah_040-stan_getz_joao_gilberto_antonio_carlos_jobim-the_girl_from_ipanema
3346,-6.9698143,-6.3760753,2 (Classical + Jazz),jaah___jaah_041-jelly_roll_mortons_red_hot_peppers-grandpas_spells
3347,-2.4433415,-7.277989,2 (Classical + Jazz),jaah___jaah_042-clark_terrybob_brookmeyer_quintet-haig_haig
3348,-6.4641385,-5.653691,2 (Classical + Jazz),jaah___jaah_043-eddie_lang_lonnie_johnson-a_handful_of_riffs
3349,-6.4191947,-7.622589,2 (Classical + Jazz),jaah___jaah_044-chick_webb_and_his_orchestra-harlem_congo
3350,-6.7519317,-5.0093837,2 (Classical + Jazz),jaah___jaah_045-billie_holiday-hes_funny_that_way
3351,-5.924299,-6.217693,2 (Classical + Jazz),jaah___jaah_046-benny_goodman_and_his_orchestra-honeysuckle_rose
3352,-7.3144555,-6.2768474,2 (Classical + Jazz),jaah___jaah_047-meade_lux_lewis-honky_tonk_train_blues
3353,-6.421454,-5.2256565,2 (Classical + Jazz),jaah___jaah_048-louis_armstrong_and_his_hot_five-hotter_than_that
3354,-5.19892,-7.291597,2 (Classical + Jazz),jaah___jaah_049-the_chocolate_dandies-i_cant_believe_that_youre_in_love_with_me
3355,-5.1397552,-6.127063,2 (Classical + Jazz),jaah___jaah_050-dizzy_gillespie_sextet-i_cant_get_started
3356,-4.9615507,-6.3085914,2 (Classical + Jazz),jaah___jaah_051-the_benny_goodman_sextet-i_found_a_new_baby_feat_charlie_christian_count_basie
3357,-5.4305496,-4.59422,2 (Classical + Jazz),jaah___jaah_052-don_byas_slam_stewart-i_got_rhythm
3358,-8.122965,-5.94544,2 (Classical + Jazz),jaah___jaah_053-louis_armstrong_his_orchestra-i_gotta_right_to_sing_the_blues
3359,-5.7205954,-6.823437,2 (Classical + Jazz),jaah___jaah_054-duke_ellington_his_orchestra-in_a_mellotone
3360,-7.222005,-6.3441033,2 (Classical + Jazz),jaah___jaah_055-bunks_brass_band-in_gloryland
3361,-9.910193,-5.790847,2 (Classical + Jazz),jaah___jaah_056-bud_powell-indiana
3362,-9.538709,-2.643012,2 (Classical + Jazz),jaah___jaah_057-duke_ellington_and_his_orchestra-isfahan
3363,-7.959067,-5.893306,2 (Classical + Jazz),jaah___jaah_058-jelly_roll_morton-king_porter_stomp
3364,-7.1938605,-6.3336086,2 (Classical + Jazz),jaah___jaah_059-duke_ellington_and_his_famous_orchestra-koko
3365,-3.3769054,-8.054115,2 (Classical + Jazz),jaah___jaah_060-tadd_dameron_sextet-lady_bird
3366,-6.0727997,-5.796544,2 (Classical + Jazz),jaah___jaah_061-count_basie_and_the_kansas_city_7-lester_leaps_in
3367,-7.745446,-3.806928,2 (Classical + Jazz),jaah___jaah_062-original_dixieland_jazz_band-livery_stable_blues
3368,-7.671959,-3.7672024,2 (Classical + Jazz),jaah___jaah_063-bessie_smith-lost_your_head_blues
3369,-7.61597,-6.6626654,2 (Classical + Jazz),jaah___jaah_064-dizzy_gillespie_and_his_orchestra-manteca
3370,-6.938226,-7.2127094,2 (Classical + Jazz),jaah___jaah_065-new_orleans_feetwarmers-maple_leaf_rag
3371,-6.4096556,-6.1210146,2 (Classical + Jazz),jaah___jaah_066-anthony_braxton_muhal_richard_abrams-maple_leaf_rag
3372,-21.914774,-1.1212221,2 (Classical + Jazz),jaah___jaah_067-dick_hyman-maple_leaf_rag
3373,-7.0692887,-4.8437285,2 (Classical + Jazz),jaah___jaah_068-billie_holiday_teddy_wilson_and_his_orchestra-mean_to_me
3374,-7.0177164,-6.174071,2 (Classical + Jazz),jaah___jaah_069-quintette_du_hot_club_de_france-minor_swing
3375,-2.4046805,-5.5125027,2 (Classical + Jazz),jaah___jaah_070-thelonious_monk_quartet-misterioso
3376,-3.4526873,-6.7462125,2 (Classical + Jazz),jaah___jaah_071-art_blakey_the_jazz_messengers-moanin
3377,-7.236992,-6.362682,2 (Classical + Jazz),jaah___jaah_072-bennie_moten_and_his_kansas_city_orchestra-moten_swing
3378,-2.6189814,-7.406493,2 (Classical + Jazz),jaah___jaah_073-john_coltrane_quartet-my_favorite_things_part_1_single_version
3379,-8.913728,-2.1804767,2 (Classical + Jazz),jaah___jaah_074-duke_ellington_his_orchestra-the_new_east_st_louis_toodleoo
3380,-3.6229942,-8.907586,2 (Classical + Jazz),jaah___jaah_075-bud_powell_trio-night_in_tunisia
3381,-5.2647057,-6.867636,2 (Classical + Jazz),jaah___jaah_076-charlie_parker-oh_lady_be_good_feat_jazz_at_the_philharmonic
3382,-2.4117439,-7.775917,2 (Classical + Jazz),jaah___jaah_077-art_blakey_the_jazz_messengers-one_by_one
3383,-5.713436,-7.122735,2 (Classical + Jazz),jaah___jaah_078-count_basie_and_his_orchestra-one_oclock_jump
3384,-5.597392,-6.057,2 (Classical + Jazz),jaah___jaah_079-jimmie_lunceford_and_his_orchestra-organ_grinders_swing
3385,-5.140179,-5.6387005,2 (Classical + Jazz),jaah___jaah_080-charlie_parker_allstars-parkers_mood
3386,-3.3353336,-7.153542,2 (Classical + Jazz),jaah___jaah_081-sonny_rollins-pentup_house
3387,-6.189589,-6.6376863,2 (Classical + Jazz),jaah___jaah_082-louis_armstrong_and_his_hot_five-potato_head_blues
3388,-6.9361515,-6.382651,2 (Classical + Jazz),jaah___jaah_083-frankie_trumbauer_and_his_orchestra-riverboat_shuffle
3389,-5.3811145,-6.257735,2 (Classical + Jazz),jaah___jaah_084-gene_krupa_and_his_orchestra-rockin_chair
3390,-2.9593785,-8.842727,2 (Classical + Jazz),jaah___jaah_085-the_george_shearing_quintet-september_in_the_rain
3391,-5.920416,-6.8940153,2 (Classical + Jazz),jaah___jaah_086-dizzy_gillespie_his_all_stars-shaw_nuff
3392,-6.4649134,-6.260546,2 (Classical + Jazz),jaah___jaah_087-frankie_trumbauer_and_his_orchestra-singin_the_blues_til_my_daddy_comes_home
3393,-7.7897787,-3.8266444,2 (Classical + Jazz),jaah___jaah_088-bessie_smith_louis_armstrong-st_louis_blues
3394,18.360172,4.9536076,1 (Pop + Groove + Rock + Hip-Hop),jaah___jaah_089-sonny_rollins-st_thomas
3395,4.790333,-1.1169902,1 (Pop + Groove + Rock + Hip-Hop),jaah___jaah_090-louis_armstrong_ella_fitzgerald-stompin_at_the_savoy
3396,-6.3450522,-6.3710785,2 (Classical + Jazz),jaah___jaah_091-louis_armstrong_and_his_hot_five-struttin_with_some_barbecue
3397,-5.66427,-6.490859,2 (Classical + Jazz),jaah___jaah_092-lennie_tristano-subconscious_lee
3398,-1.8478525,-6.2475085,2 (Classical + Jazz),jaah___jaah_093-miles_davis_gil_evans-summertime
3399,-7.227658,-4.463952,2 (Classical + Jazz),jaah___jaah_094-louis_armstrong_his_orchestra-sweethearts_on_parade
3400,-6.0611835,-7.2942967,2 (Classical + Jazz),jaah___jaah_095-louis_armstrong_and_his_orchestra-swing_that_music
3401,-6.350935,-5.1429825,2 (Classical + Jazz),jaah___jaah_096-eddie_condons_hot_shots-thats_a_serious_thing
3402,2.7409816,0.47294533,1 (Pop + Groove + Rock + Hip-Hop),jaah___jaah_097-count_basie_octet-the_golden_bullet
3403,-7.4445653,-5.061054,2 (Classical + Jazz),jaah___jaah_098-coleman_hawkins_quartet-the_man_i_love
3404,-2.7249453,-7.1643414,2 (Classical + Jazz),jaah___jaah_099-horace_silver_the_jazz_messengers-the_preacher
3405,-6.4447207,-6.8262167,2 (Classical + Jazz),jaah___jaah_100-fletcher_henderson_and_his_orchestra-the_stampede
3406,-5.574192,-2.2546918,2 (Classical + Jazz),jaah___jaah_101-billie_holiday-these_foolish_things
3407,-4.883403,-6.1446495,2 (Classical + Jazz),jaah___jaah_102-lucky_thompson_trio-tricroism
3408,-4.3379807,-6.0779037,2 (Classical + Jazz),jaah___jaah_103-the_gerry_mulligan_quartet_chet_baker-walkin_shoes
3409,4.2865815,-6.374801,1 (Pop + Groove + Rock + Hip-Hop),jaah___jaah_104-herbie_hancock-watermelon_man
3410,-6.3625345,-6.517053,2 (Classical + Jazz),jaah___jaah_105-louis_armstrong_earl_hines-weather_bird
3411,-1.3829514,-8.336406,2 (Classical + Jazz),jaah___jaah_106-wes_montgomery-west_coast_blues_abridged
3412,-7.1306,-4.023929,2 (Classical + Jazz),jaah___jaah_107-louis_armstrong_and_his_hot_five-west_end_blues
3413,-6.075209,-8.336155,2 (Classical + Jazz),jaah___jaah_108-lionel_hampton_and_his_orchestra-when_lights_are_low
3414,-2.2306485,-7.9657526,2 (Classical + Jazz),jaah___jaah_109-cannonball_adderley-work_song
3415,-3.5641787,-6.2070065,2 (Classical + Jazz),jaah___jaah_110-sarah_vaughan-wrap_your_troubles_in_dreams
3416,-6.3370914,-7.0904956,2 (Classical + Jazz),jaah___jaah_111-fletcher_henderson_and_his_orchestra-wrappin_it_up
3417,-3.7684548,-5.1218576,2 (Classical + Jazz),jaah___jaah_112-ella_fitzgerald-youd_be_so_nice_to_come_home_to
3418,-17.351156,-2.5308075,2 (Classical + Jazz),rwc___rwc_classical_CD1_01
3419,-17.062258,-3.6336844,2 (Classical + Jazz),rwc___rwc_classical_CD1_02
3420,-17.40738,-3.616914,2 (Classical + Jazz),rwc___rwc_classical_CD1_03
3421,-14.643128,-3.1822336,2 (Classical + Jazz),rwc___rwc_classical_CD1_04
3422,-17.99205,-2.2214572,2 (Classical + Jazz),rwc___rwc_classical_CD1_05
3423,-19.193956,-0.18190622,2 (Classical + Jazz),rwc___rwc_classical_CD1_06
3424,-18.379587,-2.0042603,2 (Classical + Jazz),rwc___rwc_classical_CD2_01
3425,-16.572674,-3.3905287,2 (Classical + Jazz),rwc___rwc_classical_CD2_02
3426,-14.762083,-0.76774085,2 (Classical + Jazz),rwc___rwc_classical_CD2_03
3427,-16.913395,-3.7252414,2 (Classical + Jazz),rwc___rwc_classical_CD2_04
3428,-11.866828,2.5368268,2 (Classical + Jazz),rwc___rwc_classical_CD2_05
3429,-18.285164,-2.2671232,2 (Classical + Jazz),rwc___rwc_classical_CD3_01
3430,-18.147432,-2.5436904,2 (Classical + Jazz),rwc___rwc_classical_CD3_02
3431,-20.847826,-3.3253725,2 (Classical + Jazz),rwc___rwc_classical_CD3_03
3432,-18.139309,-3.2972226,2 (Classical + Jazz),rwc___rwc_classical_CD3_04
3433,-17.877636,-3.5247307,2 (Classical + Jazz),rwc___rwc_classical_CD3_05
3434,-20.75291,-3.266442,2 (Classical + Jazz),rwc___rwc_classical_CD3_06
3435,-16.583357,-0.75894827,2 (Classical + Jazz),rwc___rwc_classical_CD3_07
3436,-19.752544,3.1977723,2 (Classical + Jazz),rwc___rwc_classical_CD4_01
3437,-19.427183,-1.8651739,2 (Classical + Jazz),rwc___rwc_classical_CD4_02
3438,-8.736284,-5.698083,2 (Classical + Jazz),rwc___rwc_classical_CD4_03
3439,-21.695856,5.1595025,2 (Classical + Jazz),rwc___rwc_classical_CD4_04
3440,-19.511082,4.2578983,2 (Classical + Jazz),rwc___rwc_classical_CD4_05
3441,-20.299997,3.4336998,2 (Classical + Jazz),rwc___rwc_classical_CD4_06
3442,-19.875385,4.008941,2 (Classical + Jazz),rwc___rwc_classical_CD4_07
3443,-20.274096,3.2552428,2 (Classical + Jazz),rwc___rwc_classical_CD4_08
3444,-19.098076,4.47997,2 (Classical + Jazz),rwc___rwc_classical_CD4_09
3445,-24.335579,3.0447848,2 (Classical + Jazz),rwc___rwc_classical_CD4_10
3446,-24.36051,3.0837588,2 (Classical + Jazz),rwc___rwc_classical_CD4_11
3447,-18.876825,-4.8386054,2 (Classical + Jazz),rwc___rwc_classical_CD4_12
3448,-22.559793,1.4291936,2 (Classical + Jazz),rwc___rwc_classical_CD4_13
3449,-24.304148,3.0829313,2 (Classical + Jazz),rwc___rwc_classical_CD4_14
3450,-22.853395,-1.7953202,2 (Classical + Jazz),rwc___rwc_classical_CD4_15
3451,-24.314436,2.8756673,2 (Classical + Jazz),rwc___rwc_classical_CD4_16
3452,-19.69246,4.4750214,2 (Classical + Jazz),rwc___rwc_classical_CD5_01
3453,-19.788906,3.9517238,2 (Classical + Jazz),rwc___rwc_classical_CD5_02
3454,-22.84448,4.699641,2 (Classical + Jazz),rwc___rwc_classical_CD5_03
3455,-19.31546,4.4815273,2 (Classical + Jazz),rwc___rwc_classical_CD5_04
3456,-19.800457,3.6335409,2 (Classical + Jazz),rwc___rwc_classical_CD5_05
3457,-21.204302,1.8886784,2 (Classical + Jazz),rwc___rwc_classical_CD5_06
3458,-22.715752,-1.2122041,2 (Classical + Jazz),rwc___rwc_classical_CD5_07
3459,-21.93165,0.6310517,2 (Classical + Jazz),rwc___rwc_classical_CD5_08
3460,-16.616173,2.102321,2 (Classical + Jazz),rwc___rwc_classical_CD5_09
3461,-18.520458,4.5610137,2 (Classical + Jazz),rwc___rwc_classical_CD5_10
3462,-18.678175,4.588504,2 (Classical + Jazz),rwc___rwc_classical_CD5_11
3463,-18.70371,4.544851,2 (Classical + Jazz),rwc___rwc_classical_CD5_12
3464,-17.01042,-0.996682,2 (Classical + Jazz),rwc___rwc_classical_CD6_01
3465,-19.575024,-3.4934764,2 (Classical + Jazz),rwc___rwc_classical_CD6_02
3466,-16.534761,-0.81796277,2 (Classical + Jazz),rwc___rwc_classical_CD6_03
3467,-16.72244,-0.7279808,2 (Classical + Jazz),rwc___rwc_classical_CD6_04
3468,-14.333803,-0.53391206,2 (Classical + Jazz),rwc___rwc_classical_CD6_05
3469,-16.889656,-1.749547,2 (Classical + Jazz),rwc___rwc_classical_CD6_06
3470,-16.358503,-1.4070868,2 (Classical + Jazz),rwc___rwc_classical_CD6_07
3471,-17.25164,2.6338959,2 (Classical + Jazz),rwc___rwc_classical_CD6_08
3472,-22.010067,-2.6355214,2 (Classical + Jazz),rwc___rwc_classical_CD6_09
3473,-7.3333535,-0.32392535,2 (Classical + Jazz),rwc___rwc_classical_CD6_10
3474,-7.7995067,0.06568419,2 (Classical + Jazz),rwc___rwc_classical_CD6_11
3475,-5.7938666,-0.093956344,2 (Classical + Jazz),rwc___rwc_classical_CD6_12
3476,-5.875956,-0.22794235,2 (Classical + Jazz),rwc___rwc_classical_CD6_13
3477,-17.34737,4.082339,2 (Classical + Jazz),rwc___rwc_classical_CD6_14
3478,-7.238987,-0.1379732,2 (Classical + Jazz),rwc___rwc_classical_CD6_15
3479,-21.774403,4.3479557,2 (Classical + Jazz),rwc___rwc_jazz_CD1_01
3480,-19.07374,4.460992,2 (Classical + Jazz),rwc___rwc_jazz_CD1_02
3481,-23.33632,1.205281,2 (Classical + Jazz),rwc___rwc_jazz_CD1_03
3482,-23.485582,-1.0606192,2 (Classical + Jazz),rwc___rwc_jazz_CD1_04
3483,-20.843561,1.1652843,2 (Classical + Jazz),rwc___rwc_jazz_CD1_05
3484,-23.065866,-1.7491175,2 (Classical + Jazz),rwc___rwc_jazz_CD1_06
3485,-20.646725,5.1590567,2 (Classical + Jazz),rwc___rwc_jazz_CD1_07
3486,-20.661203,5.0739293,2 (Classical + Jazz),rwc___rwc_jazz_CD1_08
3487,-20.76193,4.785896,2 (Classical + Jazz),rwc___rwc_jazz_CD1_09
3488,-20.730003,4.0043354,2 (Classical + Jazz),rwc___rwc_jazz_CD1_10
3489,-21.553469,3.8571453,2 (Classical + Jazz),rwc___rwc_jazz_CD1_11
3490,-21.493563,3.2247233,2 (Classical + Jazz),rwc___rwc_jazz_CD1_12
3491,-23.908388,1.583676,2 (Classical + Jazz),rwc___rwc_jazz_CD1_13
3492,-23.179726,3.3325121,2 (Classical + Jazz),rwc___rwc_jazz_CD1_14
3493,-22.527567,3.3718565,2 (Classical + Jazz),rwc___rwc_jazz_CD1_15
3494,-2.4519527,-9.701552,2 (Classical + Jazz),rwc___rwc_jazz_CD2_01
3495,-2.8167202,-9.415179,2 (Classical + Jazz),rwc___rwc_jazz_CD2_02
3496,-1.4461548,-8.836897,2 (Classical + Jazz),rwc___rwc_jazz_CD2_03
3497,-2.433054,-9.735956,2 (Classical + Jazz),rwc___rwc_jazz_CD2_04
3498,-18.079355,4.9700007,2 (Classical + Jazz),rwc___rwc_jazz_CD2_05
3499,-2.4369814,-9.637737,2 (Classical + Jazz),rwc___rwc_jazz_CD2_06
3500,-2.7889378,-9.478655,2 (Classical + Jazz),rwc___rwc_jazz_CD2_07
3501,-2.58776,-9.700831,2 (Classical + Jazz),rwc___rwc_jazz_CD2_08
3502,-2.570298,-9.883242,2 (Classical + Jazz),rwc___rwc_jazz_CD2_09
3503,-2.127474,-9.322246,2 (Classical + Jazz),rwc___rwc_jazz_CD2_10
3504,-3.4389842,-7.696751,2 (Classical + Jazz),rwc___rwc_jazz_CD3_01
3505,-10.351893,-2.6969385,2 (Classical + Jazz),rwc___rwc_jazz_CD3_02
3506,-2.9374173,-7.6456842,2 (Classical + Jazz),rwc___rwc_jazz_CD3_03
3507,-3.2922747,-7.7466326,2 (Classical + Jazz),rwc___rwc_jazz_CD3_04
3508,-10.988657,-4.033136,2 (Classical + Jazz),rwc___rwc_jazz_CD3_05
3509,-2.5048366,-9.735428,2 (Classical + Jazz),rwc___rwc_jazz_CD3_06
3510,-2.1130311,-8.748778,2 (Classical + Jazz),rwc___rwc_jazz_CD3_07
3511,-2.0893214,-9.382138,2 (Classical + Jazz),rwc___rwc_jazz_CD3_08
3512,-2.1460712,-9.559932,2 (Classical + Jazz),rwc___rwc_jazz_CD3_09
3513,-20.25142,5.02721,2 (Classical + Jazz),rwc___rwc_jazz_CD3_10
3514,-2.6757996,-8.251523,2 (Classical + Jazz),rwc___rwc_jazz_CD4_01
3515,-2.0887709,-9.201299,2 (Classical + Jazz),rwc___rwc_jazz_CD4_02
3516,-3.7799587,-8.413759,2 (Classical + Jazz),rwc___rwc_jazz_CD4_03
3517,3.0383162,-6.2650714,1 (Pop + Groove + Rock + Hip-Hop),rwc___rwc_jazz_CD4_04
3518,-2.3227313,-9.302299,2 (Classical + Jazz),rwc___rwc_jazz_CD4_05
3519,-1.420976,-5.815023,2 (Classical + Jazz),rwc___rwc_jazz_CD4_06
3520,-1.5546788,6.1215467,1 (Pop + Groove + Rock + Hip-Hop),rwc___rwc_jazz_CD4_07
3521,-2.0789492,-9.522039,2 (Classical + Jazz),rwc___rwc_jazz_CD4_08
3522,-0.38786525,3.778395,1 (Pop + Groove + Rock + Hip-Hop),rwc___rwc_jazz_CD4_09
3523,-2.4862328,3.6882079,2 (Classical + Jazz),rwc___rwc_jazz_CD4_10
3524,2.253546,9.872436,1 (Pop + Groove + Rock + Hip-Hop),rwc___rwc_jazz_CD4_11
3525,4.8059845,0.24095903,1 (Pop + Groove + Rock + Hip-Hop),rwc___rwc_jazz_CD4_12
3526,4.1408567,0.916782,1 (Pop + Groove + Rock + Hip-Hop),rwc___rwc_jazz_CD4_13
3527,6.033734,10.867577,1 (Pop + Groove + Rock + Hip-Hop),rwc___rwc_jazz_CD4_14
3528,1.4993258,-4.248068,1 (Pop + Groove + Rock + Hip-Hop),rwc___rwc_jazz_CD4_15
3529,7.5815034,2.7117732,1 (Pop + Groove + Rock + Hip-Hop),rwc___rwc_popular_CD1_01
3530,11.278345,-7.899537,1 (Pop + Groove + Rock + Hip-Hop),rwc___rwc_popular_CD1_02
3531,2.4127321,3.6190586,1 (Pop + Groove + Rock + Hip-Hop),rwc___rwc_popular_CD1_03
3532,7.1774745,-2.1525152,1 (Pop + Groove + Rock + Hip-Hop),rwc___rwc_popular_CD1_04
3533,6.4657936,3.9859364,1 (Pop + Groove + Rock + Hip-Hop),rwc___rwc_popular_CD1_05
3534,6.9633217,1.937609,1 (Pop + Groove + Rock + Hip-Hop),rwc___rwc_popular_CD1_06
3535,3.4474013,5.3877754,1 (Pop + Groove + Rock + Hip-Hop),rwc___rwc_popular_CD1_07
3536,3.7882907,4.7179494,1 (Pop + Groove + Rock + Hip-Hop),rwc___rwc_popular_CD1_08
3537,5.44049,3.8783574,1 (Pop + Groove + Rock + Hip-Hop),rwc___rwc_popular_CD1_09
3538,6.176567,5.449544,1 (Pop + Groove + Rock + Hip-Hop),rwc___rwc_popular_CD1_10
3539,6.1994267,-1.5606261,1 (Pop + Groove + Rock + Hip-Hop),rwc___rwc_popular_CD1_11
3540,2.4149287,3.892136,1 (Pop + Groove + Rock + Hip-Hop),rwc___rwc_popular_CD1_12
3541,3.7757587,5.1712847,1 (Pop + Groove + Rock + Hip-Hop),rwc___rwc_popular_CD1_13
3542,5.1239843,2.4008732,1 (Pop + Groove + Rock + Hip-Hop),rwc___rwc_popular_CD1_14
3543,6.644831,5.9741774,1 (Pop + Groove + Rock + Hip-Hop),rwc___rwc_popular_CD1_15
3544,2.870287,2.4241652,1 (Pop + Groove + Rock + Hip-Hop),rwc___rwc_popular_CD1_16
3545,3.3584962,0.9836258,1 (Pop + Groove + Rock + Hip-Hop),rwc___rwc_popular_CD2_01
3546,4.821201,1.9867859,1 (Pop + Groove + Rock + Hip-Hop),rwc___rwc_popular_CD2_02
3547,7.195805,3.7930276,1 (Pop + Groove + Rock + Hip-Hop),rwc___rwc_popular_CD2_03
3548,5.248636,2.8602338,1 (Pop + Groove + Rock + Hip-Hop),rwc___rwc_popular_CD2_04
3549,2.2975974,2.2096474,1 (Pop + Groove + Rock + Hip-Hop),rwc___rwc_popular_CD2_05
3550,7.8010974,2.3222578,1 (Pop + Groove + Rock + Hip-Hop),rwc___rwc_popular_CD2_06
3551,3.5765119,2.2186391,1 (Pop + Groove + Rock + Hip-Hop),rwc___rwc_popular_CD2_07
3552,10.817613,2.8631055,1 (Pop + Groove + Rock + Hip-Hop),rwc___rwc_popular_CD2_08
3553,7.0476227,-2.139194,1 (Pop + Groove + Rock + Hip-Hop),rwc___rwc_popular_CD2_09
3554,7.164785,3.4306479,1 (Pop + Groove + Rock + Hip-Hop),rwc___rwc_popular_CD2_10
3555,5.752594,-2.0156963,1 (Pop + Groove + Rock + Hip-Hop),rwc___rwc_popular_CD2_11
3556,5.288722,0.42716065,1 (Pop + Groove + Rock + Hip-Hop),rwc___rwc_popular_CD2_12
3557,6.5563245,-0.57762444,1 (Pop + Groove + Rock + Hip-Hop),rwc___rwc_popular_CD2_13
3558,11.517015,-0.16758132,1 (Pop + Groove + Rock + Hip-Hop),rwc___rwc_popular_CD2_14
3559,14.875884,-1.1156328,1 (Pop + Groove + Rock + Hip-Hop),rwc___rwc_popular_CD2_15
3560,6.41011,3.4677305,1 (Pop + Groove + Rock + Hip-Hop),rwc___rwc_popular_CD2_16
3561,2.56662,4.1957474,1 (Pop + Groove + Rock + Hip-Hop),rwc___rwc_popular_CD3_01
3562,2.7408743,6.20677,1 (Pop + Groove + Rock + Hip-Hop),rwc___rwc_popular_CD3_02
3563,6.18458,4.0309877,1 (Pop + Groove + Rock + Hip-Hop),rwc___rwc_popular_CD3_03
3564,5.797268,3.9671488,1 (Pop + Groove + Rock + Hip-Hop),rwc___rwc_popular_CD3_04
3565,6.3402123,5.5697803,1 (Pop + Groove + Rock + Hip-Hop),rwc___rwc_popular_CD3_05
3566,5.4635196,3.5353892,1 (Pop + Groove + Rock + Hip-Hop),rwc___rwc_popular_CD3_06
3567,-1.2077689,2.902332,1 (Pop + Groove + Rock + Hip-Hop),rwc___rwc_popular_CD3_07
3568,2.9506783,5.652518,1 (Pop + Groove + Rock + Hip-Hop),rwc___rwc_popular_CD3_08
3569,9.23685,7.9699,1 (Pop + Groove + Rock + Hip-Hop),rwc___rwc_popular_CD3_09
3570,5.369887,0.65726554,1 (Pop + Groove + Rock + Hip-Hop),rwc___rwc_popular_CD3_10
3571,6.676567,3.8578005,1 (Pop + Groove + Rock + Hip-Hop),rwc___rwc_popular_CD3_11
3572,1.053915,1.9692585,1 (Pop + Groove + Rock + Hip-Hop),rwc___rwc_popular_CD3_12
3573,2.8021324,3.0201383,1 (Pop + Groove + Rock + Hip-Hop),rwc___rwc_popular_CD3_13
3574,3.6385548,2.113762,1 (Pop + Groove + Rock + Hip-Hop),rwc___rwc_popular_CD3_14
3575,1.4914263,4.8600245,1 (Pop + Groove + Rock + Hip-Hop),rwc___rwc_popular_CD3_15
3576,1.5417821,2.7121418,1 (Pop + Groove + Rock + Hip-Hop),rwc___rwc_popular_CD3_16
3577,4.012342,1.1023812,1 (Pop + Groove + Rock + Hip-Hop),rwc___rwc_popular_CD4_01
3578,5.318368,2.4241407,1 (Pop + Groove + Rock + Hip-Hop),rwc___rwc_popular_CD4_02
3579,1.4255744,4.7547917,1 (Pop + Groove + Rock + Hip-Hop),rwc___rwc_popular_CD4_03
3580,4.9536147,2.7283728,1 (Pop + Groove + Rock + Hip-Hop),rwc___rwc_popular_CD4_04
3581,5.71899,-0.74104756,1 (Pop + Groove + Rock + Hip-Hop),rwc___rwc_popular_CD4_05
3582,2.7506127,4.593559,1 (Pop + Groove + Rock + Hip-Hop),rwc___rwc_popular_CD4_06
3583,0.681257,4.989448,1 (Pop + Groove + Rock + Hip-Hop),rwc___rwc_popular_CD4_07
3584,4.759416,3.7482395,1 (Pop + Groove + Rock + Hip-Hop),rwc___rwc_popular_CD4_08
3585,-2.9714096,6.560848,2 (Classical + Jazz),rwc___rwc_popular_CD4_09
3586,13.7100315,3.6966581,1 (Pop + Groove + Rock + Hip-Hop),rwc___rwc_popular_CD4_10
3587,5.891786,-0.67764676,1 (Pop + Groove + Rock + Hip-Hop),rwc___rwc_popular_CD4_11
3588,3.3145902,-3.0423214,1 (Pop + Groove + Rock + Hip-Hop),rwc___rwc_popular_CD4_12
3589,4.7094045,-0.5475618,1 (Pop + Groove + Rock + Hip-Hop),rwc___rwc_popular_CD4_13
3590,-1.2743249,4.204916,1 (Pop + Groove + Rock + Hip-Hop),rwc___rwc_popular_CD4_14
3591,4.281147,2.1722186,1 (Pop + Groove + Rock + Hip-Hop),rwc___rwc_popular_CD4_15
3592,0.32226786,3.2809002,1 (Pop + Groove + Rock + Hip-Hop),rwc___rwc_popular_CD4_16
3593,0.6825337,5.6583695,1 (Pop + Groove + Rock + Hip-Hop),rwc___rwc_popular_CD5_01
3594,-2.9740663,3.1737247,2 (Classical + Jazz),rwc___rwc_popular_CD5_02
3595,-3.233424,3.653066,2 (Classical + Jazz),rwc___rwc_popular_CD5_03
3596,0.275865,5.6471434,1 (Pop + Groove + Rock + Hip-Hop),rwc___rwc_popular_CD5_04
3597,0.04095582,6.780854,1 (Pop + Groove + Rock + Hip-Hop),rwc___rwc_popular_CD5_05
3598,-0.6416637,3.0261781,1 (Pop + Groove + Rock + Hip-Hop),rwc___rwc_popular_CD5_06
3599,2.6781244,3.4878843,1 (Pop + Groove + Rock + Hip-Hop),rwc___rwc_popular_CD5_07
3600,-3.940694,1.2490909,2 (Classical + Jazz),rwc___rwc_popular_CD5_08
3601,-1.4872603,3.2663324,1 (Pop + Groove + Rock + Hip-Hop),rwc___rwc_popular_CD5_09
3602,-2.2114203,1.6208446,2 (Classical + Jazz),rwc___rwc_popular_CD5_10
3603,-3.6145914,3.504217,2 (Classical + Jazz),rwc___rwc_popular_CD5_11
3604,-8.190172,0.39897677,2 (Classical + Jazz),rwc___rwc_popular_CD5_12
3605,-3.8714888,1.8393131,2 (Classical + Jazz),rwc___rwc_popular_CD5_13
3606,-2.4983108,1.9512886,2 (Classical + Jazz),rwc___rwc_popular_CD5_14
3607,-3.541861,2.0422876,2 (Classical + Jazz),rwc___rwc_popular_CD5_15
3608,-3.4867394,2.8281853,2 (Classical + Jazz),rwc___rwc_popular_CD5_16
3609,6.4393697,-1.0093253,1 (Pop + Groove + Rock + Hip-Hop),rwc___rwc_popular_CD6_01
3610,5.1556835,4.454282,1 (Pop + Groove + Rock + Hip-Hop),rwc___rwc_popular_CD6_02
3611,-1.6730182,0.07412978,2 (Classical + Jazz),rwc___rwc_popular_CD6_03
3612,6.263988,3.6658196,1 (Pop + Groove + Rock + Hip-Hop),rwc___rwc_popular_CD6_04
3613,2.66556,1.1820012,1 (Pop + Groove + Rock + Hip-Hop),rwc___rwc_popular_CD6_05
3614,2.268533,5.024997,1 (Pop + Groove + Rock + Hip-Hop),rwc___rwc_popular_CD6_06
3615,-1.067804,3.662877,1 (Pop + Groove + Rock + Hip-Hop),rwc___rwc_popular_CD6_07
3616,5.961858,3.4253492,1 (Pop + Groove + Rock + Hip-Hop),rwc___rwc_popular_CD6_08
3617,2.9407804,-0.12757514,1 (Pop + Groove + Rock + Hip-Hop),rwc___rwc_popular_CD6_09
3618,4.8666162,4.9932156,1 (Pop + Groove + Rock + Hip-Hop),rwc___rwc_popular_CD6_10
3619,5.0504837,2.5293584,1 (Pop + Groove + Rock + Hip-Hop),rwc___rwc_popular_CD7_01
3620,12.530756,4.2672615,1 (Pop + Groove + Rock + Hip-Hop),rwc___rwc_popular_CD7_02
3621,2.4606922,5.029615,1 (Pop + Groove + Rock + Hip-Hop),rwc___rwc_popular_CD7_03
3622,2.31529,4.5755043,1 (Pop + Groove + Rock + Hip-Hop),rwc___rwc_popular_CD7_04
3623,8.011844,6.430812,1 (Pop + Groove + Rock + Hip-Hop),rwc___rwc_popular_CD7_05
3624,6.654258,2.7284884,1 (Pop + Groove + Rock + Hip-Hop),rwc___rwc_popular_CD7_06
3625,5.6459856,1.7458189,1 (Pop + Groove + Rock + Hip-Hop),rwc___rwc_popular_CD7_07
3626,6.4902973,12.14636,1 (Pop + Groove + Rock + Hip-Hop),rwc___rwc_popular_CD7_08
3627,-4.291378,1.5896988,2 (Classical + Jazz),rwc___rwc_popular_CD7_09
3628,5.869063,3.1119385,1 (Pop + Groove + Rock + Hip-Hop),rwc___rwc_popular_CD7_10
3629,-1.5671269,4.769255,1 (Pop + Groove + Rock + Hip-Hop),rwc___rwc_royalty-free_CD1_01
3630,-1.2558553,-6.2893596,2 (Classical + Jazz),rwc___rwc_royalty-free_CD1_02
3631,-4.986318,4.0421095,2 (Classical + Jazz),rwc___rwc_royalty-free_CD1_03
3632,-7.1682878,1.534154,2 (Classical + Jazz),rwc___rwc_royalty-free_CD1_04
3633,1.8017149,0.20631088,1 (Pop + Groove + Rock + Hip-Hop),rwc___rwc_royalty-free_CD1_05
3634,-7.0047984,2.4273942,2 (Classical + Jazz),rwc___rwc_royalty-free_CD1_06
3635,-1.724299,-6.3459883,2 (Classical + Jazz),rwc___rwc_royalty-free_CD1_07
3636,-0.3260352,1.5281639,1 (Pop + Groove + Rock + Hip-Hop),rwc___rwc_royalty-free_CD1_08
3637,-2.5671558,3.8578432,2 (Classical + Jazz),rwc___rwc_royalty-free_CD1_09
3638,4.2744827,-6.0775623,1 (Pop + Groove + Rock + Hip-Hop),rwc___rwc_royalty-free_CD1_10
3639,-3.068278,3.969085,2 (Classical + Jazz),rwc___rwc_royalty-free_CD1_11
3640,0.61433786,-7.383385,1 (Pop + Groove + Rock + Hip-Hop),rwc___rwc_royalty-free_CD1_12
3641,-7.1141973,3.0560334,2 (Classical + Jazz),rwc___rwc_royalty-free_CD1_13
3642,4.847025,2.1969163,1 (Pop + Groove + Rock + Hip-Hop),rwc___rwc_royalty-free_CD1_14
3643,-6.3536634,3.142715,2 (Classical + Jazz),rwc___rwc_royalty-free_CD1_15
3644,-11.313693,-12.060831,2 (Classical + Jazz),simac___simac_A_vida_me_fez_assim_01-Acalanto
3645,-10.907486,-15.176386,2 (Classical + Jazz),simac___simac_A_vida_me_fez_assim_02-Viver
3646,-11.070294,-15.562137,2 (Classical + Jazz),simac___simac_A_vida_me_fez_assim_03-candeeiro
3647,-11.124906,-14.522536,2 (Classical + Jazz),simac___simac_A_vida_me_fez_assim_04-O_passar_dos_anos
3648,-11.568268,-15.353724,2 (Classical + Jazz),simac___simac_A_vida_me_fez_assim_05-Ja_era_(Palavra)
3649,-11.013363,-14.884548,2 (Classical + Jazz),simac___simac_A_vida_me_fez_assim_06-Peito_sangrando
3650,-10.008947,-12.415617,2 (Classical + Jazz),simac___simac_A_vida_me_fez_assim_07-A_borboleta_e_o_passarinho
3651,-10.866493,-14.723489,2 (Classical + Jazz),simac___simac_A_vida_me_fez_assim_08-Pedro_e_Tereza
3652,-10.980875,-15.284427,2 (Classical + Jazz),simac___simac_A_vida_me_fez_assim_09-Um_calo_de_estimacao
3653,-10.879207,-15.268989,2 (Classical + Jazz),simac___simac_A_vida_me_fez_assim_10-Sorri
3654,-11.349549,-14.925947,2 (Classical + Jazz),simac___simac_A_vida_me_fez_assim_11-Quantas_lagrimas
3655,-11.116292,-14.688776,2 (Classical + Jazz),simac___simac_A_vida_me_fez_assim_12-Lavoura
3656,-10.957182,-14.894492,2 (Classical + Jazz),simac___simac_A_vida_me_fez_assim_13-Ana_agua_do_rio_A_vida_me_fez_assim
3657,-11.086967,-15.544308,2 (Classical + Jazz),simac___simac_A_vida_me_fez_assim_14-Embala_eu_Samba_de_roda
3658,-12.14937,-14.219012,2 (Classical + Jazz),simac___simac_A_vida_me_fez_assim_15-Portela
3659,-13.6993475,-13.307841,2 (Classical + Jazz),simac___simac_Albedo_0.39_01-Pulstar
3660,-12.975379,-14.294445,2 (Classical + Jazz),simac___simac_Albedo_0.39_04-Main_Sequence
3661,-13.002964,-14.756763,2 (Classical + Jazz),simac___simac_Albedo_0.39_06-Alpha
3662,-10.118622,-15.951979,2 (Classical + Jazz),simac___simac_Alfagamabetizado_02-Pandeiro-Deiro
3663,-9.950143,-14.51176,2 (Classical + Jazz),simac___simac_Alfagamabetizado_03-Covered_Saints
3664,-9.523485,-15.212936,2 (Classical + Jazz),simac___simac_Alfagamabetizado_04-Cumplicidade_de_Armario
3665,-12.359999,-13.492554,2 (Classical + Jazz),simac___simac_Alfagamabetizado_05-Argila
3666,-11.744038,-16.3638,2 (Classical + Jazz),simac___simac_Alfagamabetizado_06-Tour
3667,-10.0007925,-15.990063,2 (Classical + Jazz),simac___simac_Alfagamabetizado_07-Bog_La_Bag
3668,-10.42791,-15.894142,2 (Classical + Jazz),simac___simac_Alfagamabetizado_08-O_Bode
3669,-11.576961,-15.335158,2 (Classical + Jazz),simac___simac_Alfagamabetizado_09-Comunidade-Lobos
3670,-10.169142,-13.387941,2 (Classical + Jazz),simac___simac_Alfagamabetizado_10-Frases_Ventias
3671,-11.259275,-15.828183,2 (Classical + Jazz),simac___simac_Alfagamabetizado_11-Quixabeira
3672,-10.349279,-15.52454,2 (Classical + Jazz),simac___simac_Alfagamabetizado_12-Seo_Ze
3673,-12.0635395,-14.896727,2 (Classical + Jazz),simac___simac_Alfagamabetizado_13-Mares_de_Ti
3674,-10.693312,-15.827297,2 (Classical + Jazz),simac___simac_Alfagamabetizado_14-Zanza
3675,-9.9592905,-15.675551,2 (Classical + Jazz),simac___simac_Alfagamabetizado_15-A_Namorada
3676,-10.688804,-15.172303,2 (Classical + Jazz),simac___simac_Alfagamabetizado_16-Vanju_Concessa
3677,-6.110715,-14.103179,2 (Classical + Jazz),simac___simac_Amber_01-Foil
3678,-8.927472,-16.281137,2 (Classical + Jazz),simac___simac_Amber_02-Montreal
3679,-13.421727,-15.00508,2 (Classical + Jazz),simac___simac_Amber_03-Silverside
3680,-8.07928,-14.113616,2 (Classical + Jazz),simac___simac_Amber_04-Slip
3681,-6.9375296,-14.589127,2 (Classical + Jazz),simac___simac_Amber_05-Glitch
3682,-8.06402,-16.058495,2 (Classical + Jazz),simac___simac_Amber_06-Piezo
3683,-8.4026165,-14.429832,2 (Classical + Jazz),simac___simac_Amber_08-Further
3684,-12.872058,-15.565405,2 (Classical + Jazz),simac___simac_Amber_10-Nil
3685,-13.021286,-15.3002825,2 (Classical + Jazz),simac___simac_Amber_11-Teartear
3686,-10.99827,-11.15253,2 (Classical + Jazz),simac___simac_As_Time_Goes_By_01-as_time_goes_by
3687,-10.430116,-10.559463,2 (Classical + Jazz),simac___simac_As_Time_Goes_By_02-manhattan
3688,-5.4728255,-2.5586092,2 (Classical + Jazz),simac___simac_As_Time_Goes_By_03-blue_moon
3689,-5.29261,-2.4476774,2 (Classical + Jazz),simac___simac_As_Time_Goes_By_04-theres_a_small_hotel
3690,-4.72944,-2.485627,2 (Classical + Jazz),simac___simac_As_Time_Goes_By_06-therell_be_some_changes_made
3691,-5.8999376,-2.7248235,2 (Classical + Jazz),simac___simac_As_Time_Goes_By_09-this_funny_world
3692,-11.903262,-11.152292,2 (Classical + Jazz),simac___simac_As_Time_Goes_By_10-i_used_to_be_colourblind
3693,-5.760285,-2.475974,2 (Classical + Jazz),simac___simac_As_Time_Goes_By_11-spring_is_here
3694,-5.768095,-2.730688,2 (Classical + Jazz),simac___simac_As_Time_Goes_By_12-i_could_write_a_book
3695,-5.5528474,-2.9065824,2 (Classical + Jazz),simac___simac_As_time_goes_by_disk_2_01-The_lady_is_a_tramp
3696,-5.076002,-2.771897,2 (Classical + Jazz),simac___simac_As_time_goes_by_disk_2_02-Ive_got_five_dollars
3697,-11.767631,-11.526313,2 (Classical + Jazz),simac___simac_As_time_goes_by_disk_2_04-Life_is_beautiful
3698,-5.442982,-3.1264632,2 (Classical + Jazz),simac___simac_As_time_goes_by_disk_2_06-You_took_advantage_on_me
3699,-5.617408,-2.4049397,2 (Classical + Jazz),simac___simac_As_time_goes_by_disk_2_08-My_romance
3700,-5.5332975,-2.778437,2 (Classical + Jazz),simac___simac_As_time_goes_by_disk_2_11-Mountain_greenery
3701,-11.459885,-10.986059,2 (Classical + Jazz),simac___simac_As_time_goes_by_disk_2_13-Experiment
3702,-5.633819,-2.6534975,2 (Classical + Jazz),simac___simac_As_time_goes_by_disk_2_14-Isntit_romantic
3703,-12.982544,-12.780635,2 (Classical + Jazz),simac___simac_As_time_goes_by_disk_3_01-One
3704,-5.6849713,-3.129352,2 (Classical + Jazz),simac___simac_As_time_goes_by_disk_3_02-I_wish_I_were_in_love_again
3705,-5.627054,-2.933109,2 (Classical + Jazz),simac___simac_As_time_goes_by_disk_3_05-This_cant_be_love
3706,-11.267222,-11.17464,2 (Classical + Jazz),simac___simac_As_time_goes_by_disk_3_06-Mr._Magic
3707,-5.7793736,-2.3933494,2 (Classical + Jazz),simac___simac_As_time_goes_by_disk_3_07-Lover
3708,-6.1383247,-2.491378,2 (Classical + Jazz),simac___simac_As_time_goes_by_disk_3_08-Have_you_et_Miss_Jones
3709,-11.570772,-11.192443,2 (Classical + Jazz),simac___simac_As_time_goes_by_disk_3_09-All_mine
3710,-11.997224,-11.490831,2 (Classical + Jazz),simac___simac_As_time_goes_by_disk_3_10-Bridges
3711,-5.425684,-2.847943,2 (Classical + Jazz),simac___simac_As_time_goes_by_disk_3_11-You_swell
3712,-5.723073,-2.6010313,2 (Classical + Jazz),simac___simac_As_time_goes_by_disk_3_12-My_heart_stood_still
3713,-5.563835,-2.6729105,2 (Classical + Jazz),simac___simac_As_time_goes_by_disk_3_13-The_most_beautiful_girl_in_the_world
3714,-17.073595,-8.829796,2 (Classical + Jazz),simac___simac_BACH_WTC_01-Prelude_and_Fugue_No._1_in_C_major_BWV_870_-_1._Praeludium
3715,-17.723087,-9.174392,2 (Classical + Jazz),simac___simac_BACH_WTC_02-Prelude_and_Fugue_No._1_in_C_major_BWV_870_-_2._Fuga
3716,-17.085241,-9.728838,2 (Classical + Jazz),simac___simac_BACH_WTC_03-Prelude_and_Fugue_No._2_in_C_minor_BWV_871_-_1._Praeludium
3717,-17.680399,-8.456885,2 (Classical + Jazz),simac___simac_BACH_WTC_04-Prelude_and_Fugue_No._2_in_C_minor_BWV_871_-_2._Fuga
3718,-17.0828,-9.34983,2 (Classical + Jazz),simac___simac_BACH_WTC_05-Prelude_and_Fugue_No._3_in_C-sharp_major_BWV_872_-_1._Praeludium
3719,-17.52684,3.6349044,2 (Classical + Jazz),simac___simac_BACH_WTC_06-Prelude_and_Fugue_No._3_in_C-sharp_major_BWV_872_-_2._Fuga
3720,-13.303194,-9.623588,2 (Classical + Jazz),simac___simac_Bach_Bach_-_BWV_639_-_Ich_ruf_zu_dir_Herr_Jesu_Christ
3721,-15.294879,-9.934656,2 (Classical + Jazz),simac___simac_Bach_Bach_-_Cello_suite_1_G_-_01_Prelude
3722,-15.377374,-9.672071,2 (Classical + Jazz),simac___simac_Bach_Bach_-_Cello_suite_1_G_-_03_Courante
3723,-15.321346,-9.858192,2 (Classical + Jazz),simac___simac_Bach_Bach_-_Cello_suite_2_d_-_01_Prelude
3724,-16.96774,-9.766047,2 (Classical + Jazz),simac___simac_Bach_The_Well-Tempered_Clavier_II_(Disc_1)_08-Prelude_and_Fugue_No._4_in_C-sharp_minor_BWV_873_-_2._Fuga
3725,-17.52072,2.7577102,2 (Classical + Jazz),simac___simac_Bach_The_Well-Tempered_Clavier_II_(Disc_1)_09-Prelude_and_Fugue_No._5_in_D_major_BWV_874_-_1._Praeludium
3726,-17.154074,-8.6071,2 (Classical + Jazz),simac___simac_Bach_The_Well-Tempered_Clavier_II_(Disc_1)_10-Prelude_and_Fugue_No._5_in_D_major_BWV_874_-_2._Fuga
3727,-17.029251,-9.758245,2 (Classical + Jazz),simac___simac_Bach_The_Well-Tempered_Clavier_II_(Disc_1)_11-Prelude_and_Fugue_No._6_in_D_minor_BWV_875_-_1._Praeludium
3728,-16.844524,-9.638843,2 (Classical + Jazz),simac___simac_Bach_The_Well-Tempered_Clavier_II_(Disc_1)_12-Prelude_and_Fugue_No._6_in_D_minor_BWV_875_-_2._Fuga
3729,-16.872107,-9.289156,2 (Classical + Jazz),simac___simac_Bach_The_Well-Tempered_Clavier_II_(Disc_1)_14-Prelude_and_Fugue_No._7_in_E-flat_major_BWV_876_-_2._Fuga
3730,-17.010399,-9.779982,2 (Classical + Jazz),simac___simac_Bach_The_Well-Tempered_Clavier_II_(Disc_1)_15-Prelude_and_Fugue_No._8_in_D-sharp_minor_BWV_877_-_1._Praeludium
3731,-17.04185,-9.405974,2 (Classical + Jazz),simac___simac_Bach_The_Well-Tempered_Clavier_II_(Disc_1)_16-Prelude_and_Fugue_No._8_in_D-sharp_minor_BWV_877_-_2._Fuga
3732,-17.219692,-9.504486,2 (Classical + Jazz),simac___simac_Bach_The_Well-Tempered_Clavier_II_(Disc_1)_17-Prelude_and_Fugue_No._9_in_E_major_BWV_878_-_1._Praeludium
3733,-16.864832,-9.248765,2 (Classical + Jazz),simac___simac_Bach_The_Well-Tempered_Clavier_II_(Disc_1)_18-Prelude_and_Fugue_No._9_in_E_major_BWV_878_-_2._Fuga
3734,-16.946121,-9.865182,2 (Classical + Jazz),simac___simac_Bach_The_Well-Tempered_Clavier_II_(Disc_1)_19-Prelude_and_Fugue_No._10_in_E_minor_BWV_879_-_1._Praeludium
3735,-17.191929,-9.607219,2 (Classical + Jazz),simac___simac_Bach_The_Well-Tempered_Clavier_II_(Disc_1)_20-Prelude_and_Fugue_No._10_in_E_minor_BWV_879_-_2._Fuga
3736,-16.882265,-9.767257,2 (Classical + Jazz),simac___simac_Bach_The_Well-Tempered_Clavier_II_(Disc_1)_21-Prelude_and_Fugue_No._11_in_F_major_BWV_880_-_1._Praeludium
3737,-17.237103,-9.46769,2 (Classical + Jazz),simac___simac_Bach_The_Well-Tempered_Clavier_II_(Disc_1)_22-Prelude_and_Fugue_No._11_in_F_major_BWV_880_-_2._Fuga
3738,-17.170767,-8.975124,2 (Classical + Jazz),simac___simac_Bach_The_Well-Tempered_Clavier_II_(Disc_1)_23-Prelude_and_Fugue_No._12_in_F_minor_BWV_881_-_1._Praeludium
3739,-16.933033,-9.78504,2 (Classical + Jazz),simac___simac_Bach_The_Well-Tempered_Clavier_II_(Disc_1)_24-Prelude_and_Fugue_No._12_in_F_minor_BWV_881_-_2._Fuga
3740,-17.298464,-9.468798,2 (Classical + Jazz),simac___simac_Bach_The_Well-Tempered_Clavier_II_(Disc_2)_01-Prelude_and_Fugue_No._13_F-sharp_major_BWV_882_-_1._Praeludium
3741,-17.079529,-9.596678,2 (Classical + Jazz),simac___simac_Bach_The_Well-Tempered_Clavier_II_(Disc_2)_02-Prelude_and_Fugue_No._13_F-sharp_major_BWV_882_-_2._Fuga
3742,-17.193308,-8.402081,2 (Classical + Jazz),simac___simac_Bach_The_Well-Tempered_Clavier_II_(Disc_2)_03-Prelude_and_Fugue_No._14_F-sharp_minor_BWV_883_-_1._Praeludium
3743,-16.844633,-9.451328,2 (Classical + Jazz),simac___simac_Bach_The_Well-Tempered_Clavier_II_(Disc_2)_04-Prelude_and_Fugue_No._14_F-sharp_minor_BWV_883_-_2._Fuga
3744,-16.75358,-9.955977,2 (Classical + Jazz),simac___simac_Bach_The_Well-Tempered_Clavier_II_(Disc_2)_05-Prelude_and_Fugue_No._15_G_major_BWV_884_-_1._Praeludium
3745,-19.12592,3.1579173,2 (Classical + Jazz),simac___simac_Bach_The_Well-Tempered_Clavier_II_(Disc_2)_07-Prelude_and_Fugue_No._16_G_minor_BWV_885_-_1._Praeludium
3746,-16.962206,-9.752258,2 (Classical + Jazz),simac___simac_Bach_The_Well-Tempered_Clavier_II_(Disc_2)_08-Prelude_and_Fugue_No._16_G_minor_BWV_885_-_2._Fuga
3747,-16.787514,-9.667192,2 (Classical + Jazz),simac___simac_Bach_The_Well-Tempered_Clavier_II_(Disc_2)_09-Prelude_and_Fugue_No._17_A-flat_major_BWV_886_-_1._Praeludium
3748,-16.873926,-9.778464,2 (Classical + Jazz),simac___simac_Bach_The_Well-Tempered_Clavier_II_(Disc_2)_10-Prelude_and_Fugue_No._17_A-flats_major_BWV_886_-_2._Fuga
3749,-17.057425,-8.856602,2 (Classical + Jazz),simac___simac_Bach_The_Well-Tempered_Clavier_II_(Disc_2)_12-Prelude_and_Fugue_No._18_G-sharp_minor_BWV_887_-_2._Fuga
3750,-16.976152,-9.551883,2 (Classical + Jazz),simac___simac_Bach_The_Well-Tempered_Clavier_II_(Disc_2)_13-Prelude_and_Fugue_No._19_A_major_BWV_888_-_1._Praeludium
3751,-16.99218,-9.765171,2 (Classical + Jazz),simac___simac_Bach_The_Well-Tempered_Clavier_II_(Disc_2)_14-Prelude_and_Fugue_No._19_A_major_BWV_888_-_2._Fuga
3752,-17.060863,-8.969882,2 (Classical + Jazz),simac___simac_Bach_The_Well-Tempered_Clavier_II_(Disc_2)_15-Prelude_and_Fugue_No._20_A_minor_BWV_889_-_1._Praeludium
3753,-16.811163,-9.681822,2 (Classical + Jazz),simac___simac_Bach_The_Well-Tempered_Clavier_II_(Disc_2)_16-Prelude_and_Fugue_No._20_A_minor_BWV_889_-_2._Fuga
3754,-16.8044,-9.7186365,2 (Classical + Jazz),simac___simac_Bach_The_Well-Tempered_Clavier_II_(Disc_2)_18-Prelude_and_Fugue_No._21_B-flat_major_BWV_890_-_2._Fuga
3755,-17.031136,-9.595872,2 (Classical + Jazz),simac___simac_Bach_The_Well-Tempered_Clavier_II_(Disc_2)_19-Prelude_and_Fugue_No._22_B-flat_minor_BWV_891_-_1._Praeludium
3756,-17.441525,-8.898028,2 (Classical + Jazz),simac___simac_Bach_The_Well-Tempered_Clavier_II_(Disc_2)_20-Prelude_and_Fugue_No._22_B-flat_minor_BWV_891_-_2._Fuga
3757,-16.960707,-9.65887,2 (Classical + Jazz),simac___simac_Bach_The_Well-Tempered_Clavier_II_(Disc_2)_21-Prelude_and_Fugue_No._23_B_major_BWV_892_-_1._Praeludium
3758,-16.843544,-9.685975,2 (Classical + Jazz),simac___simac_Bach_The_Well-Tempered_Clavier_II_(Disc_2)_22-Prelude_and_Fugue_No._23_B_major_BWV_892_-_2._Fuga
3759,-16.76062,-9.732235,2 (Classical + Jazz),simac___simac_Bach_The_Well-Tempered_Clavier_II_(Disc_2)_23-Prelude_and_Fugue_No._24_B_minor_BWV_893_-_1._Praeludium
3760,-15.61193,-10.63258,2 (Classical + Jazz),simac___simac_Beethoven_-_The_String_Quartets_#1_01-F_major_op._18_no._1_-_Allegro_con_brio
3761,-15.660051,-10.888438,2 (Classical + Jazz),simac___simac_Beethoven_-_The_String_Quartets_#1_03-F_major_op._18_no._1_-_Scherzo._Allegro_molto
3762,-15.416574,-10.921889,2 (Classical + Jazz),simac___simac_Beethoven_-_The_String_Quartets_#1_04-F_major_op._18_no._1_-_Allegro
3763,-16.055613,-6.5176578,2 (Classical + Jazz),simac___simac_Beethoven_-_The_String_Quartets_#1_05-G_major_op._18_no._2_-_Allegro
3764,-15.797201,-10.827836,2 (Classical + Jazz),simac___simac_Beethoven_-_The_String_Quartets_#1_07-G_major_op._18_no._2_-_Scherzo._Allegro
3765,-15.796367,-11.00538,2 (Classical + Jazz),simac___simac_Beethoven_-_The_String_Quartets_#1_08-G_major_op._18_no._2_-_Allegro_molto_quasi_Presto
3766,-15.763334,-7.387432,2 (Classical + Jazz),simac___simac_Beethoven_-_The_String_Quartets_#1_09-D_major_op._18_no._3_-_Allegro
3767,-15.419225,-7.3833594,2 (Classical + Jazz),simac___simac_Beethoven_-_The_String_Quartets_#1_10-D_major_op._18_no._3_-_Andante_con_moto
3768,-15.665672,-10.87125,2 (Classical + Jazz),simac___simac_Beethoven_-_The_String_Quartets_#1_12-D_major_op._18_no._3_-_Presto
3769,-14.671493,-10.585537,2 (Classical + Jazz),simac___simac_Beethoven_The_String_Quartets_-_CD_3_01-String_Quartet_No_7_Op_59_No_1_-_I_Allegro
3770,-14.947366,-8.3447,2 (Classical + Jazz),simac___simac_Beethoven_The_String_Quartets_-_CD_3_02-II_Allegretto_vivace_e_sempre_scherzando
3771,-15.169865,-11.528204,2 (Classical + Jazz),simac___simac_Beethoven_The_String_Quartets_-_CD_3_04-IV_Theme_russe-_Allegro
3772,-15.181794,-9.221218,2 (Classical + Jazz),simac___simac_Beethoven_The_String_Quartets_-_CD_3_07-III_Allegretto_-_Maggiore_(Theme_russe)
3773,-15.121234,-11.719957,2 (Classical + Jazz),simac___simac_Beethoven_The_String_Quartets_-_CD_3_08-IV_Finale-_Presto
3774,-13.40588,-8.91136,2 (Classical + Jazz),simac___simac_Bela_Bartok_01-The_Miraculous_Mandarin_1.1_Allegro_1.2_Curtain
3775,-14.28972,-3.5836437,2 (Classical + Jazz),simac___simac_Bela_Bartok_02-The_Miraculous_Mandarin_2_1st_Decoy_Game
3776,-15.272921,-2.064017,2 (Classical + Jazz),simac___simac_Bela_Bartok_03-The_Miraculous_Mandarin_3_2nd_Decoy_Game
3777,-14.276872,-9.311127,2 (Classical + Jazz),simac___simac_Bela_Bartok_05-The_Miraculous_Mandarin_5.1_Maestoso_5.2_Allegro
3778,-14.0133705,-4.31724,2 (Classical + Jazz),simac___simac_Bela_Bartok_06-The_Miraculous_Mandarin_6.1_Sempre_vivo_6.2_Adagio
3779,-14.174606,-3.2120364,2 (Classical + Jazz),simac___simac_Bela_Bartok_07-The_Miraculous_Mandarin_7.1_Agitato_7.2_Molto_moderato
3780,-13.893744,-11.644349,2 (Classical + Jazz),simac___simac_Bela_Bartok_09-Music_for_Strings_Percussion_and_Celesta_I_Andante_tranquillo
3781,-13.988205,-11.419195,2 (Classical + Jazz),simac___simac_Bela_Bartok_11-Music_for_Strings_Percussion_and_Celesta_III_Adagio
3782,-14.113671,-4.46219,2 (Classical + Jazz),simac___simac_Bernstein_conducts_Stravinsky_01-Introduction_Part_1-_The_adoration_of_the_earth_
3783,-14.195293,-4.2394104,2 (Classical + Jazz),simac___simac_Bernstein_conducts_Stravinsky_02-The_augurs_of_spring
3784,-13.942536,-9.252946,2 (Classical + Jazz),simac___simac_Bernstein_conducts_Stravinsky_04-Spring_round_dances
3785,-14.859559,-12.7394495,2 (Classical + Jazz),simac___simac_Bernstein_conducts_Stravinsky_05-Games_of_the_rival_tribes
3786,-16.591032,-5.2315035,2 (Classical + Jazz),simac___simac_Bernstein_conducts_Stravinsky_06-Procession_of_the_wise_elder
3787,-14.397628,-12.231336,2 (Classical + Jazz),simac___simac_Bernstein_conducts_Stravinsky_08-Dance_of_the_earth
3788,-14.346066,-3.3893046,2 (Classical + Jazz),simac___simac_Bernstein_conducts_Stravinsky_10-Mystical_circles_of_the_young_girls
3789,-15.06107,-12.866466,2 (Classical + Jazz),simac___simac_Bernstein_conducts_Stravinsky_11-Glorfication_of_the_chosen_victim
3790,-15.283788,1.2628255,2 (Classical + Jazz),simac___simac_Bernstein_conducts_Stravinsky_12-Summoning_of_the_ancestors
3791,-14.192366,-13.143614,2 (Classical + Jazz),simac___simac_Bernstein_conducts_Stravinsky_14-Sacrifical_dance-_the_chosen_victim
3792,-14.745398,-12.467793,2 (Classical + Jazz),simac___simac_Bernstein_conducts_Stravinsky_15-Petrouchka_scene_1_-_The_shrovetide_fair
3793,-17.821884,0.3833836,2 (Classical + Jazz),simac___simac_Bernstein_conducts_Stravinsky_16-Legerdemain_scene-_Russian_danse
3794,-14.199339,-4.2737136,2 (Classical + Jazz),simac___simac_Bernstein_conducts_Stravinsky_17-Scene_2-_Petrushka_s_room
3795,-14.218746,-3.2275274,2 (Classical + Jazz),simac___simac_Bernstein_conducts_Stravinsky_19-Waltz_ballerina_and_the_moor
3796,-14.937803,-11.832097,2 (Classical + Jazz),simac___simac_Bernstein_conducts_Stravinsky_20-Scene_4-_The_Shrovetie_fair_toward_evening_
3797,-14.101284,-4.489179,2 (Classical + Jazz),simac___simac_Bernstein_conducts_Stravinsky_21-Danse_of_the_nursemaids
3798,-15.341125,1.1619673,2 (Classical + Jazz),simac___simac_Bernstein_conducts_Stravinsky_22-The_bear_and_the_peasant
3799,-14.873926,-11.989822,2 (Classical + Jazz),simac___simac_Bernstein_conducts_Stravinsky_23-The_jovial_merchant_with_two_gypsy_girls
3800,-14.368514,-11.44557,2 (Classical + Jazz),simac___simac_Bernstein_conducts_Stravinsky_24-Danse_of_the_coachmen_and_grooms
3801,-15.270551,-11.786482,2 (Classical + Jazz),simac___simac_Bernstein_conducts_Stravinsky_25-The_masqueraders
3802,-9.805864,-8.056571,2 (Classical + Jazz),simac___simac_Billie_Holiday_CD1_01-Summertime
3803,-10.047115,-8.336654,2 (Classical + Jazz),simac___simac_Billie_Holiday_CD1_02-Carelessly
3804,-7.519317,-5.8204746,2 (Classical + Jazz),simac___simac_Billie_Holiday_CD1_06-Who_loves_you
3805,-9.895777,-8.184092,2 (Classical + Jazz),simac___simac_Billie_Holiday_CD1_09-Lets_call_a_heart_to_heart
3806,-7.0057535,-3.6575456,2 (Classical + Jazz),simac___simac_Billie_Holiday_CD1_14-Loverman
3807,-14.968687,-12.077003,2 (Classical + Jazz),simac___simac_Cafe_Zimmermann_01-3e_Concert_Brandebourgeois_en_sol_majeur_BWV_1048_-_Allegro_-_Adagio
3808,-14.854988,-12.277821,2 (Classical + Jazz),simac___simac_Cafe_Zimmermann_02-3e_Concert_Brandebourgeois_en_sol_majeur_BWV_1048_-_Allegro
3809,-14.932861,-12.175528,2 (Classical + Jazz),simac___simac_Cafe_Zimmermann_03-Concerto_pour_deux_violons_&_cordes_en_r_mineur_BWV_1043_-_Vivace
3810,-14.244096,-11.519579,2 (Classical + Jazz),simac___simac_Cafe_Zimmermann_04-Concerto_pour_deux_violons_&_cordes_en_r_mineur_BWV_1043_-_Largo_ma_non_tanto
3811,-14.657109,-12.280082,2 (Classical + Jazz),simac___simac_Cafe_Zimmermann_05-Concerto_pour_deux_violons_&_cordes_en_r_mineur_BWV_1043_-_Allegro
3812,-14.410538,-11.724533,2 (Classical + Jazz),simac___simac_Cafe_Zimmermann_06-Suite_en_ut_majeur_BWV_1066_-_Ouverture
3813,-14.758371,-11.731876,2 (Classical + Jazz),simac___simac_Cafe_Zimmermann_07-Suite_en_ut_majeur_BWV_1066_-_Courante
3814,-14.851507,-12.356543,2 (Classical + Jazz),simac___simac_Cafe_Zimmermann_08-Suite_en_ut_majeur_BWV_1066_-_OuvertureGavottes_I_&_II
3815,-14.896121,-12.2662735,2 (Classical + Jazz),simac___simac_Cafe_Zimmermann_09-Suite_en_ut_majeur_BWV_1066_-_Forlane
3816,-14.836008,-11.797243,2 (Classical + Jazz),simac___simac_Cafe_Zimmermann_10-Suite_en_ut_majeur_BWV_1066_-_Menuets_I_&_II
3817,-15.045491,-12.316057,2 (Classical + Jazz),simac___simac_Cafe_Zimmermann_11-Suite_en_ut_majeur_BWV_1066_-_Bourres_I_&_II
3818,-14.7008295,-11.996569,2 (Classical + Jazz),simac___simac_Cafe_Zimmermann_13-Concerto_pour_hautbois_&_violon_en_ut_mineur_BWV_1060_-_Allegro
3819,-14.22791,-11.601171,2 (Classical + Jazz),simac___simac_Cafe_Zimmermann_14-Concerto_pour_hautbois_&_violon_en_ut_mineur_BWV_1060_-_Adagio
3820,-14.822733,-12.058434,2 (Classical + Jazz),simac___simac_Cafe_Zimmermann_15-Concerto_pour_hautbois_&_violon_en_ut_mineur_BWV_1060_-_Allegro
3821,-14.56836,-9.190897,2 (Classical + Jazz),simac___simac_Chopin_Piano_Concerto_No._1_etc_01-I_Allegro_maestoso_risoluto
3822,-14.2737465,-11.388053,2 (Classical + Jazz),simac___simac_Chopin_Piano_Concerto_No._1_etc_03-III_Rondo_(Vivace)
3823,-10.635727,-14.343948,2 (Classical + Jazz),simac___simac_Clandestino_-_esperando_la_ultima_ola_01-Clandestino
3824,-10.613436,-14.854411,2 (Classical + Jazz),simac___simac_Clandestino_-_esperando_la_ultima_ola_02-Desaparecido
3825,-9.716755,-14.710012,2 (Classical + Jazz),simac___simac_Clandestino_-_esperando_la_ultima_ola_03-Bongo_bong
3826,-9.617924,-14.603387,2 (Classical + Jazz),simac___simac_Clandestino_-_esperando_la_ultima_ola_04-Je_ne_t_aime_plus
3827,-11.458598,-14.375082,2 (Classical + Jazz),simac___simac_Clandestino_-_esperando_la_ultima_ola_05-Mentira
3828,-10.831148,-15.882316,2 (Classical + Jazz),simac___simac_Clandestino_-_esperando_la_ultima_ola_06-Lagrimas_de_oro
3829,-15.263028,-9.64895,2 (Classical + Jazz),simac___simac_Classic_Borodin_-_String_quartet_2_D_01
3830,-13.84285,-11.187691,2 (Classical + Jazz),simac___simac_Classic_Pergolesi_-_Stabat_Mater_01
3831,-14.39558,-10.792348,2 (Classical + Jazz),simac___simac_Classic_Pergolesi_-_Stabat_Mater_02
3832,-13.485526,-8.192728,2 (Classical + Jazz),simac___simac_Classic_Track_01
3833,-13.353435,-11.201949,2 (Classical + Jazz),simac___simac_Classic_Track_04
3834,-13.763488,-11.521918,2 (Classical + Jazz),simac___simac_Classic_Vivaldi_-_Stabat_Mater_01
3835,-12.848928,-11.392028,2 (Classical + Jazz),simac___simac_Classic_Vivaldi_-_Stabat_Mater_09
3836,-14.16011,-10.607952,2 (Classical + Jazz),simac___simac_Concert_01-Concerto_en_La_Majeur_pour_deux_Violons_A_Scordatura_et_basse_continue._Affetuoso
3837,-15.077649,-11.348059,2 (Classical + Jazz),simac___simac_Concert_02-2._Vivace
3838,-15.040186,-11.451991,2 (Classical + Jazz),simac___simac_Concert_04-4._Bourre
3839,-15.37589,-11.39152,2 (Classical + Jazz),simac___simac_Concert_06-2._Allegro
3840,-15.457202,-10.785197,2 (Classical + Jazz),simac___simac_Concert_08-4._Allegro
3841,-15.017489,-10.327978,2 (Classical + Jazz),simac___simac_Concert_11-3._Dolce
3842,-15.262898,-10.704014,2 (Classical + Jazz),simac___simac_Concert_12-4._Allegro
3843,-15.142762,-11.3103,2 (Classical + Jazz),simac___simac_Concert_13-Concero_en_Sol_Mineur_pour_flute_a_bec_violons_et_basse_continue._Allegro
3844,-15.22681,-11.24771,2 (Classical + Jazz),simac___simac_Concert_15-3._Bourre
3845,-15.275146,-10.708502,2 (Classical + Jazz),simac___simac_Concert_16-4._Menuet
3846,-14.878059,-11.59673,2 (Classical + Jazz),simac___simac_Concert_18-2._Allegro
3847,-15.531697,-6.90745,2 (Classical + Jazz),simac___simac_Concert_19-3._Largo_e_staccato
3848,-15.3562355,-11.292999,2 (Classical + Jazz),simac___simac_Concert_22-2._Allegro
3849,-15.27488,-11.239052,2 (Classical + Jazz),simac___simac_Concert_24-4._Presto
3850,-13.961324,-11.697158,2 (Classical + Jazz),simac___simac_DGG_419_047-2_02-Toccata_u._Fuge_d-moll_BWV_565_-_II_Fuge
3851,-13.780522,-11.652986,2 (Classical + Jazz),simac___simac_DGG_419_047-2_03-Praludium_u._Fuge_f-moll_BWV_534_-_I_Praludium
3852,-13.746611,-11.6243105,2 (Classical + Jazz),simac___simac_DGG_419_047-2_04-Praludium_u._Fuge_f-moll_BWV_534_-_II_Fuge
3853,-13.970388,-11.730813,2 (Classical + Jazz),simac___simac_DGG_419_047-2_06-Fantasie_u._Fuge_g-moll_BWV_542_-_II_Fuge
3854,-13.55584,-10.9905405,2 (Classical + Jazz),simac___simac_DGG_419_047-2_08-Toccata_Adagio_u._Fuge_C-dur_BWV_564_-_II_Adagio
3855,-14.147595,-11.739139,2 (Classical + Jazz),simac___simac_DGG_419_047-2_09-Toccata_Adagio_u._Fuge_C-dur_BWV_564_-_III_Fuge
3856,-13.680342,-11.425909,2 (Classical + Jazz),simac___simac_DGG_419_047-2_10-Triosonate_Nr._1_Es-Dur_BWV_525_-_I_(Allegro)
3857,-13.747016,-11.142204,2 (Classical + Jazz),simac___simac_DGG_419_047-2_11-Triosonate_Nr._1_Es-Dur_BWV_525_-_II_Adagio
3858,-13.792004,-11.702679,2 (Classical + Jazz),simac___simac_DGG_419_047-2_12-Triosonate_Nr._1_Es-Dur_BWV_525_-_III_Allegro
3859,-9.680193,-7.9920897,2 (Classical + Jazz),simac___simac_Ella_&_Louis_01-Its_Only_A_Paper_Moon
3860,-9.971913,-8.455545,2 (Classical + Jazz),simac___simac_Ella_&_Louis_02-We_Cant_Go_On_This_Way
3861,-9.811785,-8.38704,2 (Classical + Jazz),simac___simac_Ella_&_Louis_03-A_Tisket-A_Tasket
3862,-9.757191,-8.191026,2 (Classical + Jazz),simac___simac_Ella_&_Louis_04-Sing_Song_Swing
3863,-9.872613,-8.001958,2 (Classical + Jazz),simac___simac_Ella_&_Louis_05-Youll_Have_To_Swing_It
3864,-10.768747,-8.212222,2 (Classical + Jazz),simac___simac_Ella_&_Louis_07-Taking_A_Chance_On_Love
3865,-10.884174,-9.371849,2 (Classical + Jazz),simac___simac_Ella_&_Louis_08-Flying_Home
3866,-10.786893,-9.185031,2 (Classical + Jazz),simac___simac_Ella_&_Louis_09-Oh_Lady_Be_Good
3867,-7.793495,-4.776013,2 (Classical + Jazz),simac___simac_Ella_&_Louis_10-Cow_Cow_Boogie
3868,-10.115235,-8.511992,2 (Classical + Jazz),simac___simac_Ella_&_Louis_11-Oh_Johnny
3869,-10.700975,-9.314857,2 (Classical + Jazz),simac___simac_Ella_&_Louis_12-Lover_Come_Back_To_Me
3870,-9.755613,-8.183144,2 (Classical + Jazz),simac___simac_Ella_&_Louis_13-Holiday_In_Harlem
3871,-9.446454,-7.7467175,2 (Classical + Jazz),simac___simac_Ella_&_Louis_14-Coochi_Coochi_Coo
3872,-9.083555,-7.216902,2 (Classical + Jazz),simac___simac_Ella_&_Louis_15-Billy
3873,-9.452319,-7.6731577,2 (Classical + Jazz),simac___simac_Ella_&_Louis_16-If_You_Ever_Change_Your_Mind
3874,-7.2847,-6.130161,2 (Classical + Jazz),simac___simac_Ella_&_Louis_17-Three_Little_Words
3875,-11.109963,-15.93487,2 (Classical + Jazz),simac___simac_Eres_luz_01-Eres_luz_(Rumba)
3876,-10.963279,-15.698944,2 (Classical + Jazz),simac___simac_Eres_luz_04-Como_tu_ninguna_(Rumba)
3877,-10.97627,-14.512213,2 (Classical + Jazz),simac___simac_Eres_luz_07-En_una_canasta_(Rumba-Tango)
3878,-11.654417,-15.055205,2 (Classical + Jazz),simac___simac_Eres_luz_12-Genios_(Rumba-Cancion)
3879,-17.593788,-7.818965,2 (Classical + Jazz),simac___simac_Eventail_05-Fandango
3880,-18.422188,4.104474,2 (Classical + Jazz),simac___simac_Eventail_07_Romanza_Del_Pescador
3881,-16.03565,-10.080776,2 (Classical + Jazz),simac___simac_Eventail_09-Asturias
3882,-16.48466,6.060964,2 (Classical + Jazz),simac___simac_Eventail_10-Prld1
3883,-16.514254,6.1098056,2 (Classical + Jazz),simac___simac_Eventail_14-Prld5
3884,-12.703502,-10.875656,2 (Classical + Jazz),simac___simac_Fado_01-AudioTrack_01
3885,-10.466747,-8.940058,2 (Classical + Jazz),simac___simac_Fado_02-AudioTrack_02
3886,-11.347389,-10.717424,2 (Classical + Jazz),simac___simac_Fado_03-AudioTrack_03
3887,-10.624785,-13.149951,2 (Classical + Jazz),simac___simac_Fado_04-AudioTrack_04
3888,-10.414302,-13.667011,2 (Classical + Jazz),simac___simac_Fado_05-AudioTrack_05
3889,-11.009884,-11.402445,2 (Classical + Jazz),simac___simac_Fado_07-AudioTrack_07
3890,-11.132485,-11.523193,2 (Classical + Jazz),simac___simac_Fado_08-AudioTrack_08
3891,-10.682042,-12.031735,2 (Classical + Jazz),simac___simac_Fado_09-AudioTrack_09
3892,-10.316175,-12.867172,2 (Classical + Jazz),simac___simac_Fado_10-AudioTrack_10
3893,-10.924719,-11.170228,2 (Classical + Jazz),simac___simac_Fado_11-AudioTrack_11
3894,-12.1798935,-14.725443,2 (Classical + Jazz),simac___simac_Family_Tree_-_Greatest_Hits_As_Chosen_By_Bjork_01-Venus_As_A_Boy
3895,-12.723231,-14.379876,2 (Classical + Jazz),simac___simac_Family_Tree_-_Greatest_Hits_As_Chosen_By_Bjork_02-Hyperballad
3896,-13.6449,-11.341313,2 (Classical + Jazz),simac___simac_Family_Tree_-_Greatest_Hits_As_Chosen_By_Bjork_03-You_ve_Been_Flirting_Again
3897,-11.028897,-16.220573,2 (Classical + Jazz),simac___simac_Family_Tree_-_Greatest_Hits_As_Chosen_By_Bjork_04-Isobel
3898,-7.3484583,-12.510275,2 (Classical + Jazz),simac___simac_Family_Tree_-_Greatest_Hits_As_Chosen_By_Bjork_05-Joga
3899,-10.373868,-12.148675,2 (Classical + Jazz),simac___simac_Family_Tree_-_Greatest_Hits_As_Chosen_By_Bjork_06-Unravel
3900,-12.999662,-14.7161255,2 (Classical + Jazz),simac___simac_Family_Tree_-_Greatest_Hits_As_Chosen_By_Bjork_07-Bachelorette
3901,-13.386309,-14.741047,2 (Classical + Jazz),simac___simac_Family_Tree_-_Greatest_Hits_As_Chosen_By_Bjork_08-All_Is_Full_Of_Love
3902,-8.848247,-13.566213,2 (Classical + Jazz),simac___simac_Family_Tree_-_Greatest_Hits_As_Chosen_By_Bjork_09-Scatterheart
3903,-10.388164,-12.382871,2 (Classical + Jazz),simac___simac_Family_Tree_-_Greatest_Hits_As_Chosen_By_Bjork_10-I_ve_Seen_It_All
3904,-10.855538,-12.406357,2 (Classical + Jazz),simac___simac_Family_Tree_-_Greatest_Hits_As_Chosen_By_Bjork_11-Pagan_Poetry
3905,-10.433034,-12.031104,2 (Classical + Jazz),simac___simac_Family_Tree_-_Greatest_Hits_As_Chosen_By_Bjork_12-It_s_Not_Up_To_You
3906,-10.69685,-15.840544,2 (Classical + Jazz),simac___simac_Fight_To_Win_01-Do_your_best
3907,-10.191079,-15.802385,2 (Classical + Jazz),simac___simac_Fight_To_Win_02-Walk_on_the_right_side
3908,-10.631912,-15.883533,2 (Classical + Jazz),simac___simac_Fight_To_Win_03-Traitors_of_Africa
3909,-13.601584,-14.217552,2 (Classical + Jazz),simac___simac_Gold_-_Greatest_Hits_01-Dancing_Queen
3910,-12.410987,-13.788808,2 (Classical + Jazz),simac___simac_Gold_-_Greatest_Hits_02-Knowing_Me_Knowing_You
3911,-13.469314,-14.264622,2 (Classical + Jazz),simac___simac_Gold_-_Greatest_Hits_03-Take_A_Chance_On_Me
3912,-11.112087,-14.827053,2 (Classical + Jazz),simac___simac_Gold_-_Greatest_Hits_04-Mamma_Mia
3913,-11.934407,-15.033287,2 (Classical + Jazz),simac___simac_Gold_-_Greatest_Hits_05-Lay_All_Your_Love_On_Me
3914,-11.846783,-13.627204,2 (Classical + Jazz),simac___simac_Gold_-_Greatest_Hits_06-Super_Trouper
3915,-11.917054,-12.136547,2 (Classical + Jazz),simac___simac_Gold_-_Greatest_Hits_07-I_Have_A_Dream
3916,-12.276682,-11.952992,2 (Classical + Jazz),simac___simac_Gold_-_Greatest_Hits_08-The_Winner_Takes_It_All
3917,-12.960796,-13.039017,2 (Classical + Jazz),simac___simac_Gold_-_Greatest_Hits_09-Money_Money_Money
3918,-13.582264,-14.121896,2 (Classical + Jazz),simac___simac_Gold_-_Greatest_Hits_10-S._O._S
3919,-12.581202,-11.629804,2 (Classical + Jazz),simac___simac_Gold_-_Greatest_Hits_11-Chiquitita
3920,-13.269035,-12.671233,2 (Classical + Jazz),simac___simac_Gold_-_Greatest_Hits_12-Fernando
3921,-11.816263,-13.95919,2 (Classical + Jazz),simac___simac_Gold_-_Greatest_Hits_13-Voulez_Vous
3922,-10.464346,-14.329177,2 (Classical + Jazz),simac___simac_Gold_-_Greatest_Hits_14-Gimme_Gimme_Gimme_(A_Man_After_Midnight)
3923,-12.252325,-14.446388,2 (Classical + Jazz),simac___simac_Gold_-_Greatest_Hits_15-Does_Your_Mother_Know
3924,-10.316506,-13.1384735,2 (Classical + Jazz),simac___simac_Gold_-_Greatest_Hits_16-One_Of_Us
3925,-10.991078,-12.384396,2 (Classical + Jazz),simac___simac_Gold_-_Greatest_Hits_17-The_Name_Of_The_Game
3926,-12.946411,-14.069856,2 (Classical + Jazz),simac___simac_Gold_-_Greatest_Hits_19-Waterloo
3927,-14.658424,-13.629861,2 (Classical + Jazz),simac___simac_Kocani_Orkester_03._Romski_Cocek
3928,-14.366169,-14.033156,2 (Classical + Jazz),simac___simac_Kocani_Orkester_Kocani_Orkestar_-_Burkan_Cocek
3929,-12.589677,-15.8114,2 (Classical + Jazz),simac___simac_Kocani_Orkester_Trubaci_-_Nikol
3930,-14.338769,-13.48103,2 (Classical + Jazz),simac___simac_Kocani_Orkester_Trubaci_-_Solo_tapan
3931,-13.76827,-11.152284,2 (Classical + Jazz),simac___simac_Ludwid_van_Beethoven_02-II._Adagio_ma_non_troppo_e_molto_cantabile_-_Andante_con_moto_-_Adagio_molto_espressivo
3932,-15.556404,-10.858982,2 (Classical + Jazz),simac___simac_Ludwid_van_Beethoven_04-IV._Finale
3933,-13.625549,-11.270271,2 (Classical + Jazz),simac___simac_Ludwid_van_Beethoven_05-Quartet_in_C-sharp_major_Op._131_I._Adagio_ma_non_troppo_e_molto_espressivo_-_attacca
3934,-14.257765,-9.598771,2 (Classical + Jazz),simac___simac_Ludwid_van_Beethoven_08-IV._Andante_ma_non_troppo_e_molto_cantabile_-_Andante_moderato_e_lusinghiero
3935,-13.871708,-10.928231,2 (Classical + Jazz),simac___simac_Ludwid_van_Beethoven_10-VI._Adagio_quasi_un_poco_andante_-_attacca
3936,-12.938331,-13.383912,2 (Classical + Jazz),simac___simac_Niandra_LaDes_and_Usually_Just_a_T-Shirt_01-As_Can_Be
3937,-12.1319685,-10.354804,2 (Classical + Jazz),simac___simac_Niandra_LaDes_and_Usually_Just_a_T-Shirt_03-Head_(Beach_Arab)
3938,-12.327849,-13.650449,2 (Classical + Jazz),simac___simac_Niandra_LaDes_and_Usually_Just_a_T-Shirt_04-Big_Takeover
3939,-12.3268585,-11.715654,2 (Classical + Jazz),simac___simac_Niandra_LaDes_and_Usually_Just_a_T-Shirt_05-Curtains
3940,-12.065774,-12.080008,2 (Classical + Jazz),simac___simac_Niandra_LaDes_and_Usually_Just_a_T-Shirt_06-Running_Away_Into_You
3941,-11.669944,-11.018047,2 (Classical + Jazz),simac___simac_Niandra_LaDes_and_Usually_Just_a_T-Shirt_07-Mascara
3942,-12.181716,-13.751078,2 (Classical + Jazz),simac___simac_Niandra_LaDes_and_Usually_Just_a_T-Shirt_08-Been_Insane
3943,-11.762997,-15.314816,2 (Classical + Jazz),simac___simac_Niandra_LaDes_and_Usually_Just_a_T-Shirt_09-Skin_Blues
3944,-11.772943,-11.185612,2 (Classical + Jazz),simac___simac_Niandra_LaDes_and_Usually_Just_a_T-Shirt_10-Your_Pussys_Glued_to_a_Building_on_Fire
3945,-11.096215,-10.945842,2 (Classical + Jazz),simac___simac_Niandra_LaDes_and_Usually_Just_a_T-Shirt_11-Blood_on_My_Neck_From_Success
3946,-12.215651,-11.046457,2 (Classical + Jazz),simac___simac_Niandra_LaDes_and_Usually_Just_a_T-Shirt_12-Ten_to_Butter_Blood_Voodoo
3947,-11.958297,-10.367518,2 (Classical + Jazz),simac___simac_Niandra_LaDes_and_Usually_Just_a_T-Shirt_14-Usually_Just_a_T-Shirt_Untitled_2
3948,-11.65301,-10.429922,2 (Classical + Jazz),simac___simac_Niandra_LaDes_and_Usually_Just_a_T-Shirt_15-Usually_Just_a_T-Shirt_Untitled_3
3949,-12.091098,-10.216827,2 (Classical + Jazz),simac___simac_Niandra_LaDes_and_Usually_Just_a_T-Shirt_16-Usually_Just_a_T-Shirt_Untitled_4
3950,-12.340044,-10.378513,2 (Classical + Jazz),simac___simac_Niandra_LaDes_and_Usually_Just_a_T-Shirt_18-Usually_Just_a_T-Shirt_Untitled_6
3951,-12.270898,-10.347886,2 (Classical + Jazz),simac___simac_Niandra_LaDes_and_Usually_Just_a_T-Shirt_19-Usually_Just_a_T-Shirt_Untitled_7
3952,-11.406251,-9.384791,2 (Classical + Jazz),simac___simac_Niandra_LaDes_and_Usually_Just_a_T-Shirt_20-Usually_Just_a_T-Shirt_Untitled_8
3953,-12.144116,-10.078828,2 (Classical + Jazz),simac___simac_Niandra_LaDes_and_Usually_Just_a_T-Shirt_21-Usually_Just_a_T-Shirt_Untitled_9
3954,-12.125745,-12.62633,2 (Classical + Jazz),simac___simac_Papakonstantinou_01-AudioTrack_01
3955,-11.239907,-12.951239,2 (Classical + Jazz),simac___simac_Papakonstantinou_02-AudioTrack_02
3956,-11.548386,-11.901213,2 (Classical + Jazz),simac___simac_Papakonstantinou_03-AudioTrack_03
3957,-11.549392,-12.435946,2 (Classical + Jazz),simac___simac_Papakonstantinou_04-AudioTrack_04
3958,-10.781206,-11.827402,2 (Classical + Jazz),simac___simac_Papakonstantinou_05-AudioTrack_05
3959,-11.741083,-12.202615,2 (Classical + Jazz),simac___simac_Papakonstantinou_06-AudioTrack_06
3960,-12.54971,-14.815262,2 (Classical + Jazz),simac___simac_Papakonstantinou_07-AudioTrack_07
3961,-10.662375,-11.665326,2 (Classical + Jazz),simac___simac_Papakonstantinou_09-AudioTrack_09
3962,-12.198058,-12.707539,2 (Classical + Jazz),simac___simac_Papakonstantinou_10-AudioTrack_10
3963,-11.277493,-12.019457,2 (Classical + Jazz),simac___simac_Papakonstantinou_12-AudioTrack_12
3964,-11.271652,-11.385359,2 (Classical + Jazz),simac___simac_Papakonstantinou_13-AudioTrack_13
3965,-12.298385,-12.004934,2 (Classical + Jazz),simac___simac_Papakonstantinou_14-AudioTrack_14
3966,-12.393394,-11.200576,2 (Classical + Jazz),simac___simac_Papakonstantinou_15-AudioTrack_15
3967,-10.465967,-13.280184,2 (Classical + Jazz),simac___simac_Papakonstantinou_16-AudioTrack_16
3968,-11.054928,-11.191789,2 (Classical + Jazz),simac___simac_Papakonstantinou_17-AudioTrack_17
3969,-10.889733,-12.869975,2 (Classical + Jazz),simac___simac_Papakonstantinou_18-AudioTrack_18
3970,-10.292789,-11.365509,2 (Classical + Jazz),simac___simac_Papakonstantinou_19-AudioTrack_19
3971,-12.188864,-12.69163,2 (Classical + Jazz),simac___simac_Papakonstantinou_20-AudioTrack_20
3972,-11.055766,-11.998009,2 (Classical + Jazz),simac___simac_Papakonstantinou_21-AudioTrack_21
3973,-9.082531,-14.017854,2 (Classical + Jazz),simac___simac_Primer_Aliento_01-Sintonia_del_refugio_atomico
3974,-9.641258,-13.999717,2 (Classical + Jazz),simac___simac_Primer_Aliento_02-Nuclear_si_por_supuesto_
3975,-9.367911,-13.95845,2 (Classical + Jazz),simac___simac_Primer_Aliento_03-El_retorno_de_Godzilla
3976,-8.553269,-13.393059,2 (Classical + Jazz),simac___simac_Primer_Aliento_04-Varsovia_en_llamas
3977,-8.921181,-13.510598,2 (Classical + Jazz),simac___simac_Primer_Aliento_05-Programa_en_espiral
3978,-9.606074,-12.76037,2 (Classical + Jazz),simac___simac_Primer_Aliento_06-La_persecucion
3979,-9.006364,-13.82898,2 (Classical + Jazz),simac___simac_Primer_Aliento_07-Telepatia
3980,-9.145131,-13.625968,2 (Classical + Jazz),simac___simac_Primer_Aliento_08-El_ultimo_asalto_a_la_Bastilla
3981,-9.379306,-13.834957,2 (Classical + Jazz),simac___simac_Primer_Aliento_09-Brigada_de_demolicion
3982,-9.405226,-13.3485365,2 (Classical + Jazz),simac___simac_Primer_Aliento_10-Ondina
3983,-8.849072,-13.307869,2 (Classical + Jazz),simac___simac_Primer_Aliento_11-La_television_es_nutritiva
3984,-9.207561,-13.67256,2 (Classical + Jazz),simac___simac_Primer_Aliento_12-Cita_en_el_asteroide_Eden
3985,-9.341004,-13.488371,2 (Classical + Jazz),simac___simac_Primer_Aliento_13-Obsesion
3986,-13.584162,-15.188407,2 (Classical + Jazz),simac___simac_Primer_Aliento_14-Sintonia_de_la_moda_estandarizada
3987,-9.134214,-13.818179,2 (Classical + Jazz),simac___simac_Primer_Aliento_15-El_laberinto_del_nuevo_Minotauro
3988,-9.611264,-14.689393,2 (Classical + Jazz),simac___simac_Primer_Aliento_16-Kraken
3989,-9.054485,-13.311251,2 (Classical + Jazz),simac___simac_Primer_Aliento_17-Selector_de_frecuencias
3990,-8.715555,-13.649786,2 (Classical + Jazz),simac___simac_Primer_Aliento_18-La_cicatriz_en_la_fabrica_roja
3991,-10.028993,-14.119107,2 (Classical + Jazz),simac___simac_Primer_Aliento_19-El_nacimiento_de_la_industria
3992,-9.811604,-16.072535,2 (Classical + Jazz),simac___simac_R.A.F.I_01-Assassin
3993,-9.844804,-16.285881,2 (Classical + Jazz),simac___simac_R.A.F.I_02-Change
3994,-9.963229,-15.851991,2 (Classical + Jazz),simac___simac_R.A.F.I_03-Black_White
3995,-10.487187,-15.931682,2 (Classical + Jazz),simac___simac_R.A.F.I_04-Buzzing
3996,-9.617481,-16.707657,2 (Classical + Jazz),simac___simac_R.A.F.I_05-Free_Satpal_Ram
3997,16.222622,0.38777748,1 (Pop + Groove + Rock + Hip-Hop),simac___simac_R.A.F.I_06-Modern_Apprentice
3998,-7.3932247,-13.001561,2 (Classical + Jazz),simac___simac_R.A.F.I_07-Operation_Eagle_Lie
3999,-8.359769,-11.809315,2 (Classical + Jazz),simac___simac_R.A.F.I_08-Hypocrite
4000,-8.217521,-15.4915495,2 (Classical + Jazz),simac___simac_R.A.F.I_09-Naxalite
4001,-10.342951,-16.308577,2 (Classical + Jazz),simac___simac_R.A.F.I_10-Loot
4002,-10.583905,-16.43654,2 (Classical + Jazz),simac___simac_R.A.F.I_11-Dub_Mentality
4003,16.06669,0.36080685,1 (Pop + Groove + Rock + Hip-Hop),simac___simac_R.A.F.I_12-Culture_Move
4004,-6.426995,-14.007178,2 (Classical + Jazz),simac___simac_R.A.F.I_13-Real_Areas_For_Investigation
4005,-12.206605,-14.170284,2 (Classical + Jazz),simac___simac_Samba_na_Madrugada_01-Arvoredo
4006,-11.171053,-13.894977,2 (Classical + Jazz),simac___simac_Samba_na_Madrugada_02-Maioria_sem_Nenhum
4007,-10.724437,-14.648417,2 (Classical + Jazz),simac___simac_Samba_na_Madrugada_03-14_Anos
4008,-11.18859,-15.067994,2 (Classical + Jazz),simac___simac_Samba_na_Madrugada_04-Sofreguidao
4009,-11.376124,-14.8205805,2 (Classical + Jazz),simac___simac_Samba_na_Madrugada_05-Momento_de_Fraqueza
4010,-11.235743,-14.44637,2 (Classical + Jazz),simac___simac_Samba_na_Madrugada_06-Minha_Cofissao
4011,-10.357178,-13.938572,2 (Classical + Jazz),simac___simac_Samba_na_Madrugada_07-Perfeito_Amor
4012,-10.072124,-13.988721,2 (Classical + Jazz),simac___simac_Samba_na_Madrugada_08-Mascarada
4013,-10.320754,-13.695724,2 (Classical + Jazz),simac___simac_Samba_na_Madrugada_09-Depois_de_Tanto_Amor
4014,-10.793782,-14.914409,2 (Classical + Jazz),simac___simac_Samba_na_Madrugada_10-Samba_Original
4015,-10.99194,-14.88845,2 (Classical + Jazz),simac___simac_Samba_na_Madrugada_11-Alo_Alo
4016,-6.283684,-14.132959,2 (Classical + Jazz),simac___simac_Santana_01-Jingo
4017,-11.612953,-9.900656,2 (Classical + Jazz),simac___simac_Santana_02-El_Corazon_Manada
4018,-11.984326,-9.97947,2 (Classical + Jazz),simac___simac_Santana_03-La_Puesta_De_Sol
4019,-11.923119,-13.007067,2 (Classical + Jazz),simac___simac_Selling_England_By_The_Pound_01-Dancing_with_the_Moonlit_Knight
4020,-13.064296,-14.003688,2 (Classical + Jazz),simac___simac_Selling_England_By_The_Pound_02-I_Know_What_I_Like_In_Your_Wardrobe_
4021,-10.035715,-11.189339,2 (Classical + Jazz),simac___simac_So_Cartola_01-Quem_me_Ve_Sorrindo_Sei_Chorar_Alegria
4022,-10.580017,-14.947273,2 (Classical + Jazz),simac___simac_So_Cartola_02-Alvorada_Ao_Amanhecer
4023,-4.987543,-2.3825111,2 (Classical + Jazz),simac___simac_So_Cartola_03-Sala_de_Recepcao
4024,-10.095413,-11.131211,2 (Classical + Jazz),simac___simac_So_Cartola_05-Fiz_por_Voce_o_que_Pude
4025,-10.978208,-11.87591,2 (Classical + Jazz),simac___simac_So_Cartola_06-O_Inverno_do_Meu_Tempo
4026,-10.990946,-14.699883,2 (Classical + Jazz),simac___simac_So_Cartola_07-Tive_Sim
4027,-10.63858,-11.220662,2 (Classical + Jazz),simac___simac_So_Cartola_08-Amor_Proibido
4028,-11.688778,-14.044393,2 (Classical + Jazz),simac___simac_So_Cartola_11-O_Que_e_Feito_de_Voce_
4029,-10.189127,-14.961162,2 (Classical + Jazz),simac___simac_So_Cartola_12-Divina_Dama
4030,-10.356939,-15.007159,2 (Classical + Jazz),simac___simac_So_Cartola_13-Velho_Estacio
4031,-10.719069,-15.011544,2 (Classical + Jazz),simac___simac_So_Cartola_14-Ciume_Doentio
4032,-11.448934,-14.123905,2 (Classical + Jazz),simac___simac_So_Cartola_16-Sofreguidao
4033,-4.545638,-2.0551996,2 (Classical + Jazz),simac___simac_So_Cartola_17-A_Mesma_Historia
4034,-10.642038,-14.301908,2 (Classical + Jazz),simac___simac_So_Cartola_18-Peito_Vazio
4035,-10.91021,-15.0114565,2 (Classical + Jazz),simac___simac_So_Cartola_19-Injuria_O_Sol_Nascera
4036,-11.9257345,-14.21398,2 (Classical + Jazz),simac___simac_So_Cartola_20-As_Rosas_Nao_Falam
4037,-11.360878,-14.920194,2 (Classical + Jazz),simac___simac_Songs_Adalberto_(Adalberto_Alvarez_y_su_son)_-_Pura_imagen
4038,-11.331756,-14.7115965,2 (Classical + Jazz),simac___simac_Songs_Adalberto_(Adalberto_Alvarez_y_su_son)_-_Sobre_tu_piel
4039,-12.888431,-13.7500515,2 (Classical + Jazz),simac___simac_Songs_Afrocuba_-_A_Luisa
4040,-11.1365385,-15.199662,2 (Classical + Jazz),simac___simac_Songs_Afrocuba_-_Cambio_de_Clima
4041,-11.738703,-15.648747,2 (Classical + Jazz),simac___simac_Songs_Afrocuba_-_Mezquinidad
4042,-10.728016,-15.4282,2 (Classical + Jazz),simac___simac_Songs_Alejandro_(Alex_Benson)_-_Golondrina
4043,-9.881004,-15.607043,2 (Classical + Jazz),simac___simac_Songs_Alejandro_(Alex_Benson)_-_Tengo_una_penita
4044,-12.782914,-13.565027,2 (Classical + Jazz),simac___simac_Songs_Alfredo_-_Ahora_somos_felices
4045,-10.393389,-14.824275,2 (Classical + Jazz),simac___simac_Songs_Alfredo_-_La_rumba_de_Alfredo
4046,-9.449579,-9.977513,2 (Classical + Jazz),simac___simac_Songs_Caledonia_Blues_Band_-_Burning_Heart
4047,-11.036682,-15.70733,2 (Classical + Jazz),simac___simac_Songs_Caracas_Latin_Brothers_-_El_espectaculo
4048,-10.428884,-15.355883,2 (Classical + Jazz),simac___simac_Songs_Caracas_Latin_Brothers_-_Los_hombres_tambien_lo_mueven
4049,-12.356808,-14.8451805,2 (Classical + Jazz),simac___simac_Songs_Pastora_-_Lola
4050,27.322794,10.740436,1 (Pop + Groove + Rock + Hip-Hop),simac___simac_Tales_Of_Mystery_And_Imagination_01-A_Dream_Within_A_Dream
4051,-10.363342,-10.121485,2 (Classical + Jazz),simac___simac_Tales_Of_Mystery_And_Imagination_02-The_Raven
4052,-13.517895,-14.945017,2 (Classical + Jazz),simac___simac_Tales_Of_Mystery_And_Imagination_03-The_Tell-tale_Heart
4053,-11.677327,-11.459592,2 (Classical + Jazz),simac___simac_Tales_Of_Mystery_And_Imagination_04-The_Cask_Of_Amontillado
4054,-12.011233,-13.806125,2 (Classical + Jazz),simac___simac_Tales_Of_Mystery_And_Imagination_05-_The_System_Of_Doctor_Tarr_And_Professor_Fether
4055,-12.707908,-14.867669,2 (Classical + Jazz),simac___simac_Tales_Of_Mystery_And_Imagination_07-The_Fall_Of_The_House_Of_Usher_II_Arrival
4056,-14.3199,-13.262041,2 (Classical + Jazz),simac___simac_Tales_Of_Mystery_And_Imagination_09-The_Fall_Of_The_House_Of_Usher_IV_Pavane
4057,-10.103924,-12.491457,2 (Classical + Jazz),simac___simac_Tales_Of_Mystery_And_Imagination_11-To_One_In_Paradise
4058,3.117587,-10.664662,1 (Pop + Groove + Rock + Hip-Hop),simac___simac_Tanto_Tempo_01-Samba_da_Bencao
4059,-10.001123,-14.032389,2 (Classical + Jazz),simac___simac_Tanto_Tempo_02-August_Day_Song
4060,-10.271485,-15.170518,2 (Classical + Jazz),simac___simac_Tanto_Tempo_04-Sem_Contencao
4061,-9.85823,-12.414468,2 (Classical + Jazz),simac___simac_Tanto_Tempo_05-Mais_Feliz
4062,-11.776105,-14.851252,2 (Classical + Jazz),simac___simac_Tanto_Tempo_06-Alguem
4063,-10.463801,-14.142308,2 (Classical + Jazz),simac___simac_Tanto_Tempo_07-So_Nice_Summer_Samba_
4064,-11.928503,-14.742446,2 (Classical + Jazz),simac___simac_Tanto_Tempo_08-Lonely
4065,-9.885401,-14.919646,2 (Classical + Jazz),simac___simac_Tanto_Tempo_09-Bananeira
4066,-4.676565,-1.5092124,2 (Classical + Jazz),simac___simac_Tanto_Tempo_10-Samba_e_Amor
4067,-10.835749,-15.757639,2 (Classical + Jazz),simac___simac_Tanto_Tempo_11-Close_Your_Eyes
4068,-13.107113,-10.567021,2 (Classical + Jazz),simac___simac_The_Art_of_Spanish_Guitar_01-Tarrega_Recuerdos_de_la_Alhambra
4069,-16.273727,-9.721957,2 (Classical + Jazz),simac___simac_The_Art_of_Spanish_Guitar_02-Lauro_Dos_Valses_Venezolanos_-_Uno
4070,-13.248125,-10.475675,2 (Classical + Jazz),simac___simac_The_Art_of_Spanish_Guitar_04-Sojo_Guaso
4071,-17.020245,3.424423,2 (Classical + Jazz),simac___simac_The_Art_of_Spanish_Guitar_05-Sojo_Cancion
4072,-7.812534,-15.245759,2 (Classical + Jazz),simac___simac_The_Crackdown_01-24-24
4073,-7.628969,-14.92136,2 (Classical + Jazz),simac___simac_The_Crackdown_02-In_the_Shadows
4074,-7.8493,-15.193346,2 (Classical + Jazz),simac___simac_The_Crackdown_03-Talking_Time
4075,-8.620563,-15.43716,2 (Classical + Jazz),simac___simac_The_Crackdown_04-Animation
4076,-8.157013,-14.853858,2 (Classical + Jazz),simac___simac_The_Crackdown_05-Over_and_Over
4077,-8.572756,-15.106798,2 (Classical + Jazz),simac___simac_The_Crackdown_06-Just_Fascination
4078,-8.046211,-14.804385,2 (Classical + Jazz),simac___simac_The_Crackdown_07-Why_Kill_Time_When_You_Can_Kill_Yourself_
4079,-7.907121,-14.528984,2 (Classical + Jazz),simac___simac_The_Crackdown_08-Haiti
4080,15.3585415,-0.98355126,1 (Pop + Groove + Rock + Hip-Hop),simac___simac_The_Crackdown_09-Crackdown
4081,-8.390246,-15.32894,2 (Classical + Jazz),simac___simac_The_Crackdown_10-Diskono
4082,-9.866894,-9.029084,2 (Classical + Jazz),simac___simac_The_Crackdown_13-Moscow
4083,-12.126071,-15.730004,2 (Classical + Jazz),simac___simac_Tomatito_Tomatito-01.Barrio_negro
4084,-11.787329,-12.815368,2 (Classical + Jazz),simac___simac_Tomatito_Tomatito-02.La_voz_del_tiempo
4085,-11.954403,-16.004883,2 (Classical + Jazz),simac___simac_Tomatito_Tomatito-04.Armonias_del_Romane
4086,-12.030706,-15.957772,2 (Classical + Jazz),simac___simac_Tomatito_Tomatito-05.A_mi_tao_El_Nino_Miguel
4087,-11.701264,-14.747091,2 (Classical + Jazz),simac___simac_Tomatito_Tomatito-06.Caminillo_viejo
4088,-12.245992,-11.35126,2 (Classical + Jazz),simac___simac_VOL.3_Musiques_pour_guitare_et_violoncelle_01-M._Baumann_Duo_pour_guitare_et_violoncelle_op.62_-_1._Prelude_(Lento_rubato)
4089,-18.495344,4.399827,2 (Classical + Jazz),simac___simac_VOL.3_Musiques_pour_guitare_et_violoncelle_03-3._Berceuse_(Lento_molto)
4090,-18.00372,-7.5236826,2 (Classical + Jazz),simac___simac_VOL.3_Musiques_pour_guitare_et_violoncelle_04-4._Hommage_ade_Falla_(Allegro)
4091,-14.056957,-10.412594,2 (Classical + Jazz),simac___simac_VOL.3_Musiques_pour_guitare_et_violoncelle_06-E._Granados_Intermezzo_(de_Goyescas_)
4092,-13.986533,-10.499332,2 (Classical + Jazz),simac___simac_VOL.3_Musiques_pour_guitare_et_violoncelle_07-H._Villa-lobos_Bachianas_Brasileiras_No.5_(Aria)
4093,-14.984376,-9.701476,2 (Classical + Jazz),simac___simac_VOL.3_Musiques_pour_guitare_et_violoncelle_09-M._de_Falla_7_chansons_populaires_espagnoles_(extraits)_-_El_pano_moruno
4094,-14.079864,-4.9612846,2 (Classical + Jazz),simac___simac_VOL.3_Musiques_pour_guitare_et_violoncelle_11-Nana
4095,-14.937928,-9.649555,2 (Classical + Jazz),simac___simac_VOL.3_Musiques_pour_guitare_et_violoncelle_12-Cancion
4096,-13.552535,-12.483355,2 (Classical + Jazz),simac___simac_Xatzidakis_01-AudioTrack_01
4097,-13.3442,-12.021285,2 (Classical + Jazz),simac___simac_Xatzidakis_02-AudioTrack_02
4098,-13.967811,-12.454389,2 (Classical + Jazz),simac___simac_Xatzidakis_03-AudioTrack_03
4099,-13.622615,-11.931041,2 (Classical + Jazz),simac___simac_Xatzidakis_05-AudioTrack_05
4100,-13.806677,-13.02624,2 (Classical + Jazz),simac___simac_Xatzidakis_06-AudioTrack_06
4101,-13.345912,-13.535927,2 (Classical + Jazz),simac___simac_Xatzidakis_08-AudioTrack_08
4102,-13.793386,-12.924639,2 (Classical + Jazz),simac___simac_Xatzidakis_09-AudioTrack_09
4103,-12.234895,-10.218291,2 (Classical + Jazz),simac___simac_Xatzidakis_10-AudioTrack_10
4104,-12.216535,-14.504581,2 (Classical + Jazz),simac___simac_Xatzidakis_11-AudioTrack_11
4105,-10.995744,-13.284823,2 (Classical + Jazz),simac___simac_Xatzidakis_12-AudioTrack_12
4106,-11.092205,-11.4956045,2 (Classical + Jazz),simac___simac_Xatzidakis_13-AudioTrack_13
4107,-10.519368,-11.067224,2 (Classical + Jazz),simac___simac_Xatzidakis_15-AudioTrack_15
4108,-10.961679,-11.290608,2 (Classical + Jazz),simac___simac_Xatzidakis_16-AudioTrack_16
4109,-11.160954,-11.659581,2 (Classical + Jazz),simac___simac_Xatzidakis_17-AudioTrack_17
4110,-11.6515465,-12.571783,2 (Classical + Jazz),simac___simac_Xatzidakis_19-AudioTrack_19
4111,-11.378411,-12.268441,2 (Classical + Jazz),simac___simac_Xatzidakis_22-AudioTrack_22
4112,-11.709559,-13.75661,2 (Classical + Jazz),simac___simac_a_love_supreme_part_1_acknowledgement
4113,-10.6582575,-15.554065,2 (Classical + Jazz),simac___simac_aire_01-Aire
4114,-11.094504,-15.367374,2 (Classical + Jazz),simac___simac_aire_04-La_Vida_Sale
4115,-9.747187,-12.341047,2 (Classical + Jazz),simac___simac_aire_06-Arrengao
4116,-11.022414,-14.159238,2 (Classical + Jazz),simac___simac_aire_07-La_Alcoba_y_la_mosca
4117,-2.9231706,-9.100888,2 (Classical + Jazz),simac___simac_blues_roots_cryin_blues
4118,-9.064253,-11.539255,2 (Classical + Jazz),simac___simac_blues_roots_es_flat_ahs_flat_too
4119,-8.320659,-10.803823,2 (Classical + Jazz),simac___simac_blues_roots_moanin
4120,-8.268204,-10.681932,2 (Classical + Jazz),simac___simac_blues_roots_my_jelly_roll_soul
4121,-8.267731,-10.756288,2 (Classical + Jazz),simac___simac_blues_roots_tensions
4122,-8.025872,-10.524809,2 (Classical + Jazz),simac___simac_blues_roots_wednesday_night_prayer_meeting
4123,-10.4575405,-10.757391,2 (Classical + Jazz),simac___simac_greek_01_H_mikri_Rallou
4124,-12.83605,-13.283594,2 (Classical + Jazz),simac___simac_greek_07_Pikrodafni
4125,-13.884872,-12.568306,2 (Classical + Jazz),simac___simac_greek_12_evzwnakia
4126,-11.403884,-12.986019,2 (Classical + Jazz),simac___simac_greek_Asteriadi_-_Mia_giorti
4127,-11.451448,-13.648,2 (Classical + Jazz),simac___simac_greek_Gkoles_-_Atimi_tyxi
4128,-12.574548,-13.689165,2 (Classical + Jazz),simac___simac_greek_Gkoles_-_Mou_fages_ta_daxtylidia
4129,-11.195556,-13.528073,2 (Classical + Jazz),simac___simac_greek_Gkoles_-_S_ena_apokrimno_akrogiali
4130,-11.402832,-13.548123,2 (Classical + Jazz),simac___simac_greek_Gkoles_-_Zwi_mou_farmakw8ikes
4131,-12.078131,-13.710952,2 (Classical + Jazz),simac___simac_greek_Mavili_-_Afto_t_agori
4132,-12.092693,-12.768373,2 (Classical + Jazz),simac___simac_greek_Mpellou_-_Nyxtwse_xwris_feggari
4133,-12.552785,-13.845171,2 (Classical + Jazz),simac___simac_greek_Paisa_sti_vrysi_-_Velvento
4134,-13.592877,-12.333285,2 (Classical + Jazz),simac___simac_greek_Perdika(xwris_logia)
4135,-11.215288,-12.994575,2 (Classical + Jazz),simac___simac_greek_To_pasoumi_-_Smyrni
4136,-11.681077,-11.1908655,2 (Classical + Jazz),simac___simac_more_greek_03_Efriksen_i_gi
4137,-12.177186,-12.219135,2 (Classical + Jazz),simac___simac_more_greek_03_Virginouda
4138,-11.643413,-12.442608,2 (Classical + Jazz),simac___simac_more_greek_04_H_Stamoula
4139,-6.3738856,-0.90400004,2 (Classical + Jazz),simac___simac_more_greek_05_Odysseas
4140,-12.22306,-14.989844,2 (Classical + Jazz),simac___simac_more_greek_07_Psevdoixos
4141,-12.818524,-14.489656,2 (Classical + Jazz),simac___simac_more_greek_08_Hlios
4142,-8.329735,-10.804886,2 (Classical + Jazz),simac___simac_more_greek_08_Kapoios_peftei...
4143,-12.543348,-13.682926,2 (Classical + Jazz),simac___simac_more_greek_Anagnwstopoulos_-_Hr8a_ki_apopse_sta_skalopatia_sou
4144,-10.121318,-12.947685,2 (Classical + Jazz),simac___simac_more_greek_Dionysiou_-_Na_eixa_to_kouragio
4145,-12.895864,-11.257349,2 (Classical + Jazz),simac___simac_more_greek_Giannakopoulou_-_Marina
4146,-12.357487,-11.595071,2 (Classical + Jazz),simac___simac_more_greek_Giannakopoulou_-_O_kipos_empaine_sti_8alassa
4147,-11.949923,-13.467312,2 (Classical + Jazz),simac___simac_more_greek_Gkoles_-_Filenaditsa_mou
4148,-11.012293,-13.681112,2 (Classical + Jazz),simac___simac_more_greek_Gkoles_-_H_tsigkouna
4149,-12.657097,-13.104391,2 (Classical + Jazz),simac___simac_more_greek_Gkoles_-_Keravnoi_ki_astropelekia
4150,-10.836383,-13.497338,2 (Classical + Jazz),simac___simac_more_greek_Gkoles_-_Kori_paraxaidemeni
4151,-10.760568,-14.231924,2 (Classical + Jazz),simac___simac_more_greek_Gkoles_-_Ksaveriwtissa
4152,-11.437981,-13.402576,2 (Classical + Jazz),simac___simac_more_greek_Gkoles_-_Mortissa_ki_alanis
4153,-11.128678,-13.64698,2 (Classical + Jazz),simac___simac_more_greek_Gkoles_-_O_8ermastis
4154,-11.138824,-13.758396,2 (Classical + Jazz),simac___simac_more_greek_Gkoles_-_O_pasatempos
4155,-10.9890175,-13.713207,2 (Classical + Jazz),simac___simac_more_greek_Gkoles_-_Peristeriwtissa
4156,-11.53322,-13.643995,2 (Classical + Jazz),simac___simac_more_greek_Gkoles_-_Rimakse_to_spitiko_mas
4157,-11.292131,-14.316094,2 (Classical + Jazz),simac___simac_more_greek_Gkoles_-_Xatzikyriakeio
4158,-12.734089,-12.598896,2 (Classical + Jazz),simac___simac_more_greek_Glykeria_-_Den_les_kouventa
4159,-10.890898,-12.262188,2 (Classical + Jazz),simac___simac_more_greek_Glykeria_-_Odos_Aristotelous
4160,-11.402358,-11.969455,2 (Classical + Jazz),simac___simac_more_greek_Glykeria_-_To_agalma
4161,-11.419284,-12.716023,2 (Classical + Jazz),simac___simac_more_greek_Kazantzidis_-_Oti_agapaw_egw_pe8ainei
4162,-12.057208,-13.246712,2 (Classical + Jazz),simac___simac_more_greek_Ksylouris_-_Afton_ton_kosmo_ton_kalo
4163,-11.645781,-12.870396,2 (Classical + Jazz),simac___simac_more_greek_Ksylouris_-_Erwtiko_tragoudi_(Palikarou_palikarou)
4164,-12.508107,-11.811659,2 (Classical + Jazz),simac___simac_more_greek_Ksylouris_-_Evale_o_8eos_simadi
4165,-12.854408,-13.181783,2 (Classical + Jazz),simac___simac_more_greek_Ksylouris_-_Filentem
4166,-10.988862,-11.229702,2 (Classical + Jazz),simac___simac_more_greek_Ksylouris_-_Htane_mia_fora
4167,-11.049974,-11.026864,2 (Classical + Jazz),simac___simac_more_greek_Ksylouris_-_Pote_8a_kanei_ksasteria
4168,-11.143042,-12.558649,2 (Classical + Jazz),simac___simac_more_greek_Ksylouris_-_Xilia_myria_kymata
4169,-10.920711,-12.857594,2 (Classical + Jazz),simac___simac_more_greek_Makedonas_-_Ena_deilino
4170,-12.843374,-12.860338,2 (Classical + Jazz),simac___simac_more_greek_Makedonas_-_Savvatovrado_stin_Kaisariani
4171,-11.2438,-11.553982,2 (Classical + Jazz),simac___simac_more_greek_Marinella_-_Agapi_pou_gines_dikopo_maxairi
4172,-12.470214,-11.86598,2 (Classical + Jazz),simac___simac_more_greek_Marinella_-_Kane_ligaki_ypomoni
4173,-11.5991535,-13.031554,2 (Classical + Jazz),simac___simac_more_greek_Marinella_-_Koita_me_sta_matia
4174,-11.548876,-10.914021,2 (Classical + Jazz),simac___simac_more_greek_Marinella_-_Omorfi_poli
4175,-12.467757,-12.9136305,2 (Classical + Jazz),simac___simac_more_greek_Marinella_-_Pes_pws_m_antamwses
4176,-11.333529,-12.256359,2 (Classical + Jazz),simac___simac_more_greek_Marinella_-_Prin_to_xarama
4177,-11.225877,-12.497853,2 (Classical + Jazz),simac___simac_more_greek_Marinella_-_Stalia_stalia
4178,-11.8932295,-13.825381,2 (Classical + Jazz),simac___simac_more_greek_Mitropanos_-_8essaloniki
4179,-12.013228,-12.643777,2 (Classical + Jazz),simac___simac_more_greek_Mitropanos_-_Brexei_sti_ftwxogeitonia
4180,-11.25776,-12.464429,2 (Classical + Jazz),simac___simac_more_greek_Mitsias_-_Apopse_f8inopwriase
4181,-11.656817,-13.043587,2 (Classical + Jazz),simac___simac_more_greek_Mosxoliou_-_Eipa_na_svisw_ta_palia
4182,-13.008192,-12.6973295,2 (Classical + Jazz),simac___simac_more_greek_Mosxoliou_-_Koimisou_palikari
4183,-11.831326,-11.874434,2 (Classical + Jazz),simac___simac_more_greek_Mosxoliou_-_Ta_deilina
4184,-10.906852,-13.898415,2 (Classical + Jazz),simac___simac_more_greek_Mosxoliou_-_Xwrismos
4185,-11.609171,-12.80175,2 (Classical + Jazz),simac___simac_more_greek_Mosxoliou_Gkika_-_Den_klaiw_gia_twra
4186,-11.719815,-14.160444,2 (Classical + Jazz),simac___simac_more_greek_Mosxoliou_Gkika_-_Pira_ap_to_xeri_sou_nero
4187,-10.824013,-13.042214,2 (Classical + Jazz),simac___simac_more_greek_Mpellou_-_Anastenazw_kai_ponw
4188,-11.208043,-12.99001,2 (Classical + Jazz),simac___simac_more_greek_Mpellou_-_Antilaloune_ta_vouna
4189,-9.9297285,-13.420563,2 (Classical + Jazz),simac___simac_more_greek_Mpellou_-_Apopse_kaneis_mpam
4190,-12.53282,-12.214627,2 (Classical + Jazz),simac___simac_more_greek_Mpellou_-_De_les_kouventa
4191,-12.9269705,-12.240872,2 (Classical + Jazz),simac___simac_more_greek_Mpellou_-_Kane_ligaki_ypomoni
4192,-11.100884,-11.974242,2 (Classical + Jazz),simac___simac_more_greek_Mpellou_-_Kapoio_vrady_t_oneiro_mou
4193,-10.167866,-13.621508,2 (Classical + Jazz),simac___simac_more_greek_Mpellou_-_Kardia_paraponiara
4194,-11.016525,-14.053298,2 (Classical + Jazz),simac___simac_more_greek_Mpellou_-_Ksimerwnei_kai_vradiazei
4195,-11.019681,-12.966708,2 (Classical + Jazz),simac___simac_more_greek_Mpellou_-_Liga_psixoula_agapis_sou_gyrevw
4196,-11.430135,-11.541385,2 (Classical + Jazz),simac___simac_more_greek_Mpellou_-_Min_klais
4197,-11.910439,-12.5018635,2 (Classical + Jazz),simac___simac_more_greek_Mpellou_-_O_kosmos_einai_san_mpakses
4198,-11.386451,-13.509488,2 (Classical + Jazz),simac___simac_more_greek_Mpellou_-_Peftoun_tis_vroxis_oi_stales
4199,-11.086748,-12.843549,2 (Classical + Jazz),simac___simac_more_greek_Mpellou_-_Prin_to_xarama_monaxos
4200,-12.201641,-11.661122,2 (Classical + Jazz),simac___simac_more_greek_Mpellou_-_To_minore_tis_avgis
4201,-10.337511,-13.489804,2 (Classical + Jazz),simac___simac_more_greek_Mpellou_-_To_teleftaio_gramma_sou
4202,-10.8503475,-13.566394,2 (Classical + Jazz),simac___simac_more_greek_Mpellou_-_Xwrisame_ena_deilino
4203,-10.8474245,-11.840736,2 (Classical + Jazz),simac___simac_more_greek_Mpellou_-_Zeimpekiko
4204,-13.506978,-11.405303,2 (Classical + Jazz),simac___simac_more_greek_Mpi8ikwtsis_-_Aspri_mera
4205,-12.519107,-12.374921,2 (Classical + Jazz),simac___simac_more_greek_Mpi8ikwtsis_-_Brexei_sti_ftwxogeitonia
4206,-11.385329,-13.388887,2 (Classical + Jazz),simac___simac_more_greek_Mpi8ikwtsis_-_Drapetswna
4207,-11.455288,-12.710205,2 (Classical + Jazz),simac___simac_more_greek_Mpi8ikwtsis_-_Eimai_aitos_xwris_ftera
4208,-12.445275,-12.328592,2 (Classical + Jazz),simac___simac_more_greek_Mpi8ikwtsis_-_Gwnia_gwnia
4209,-10.803457,-11.601766,2 (Classical + Jazz),simac___simac_more_greek_Mpi8ikwtsis_-_H_kyra
4210,-10.60333,-13.23108,2 (Classical + Jazz),simac___simac_more_greek_Mpi8ikwtsis_-_H_mpalanta_tou_Antrikou
4211,-12.787552,-10.721292,2 (Classical + Jazz),simac___simac_more_greek_Mpi8ikwtsis_-_Kokotas_-_Stou_O8wna_ta_xronia
4212,-10.832402,-12.316641,2 (Classical + Jazz),simac___simac_more_greek_Mpi8ikwtsis_-_Mana_mou_kai_Panagia
4213,-12.022612,-12.115121,2 (Classical + Jazz),simac___simac_more_greek_Mpi8ikwtsis_-_Matia_vourkwmena
4214,-11.887573,-12.623499,2 (Classical + Jazz),simac___simac_more_greek_Mpi8ikwtsis_-_Mia_Kyriaki
4215,-10.812761,-12.1488695,2 (Classical + Jazz),simac___simac_more_greek_Mpi8ikwtsis_-_Paei_o_kairos
4216,-11.205534,-12.598063,2 (Classical + Jazz),simac___simac_more_greek_Mpi8ikwtsis_-_Sta_xeria_sou_megalwsan
4217,-11.055124,-10.966533,2 (Classical + Jazz),simac___simac_more_greek_Mpi8ikwtsis_-_Sto_perigiali_to_kryfo
4218,-12.275869,-11.82154,2 (Classical + Jazz),simac___simac_more_greek_Mpi8ikwtsis_-_Xrysoprasino_fyllo
4219,-11.153164,-12.609392,2 (Classical + Jazz),simac___simac_more_greek_Mpi8ikwtsis_Xiwtis_-_Myrtia
4220,-12.301194,-12.550393,2 (Classical + Jazz),simac___simac_more_greek_NinouTsitsanis_-_Synnefiasmeni_Kyriaki
4221,-12.357813,-12.701322,2 (Classical + Jazz),simac___simac_more_greek_Ninou_-_Apopse_kaneis_mpam
4222,-10.850202,-13.810253,2 (Classical + Jazz),simac___simac_more_greek_Ntalaras_-_Ta_matoklada_sou_lampoun
4223,-12.129202,-12.78348,2 (Classical + Jazz),simac___simac_more_greek_Panou_Dionysiou_Tsitsanis_-_Axaristi
4224,-10.3490505,-12.52651,2 (Classical + Jazz),simac___simac_more_greek_Poulopoulos_-_Kamaroula_mia_stalia
4225,-11.583838,-11.967945,2 (Classical + Jazz),simac___simac_more_greek_Smokovitis_-_Mi_mou_8ymwneis_matia_mou
4226,-12.182825,-9.944181,2 (Classical + Jazz),simac___simac_more_greek_Smokovitis_-_Prwino_tsigaro
4227,-9.855828,-8.183922,2 (Classical + Jazz),simac___simac_more_greek_Vamvakaris_-_Fragkosyriani
4228,-6.9644194,-14.590912,2 (Classical + Jazz),simac___simac_selected_ambient_works_8592_actium
4229,20.893028,6.268808,1 (Pop + Groove + Rock + Hip-Hop),simac___simac_selected_ambient_works_8592_ageispolis
4230,18.58913,-1.0349811,1 (Pop + Groove + Rock + Hip-Hop),simac___simac_selected_ambient_works_8592_delphium
4231,16.142412,-1.3902793,1 (Pop + Groove + Rock + Hip-Hop),simac___simac_selected_ambient_works_8592_green_calx
4232,-7.675035,-14.116326,2 (Classical + Jazz),simac___simac_selected_ambient_works_8592_hedphelym
4233,-9.670442,-15.1096525,2 (Classical + Jazz),simac___simac_selected_ambient_works_8592_heliosphan
4234,-7.3135257,-15.496837,2 (Classical + Jazz),simac___simac_selected_ambient_works_8592_ptolemy
4235,-7.142256,-15.4553385,2 (Classical + Jazz),simac___simac_selected_ambient_works_8592_pulsewidth
4236,-8.664741,-14.827346,2 (Classical + Jazz),simac___simac_selected_ambient_works_8592_schottkey_7th_path
4237,17.385523,-1.4564003,1 (Pop + Groove + Rock + Hip-Hop),simac___simac_selected_ambient_works_8592_we_are_the_music_makers
4238,-7.6412225,-14.255071,2 (Classical + Jazz),simac___simac_selected_ambient_works_8592_xtal
4239,-16.44312,-3.6801305,2 (Classical + Jazz),smc___smc_001
4240,-18.366756,-1.8179138,2 (Classical + Jazz),smc___smc_002
4241,-21.435493,-2.2404547,2 (Classical + Jazz),smc___smc_003
4242,-18.706701,3.8252778,2 (Classical + Jazz),smc___smc_004
4243,-16.003664,-1.6619239,2 (Classical + Jazz),smc___smc_005
4244,-18.97268,3.3232872,2 (Classical + Jazz),smc___smc_006
4245,-14.466594,0.056885283,2 (Classical + Jazz),smc___smc_007
4246,-17.556963,-1.1870868,2 (Classical + Jazz),smc___smc_008
4247,-3.7354834,-0.7499761,2 (Classical + Jazz),smc___smc_009
4248,-15.051538,-1.4321041,2 (Classical + Jazz),smc___smc_010
4249,-21.139353,4.061698,2 (Classical + Jazz),smc___smc_011
4250,-5.0821486,-0.83628047,2 (Classical + Jazz),smc___smc_012
4251,-16.341358,-2.7677214,2 (Classical + Jazz),smc___smc_013
4252,-19.643238,4.60069,2 (Classical + Jazz),smc___smc_014
4253,-21.093225,4.3350077,2 (Classical + Jazz),smc___smc_015
4254,-13.995543,1.5852891,2 (Classical + Jazz),smc___smc_016
4255,-7.416665,-3.5718954,2 (Classical + Jazz),smc___smc_017
4256,-21.632242,0.56714416,2 (Classical + Jazz),smc___smc_018
4257,-14.972873,-0.8458195,2 (Classical + Jazz),smc___smc_019
4258,-8.479608,-3.068533,2 (Classical + Jazz),smc___smc_021
4259,-20.901533,4.0170684,2 (Classical + Jazz),smc___smc_022
4260,-19.737705,3.4082482,2 (Classical + Jazz),smc___smc_023
4261,-21.326008,1.4727049,2 (Classical + Jazz),smc___smc_024
4262,-10.891028,-1.995218,2 (Classical + Jazz),smc___smc_026
4263,-4.742211,-0.6680847,2 (Classical + Jazz),smc___smc_027
4264,-20.49422,3.9176629,2 (Classical + Jazz),smc___smc_028
4265,-6.4240313,0.769629,2 (Classical + Jazz),smc___smc_030
4266,-9.740437,-1.2520982,2 (Classical + Jazz),smc___smc_032
4267,-19.804222,4.5009437,2 (Classical + Jazz),smc___smc_033
4268,-17.039843,-1.2204891,2 (Classical + Jazz),smc___smc_034
4269,-15.74118,0.39294702,2 (Classical + Jazz),smc___smc_035
4270,-16.151672,-2.2978861,2 (Classical + Jazz),smc___smc_036
4271,-18.263023,3.9241815,2 (Classical + Jazz),smc___smc_037
4272,-20.549288,3.8791068,2 (Classical + Jazz),smc___smc_038
4273,-5.423185,-1.2585595,2 (Classical + Jazz),smc___smc_041
4274,-16.030666,-1.2401398,2 (Classical + Jazz),smc___smc_042
4275,-20.79264,3.9012854,2 (Classical + Jazz),smc___smc_043
4276,-20.06914,3.368888,2 (Classical + Jazz),smc___smc_044
4277,-5.10768,-0.90105397,2 (Classical + Jazz),smc___smc_046
4278,-15.452085,-1.7623274,2 (Classical + Jazz),smc___smc_047
4279,-15.3162155,-0.95069444,2 (Classical + Jazz),smc___smc_048
4280,-4.7483716,-0.7947969,2 (Classical + Jazz),smc___smc_051
4281,-4.7876425,-0.8185705,2 (Classical + Jazz),smc___smc_052
4282,-4.9320335,-1.4493413,2 (Classical + Jazz),smc___smc_054
4283,-14.219137,0.6156169,2 (Classical + Jazz),smc___smc_055
4284,-21.77813,-0.21549243,2 (Classical + Jazz),smc___smc_056
4285,-8.101423,-0.51980746,2 (Classical + Jazz),smc___smc_057
4286,-16.342737,-2.2435768,2 (Classical + Jazz),smc___smc_058
4287,-16.826546,-3.4660778,2 (Classical + Jazz),smc___smc_059
4288,-14.960098,-1.3213981,2 (Classical + Jazz),smc___smc_060
4289,-14.4497795,-0.34258175,2 (Classical + Jazz),smc___smc_061
4290,-14.51854,1.200766,2 (Classical + Jazz),smc___smc_063
4291,-14.4657,1.4108446,2 (Classical + Jazz),smc___smc_064
4292,-20.862556,4.094848,2 (Classical + Jazz),smc___smc_065
4293,-13.60926,0.5935612,2 (Classical + Jazz),smc___smc_066
4294,-4.8515787,-0.41846132,2 (Classical + Jazz),smc___smc_067
4295,-16.513266,-2.6572554,2 (Classical + Jazz),smc___smc_068
4296,-21.701488,3.8949006,2 (Classical + Jazz),smc___smc_069
4297,-15.619287,-2.2918882,2 (Classical + Jazz),smc___smc_071
4298,-4.7215047,-0.59866714,2 (Classical + Jazz),smc___smc_072
4299,-4.783825,-1.0174594,2 (Classical + Jazz),smc___smc_073
4300,-19.711048,3.2549944,2 (Classical + Jazz),smc___smc_074
4301,-10.680908,-2.038329,2 (Classical + Jazz),smc___smc_075
4302,-21.502817,1.9006116,2 (Classical + Jazz),smc___smc_076
4303,-22.869562,0.9139335,2 (Classical + Jazz),smc___smc_079
4304,-20.343504,4.0014195,2 (Classical + Jazz),smc___smc_080
4305,-12.688306,-1.2590027,2 (Classical + Jazz),smc___smc_082
4306,-15.07876,1.1011169,2 (Classical + Jazz),smc___smc_084
4307,-16.334328,-2.2472882,2 (Classical + Jazz),smc___smc_085
4308,-4.7102475,-0.9003985,2 (Classical + Jazz),smc___smc_086
4309,-15.295328,-3.2314432,2 (Classical + Jazz),smc___smc_087
4310,-7.6868296,-3.1152506,2 (Classical + Jazz),smc___smc_088
4311,-14.124018,0.37438402,2 (Classical + Jazz),smc___smc_089
4312,-16.953465,-2.3281343,2 (Classical + Jazz),smc___smc_092
4313,-23.738907,-1.0989584,2 (Classical + Jazz),smc___smc_093
4314,-16.596128,-2.6254063,2 (Classical + Jazz),smc___smc_095
4315,-16.669952,-2.9310424,2 (Classical + Jazz),smc___smc_096
4316,-16.831331,-2.7469363,2 (Classical + Jazz),smc___smc_098
4317,-14.45299,-0.1094655,2 (Classical + Jazz),smc___smc_099
4318,-17.41259,5.951129,2 (Classical + Jazz),smc___smc_100
4319,-18.702318,3.0833297,2 (Classical + Jazz),smc___smc_101
4320,-21.257256,3.9583807,2 (Classical + Jazz),smc___smc_103
4321,-16.233923,-0.9107234,2 (Classical + Jazz),smc___smc_104
4322,-21.806063,1.0122907,2 (Classical + Jazz),smc___smc_105
4323,-22.077745,1.0896598,2 (Classical + Jazz),smc___smc_106
4324,-6.3074775,2.466335,2 (Classical + Jazz),smc___smc_109
4325,-19.804766,4.466076,2 (Classical + Jazz),smc___smc_111
4326,-15.592439,-1.2272575,2 (Classical + Jazz),smc___smc_113
4327,-13.946231,0.33322316,2 (Classical + Jazz),smc___smc_114
4328,-19.517546,-1.9850647,2 (Classical + Jazz),smc___smc_116
4329,-20.222155,4.6879163,2 (Classical + Jazz),smc___smc_117
4330,-18.223427,3.4869452,2 (Classical + Jazz),smc___smc_118
4331,-7.5430994,-2.1392043,2 (Classical + Jazz),smc___smc_119
4332,-15.844562,-2.541397,2 (Classical + Jazz),smc___smc_120
4333,-15.120367,-1.3650964,2 (Classical + Jazz),smc___smc_121
4334,-7.0555086,-0.5016194,2 (Classical + Jazz),smc___smc_124
4335,-14.281976,-2.0294063,2 (Classical + Jazz),smc___smc_126
4336,-20.422768,4.5731344,2 (Classical + Jazz),smc___smc_127
4337,-21.086645,3.1454906,2 (Classical + Jazz),smc___smc_130
4338,-7.5448956,-1.7191588,2 (Classical + Jazz),smc___smc_133
4339,-19.836018,3.9476898,2 (Classical + Jazz),smc___smc_135
4340,-17.259989,-0.5042295,2 (Classical + Jazz),smc___smc_137
4341,-3.1103308,-1.3531502,2 (Classical + Jazz),smc___smc_139
4342,-7.388302,-4.1553674,2 (Classical + Jazz),smc___smc_140
4343,-15.870768,-2.483065,2 (Classical + Jazz),smc___smc_142
4344,-4.6528344,0.5708051,2 (Classical + Jazz),smc___smc_143
4345,-15.922999,-2.1754982,2 (Classical + Jazz),smc___smc_146
4346,-13.333434,-2.2452428,2 (Classical + Jazz),smc___smc_147
4347,-6.599241,-1.6723924,2 (Classical + Jazz),smc___smc_148
4348,-9.829939,-3.9906554,2 (Classical + Jazz),smc___smc_149
4349,-17.530802,-2.9772527,2 (Classical + Jazz),smc___smc_150
4350,-6.990165,-3.584876,2 (Classical + Jazz),smc___smc_151
4351,-20.175737,2.828261,2 (Classical + Jazz),smc___smc_152
4352,-16.024017,-1.5383043,2 (Classical + Jazz),smc___smc_153
4353,-16.229332,-1.9108498,2 (Classical + Jazz),smc___smc_154
4354,-6.1886096,-1.7982222,2 (Classical + Jazz),smc___smc_157
4355,-19.081493,3.5537617,2 (Classical + Jazz),smc___smc_158
4356,-16.273205,-1.8943015,2 (Classical + Jazz),smc___smc_159
4357,-16.254774,-2.3241556,2 (Classical + Jazz),smc___smc_161
4358,-15.578107,-2.2233467,2 (Classical + Jazz),smc___smc_166
4359,-19.090406,3.7701225,2 (Classical + Jazz),smc___smc_167
4360,-16.026613,-2.0553818,2 (Classical + Jazz),smc___smc_168
4361,-21.341497,3.5122344,2 (Classical + Jazz),smc___smc_169
4362,-7.159086,-3.1023948,2 (Classical + Jazz),smc___smc_170
4363,-4.705312,-1.6750649,2 (Classical + Jazz),smc___smc_171
4364,-16.915895,0.55002713,2 (Classical + Jazz),smc___smc_172
4365,-3.97767,-0.6504263,2 (Classical + Jazz),smc___smc_173
4366,-21.954824,1.5217876,2 (Classical + Jazz),smc___smc_174
4367,-14.869527,-0.7819185,2 (Classical + Jazz),smc___smc_175
4368,-14.555868,-0.29018545,2 (Classical + Jazz),smc___smc_176
4369,-16.146475,-1.9670899,2 (Classical + Jazz),smc___smc_178
4370,-15.431436,-2.3859165,2 (Classical + Jazz),smc___smc_179
4371,-7.2581396,-2.856847,2 (Classical + Jazz),smc___smc_181
4372,-8.010174,-2.9986026,2 (Classical + Jazz),smc___smc_182
4373,-14.23868,0.06132779,2 (Classical + Jazz),smc___smc_184
4374,-15.399201,-0.9277759,2 (Classical + Jazz),smc___smc_187
4375,-18.707188,4.8932214,2 (Classical + Jazz),smc___smc_188
4376,-16.924057,-4.3926463,2 (Classical + Jazz),smc___smc_190
4377,-15.227962,-2.912069,2 (Classical + Jazz),smc___smc_192
4378,-7.4739456,-2.229794,2 (Classical + Jazz),smc___smc_193
4379,-13.766216,0.01721089,2 (Classical + Jazz),smc___smc_194
4380,-20.973177,1.6324819,2 (Classical + Jazz),smc___smc_195
4381,-16.094688,-2.0384743,2 (Classical + Jazz),smc___smc_197
4382,-7.5000668,-2.606058,2 (Classical + Jazz),smc___smc_198
4383,-6.61903,-3.6998696,2 (Classical + Jazz),smc___smc_199
4384,-7.842195,-0.8560306,2 (Classical + Jazz),smc___smc_202
4385,-17.610903,4.7514772,2 (Classical + Jazz),smc___smc_203
4386,-7.1585627,-2.588148,2 (Classical + Jazz),smc___smc_204
4387,-6.4699736,-4.2393084,2 (Classical + Jazz),smc___smc_205
4388,-21.017794,3.108709,2 (Classical + Jazz),smc___smc_206
4389,-4.9106607,-1.05576,2 (Classical + Jazz),smc___smc_207
4390,-16.239077,-2.4656541,2 (Classical + Jazz),smc___smc_208
4391,-14.740446,-0.9421047,2 (Classical + Jazz),smc___smc_209
4392,-17.45901,3.2097745,2 (Classical + Jazz),smc___smc_211
4393,-14.112773,0.20717192,2 (Classical + Jazz),smc___smc_212
4394,-16.487438,-2.133059,2 (Classical + Jazz),smc___smc_213
4395,-14.445271,-0.07730565,2 (Classical + Jazz),smc___smc_214
4396,-21.088413,2.3190506,2 (Classical + Jazz),smc___smc_215
4397,-8.152497,-3.0976417,2 (Classical + Jazz),smc___smc_216
4398,-15.344391,-2.2487152,2 (Classical + Jazz),smc___smc_217
4399,-17.139204,-3.4552853,2 (Classical + Jazz),smc___smc_219
4400,-7.6005635,-1.9761804,2 (Classical + Jazz),smc___smc_220
4401,-7.7352395,-3.2643793,2 (Classical + Jazz),smc___smc_221
4402,-7.8613687,-2.526159,2 (Classical + Jazz),smc___smc_222
4403,-7.0091233,-3.3962762,2 (Classical + Jazz),smc___smc_223
4404,-7.6968145,-2.9339993,2 (Classical + Jazz),smc___smc_224
4405,-7.8989415,-3.0848083,2 (Classical + Jazz),smc___smc_225
4406,-15.255663,-1.533865,2 (Classical + Jazz),smc___smc_226
4407,-15.092719,-1.5549306,2 (Classical + Jazz),smc___smc_227
4408,-5.4912086,-1.2548019,2 (Classical + Jazz),smc___smc_229
4409,-16.120762,-2.2660267,2 (Classical + Jazz),smc___smc_232
4410,-6.9918976,-3.4318717,2 (Classical + Jazz),smc___smc_235
4411,-7.7397475,-2.806846,2 (Classical + Jazz),smc___smc_236
4412,-8.061586,-3.0931873,2 (Classical + Jazz),smc___smc_237
4413,-15.970218,-1.379699,2 (Classical + Jazz),smc___smc_239
4414,-7.7395234,-4.23281,2 (Classical + Jazz),smc___smc_241
4415,-13.635889,1.4106085,2 (Classical + Jazz),smc___smc_242
4416,-5.3787527,-1.2766253,2 (Classical + Jazz),smc___smc_243
4417,-13.512398,-0.59542304,2 (Classical + Jazz),smc___smc_244
4418,-14.76753,1.1744992,2 (Classical + Jazz),smc___smc_248
4419,-7.3109255,-1.9259669,2 (Classical + Jazz),smc___smc_249
4420,-17.574831,-2.6768134,2 (Classical + Jazz),smc___smc_251
4421,-3.9618068,-1.1869304,2 (Classical + Jazz),smc___smc_252
4422,-4.8341255,-1.0763519,2 (Classical + Jazz),smc___smc_253
4423,-18.493162,4.5048585,2 (Classical + Jazz),smc___smc_254
4424,-18.635185,3.6707103,2 (Classical + Jazz),smc___smc_255
4425,-20.907299,2.8059916,2 (Classical + Jazz),smc___smc_256
4426,-21.05519,3.558138,2 (Classical + Jazz),smc___smc_257
4427,-22.210968,0.9264077,2 (Classical + Jazz),smc___smc_258
4428,-7.4870615,-2.2275133,2 (Classical + Jazz),smc___smc_259
4429,-19.874498,3.2557242,2 (Classical + Jazz),smc___smc_260
4430,-20.919395,4.076665,2 (Classical + Jazz),smc___smc_261
4431,-18.269463,3.9590185,2 (Classical + Jazz),smc___smc_262
4432,-4.9898787,-1.4555088,2 (Classical + Jazz),smc___smc_263
4433,-19.103785,-0.17719358,2 (Classical + Jazz),smc___smc_264
4434,-7.24821,-2.4213517,2 (Classical + Jazz),smc___smc_265
4435,-20.33394,4.6728106,2 (Classical + Jazz),smc___smc_266
4436,-19.76476,2.405109,2 (Classical + Jazz),smc___smc_269
4437,12.291957,-4.4159408,1 (Pop + Groove + Rock + Hip-Hop),smc___smc_271
4438,14.299434,1.7761178,1 (Pop + Groove + Rock + Hip-Hop),smc___smc_272
4439,10.667109,-2.484633,1 (Pop + Groove + Rock + Hip-Hop),smc___smc_273
4440,15.842063,-0.9545189,1 (Pop + Groove + Rock + Hip-Hop),smc___smc_274
4441,14.629331,8.264478,1 (Pop + Groove + Rock + Hip-Hop),smc___smc_275
4442,20.694693,4.207926,1 (Pop + Groove + Rock + Hip-Hop),smc___smc_276
4443,-6.8522463,-12.114309,2 (Classical + Jazz),smc___smc_277
4444,9.130908,-2.7762744,1 (Pop + Groove + Rock + Hip-Hop),smc___smc_278
4445,13.380024,-4.1292024,1 (Pop + Groove + Rock + Hip-Hop),smc___smc_279
4446,10.154154,-2.318649,1 (Pop + Groove + Rock + Hip-Hop),smc___smc_280
4447,7.408532,-1.139853,1 (Pop + Groove + Rock + Hip-Hop),smc___smc_281
4448,7.05069,-1.4831352,1 (Pop + Groove + Rock + Hip-Hop),smc___smc_282
4449,17.35752,1.6192117,1 (Pop + Groove + Rock + Hip-Hop),smc___smc_283
4450,-0.7038513,6.949619,1 (Pop + Groove + Rock + Hip-Hop),smc___smc_284
4451,16.598902,-1.254011,1 (Pop + Groove + Rock + Hip-Hop),smc___smc_285
4452,11.240377,-4.8476553,1 (Pop + Groove + Rock + Hip-Hop),smc___smc_286
4453,9.545939,-1.7801659,1 (Pop + Groove + Rock + Hip-Hop),smc___smc_287
4454,12.734053,-3.6791675,1 (Pop + Groove + Rock + Hip-Hop),smc___smc_288
4455,-4.5793533,-0.11403932,2 (Classical + Jazz),smc___smc_289
4456,5.0823746,6.655255,1 (Pop + Groove + Rock + Hip-Hop),tapcorrect___001_youtube_fV4DiAyExN0
4457,-1.373262,-1.6626674,2 (Classical + Jazz),tapcorrect___002_youtube_CvMfvuJsYmE
4458,7.2763147,2.8382838,1 (Pop + Groove + Rock + Hip-Hop),tapcorrect___003_youtube_tXjqKzX28LI
4459,0.012047826,3.1239872,1 (Pop + Groove + Rock + Hip-Hop),tapcorrect___004_youtube_IwOfCgkyEj0
4460,-0.58355534,3.7253468,1 (Pop + Groove + Rock + Hip-Hop),tapcorrect___005_youtube_RB-RcX5DS5A
4461,-3.4042845,3.4053204,2 (Classical + Jazz),tapcorrect___006_youtube_I3gHugP6bPE
4462,3.3295097,6.0046344,1 (Pop + Groove + Rock + Hip-Hop),tapcorrect___007_youtube_9QnUOrTsxXA
4463,8.711429,-3.4508018,1 (Pop + Groove + Rock + Hip-Hop),tapcorrect___008_youtube_bg7RjxsghNY
4464,2.687086,-1.9020693,1 (Pop + Groove + Rock + Hip-Hop),tapcorrect___009_youtube_hRFLv29K__o
4465,0.936838,3.450042,1 (Pop + Groove + Rock + Hip-Hop),tapcorrect___010_youtube_80tX5MLX8QY
4466,3.2495387,-1.1444426,1 (Pop + Groove + Rock + Hip-Hop),tapcorrect___011_youtube_M7u5SdjDSQQ
4467,-0.09477986,3.4076254,1 (Pop + Groove + Rock + Hip-Hop),tapcorrect___012_youtube_Va0vs1fhhNI
4468,5.0657353,3.1709476,1 (Pop + Groove + Rock + Hip-Hop),tapcorrect___013_youtube_6iGpdkgr57g
4469,5.436112,-2.169469,1 (Pop + Groove + Rock + Hip-Hop),tapcorrect___014_youtube_53FGAgfYVsw
4470,10.530539,5.972039,1 (Pop + Groove + Rock + Hip-Hop),tapcorrect___015_youtube_ltRgb4SJ1uk
4471,4.1846786,2.667109,1 (Pop + Groove + Rock + Hip-Hop),tapcorrect___016_youtube_eelfrHtmk68
4472,5.519577,-1.0360706,1 (Pop + Groove + Rock + Hip-Hop),tapcorrect___017_youtube_S6Nt1ssPLBA
4473,-4.2207704,-0.36664087,2 (Classical + Jazz),tapcorrect___018_youtube_wVyggTKDcOE
4474,-5.1209626,5.4690666,2 (Classical + Jazz),tapcorrect___019_youtube_jSDukB1pc30
4475,0.68679285,6.2207313,1 (Pop + Groove + Rock + Hip-Hop),tapcorrect___020_youtube_0WrjMeHsfgM
4476,3.6174958,3.8455307,1 (Pop + Groove + Rock + Hip-Hop),tapcorrect___021_youtube_lzdGpNGH9BI
4477,12.488617,4.1152415,1 (Pop + Groove + Rock + Hip-Hop),tapcorrect___022_youtube_Z4z0LjchwOo
4478,-5.2752223,-0.341274,2 (Classical + Jazz),tapcorrect___024_youtube_S4X_l8PIobc
4479,11.9085045,-2.1353657,1 (Pop + Groove + Rock + Hip-Hop),tapcorrect___025_youtube_8jsFGdeWNPo
4480,3.9928546,7.1420636,1 (Pop + Groove + Rock + Hip-Hop),tapcorrect___026_youtube__X6DCz3pkYA
4481,2.4727201,3.033986,1 (Pop + Groove + Rock + Hip-Hop),tapcorrect___027_youtube_iYYRH4apXDo
4482,5.135152,4.8793406,1 (Pop + Groove + Rock + Hip-Hop),tapcorrect___028_youtube_StFfXP4eAgU
4483,-8.739883,3.83685,2 (Classical + Jazz),tapcorrect___029_youtube_41TNDPn9x2Y
4484,3.5439188,7.6684356,1 (Pop + Groove + Rock + Hip-Hop),tapcorrect___030_youtube_U8EDgciZZFc
4485,0.44725913,0.15690053,1 (Pop + Groove + Rock + Hip-Hop),tapcorrect___031_youtube_Y8R9ZPT2T-I
4486,10.301184,1.5942224,1 (Pop + Groove + Rock + Hip-Hop),tapcorrect___032_youtube_zsmUOdmm02A
4487,7.2219887,-1.8705665,1 (Pop + Groove + Rock + Hip-Hop),tapcorrect___033_youtube_0Jj9rOwkfLM
4488,2.8503067,1.7964357,1 (Pop + Groove + Rock + Hip-Hop),tapcorrect___034_youtube_F6Dw6ZFmM4c
4489,-3.9280715,0.0847795,2 (Classical + Jazz),tapcorrect___035_youtube_NCnT_grZvLE
4490,4.5015526,-6.757227,1 (Pop + Groove + Rock + Hip-Hop),tapcorrect___036_youtube__-xZYhm6QgQ
4491,-14.927273,3.6963289,2 (Classical + Jazz),tapcorrect___037_youtube_VYCOg-yglNM
4492,7.1307135,6.7299705,1 (Pop + Groove + Rock + Hip-Hop),tapcorrect___038_youtube_eVTXPUF4Oz4
4493,3.0666618,4.2745547,1 (Pop + Groove + Rock + Hip-Hop),tapcorrect___039_youtube_ph9NQ8ASmX4
4494,2.9602425,-5.2137094,1 (Pop + Groove + Rock + Hip-Hop),tapcorrect___040_youtube_1zrxnqejwCk
4495,-5.5241055,-0.8772503,2 (Classical + Jazz),tapcorrect___041_youtube_Eh44QPT1mPE
4496,4.95447,7.443225,1 (Pop + Groove + Rock + Hip-Hop),tapcorrect___042_youtube_uBMtdaRhDMY
4497,-19.008335,5.2914824,2 (Classical + Jazz),tapcorrect___043_youtube_CWEqbuJ6DlQ
4498,6.1490355,-2.2256389,1 (Pop + Groove + Rock + Hip-Hop),tapcorrect___044_youtube_BwKPJJxSnOE
4499,-0.693367,0.5198506,1 (Pop + Groove + Rock + Hip-Hop),tapcorrect___045_youtube_SYUgGs9IStY
4500,-2.8025498,-1.6631461,2 (Classical + Jazz),tapcorrect___046_youtube_ebZZpVFUQDY
4501,9.262472,1.1287959,1 (Pop + Groove + Rock + Hip-Hop),tapcorrect___047_youtube_WNa60w5HOB4
4502,0.13732457,6.5388093,1 (Pop + Groove + Rock + Hip-Hop),tapcorrect___048_youtube_B_e7QbWc5mI
4503,-15.899079,3.368895,2 (Classical + Jazz),tapcorrect___049_youtube_rSktfVJc_IM
4504,4.3068,9.915873,1 (Pop + Groove + Rock + Hip-Hop),tapcorrect___050_youtube_vx2u5uUu3DE
4505,3.2683666,2.3479836,1 (Pop + Groove + Rock + Hip-Hop),tapcorrect___051_youtube_InYVlCCEqFc
4506,6.3874364,7.3924456,1 (Pop + Groove + Rock + Hip-Hop),tapcorrect___052_youtube_LjffPO71TJs
4507,-0.5950766,-0.8236293,1 (Pop + Groove + Rock + Hip-Hop),tapcorrect___053_youtube_yuxchcK5Gek
4508,8.278592,4.434641,1 (Pop + Groove + Rock + Hip-Hop),tapcorrect___054_youtube_UgL4N4Hf1dk
4509,-3.5932894,1.7056277,2 (Classical + Jazz),tapcorrect___055_youtube_LzLt9X4hoIE
4510,-3.6540303,4.8548355,2 (Classical + Jazz),tapcorrect___056_youtube_alYFdNGVL1E
4511,5.1173525,5.86866,1 (Pop + Groove + Rock + Hip-Hop),tapcorrect___057_youtube_UrN3-lDk9Rs
4512,-1.7981198,-2.1279056,2 (Classical + Jazz),tapcorrect___058_youtube_c5dwksSbD34
4513,-6.229593,-10.314767,2 (Classical + Jazz),tapcorrect___059_youtube_-tJYN-eG1zk
4514,7.7970705,2.2694895,1 (Pop + Groove + Rock + Hip-Hop),tapcorrect___060_youtube_FY9v147BZuE
4515,10.278714,-5.392032,1 (Pop + Groove + Rock + Hip-Hop),tapcorrect___061_youtube_KlujizeNNQM
4516,19.066877,7.2908545,1 (Pop + Groove + Rock + Hip-Hop),tapcorrect___062_youtube_Yi3GJEEMX4s
4517,-4.8183913,3.0471396,2 (Classical + Jazz),tapcorrect___063_youtube_uFEK4fpYOS4
4518,-2.2370281,3.0093799,2 (Classical + Jazz),tapcorrect___064_youtube_Xlv1tm2h7pY
4519,-3.5867863,4.4474864,2 (Classical + Jazz),tapcorrect___065_youtube_u9Dg-g7t2l4
4520,4.531817,3.4628003,1 (Pop + Groove + Rock + Hip-Hop),tapcorrect___066_youtube_H4BB9eGUEaE
4521,-4.9142127,2.851017,2 (Classical + Jazz),tapcorrect___067_youtube_MbmFqUtK2aw
4522,1.9201808,4.7294374,1 (Pop + Groove + Rock + Hip-Hop),tapcorrect___068_youtube_a8LcePfI6Hs
4523,2.1933846,6.3690486,1 (Pop + Groove + Rock + Hip-Hop),tapcorrect___069_youtube_8kl6q_9qZOs
4524,10.111047,-1.3283852,1 (Pop + Groove + Rock + Hip-Hop),tapcorrect___070_youtube_m-M1AtrxztU
4525,8.162439,2.0242975,1 (Pop + Groove + Rock + Hip-Hop),tapcorrect___071_youtube_WBQ03PXMpqY
4526,1.8133566,4.7181897,1 (Pop + Groove + Rock + Hip-Hop),tapcorrect___072_youtube_sABVieMgwlA
4527,6.282086,-4.6355505,1 (Pop + Groove + Rock + Hip-Hop),tapcorrect___073_youtube_qZuH-5St80A
4528,7.3837442,-4.9971943,1 (Pop + Groove + Rock + Hip-Hop),tapcorrect___074_youtube_aBqT2qWxDL8
4529,-2.197722,2.0882795,2 (Classical + Jazz),tapcorrect___075_youtube_p_6F5K_xP6Q
4530,5.206711,-2.8999007,1 (Pop + Groove + Rock + Hip-Hop),tapcorrect___076_youtube_pjcOzqxu4JQ
4531,4.7066226,7.1561847,1 (Pop + Groove + Rock + Hip-Hop),tapcorrect___077_youtube_g6FU3s6mbGI
4532,7.8230796,-8.609521,1 (Pop + Groove + Rock + Hip-Hop),tapcorrect___078_youtube_DL_uU76w5eQ
4533,-1.2997943,0.79514474,1 (Pop + Groove + Rock + Hip-Hop),tapcorrect___079_youtube_aEW001GcS9s
4534,0.5154493,5.453191,1 (Pop + Groove + Rock + Hip-Hop),tapcorrect___080_youtube_9z1A1R8RQZs
4535,2.7119527,-1.6406257,1 (Pop + Groove + Rock + Hip-Hop),tapcorrect___081_youtube_pSdUOTuQzWQ
4536,5.4216814,-2.7664304,1 (Pop + Groove + Rock + Hip-Hop),tapcorrect___082_youtube_M84S81FL5FY
4537,-5.229424,2.8408926,2 (Classical + Jazz),tapcorrect___083_youtube_HfUoCF3dmbU
4538,2.0819314,9.893142,1 (Pop + Groove + Rock + Hip-Hop),tapcorrect___084_youtube_zH9sXggRlxc
4539,-4.558776,0.7916469,2 (Classical + Jazz),tapcorrect___085_youtube_KEl7WjfbnSA
4540,4.1057234,3.8833,1 (Pop + Groove + Rock + Hip-Hop),tapcorrect___086_youtube_-2WQ_caqBiY
4541,1.9036427,5.59301,1 (Pop + Groove + Rock + Hip-Hop),tapcorrect___087_youtube_ej93qIAlhXs
4542,5.611728,-1.9016212,1 (Pop + Groove + Rock + Hip-Hop),tapcorrect___088_youtube_D1ACUFvxAGQ
4543,9.924451,-4.676832,1 (Pop + Groove + Rock + Hip-Hop),tapcorrect___089_youtube_Ghg70fI6HLI
4544,5.643909,8.415805,1 (Pop + Groove + Rock + Hip-Hop),tapcorrect___090_youtube_2tmc8rJgxUI
4545,3.8681567,4.119005,1 (Pop + Groove + Rock + Hip-Hop),tapcorrect___091_youtube_NCtzkaL2t_Y
4546,6.6743774,3.5043528,1 (Pop + Groove + Rock + Hip-Hop),tapcorrect___092_youtube_oh2LWWORoiM
4547,3.0133631,7.197709,1 (Pop + Groove + Rock + Hip-Hop),tapcorrect___093_youtube_C1lbOgBtE3w
4548,-12.170778,-14.153711,2 (Classical + Jazz),tapcorrect___094_youtube_FrGARptU-kQ
4549,0.12712571,5.172258,1 (Pop + Groove + Rock + Hip-Hop),tapcorrect___095_youtube_zO6D_BAuYCI
4550,1.2340175,10.362066,1 (Pop + Groove + Rock + Hip-Hop),tapcorrect___096_youtube_XAYhNHhxN0A
4551,7.055819,4.6116943,1 (Pop + Groove + Rock + Hip-Hop),tapcorrect___097_youtube_Nco69szMp0Y
4552,2.7879317,2.01965,1 (Pop + Groove + Rock + Hip-Hop),tapcorrect___098_youtube_MsduHmjQlgI
4553,-14.0876465,-2.266213,2 (Classical + Jazz),tapcorrect___099_youtube_WHWqj6gKS9g
4554,-0.3186124,0.5039901,1 (Pop + Groove + Rock + Hip-Hop),tapcorrect___100_youtube_QinABEXzutY
4555,-11.047283,-1.3653873,2 (Classical + Jazz),tapcorrect___101_youtube_O64IDCVI3eM
4556,-1.9711994,3.9929392,1 (Pop + Groove + Rock + Hip-Hop),tapcorrect___102_youtube_4aiWPx8RU7I
4557,1.1976678,0.87380916,1 (Pop + Groove + Rock + Hip-Hop),gtzan___gtzan_blues_00000
4558,-1.5025924,0.08449727,2 (Classical + Jazz),gtzan___gtzan_blues_00001
4559,3.2625349,-0.8434401,1 (Pop + Groove + Rock + Hip-Hop),gtzan___gtzan_blues_00002
4560,-1.9027394,0.6007077,2 (Classical + Jazz),gtzan___gtzan_blues_00003
4561,-0.9709906,-3.8637848,2 (Classical + Jazz),gtzan___gtzan_blues_00004
4562,-3.1028519,-1.9372706,2 (Classical + Jazz),gtzan___gtzan_blues_00005
4563,-4.3151207,-3.3240325,2 (Classical + Jazz),gtzan___gtzan_blues_00006
4564,-3.2750823,-1.928658,2 (Classical + Jazz),gtzan___gtzan_blues_00007
4565,0.58760136,-4.249747,1 (Pop + Groove + Rock + Hip-Hop),gtzan___gtzan_blues_00008
4566,-3.99446,-1.7006416,2 (Classical + Jazz),gtzan___gtzan_blues_00009
4567,-2.5563016,-3.37708,2 (Classical + Jazz),gtzan___gtzan_blues_00010
4568,-4.2828445,-1.8034325,2 (Classical + Jazz),gtzan___gtzan_blues_00011
4569,-6.126655,-4.4038377,2 (Classical + Jazz),gtzan___gtzan_blues_00012
4570,-6.0645046,-4.3963876,2 (Classical + Jazz),gtzan___gtzan_blues_00013
4571,-5.860991,-3.492161,2 (Classical + Jazz),gtzan___gtzan_blues_00014
4572,-6.273952,-4.084239,2 (Classical + Jazz),gtzan___gtzan_blues_00015
4573,-6.0942907,-4.070443,2 (Classical + Jazz),gtzan___gtzan_blues_00016
4574,-6.006385,-4.48956,2 (Classical + Jazz),gtzan___gtzan_blues_00017
4575,-5.3760934,-3.3549206,2 (Classical + Jazz),gtzan___gtzan_blues_00018
4576,-6.238442,-4.9068246,2 (Classical + Jazz),gtzan___gtzan_blues_00019
4577,-6.2326503,-4.6358347,2 (Classical + Jazz),gtzan___gtzan_blues_00020
4578,-6.028768,-4.35733,2 (Classical + Jazz),gtzan___gtzan_blues_00021
4579,-5.8835764,-4.5632086,2 (Classical + Jazz),gtzan___gtzan_blues_00022
4580,-6.419527,-4.7050405,2 (Classical + Jazz),gtzan___gtzan_blues_00023
4581,-6.313221,-4.6380925,2 (Classical + Jazz),gtzan___gtzan_blues_00024
4582,-6.277858,-4.3626814,2 (Classical + Jazz),gtzan___gtzan_blues_00025
4583,-5.5239453,-3.5685215,2 (Classical + Jazz),gtzan___gtzan_blues_00026
4584,-5.821014,-3.491386,2 (Classical + Jazz),gtzan___gtzan_blues_00027
4585,-6.339499,-4.4451804,2 (Classical + Jazz),gtzan___gtzan_blues_00028
4586,-3.492091,-1.5677732,2 (Classical + Jazz),gtzan___gtzan_blues_00029
4587,-2.5266926,-0.71129596,2 (Classical + Jazz),gtzan___gtzan_blues_00030
4588,-3.0884213,-0.5330138,2 (Classical + Jazz),gtzan___gtzan_blues_00031
4589,-3.8175538,-1.1150345,2 (Classical + Jazz),gtzan___gtzan_blues_00032
4590,-3.242327,-0.8564605,2 (Classical + Jazz),gtzan___gtzan_blues_00033
4591,-3.0563676,-0.8171116,2 (Classical + Jazz),gtzan___gtzan_blues_00034
4592,-2.7828016,-0.32459432,2 (Classical + Jazz),gtzan___gtzan_blues_00035
4593,-2.9502773,-0.39581513,2 (Classical + Jazz),gtzan___gtzan_blues_00036
4594,-4.1138053,-2.3245935,2 (Classical + Jazz),gtzan___gtzan_blues_00037
4595,-3.0438159,-0.66822386,2 (Classical + Jazz),gtzan___gtzan_blues_00038
4596,-3.9249837,-1.0148832,2 (Classical + Jazz),gtzan___gtzan_blues_00039
4597,3.8154023,-3.0246325,1 (Pop + Groove + Rock + Hip-Hop),gtzan___gtzan_blues_00040
4598,0.9038678,1.2369744,1 (Pop + Groove + Rock + Hip-Hop),gtzan___gtzan_blues_00041
4599,-2.308425,5.0189853,1 (Pop + Groove + Rock + Hip-Hop),gtzan___gtzan_blues_00042
4600,1.4732084,1.147397,1 (Pop + Groove + Rock + Hip-Hop),gtzan___gtzan_blues_00043
4601,14.053719,6.8519683,1 (Pop + Groove + Rock + Hip-Hop),gtzan___gtzan_blues_00044
4602,12.5856085,7.6990914,1 (Pop + Groove + Rock + Hip-Hop),gtzan___gtzan_blues_00045
4603,-0.84018517,-0.12036915,1 (Pop + Groove + Rock + Hip-Hop),gtzan___gtzan_blues_00046
4604,-2.2887173,5.333971,1 (Pop + Groove + Rock + Hip-Hop),gtzan___gtzan_blues_00047
4605,1.081896,1.1704779,1 (Pop + Groove + Rock + Hip-Hop),gtzan___gtzan_blues_00048
4606,-2.4371293,5.0018625,2 (Classical + Jazz),gtzan___gtzan_blues_00049
4607,1.359877,1.1279663,1 (Pop + Groove + Rock + Hip-Hop),gtzan___gtzan_blues_00050
4608,1.5071095,1.3275908,1 (Pop + Groove + Rock + Hip-Hop),gtzan___gtzan_blues_00051
4609,-2.2023993,3.2586105,2 (Classical + Jazz),gtzan___gtzan_blues_00052
4610,1.386729,1.1283176,1 (Pop + Groove + Rock + Hip-Hop),gtzan___gtzan_blues_00053
4611,1.8893301,0.2404485,1 (Pop + Groove + Rock + Hip-Hop),gtzan___gtzan_blues_00054
4612,1.4242493,0.7226935,1 (Pop + Groove + Rock + Hip-Hop),gtzan___gtzan_blues_00055
4613,-1.9081959,3.0775268,2 (Classical + Jazz),gtzan___gtzan_blues_00056
4614,1.2492765,1.0156716,1 (Pop + Groove + Rock + Hip-Hop),gtzan___gtzan_blues_00057
4615,0.6425463,1.3999604,1 (Pop + Groove + Rock + Hip-Hop),gtzan___gtzan_blues_00058
4616,1.3847498,1.2772797,1 (Pop + Groove + Rock + Hip-Hop),gtzan___gtzan_blues_00059
4617,1.5681882,0.9939508,1 (Pop + Groove + Rock + Hip-Hop),gtzan___gtzan_blues_00060
4618,1.8055876,-5.586797,1 (Pop + Groove + Rock + Hip-Hop),gtzan___gtzan_blues_00061
4619,1.1749096,-0.24369243,1 (Pop + Groove + Rock + Hip-Hop),gtzan___gtzan_blues_00062
4620,0.8299402,0.7682681,1 (Pop + Groove + Rock + Hip-Hop),gtzan___gtzan_blues_00063
4621,1.7324557,-5.5384583,1 (Pop + Groove + Rock + Hip-Hop),gtzan___gtzan_blues_00064
4622,1.0781592,0.09274601,1 (Pop + Groove + Rock + Hip-Hop),gtzan___gtzan_blues_00065
4623,1.39843,-0.2606778,1 (Pop + Groove + Rock + Hip-Hop),gtzan___gtzan_blues_00066
4624,1.2042288,0.10056374,1 (Pop + Groove + Rock + Hip-Hop),gtzan___gtzan_blues_00067
4625,1.7981557,-5.6169963,1 (Pop + Groove + Rock + Hip-Hop),gtzan___gtzan_blues_00068
4626,0.73736095,0.41897428,1 (Pop + Groove + Rock + Hip-Hop),gtzan___gtzan_blues_00069
4627,1.1157075,-0.22449355,1 (Pop + Groove + Rock + Hip-Hop),gtzan___gtzan_blues_00070
4628,1.7053299,-5.5421834,1 (Pop + Groove + Rock + Hip-Hop),gtzan___gtzan_blues_00071
4629,-0.54957044,6.44217,1 (Pop + Groove + Rock + Hip-Hop),gtzan___gtzan_blues_00072
4630,4.17814,1.5305284,1 (Pop + Groove + Rock + Hip-Hop),gtzan___gtzan_blues_00073
4631,3.8546228,-0.71235436,1 (Pop + Groove + Rock + Hip-Hop),gtzan___gtzan_blues_00074
4632,4.804373,-1.5980589,1 (Pop + Groove + Rock + Hip-Hop),gtzan___gtzan_blues_00075
4633,2.5287116,-1.0885079,1 (Pop + Groove + Rock + Hip-Hop),gtzan___gtzan_blues_00076
4634,4.6845713,-1.8831996,1 (Pop + Groove + Rock + Hip-Hop),gtzan___gtzan_blues_00077
4635,12.337788,5.7698417,1 (Pop + Groove + Rock + Hip-Hop),gtzan___gtzan_blues_00078
4636,7.390642,3.764179,1 (Pop + Groove + Rock + Hip-Hop),gtzan___gtzan_blues_00079
4637,3.74519,-2.275326,1 (Pop + Groove + Rock + Hip-Hop),gtzan___gtzan_blues_00080
4638,4.1303506,-9.855357,1 (Pop + Groove + Rock + Hip-Hop),gtzan___gtzan_blues_00081
4639,4.509328,2.0223012,1 (Pop + Groove + Rock + Hip-Hop),gtzan___gtzan_blues_00082
4640,12.477856,5.4685116,1 (Pop + Groove + Rock + Hip-Hop),gtzan___gtzan_blues_00083
4641,2.8200924,-6.0917497,1 (Pop + Groove + Rock + Hip-Hop),gtzan___gtzan_blues_00084
4642,-3.1797216,-1.1742588,2 (Classical + Jazz),gtzan___gtzan_blues_00085
4643,-2.8717275,-1.6644404,2 (Classical + Jazz),gtzan___gtzan_blues_00086
4644,-2.6152358,-1.2760562,2 (Classical + Jazz),gtzan___gtzan_blues_00087
4645,0.9663595,-1.264933,1 (Pop + Groove + Rock + Hip-Hop),gtzan___gtzan_blues_00088
4646,-5.339995,-1.9076977,2 (Classical + Jazz),gtzan___gtzan_blues_00089
4647,-2.6215413,-1.924721,2 (Classical + Jazz),gtzan___gtzan_blues_00090
4648,-3.024152,-1.9259024,2 (Classical + Jazz),gtzan___gtzan_blues_00091
4649,-4.882766,-1.4050179,2 (Classical + Jazz),gtzan___gtzan_blues_00092
4650,-5.931692,-1.1417567,2 (Classical + Jazz),gtzan___gtzan_blues_00093
4651,-2.9142194,-1.2161,2 (Classical + Jazz),gtzan___gtzan_blues_00094
4652,-1.9209893,-1.3282454,2 (Classical + Jazz),gtzan___gtzan_blues_00095
4653,-4.913738,-0.5254902,2 (Classical + Jazz),gtzan___gtzan_blues_00096
4654,-0.19834247,-0.54553115,1 (Pop + Groove + Rock + Hip-Hop),gtzan___gtzan_blues_00097
4655,1.9330845,1.8257691,1 (Pop + Groove + Rock + Hip-Hop),gtzan___gtzan_blues_00098
4656,-3.078941,2.9415615,2 (Classical + Jazz),gtzan___gtzan_blues_00099
4657,-17.874643,-2.3464675,2 (Classical + Jazz),gtzan___gtzan_classical_00000
4658,-17.679901,-1.4579304,2 (Classical + Jazz),gtzan___gtzan_classical_00001
4659,-19.494123,-2.600445,2 (Classical + Jazz),gtzan___gtzan_classical_00002
4660,-16.26686,-1.4777346,2 (Classical + Jazz),gtzan___gtzan_classical_00003
4661,-18.101286,-2.0481822,2 (Classical + Jazz),gtzan___gtzan_classical_00004
4662,-16.904156,-3.284399,2 (Classical + Jazz),gtzan___gtzan_classical_00005
4663,-16.509737,-2.2976477,2 (Classical + Jazz),gtzan___gtzan_classical_00006
4664,-16.875156,-3.3244362,2 (Classical + Jazz),gtzan___gtzan_classical_00007
4665,-16.810799,-2.7633016,2 (Classical + Jazz),gtzan___gtzan_classical_00008
4666,-15.670925,-2.2113605,2 (Classical + Jazz),gtzan___gtzan_classical_00009
4667,-16.860203,-3.2935882,2 (Classical + Jazz),gtzan___gtzan_classical_00010
4668,-16.061203,-1.9252304,2 (Classical + Jazz),gtzan___gtzan_classical_00011
4669,-16.115908,-2.614888,2 (Classical + Jazz),gtzan___gtzan_classical_00012
4670,-16.596272,-3.2177923,2 (Classical + Jazz),gtzan___gtzan_classical_00013
4671,-16.648436,-2.210595,2 (Classical + Jazz),gtzan___gtzan_classical_00014
4672,-14.761688,-0.741652,2 (Classical + Jazz),gtzan___gtzan_classical_00015
4673,-15.388116,-1.7079573,2 (Classical + Jazz),gtzan___gtzan_classical_00016
4674,-17.064745,-1.5843151,2 (Classical + Jazz),gtzan___gtzan_classical_00017
4675,-15.498664,-1.6464835,2 (Classical + Jazz),gtzan___gtzan_classical_00018
4676,-15.773259,-2.4477322,2 (Classical + Jazz),gtzan___gtzan_classical_00019
4677,-16.881903,-3.2443352,2 (Classical + Jazz),gtzan___gtzan_classical_00020
4678,-17.574608,-2.741539,2 (Classical + Jazz),gtzan___gtzan_classical_00021
4679,-16.68373,-3.1547008,2 (Classical + Jazz),gtzan___gtzan_classical_00022
4680,-15.867513,-2.1018386,2 (Classical + Jazz),gtzan___gtzan_classical_00023
4681,-17.523998,-4.132897,2 (Classical + Jazz),gtzan___gtzan_classical_00024
4682,-18.106686,-4.1882443,2 (Classical + Jazz),gtzan___gtzan_classical_00025
4683,-16.648556,-2.9697077,2 (Classical + Jazz),gtzan___gtzan_classical_00026
4684,-15.088951,-0.49611923,2 (Classical + Jazz),gtzan___gtzan_classical_00027
4685,-16.739786,-3.2811203,2 (Classical + Jazz),gtzan___gtzan_classical_00028
4686,-17.057272,-2.5859475,2 (Classical + Jazz),gtzan___gtzan_classical_00029
4687,-19.641123,-2.5749154,2 (Classical + Jazz),gtzan___gtzan_classical_00030
4688,-23.948929,4.0477424,2 (Classical + Jazz),gtzan___gtzan_classical_00031
4689,-14.636924,-2.3633485,2 (Classical + Jazz),gtzan___gtzan_classical_00032
4690,-15.35244,-2.38338,2 (Classical + Jazz),gtzan___gtzan_classical_00033
4691,-16.066607,-1.9288316,2 (Classical + Jazz),gtzan___gtzan_classical_00034
4692,-8.753424,-0.686294,2 (Classical + Jazz),gtzan___gtzan_classical_00035
4693,-15.295179,-1.71784,2 (Classical + Jazz),gtzan___gtzan_classical_00036
4694,-18.087738,-2.8014302,2 (Classical + Jazz),gtzan___gtzan_classical_00037
4695,-17.139824,-1.1952082,2 (Classical + Jazz),gtzan___gtzan_classical_00038
4696,-14.556566,-0.81777316,2 (Classical + Jazz),gtzan___gtzan_classical_00039
4697,-15.080851,-1.2585775,2 (Classical + Jazz),gtzan___gtzan_classical_00040
4698,-15.154015,-1.7529029,2 (Classical + Jazz),gtzan___gtzan_classical_00041
4699,-17.51091,-4.22404,2 (Classical + Jazz),gtzan___gtzan_classical_00042
4700,-17.375261,0.021986548,2 (Classical + Jazz),gtzan___gtzan_classical_00043
4701,-15.832945,-1.7433918,2 (Classical + Jazz),gtzan___gtzan_classical_00044
4702,-19.555336,-0.13468878,2 (Classical + Jazz),gtzan___gtzan_classical_00045
4703,-16.44429,-4.8701286,2 (Classical + Jazz),gtzan___gtzan_classical_00046
4704,-15.826219,-1.9282633,2 (Classical + Jazz),gtzan___gtzan_classical_00047
4705,-18.502779,-3.9783995,2 (Classical + Jazz),gtzan___gtzan_classical_00048
4706,-16.611538,-4.707186,2 (Classical + Jazz),gtzan___gtzan_classical_00049
4707,-14.424981,-0.01830009,2 (Classical + Jazz),gtzan___gtzan_classical_00050
4708,-9.565061,-1.5072134,2 (Classical + Jazz),gtzan___gtzan_classical_00051
4709,2.9653652,-9.392884,1 (Pop + Groove + Rock + Hip-Hop),gtzan___gtzan_classical_00052
4710,1.5607827,-7.6240516,1 (Pop + Groove + Rock + Hip-Hop),gtzan___gtzan_classical_00053
4711,-8.052083,-0.76825917,2 (Classical + Jazz),gtzan___gtzan_classical_00054
4712,-14.730583,-0.9334121,2 (Classical + Jazz),gtzan___gtzan_classical_00055
4713,-9.03884,-0.8901148,2 (Classical + Jazz),gtzan___gtzan_classical_00056
4714,-16.146051,-0.268384,2 (Classical + Jazz),gtzan___gtzan_classical_00057
4715,-15.148749,-1.1897802,2 (Classical + Jazz),gtzan___gtzan_classical_00058
4716,-17.70741,-4.76602,2 (Classical + Jazz),gtzan___gtzan_classical_00059
4717,-17.574211,-4.8761425,2 (Classical + Jazz),gtzan___gtzan_classical_00060
4718,-16.552645,-4.503317,2 (Classical + Jazz),gtzan___gtzan_classical_00061
4719,-15.908822,-3.5108528,2 (Classical + Jazz),gtzan___gtzan_classical_00062
4720,-18.539776,2.588436,2 (Classical + Jazz),gtzan___gtzan_classical_00063
4721,-18.501556,3.912958,2 (Classical + Jazz),gtzan___gtzan_classical_00064
4722,-20.4616,3.276485,2 (Classical + Jazz),gtzan___gtzan_classical_00065
4723,-20.793999,2.8396764,2 (Classical + Jazz),gtzan___gtzan_classical_00066
4724,-18.440683,3.4791543,2 (Classical + Jazz),gtzan___gtzan_classical_00067
4725,-17.66127,-2.3313966,2 (Classical + Jazz),gtzan___gtzan_classical_00068
4726,-15.511344,-1.0012494,2 (Classical + Jazz),gtzan___gtzan_classical_00069
4727,-16.976921,-3.7851267,2 (Classical + Jazz),gtzan___gtzan_classical_00070
4728,-16.689833,-2.801893,2 (Classical + Jazz),gtzan___gtzan_classical_00071
4729,-16.567917,-3.3493376,2 (Classical + Jazz),gtzan___gtzan_classical_00072
4730,-17.065071,-3.5234025,2 (Classical + Jazz),gtzan___gtzan_classical_00073
4731,-17.348923,-3.0730982,2 (Classical + Jazz),gtzan___gtzan_classical_00074
4732,-16.236015,-2.616034,2 (Classical + Jazz),gtzan___gtzan_classical_00075
4733,-17.665005,-3.2088373,2 (Classical + Jazz),gtzan___gtzan_classical_00076
4734,-18.792389,3.6129236,2 (Classical + Jazz),gtzan___gtzan_classical_00077
4735,-19.026594,3.7159343,2 (Classical + Jazz),gtzan___gtzan_classical_00078
4736,-22.878597,0.7162808,2 (Classical + Jazz),gtzan___gtzan_classical_00079
4737,-15.908308,3.0997589,2 (Classical + Jazz),gtzan___gtzan_classical_00080
4738,-16.775795,-2.2204509,2 (Classical + Jazz),gtzan___gtzan_classical_00081
4739,-17.168726,-2.6978486,2 (Classical + Jazz),gtzan___gtzan_classical_00082
4740,-15.706753,-1.9518915,2 (Classical + Jazz),gtzan___gtzan_classical_00083
4741,-15.914884,-2.46976,2 (Classical + Jazz),gtzan___gtzan_classical_00084
4742,-17.663609,-4.4152803,2 (Classical + Jazz),gtzan___gtzan_classical_00085
4743,-17.780098,-4.51698,2 (Classical + Jazz),gtzan___gtzan_classical_00086
4744,-15.223028,-2.224254,2 (Classical + Jazz),gtzan___gtzan_classical_00087
4745,-19.01367,-2.8711946,2 (Classical + Jazz),gtzan___gtzan_classical_00088
4746,-15.996627,-0.0031505262,2 (Classical + Jazz),gtzan___gtzan_classical_00089
4747,-15.190784,-0.71693194,2 (Classical + Jazz),gtzan___gtzan_classical_00090
4748,-17.42246,-1.6904194,2 (Classical + Jazz),gtzan___gtzan_classical_00091
4749,-13.8021555,-0.12610295,2 (Classical + Jazz),gtzan___gtzan_classical_00092
4750,-20.45212,-2.6000266,2 (Classical + Jazz),gtzan___gtzan_classical_00093
4751,-15.679452,-2.8229778,2 (Classical + Jazz),gtzan___gtzan_classical_00094
4752,-15.249814,-1.6743373,2 (Classical + Jazz),gtzan___gtzan_classical_00095
4753,-17.70242,-2.4089415,2 (Classical + Jazz),gtzan___gtzan_classical_00096
4754,-17.875723,-2.2016735,2 (Classical + Jazz),gtzan___gtzan_classical_00097
4755,-17.077972,-3.8466964,2 (Classical + Jazz),gtzan___gtzan_classical_00098
4756,-13.638654,0.9533825,2 (Classical + Jazz),gtzan___gtzan_classical_00099
4757,2.598693,4.8632855,1 (Pop + Groove + Rock + Hip-Hop),gtzan___gtzan_country_00000
4758,3.9243567,6.1195664,1 (Pop + Groove + Rock + Hip-Hop),gtzan___gtzan_country_00001
4759,-2.0808468,-4.9380107,2 (Classical + Jazz),gtzan___gtzan_country_00002
4760,-1.1340177,2.3230524,1 (Pop + Groove + Rock + Hip-Hop),gtzan___gtzan_country_00003
4761,3.776435,6.2462335,1 (Pop + Groove + Rock + Hip-Hop),gtzan___gtzan_country_00004
4762,8.174594,4.280646,1 (Pop + Groove + Rock + Hip-Hop),gtzan___gtzan_country_00005
4763,2.2212465,5.0926223,1 (Pop + Groove + Rock + Hip-Hop),gtzan___gtzan_country_00006
4764,3.517191,5.3265047,1 (Pop + Groove + Rock + Hip-Hop),gtzan___gtzan_country_00007
4765,1.693525,5.819413,1 (Pop + Groove + Rock + Hip-Hop),gtzan___gtzan_country_00008
4766,6.1670513,6.6990423,1 (Pop + Groove + Rock + Hip-Hop),gtzan___gtzan_country_00009
4767,-4.904271,0.16802588,2 (Classical + Jazz),gtzan___gtzan_country_00010
4768,-4.138046,-2.4467747,2 (Classical + Jazz),gtzan___gtzan_country_00011
4769,-0.63887143,1.9788846,1 (Pop + Groove + Rock + Hip-Hop),gtzan___gtzan_country_00012
4770,0.40922922,2.379865,1 (Pop + Groove + Rock + Hip-Hop),gtzan___gtzan_country_00013
4771,2.606405,3.294338,1 (Pop + Groove + Rock + Hip-Hop),gtzan___gtzan_country_00014
4772,-1.8096312,-2.113334,2 (Classical + Jazz),gtzan___gtzan_country_00015
4773,-6.1008296,-1.1238112,2 (Classical + Jazz),gtzan___gtzan_country_00016
4774,-8.900274,2.4327588,2 (Classical + Jazz),gtzan___gtzan_country_00017
4775,-0.6287505,2.269944,1 (Pop + Groove + Rock + Hip-Hop),gtzan___gtzan_country_00018
4776,-5.1418123,-0.5007377,2 (Classical + Jazz),gtzan___gtzan_country_00019
4777,-4.255138,0.36085528,2 (Classical + Jazz),gtzan___gtzan_country_00020
4778,-3.9650016,-0.2527525,2 (Classical + Jazz),gtzan___gtzan_country_00021
4779,-5.1625957,0.24181952,2 (Classical + Jazz),gtzan___gtzan_country_00022
4780,-5.0851808,-0.27934727,2 (Classical + Jazz),gtzan___gtzan_country_00023
4781,-2.6999602,1.0858237,2 (Classical + Jazz),gtzan___gtzan_country_00024
4782,-2.5331764,2.3692782,2 (Classical + Jazz),gtzan___gtzan_country_00025
4783,-3.2540908,1.1072377,2 (Classical + Jazz),gtzan___gtzan_country_00026
4784,0.44336116,0.1636024,1 (Pop + Groove + Rock + Hip-Hop),gtzan___gtzan_country_00027
4785,-2.3179448,1.8385875,2 (Classical + Jazz),gtzan___gtzan_country_00028
4786,-1.6602942,1.2811295,2 (Classical + Jazz),gtzan___gtzan_country_00029
4787,-18.368343,5.1888757,2 (Classical + Jazz),gtzan___gtzan_country_00030
4788,-1.0213163,2.3236675,1 (Pop + Groove + Rock + Hip-Hop),gtzan___gtzan_country_00031
4789,-2.5059757,1.1933209,2 (Classical + Jazz),gtzan___gtzan_country_00032
4790,-0.279999,2.1518302,1 (Pop + Groove + Rock + Hip-Hop),gtzan___gtzan_country_00033
4791,4.9820743,-3.0422437,1 (Pop + Groove + Rock + Hip-Hop),gtzan___gtzan_country_00034
4792,-0.4462502,1.7652072,1 (Pop + Groove + Rock + Hip-Hop),gtzan___gtzan_country_00035
4793,-4.6996565,-0.3711234,2 (Classical + Jazz),gtzan___gtzan_country_00036
4794,-2.169487,2.343989,2 (Classical + Jazz),gtzan___gtzan_country_00037
4795,0.7224763,2.668191,1 (Pop + Groove + Rock + Hip-Hop),gtzan___gtzan_country_00038
4796,9.324335,-7.78644,1 (Pop + Groove + Rock + Hip-Hop),gtzan___gtzan_country_00039
4797,0.45448452,2.5783997,1 (Pop + Groove + Rock + Hip-Hop),gtzan___gtzan_country_00040
4798,-0.90344703,1.9063009,1 (Pop + Groove + Rock + Hip-Hop),gtzan___gtzan_country_00041
4799,0.04556532,2.8315897,1 (Pop + Groove + Rock + Hip-Hop),gtzan___gtzan_country_00042
4800,-0.17292206,2.6835759,1 (Pop + Groove + Rock + Hip-Hop),gtzan___gtzan_country_00043
4801,-2.252556,2.0407326,2 (Classical + Jazz),gtzan___gtzan_country_00044
4802,2.582655,4.448283,1 (Pop + Groove + Rock + Hip-Hop),gtzan___gtzan_country_00045
4803,-0.8213874,1.1401544,1 (Pop + Groove + Rock + Hip-Hop),gtzan___gtzan_country_00046
4804,-2.4983094,0.918178,2 (Classical + Jazz),gtzan___gtzan_country_00047
4805,-0.4129578,-1.7491051,1 (Pop + Groove + Rock + Hip-Hop),gtzan___gtzan_country_00048
4806,-0.43080506,1.4656594,1 (Pop + Groove + Rock + Hip-Hop),gtzan___gtzan_country_00049
4807,-1.116362,4.3653684,1 (Pop + Groove + Rock + Hip-Hop),gtzan___gtzan_country_00050
4808,-2.822576,1.9164802,2 (Classical + Jazz),gtzan___gtzan_country_00051
4809,-3.0382931,1.5541472,2 (Classical + Jazz),gtzan___gtzan_country_00052
4810,1.5255562,1.5423471,1 (Pop + Groove + Rock + Hip-Hop),gtzan___gtzan_country_00053
4811,-2.057336,3.1333828,2 (Classical + Jazz),gtzan___gtzan_country_00054
4812,1.0149438,4.962861,1 (Pop + Groove + Rock + Hip-Hop),gtzan___gtzan_country_00055
4813,-2.8353078,2.4715402,2 (Classical + Jazz),gtzan___gtzan_country_00056
4814,-3.3728893,1.9269488,2 (Classical + Jazz),gtzan___gtzan_country_00057
4815,-0.80791956,4.634089,1 (Pop + Groove + Rock + Hip-Hop),gtzan___gtzan_country_00058
4816,-3.415101,2.5768611,2 (Classical + Jazz),gtzan___gtzan_country_00059
4817,-2.3489623,2.76394,2 (Classical + Jazz),gtzan___gtzan_country_00060
4818,-2.163667,2.413556,2 (Classical + Jazz),gtzan___gtzan_country_00061
4819,1.5684743,1.1853367,1 (Pop + Groove + Rock + Hip-Hop),gtzan___gtzan_country_00062
4820,-2.722087,3.1662707,2 (Classical + Jazz),gtzan___gtzan_country_00063
4821,-4.2114472,3.043422,2 (Classical + Jazz),gtzan___gtzan_country_00064
4822,-4.4453077,-0.6172875,2 (Classical + Jazz),gtzan___gtzan_country_00065
4823,0.9105313,6.444558,1 (Pop + Groove + Rock + Hip-Hop),gtzan___gtzan_country_00066
4824,-4.90697,-1.2675723,2 (Classical + Jazz),gtzan___gtzan_country_00067
4825,-3.663012,0.49409145,2 (Classical + Jazz),gtzan___gtzan_country_00068
4826,-5.0142093,2.121254,2 (Classical + Jazz),gtzan___gtzan_country_00069
4827,0.49680555,1.7719572,1 (Pop + Groove + Rock + Hip-Hop),gtzan___gtzan_country_00070
4828,-4.392351,0.306725,2 (Classical + Jazz),gtzan___gtzan_country_00071
4829,-0.7871303,2.493337,1 (Pop + Groove + Rock + Hip-Hop),gtzan___gtzan_country_00072
4830,-1.4975268,2.0232804,1 (Pop + Groove + Rock + Hip-Hop),gtzan___gtzan_country_00073
4831,-3.9355857,-0.29250786,2 (Classical + Jazz),gtzan___gtzan_country_00074
4832,7.039198,4.652414,1 (Pop + Groove + Rock + Hip-Hop),gtzan___gtzan_country_00075
4833,-2.8419895,-0.4000879,2 (Classical + Jazz),gtzan___gtzan_country_00076
4834,-0.61496997,0.3839196,1 (Pop + Groove + Rock + Hip-Hop),gtzan___gtzan_country_00077
4835,-5.4333286,-0.9257138,2 (Classical + Jazz),gtzan___gtzan_country_00078
4836,-4.0882487,0.6070995,2 (Classical + Jazz),gtzan___gtzan_country_00079
4837,-0.20741783,2.3333712,1 (Pop + Groove + Rock + Hip-Hop),gtzan___gtzan_country_00080
4838,1.570468,1.7256664,1 (Pop + Groove + Rock + Hip-Hop),gtzan___gtzan_country_00081
4839,0.6305219,1.5628586,1 (Pop + Groove + Rock + Hip-Hop),gtzan___gtzan_country_00082
4840,-2.8263307,1.4024994,2 (Classical + Jazz),gtzan___gtzan_country_00083
4841,0.11936375,1.7808542,1 (Pop + Groove + Rock + Hip-Hop),gtzan___gtzan_country_00084
4842,-1.6294574,1.854461,1 (Pop + Groove + Rock + Hip-Hop),gtzan___gtzan_country_00085
4843,0.35601288,0.61572176,1 (Pop + Groove + Rock + Hip-Hop),gtzan___gtzan_country_00086
4844,-2.5898976,1.555171,2 (Classical + Jazz),gtzan___gtzan_country_00087
4845,-1.1904263,2.0222752,1 (Pop + Groove + Rock + Hip-Hop),gtzan___gtzan_country_00088
4846,-3.0093982,1.6452639,2 (Classical + Jazz),gtzan___gtzan_country_00089
4847,-0.14013052,2.7057006,1 (Pop + Groove + Rock + Hip-Hop),gtzan___gtzan_country_00090
4848,-3.8437328,-0.24839213,2 (Classical + Jazz),gtzan___gtzan_country_00091
4849,1.5790701,7.2455926,1 (Pop + Groove + Rock + Hip-Hop),gtzan___gtzan_country_00092
4850,-4.171735,-0.10378389,2 (Classical + Jazz),gtzan___gtzan_country_00093
4851,-0.44050387,2.584188,1 (Pop + Groove + Rock + Hip-Hop),gtzan___gtzan_country_00094
4852,-1.1000668,2.475059,1 (Pop + Groove + Rock + Hip-Hop),gtzan___gtzan_country_00095
4853,-0.19677296,2.576343,1 (Pop + Groove + Rock + Hip-Hop),gtzan___gtzan_country_00096
4854,-1.9250078,2.0962021,2 (Classical + Jazz),gtzan___gtzan_country_00097
4855,-1.9721133,2.0291796,2 (Classical + Jazz),gtzan___gtzan_country_00098
4856,2.116219,2.9348853,1 (Pop + Groove + Rock + Hip-Hop),gtzan___gtzan_country_00099
4857,14.503813,-0.7868049,1 (Pop + Groove + Rock + Hip-Hop),gtzan___gtzan_disco_00000
4858,11.857819,3.985655,1 (Pop + Groove + Rock + Hip-Hop),gtzan___gtzan_disco_00001
4859,4.537313,0.791302,1 (Pop + Groove + Rock + Hip-Hop),gtzan___gtzan_disco_00002
4860,11.596826,0.48814836,1 (Pop + Groove + Rock + Hip-Hop),gtzan___gtzan_disco_00003
4861,1.6422298,2.262809,1 (Pop + Groove + Rock + Hip-Hop),gtzan___gtzan_disco_00004
4862,7.847448,1.3031176,1 (Pop + Groove + Rock + Hip-Hop),gtzan___gtzan_disco_00005
4863,10.072408,5.432618,1 (Pop + Groove + Rock + Hip-Hop),gtzan___gtzan_disco_00006
4864,5.8096604,2.4077356,1 (Pop + Groove + Rock + Hip-Hop),gtzan___gtzan_disco_00007
4865,7.5446305,4.3893466,1 (Pop + Groove + Rock + Hip-Hop),gtzan___gtzan_disco_00008
4866,11.800313,1.6021056,1 (Pop + Groove + Rock + Hip-Hop),gtzan___gtzan_disco_00009
4867,7.303341,4.674574,1 (Pop + Groove + Rock + Hip-Hop),gtzan___gtzan_disco_00010
4868,12.196006,2.082176,1 (Pop + Groove + Rock + Hip-Hop),gtzan___gtzan_disco_00011
4869,7.369293,0.84410167,1 (Pop + Groove + Rock + Hip-Hop),gtzan___gtzan_disco_00012
4870,9.457678,6.3026967,1 (Pop + Groove + Rock + Hip-Hop),gtzan___gtzan_disco_00013
4871,8.945053,4.665553,1 (Pop + Groove + Rock + Hip-Hop),gtzan___gtzan_disco_00014
4872,3.7635071,6.0744247,1 (Pop + Groove + Rock + Hip-Hop),gtzan___gtzan_disco_00015
4873,7.669587,1.1789162,1 (Pop + Groove + Rock + Hip-Hop),gtzan___gtzan_disco_00016
4874,9.569267,-0.27116522,1 (Pop + Groove + Rock + Hip-Hop),gtzan___gtzan_disco_00017
4875,13.045255,1.8114431,1 (Pop + Groove + Rock + Hip-Hop),gtzan___gtzan_disco_00018
4876,2.2334375,-0.57197076,1 (Pop + Groove + Rock + Hip-Hop),gtzan___gtzan_disco_00019
4877,2.0884879,3.2286186,1 (Pop + Groove + Rock + Hip-Hop),gtzan___gtzan_disco_00020
4878,16.124079,3.2117805,1 (Pop + Groove + Rock + Hip-Hop),gtzan___gtzan_disco_00021
4879,4.828872,1.0189952,1 (Pop + Groove + Rock + Hip-Hop),gtzan___gtzan_disco_00022
4880,8.555344,3.117972,1 (Pop + Groove + Rock + Hip-Hop),gtzan___gtzan_disco_00023
4881,7.9378676,2.9821622,1 (Pop + Groove + Rock + Hip-Hop),gtzan___gtzan_disco_00024
4882,4.908478,-3.1306093,1 (Pop + Groove + Rock + Hip-Hop),gtzan___gtzan_disco_00025
4883,13.402919,3.162566,1 (Pop + Groove + Rock + Hip-Hop),gtzan___gtzan_disco_00026
4884,12.806828,-4.20528,1 (Pop + Groove + Rock + Hip-Hop),gtzan___gtzan_disco_00027
4885,11.356154,1.5828083,1 (Pop + Groove + Rock + Hip-Hop),gtzan___gtzan_disco_00028
4886,6.6265435,1.7266018,1 (Pop + Groove + Rock + Hip-Hop),gtzan___gtzan_disco_00029
4887,14.904725,3.6607115,1 (Pop + Groove + Rock + Hip-Hop),gtzan___gtzan_disco_00030
4888,1.6527627,2.1288264,1 (Pop + Groove + Rock + Hip-Hop),gtzan___gtzan_disco_00031
4889,4.6129184,-2.496002,1 (Pop + Groove + Rock + Hip-Hop),gtzan___gtzan_disco_00032
4890,8.139768,3.674487,1 (Pop + Groove + Rock + Hip-Hop),gtzan___gtzan_disco_00033
4891,3.0441864,3.735683,1 (Pop + Groove + Rock + Hip-Hop),gtzan___gtzan_disco_00034
4892,12.920769,3.952576,1 (Pop + Groove + Rock + Hip-Hop),gtzan___gtzan_disco_00035
4893,7.916395,3.724824,1 (Pop + Groove + Rock + Hip-Hop),gtzan___gtzan_disco_00036
4894,11.002506,1.1052821,1 (Pop + Groove + Rock + Hip-Hop),gtzan___gtzan_disco_00037
4895,2.8828838,2.2232597,1 (Pop + Groove + Rock + Hip-Hop),gtzan___gtzan_disco_00038
4896,4.337772,2.6642642,1 (Pop + Groove + Rock + Hip-Hop),gtzan___gtzan_disco_00039
4897,6.5544972,1.4649473,1 (Pop + Groove + Rock + Hip-Hop),gtzan___gtzan_disco_00040
4898,-1.4334913,3.199088,1 (Pop + Groove + Rock + Hip-Hop),gtzan___gtzan_disco_00041
4899,2.9290118,-0.08409176,1 (Pop + Groove + Rock + Hip-Hop),gtzan___gtzan_disco_00042
4900,4.748377,3.6235821,1 (Pop + Groove + Rock + Hip-Hop),gtzan___gtzan_disco_00043
4901,6.3730555,-6.4883337,1 (Pop + Groove + Rock + Hip-Hop),gtzan___gtzan_disco_00044
4902,9.068308,2.5672846,1 (Pop + Groove + Rock + Hip-Hop),gtzan___gtzan_disco_00045
4903,6.108653,0.07086056,1 (Pop + Groove + Rock + Hip-Hop),gtzan___gtzan_disco_00046
4904,-6.8691406,1.138298,2 (Classical + Jazz),gtzan___gtzan_disco_00047
4905,5.5814705,-0.20661479,1 (Pop + Groove + Rock + Hip-Hop),gtzan___gtzan_disco_00048
4906,2.7800887,-0.99211967,1 (Pop + Groove + Rock + Hip-Hop),gtzan___gtzan_disco_00049
4907,4.4215183,0.99719876,1 (Pop + Groove + Rock + Hip-Hop),gtzan___gtzan_disco_00050
4908,4.391326,0.9690445,1 (Pop + Groove + Rock + Hip-Hop),gtzan___gtzan_disco_00051
4909,5.913343,1.3231068,1 (Pop + Groove + Rock + Hip-Hop),gtzan___gtzan_disco_00052
4910,15.989221,0.44341022,1 (Pop + Groove + Rock + Hip-Hop),gtzan___gtzan_disco_00053
4911,13.985864,2.1505477,1 (Pop + Groove + Rock + Hip-Hop),gtzan___gtzan_disco_00054
4912,3.620598,-1.405017,1 (Pop + Groove + Rock + Hip-Hop),gtzan___gtzan_disco_00055
4913,4.528366,-3.0922742,1 (Pop + Groove + Rock + Hip-Hop),gtzan___gtzan_disco_00056
4914,2.267918,2.7253954,1 (Pop + Groove + Rock + Hip-Hop),gtzan___gtzan_disco_00057
4915,9.276676,-0.103564315,1 (Pop + Groove + Rock + Hip-Hop),gtzan___gtzan_disco_00058
4916,6.493161,1.1715804,1 (Pop + Groove + Rock + Hip-Hop),gtzan___gtzan_disco_00059
4917,3.5222611,-1.2799828,1 (Pop + Groove + Rock + Hip-Hop),gtzan___gtzan_disco_00060
4918,10.759328,-1.786552,1 (Pop + Groove + Rock + Hip-Hop),gtzan___gtzan_disco_00061
4919,2.944791,-1.1670707,1 (Pop + Groove + Rock + Hip-Hop),gtzan___gtzan_disco_00062
4920,15.02225,1.3711963,1 (Pop + Groove + Rock + Hip-Hop),gtzan___gtzan_disco_00063
4921,5.219645,-4.0512543,1 (Pop + Groove + Rock + Hip-Hop),gtzan___gtzan_disco_00064
4922,2.5331097,1.5898193,1 (Pop + Groove + Rock + Hip-Hop),gtzan___gtzan_disco_00065
4923,9.290187,-1.0287952,1 (Pop + Groove + Rock + Hip-Hop),gtzan___gtzan_disco_00066
4924,12.514331,6.4437766,1 (Pop + Groove + Rock + Hip-Hop),gtzan___gtzan_disco_00067
4925,5.836223,0.74285233,1 (Pop + Groove + Rock + Hip-Hop),gtzan___gtzan_disco_00068
4926,8.5111065,7.242303,1 (Pop + Groove + Rock + Hip-Hop),gtzan___gtzan_disco_00069
4927,4.35565,0.9764746,1 (Pop + Groove + Rock + Hip-Hop),gtzan___gtzan_disco_00070
4928,5.2494197,1.0905036,1 (Pop + Groove + Rock + Hip-Hop),gtzan___gtzan_disco_00071
4929,3.4927356,-2.1558719,1 (Pop + Groove + Rock + Hip-Hop),gtzan___gtzan_disco_00072
4930,4.325016,0.6503129,1 (Pop + Groove + Rock + Hip-Hop),gtzan___gtzan_disco_00073
4931,5.4565225,1.222204,1 (Pop + Groove + Rock + Hip-Hop),gtzan___gtzan_disco_00074
4932,8.883379,3.6899679,1 (Pop + Groove + Rock + Hip-Hop),gtzan___gtzan_disco_00075
4933,-0.083705075,7.239892,1 (Pop + Groove + Rock + Hip-Hop),gtzan___gtzan_disco_00076
4934,2.8269506,-1.7025148,1 (Pop + Groove + Rock + Hip-Hop),gtzan___gtzan_disco_00077
4935,-3.6611652,-3.0685549,2 (Classical + Jazz),gtzan___gtzan_disco_00078
4936,14.672505,3.294024,1 (Pop + Groove + Rock + Hip-Hop),gtzan___gtzan_disco_00079
4937,-2.8946989,5.262987,2 (Classical + Jazz),gtzan___gtzan_disco_00080
4938,-0.4899179,-2.2867324,1 (Pop + Groove + Rock + Hip-Hop),gtzan___gtzan_disco_00081
4939,4.536034,-1.8494058,1 (Pop + Groove + Rock + Hip-Hop),gtzan___gtzan_disco_00082
4940,-0.080638915,-2.0004654,1 (Pop + Groove + Rock + Hip-Hop),gtzan___gtzan_disco_00083
4941,16.654232,-2.6294477,1 (Pop + Groove + Rock + Hip-Hop),gtzan___gtzan_disco_00084
4942,18.410524,-0.08405377,1 (Pop + Groove + Rock + Hip-Hop),gtzan___gtzan_disco_00085
4943,1.536363,0.23042466,1 (Pop + Groove + Rock + Hip-Hop),gtzan___gtzan_disco_00086
4944,4.4886656,1.62387,1 (Pop + Groove + Rock + Hip-Hop),gtzan___gtzan_disco_00087
4945,3.2654417,8.886428,1 (Pop + Groove + Rock + Hip-Hop),gtzan___gtzan_disco_00088
4946,3.6230812,-1.3422165,1 (Pop + Groove + Rock + Hip-Hop),gtzan___gtzan_disco_00089
4947,13.724577,3.2721992,1 (Pop + Groove + Rock + Hip-Hop),gtzan___gtzan_disco_00090
4948,3.797525,-6.1402864,1 (Pop + Groove + Rock + Hip-Hop),gtzan___gtzan_disco_00091
4949,5.635328,2.523956,1 (Pop + Groove + Rock + Hip-Hop),gtzan___gtzan_disco_00092
4950,3.9939094,-1.9412792,1 (Pop + Groove + Rock + Hip-Hop),gtzan___gtzan_disco_00093
4951,0.72699815,7.506258,1 (Pop + Groove + Rock + Hip-Hop),gtzan___gtzan_disco_00094
4952,5.7649612,-0.11558736,1 (Pop + Groove + Rock + Hip-Hop),gtzan___gtzan_disco_00095
4953,3.0234911,-1.7962147,1 (Pop + Groove + Rock + Hip-Hop),gtzan___gtzan_disco_00096
4954,14.77204,2.315398,1 (Pop + Groove + Rock + Hip-Hop),gtzan___gtzan_disco_00097
4955,14.322148,3.365345,1 (Pop + Groove + Rock + Hip-Hop),gtzan___gtzan_disco_00098
4956,14.322157,3.3653417,1 (Pop + Groove + Rock + Hip-Hop),gtzan___gtzan_disco_00099
4957,15.946426,0.3813445,1 (Pop + Groove + Rock + Hip-Hop),gtzan___gtzan_hiphop_00000
4958,14.090801,-4.8777437,1 (Pop + Groove + Rock + Hip-Hop),gtzan___gtzan_hiphop_00001
4959,13.96728,-3.4929593,1 (Pop + Groove + Rock + Hip-Hop),gtzan___gtzan_hiphop_00002
4960,13.981689,-3.6193511,1 (Pop + Groove + Rock + Hip-Hop),gtzan___gtzan_hiphop_00003
4961,9.7301,-3.9885752,1 (Pop + Groove + Rock + Hip-Hop),gtzan___gtzan_hiphop_00004
4962,14.872324,-3.6313057,1 (Pop + Groove + Rock + Hip-Hop),gtzan___gtzan_hiphop_00005
4963,12.647358,-2.7095463,1 (Pop + Groove + Rock + Hip-Hop),gtzan___gtzan_hiphop_00006
4964,12.988106,-3.1502702,1 (Pop + Groove + Rock + Hip-Hop),gtzan___gtzan_hiphop_00007
4965,14.2476845,-4.012398,1 (Pop + Groove + Rock + Hip-Hop),gtzan___gtzan_hiphop_00008
4966,15.323589,-0.5992276,1 (Pop + Groove + Rock + Hip-Hop),gtzan___gtzan_hiphop_00009
4967,12.061302,4.2365828,1 (Pop + Groove + Rock + Hip-Hop),gtzan___gtzan_hiphop_00010
4968,12.155975,-1.8683156,1 (Pop + Groove + Rock + Hip-Hop),gtzan___gtzan_hiphop_00011
4969,14.68892,-4.5337653,1 (Pop + Groove + Rock + Hip-Hop),gtzan___gtzan_hiphop_00012
4970,11.771554,8.126816,1 (Pop + Groove + Rock + Hip-Hop),gtzan___gtzan_hiphop_00013
4971,6.941331,11.36158,1 (Pop + Groove + Rock + Hip-Hop),gtzan___gtzan_hiphop_00014
4972,15.2729,-4.486507,1 (Pop + Groove + Rock + Hip-Hop),gtzan___gtzan_hiphop_00015
4973,13.726119,-2.8067935,1 (Pop + Groove + Rock + Hip-Hop),gtzan___gtzan_hiphop_00016
4974,13.226875,0.47053483,1 (Pop + Groove + Rock + Hip-Hop),gtzan___gtzan_hiphop_00017
4975,11.801161,-3.1556296,1 (Pop + Groove + Rock + Hip-Hop),gtzan___gtzan_hiphop_00018
4976,12.869172,-2.3441672,1 (Pop + Groove + Rock + Hip-Hop),gtzan___gtzan_hiphop_00019
4977,9.19526,-4.0360155,1 (Pop + Groove + Rock + Hip-Hop),gtzan___gtzan_hiphop_00020
4978,14.755658,-3.3471982,1 (Pop + Groove + Rock + Hip-Hop),gtzan___gtzan_hiphop_00021
4979,-7.037282,-13.257121,2 (Classical + Jazz),gtzan___gtzan_hiphop_00022
4980,2.4313812,6.914095,1 (Pop + Groove + Rock + Hip-Hop),gtzan___gtzan_hiphop_00023
4981,12.430403,-1.7430172,1 (Pop + Groove + Rock + Hip-Hop),gtzan___gtzan_hiphop_00024
4982,14.569609,-3.4742644,1 (Pop + Groove + Rock + Hip-Hop),gtzan___gtzan_hiphop_00025
4983,12.601077,-3.487163,1 (Pop + Groove + Rock + Hip-Hop),gtzan___gtzan_hiphop_00026
4984,13.522735,-4.0510063,1 (Pop + Groove + Rock + Hip-Hop),gtzan___gtzan_hiphop_00027
4985,13.995713,-4.6010175,1 (Pop + Groove + Rock + Hip-Hop),gtzan___gtzan_hiphop_00028
4986,11.309643,-1.8352283,1 (Pop + Groove + Rock + Hip-Hop),gtzan___gtzan_hiphop_00029
4987,18.325603,0.6790545,1 (Pop + Groove + Rock + Hip-Hop),gtzan___gtzan_hiphop_00030
4988,9.10335,-0.42379925,1 (Pop + Groove + Rock + Hip-Hop),gtzan___gtzan_hiphop_00031
4989,14.68161,-2.141642,1 (Pop + Groove + Rock + Hip-Hop),gtzan___gtzan_hiphop_00032
4990,10.810749,6.433452,1 (Pop + Groove + Rock + Hip-Hop),gtzan___gtzan_hiphop_00033
4991,14.565658,-4.0213833,1 (Pop + Groove + Rock + Hip-Hop),gtzan___gtzan_hiphop_00034
4992,13.4620285,-4.307843,1 (Pop + Groove + Rock + Hip-Hop),gtzan___gtzan_hiphop_00035
4993,7.6058683,-3.5342124,1 (Pop + Groove + Rock + Hip-Hop),gtzan___gtzan_hiphop_00036
4994,14.979713,-2.958824,1 (Pop + Groove + Rock + Hip-Hop),gtzan___gtzan_hiphop_00037
4995,14.467398,-3.2433658,1 (Pop + Groove + Rock + Hip-Hop),gtzan___gtzan_hiphop_00038
4996,12.7800255,-5.681423,1 (Pop + Groove + Rock + Hip-Hop),gtzan___gtzan_hiphop_00039
4997,6.478474,-1.7061979,1 (Pop + Groove + Rock + Hip-Hop),gtzan___gtzan_hiphop_00040
4998,13.1439295,-4.230081,1 (Pop + Groove + Rock + Hip-Hop),gtzan___gtzan_hiphop_00041
4999,13.991735,-4.7359624,1 (Pop + Groove + Rock + Hip-Hop),gtzan___gtzan_hiphop_00042
5000,6.940866,-2.624696,1 (Pop + Groove + Rock + Hip-Hop),gtzan___gtzan_hiphop_00043
5001,-3.581847,-0.8394283,2 (Classical + Jazz),gtzan___gtzan_hiphop_00044
5002,12.7800255,-5.681423,1 (Pop + Groove + Rock + Hip-Hop),gtzan___gtzan_hiphop_00045
5003,12.125851,-3.0822651,1 (Pop + Groove + Rock + Hip-Hop),gtzan___gtzan_hiphop_00046
5004,13.46825,-1.791914,1 (Pop + Groove + Rock + Hip-Hop),gtzan___gtzan_hiphop_00047
5005,14.337591,-0.9050731,1 (Pop + Groove + Rock + Hip-Hop),gtzan___gtzan_hiphop_00048
5006,14.293044,-2.8529708,1 (Pop + Groove + Rock + Hip-Hop),gtzan___gtzan_hiphop_00049
5007,13.007913,-3.375828,1 (Pop + Groove + Rock + Hip-Hop),gtzan___gtzan_hiphop_00050
5008,10.028666,-2.2748458,1 (Pop + Groove + Rock + Hip-Hop),gtzan___gtzan_hiphop_00051
5009,14.64965,-0.48948246,1 (Pop + Groove + Rock + Hip-Hop),gtzan___gtzan_hiphop_00052
5010,12.359862,0.12343625,1 (Pop + Groove + Rock + Hip-Hop),gtzan___gtzan_hiphop_00053
5011,14.856579,-2.9783025,1 (Pop + Groove + Rock + Hip-Hop),gtzan___gtzan_hiphop_00054
5012,5.188079,-2.5053773,1 (Pop + Groove + Rock + Hip-Hop),gtzan___gtzan_hiphop_00055
5013,14.1771145,1.0509762,1 (Pop + Groove + Rock + Hip-Hop),gtzan___gtzan_hiphop_00056
5014,14.088209,-1.7228262,1 (Pop + Groove + Rock + Hip-Hop),gtzan___gtzan_hiphop_00057
5015,13.924452,-1.9667155,1 (Pop + Groove + Rock + Hip-Hop),gtzan___gtzan_hiphop_00058
5016,13.82449,-2.1450746,1 (Pop + Groove + Rock + Hip-Hop),gtzan___gtzan_hiphop_00059
5017,13.921155,-1.9978168,1 (Pop + Groove + Rock + Hip-Hop),gtzan___gtzan_hiphop_00060
5018,5.779558,-4.426716,1 (Pop + Groove + Rock + Hip-Hop),gtzan___gtzan_hiphop_00061
5019,11.969409,-4.4278736,1 (Pop + Groove + Rock + Hip-Hop),gtzan___gtzan_hiphop_00062
5020,12.866873,-4.4502087,1 (Pop + Groove + Rock + Hip-Hop),gtzan___gtzan_hiphop_00063
5021,13.231969,-3.620813,1 (Pop + Groove + Rock + Hip-Hop),gtzan___gtzan_hiphop_00064
5022,12.337341,-4.360576,1 (Pop + Groove + Rock + Hip-Hop),gtzan___gtzan_hiphop_00065
5023,13.203984,-2.969226,1 (Pop + Groove + Rock + Hip-Hop),gtzan___gtzan_hiphop_00066
5024,13.358642,-1.7735833,1 (Pop + Groove + Rock + Hip-Hop),gtzan___gtzan_hiphop_00067
5025,13.752472,-2.5248666,1 (Pop + Groove + Rock + Hip-Hop),gtzan___gtzan_hiphop_00068
5026,12.174839,-2.7845514,1 (Pop + Groove + Rock + Hip-Hop),gtzan___gtzan_hiphop_00069
5027,13.71754,-1.4753114,1 (Pop + Groove + Rock + Hip-Hop),gtzan___gtzan_hiphop_00070
5028,13.46771,-2.8823488,1 (Pop + Groove + Rock + Hip-Hop),gtzan___gtzan_hiphop_00071
5029,13.055195,-3.2467823,1 (Pop + Groove + Rock + Hip-Hop),gtzan___gtzan_hiphop_00072
5030,13.117782,-1.2558765,1 (Pop + Groove + Rock + Hip-Hop),gtzan___gtzan_hiphop_00073
5031,14.021287,-1.8262744,1 (Pop + Groove + Rock + Hip-Hop),gtzan___gtzan_hiphop_00074
5032,12.60919,-4.3306904,1 (Pop + Groove + Rock + Hip-Hop),gtzan___gtzan_hiphop_00075
5033,12.062927,-3.941257,1 (Pop + Groove + Rock + Hip-Hop),gtzan___gtzan_hiphop_00076
5034,12.481772,-2.4911203,1 (Pop + Groove + Rock + Hip-Hop),gtzan___gtzan_hiphop_00077
5035,12.062938,-3.941288,1 (Pop + Groove + Rock + Hip-Hop),gtzan___gtzan_hiphop_00078
5036,11.656572,-2.8140087,1 (Pop + Groove + Rock + Hip-Hop),gtzan___gtzan_hiphop_00079
5037,12.266679,-2.9689212,1 (Pop + Groove + Rock + Hip-Hop),gtzan___gtzan_hiphop_00080
5038,14.893782,-2.02301,1 (Pop + Groove + Rock + Hip-Hop),gtzan___gtzan_hiphop_00081
5039,15.255324,-4.035207,1 (Pop + Groove + Rock + Hip-Hop),gtzan___gtzan_hiphop_00082
5040,14.759413,-4.6823955,1 (Pop + Groove + Rock + Hip-Hop),gtzan___gtzan_hiphop_00083
5041,15.367024,-1.6891209,1 (Pop + Groove + Rock + Hip-Hop),gtzan___gtzan_hiphop_00084
5042,14.688484,-4.592076,1 (Pop + Groove + Rock + Hip-Hop),gtzan___gtzan_hiphop_00085
5043,14.310806,-2.5647168,1 (Pop + Groove + Rock + Hip-Hop),gtzan___gtzan_hiphop_00086
5044,19.142813,3.4195712,1 (Pop + Groove + Rock + Hip-Hop),gtzan___gtzan_hiphop_00087
5045,14.817583,-4.728014,1 (Pop + Groove + Rock + Hip-Hop),gtzan___gtzan_hiphop_00088
5046,14.895004,-4.520427,1 (Pop + Groove + Rock + Hip-Hop),gtzan___gtzan_hiphop_00089
5047,14.870443,-4.62576,1 (Pop + Groove + Rock + Hip-Hop),gtzan___gtzan_hiphop_00090
5048,14.717179,-3.4870472,1 (Pop + Groove + Rock + Hip-Hop),gtzan___gtzan_hiphop_00091
5049,15.091996,-3.970461,1 (Pop + Groove + Rock + Hip-Hop),gtzan___gtzan_hiphop_00092
5050,15.0033865,-4.200714,1 (Pop + Groove + Rock + Hip-Hop),gtzan___gtzan_hiphop_00093
5051,14.099553,-4.6371784,1 (Pop + Groove + Rock + Hip-Hop),gtzan___gtzan_hiphop_00094
5052,15.24318,-3.8213007,1 (Pop + Groove + Rock + Hip-Hop),gtzan___gtzan_hiphop_00095
5053,15.0316925,-4.6128845,1 (Pop + Groove + Rock + Hip-Hop),gtzan___gtzan_hiphop_00096
5054,15.08401,-4.043679,1 (Pop + Groove + Rock + Hip-Hop),gtzan___gtzan_hiphop_00097
5055,14.999657,-4.349518,1 (Pop + Groove + Rock + Hip-Hop),gtzan___gtzan_hiphop_00098
5056,11.57343,-5.239898,1 (Pop + Groove + Rock + Hip-Hop),gtzan___gtzan_hiphop_00099
5057,-17.555786,-4.903931,2 (Classical + Jazz),gtzan___gtzan_jazz_00000
5058,-16.490715,-3.7984953,2 (Classical + Jazz),gtzan___gtzan_jazz_00001
5059,-6.3916473,-1.7106434,2 (Classical + Jazz),gtzan___gtzan_jazz_00002
5060,-18.4816,1.5135698,2 (Classical + Jazz),gtzan___gtzan_jazz_00003
5061,-9.986344,-2.404871,2 (Classical + Jazz),gtzan___gtzan_jazz_00004
5062,-4.563784,-5.723263,2 (Classical + Jazz),gtzan___gtzan_jazz_00005
5063,-4.466532,-5.385564,2 (Classical + Jazz),gtzan___gtzan_jazz_00006
5064,-9.802099,-3.002005,2 (Classical + Jazz),gtzan___gtzan_jazz_00007
5065,-3.9625158,-5.603252,2 (Classical + Jazz),gtzan___gtzan_jazz_00008
5066,-8.170545,-0.32735673,2 (Classical + Jazz),gtzan___gtzan_jazz_00009
5067,-6.0264597,-1.6700779,2 (Classical + Jazz),gtzan___gtzan_jazz_00010
5068,-3.3003411,-7.0370803,2 (Classical + Jazz),gtzan___gtzan_jazz_00011
5069,-3.4339209,-6.5872746,2 (Classical + Jazz),gtzan___gtzan_jazz_00012
5070,-2.6249008,-9.489723,2 (Classical + Jazz),gtzan___gtzan_jazz_00013
5071,-10.122625,-3.4232416,2 (Classical + Jazz),gtzan___gtzan_jazz_00014
5072,-3.4702747,-7.3547835,2 (Classical + Jazz),gtzan___gtzan_jazz_00015
5073,-10.166722,-3.1599176,2 (Classical + Jazz),gtzan___gtzan_jazz_00016
5074,-0.6518388,-6.941228,2 (Classical + Jazz),gtzan___gtzan_jazz_00017
5075,-3.4598472,-7.3330426,2 (Classical + Jazz),gtzan___gtzan_jazz_00018
5076,-3.9925168,-6.2480435,2 (Classical + Jazz),gtzan___gtzan_jazz_00019
5077,-5.4378514,-4.5936365,2 (Classical + Jazz),gtzan___gtzan_jazz_00020
5078,-4.0955715,-6.580271,2 (Classical + Jazz),gtzan___gtzan_jazz_00021
5079,-2.883541,-5.0714135,2 (Classical + Jazz),gtzan___gtzan_jazz_00022
5080,-3.230697,-5.6459055,2 (Classical + Jazz),gtzan___gtzan_jazz_00023
5081,-4.036975,-6.49228,2 (Classical + Jazz),gtzan___gtzan_jazz_00024
5082,-3.7402449,-6.8658996,2 (Classical + Jazz),gtzan___gtzan_jazz_00025
5083,-10.577719,-3.1365054,2 (Classical + Jazz),gtzan___gtzan_jazz_00026
5084,-3.923165,-7.240395,2 (Classical + Jazz),gtzan___gtzan_jazz_00027
5085,-3.8945372,-7.1022096,2 (Classical + Jazz),gtzan___gtzan_jazz_00028
5086,-4.3471284,-7.2525826,2 (Classical + Jazz),gtzan___gtzan_jazz_00029
5087,-9.787358,-3.167494,2 (Classical + Jazz),gtzan___gtzan_jazz_00030
5088,-4.5496187,-7.1632705,2 (Classical + Jazz),gtzan___gtzan_jazz_00031
5089,-3.0389645,-5.4022403,2 (Classical + Jazz),gtzan___gtzan_jazz_00032
5090,-5.5906653,-5.213808,2 (Classical + Jazz),gtzan___gtzan_jazz_00033
5091,-5.239294,-7.2871356,2 (Classical + Jazz),gtzan___gtzan_jazz_00034
5092,-7.94489,-3.8056805,2 (Classical + Jazz),gtzan___gtzan_jazz_00035
5093,-6.328986,-6.7296147,2 (Classical + Jazz),gtzan___gtzan_jazz_00036
5094,-4.120281,-4.2063546,2 (Classical + Jazz),gtzan___gtzan_jazz_00037
5095,-4.0751376,-5.6919737,2 (Classical + Jazz),gtzan___gtzan_jazz_00038
5096,-6.148103,-8.046007,2 (Classical + Jazz),gtzan___gtzan_jazz_00039
5097,-7.0547194,-3.2840393,2 (Classical + Jazz),gtzan___gtzan_jazz_00040
5098,-6.2719245,-6.511849,2 (Classical + Jazz),gtzan___gtzan_jazz_00041
5099,-7.258337,-4.220524,2 (Classical + Jazz),gtzan___gtzan_jazz_00042
5100,-3.5300124,-6.753587,2 (Classical + Jazz),gtzan___gtzan_jazz_00043
5101,-8.398007,-4.602125,2 (Classical + Jazz),gtzan___gtzan_jazz_00044
5102,-8.306617,-3.8861072,2 (Classical + Jazz),gtzan___gtzan_jazz_00045
5103,-6.020162,-6.5570135,2 (Classical + Jazz),gtzan___gtzan_jazz_00046
5104,-2.6832557,-7.2571235,2 (Classical + Jazz),gtzan___gtzan_jazz_00047
5105,-2.582846,-7.5223722,2 (Classical + Jazz),gtzan___gtzan_jazz_00048
5106,-6.600831,-1.3949586,2 (Classical + Jazz),gtzan___gtzan_jazz_00049
5107,2.4934494,-2.9804077,1 (Pop + Groove + Rock + Hip-Hop),gtzan___gtzan_jazz_00050
5108,-5.6811886,-5.208129,2 (Classical + Jazz),gtzan___gtzan_jazz_00051
5109,-2.1822884,-5.3134556,2 (Classical + Jazz),gtzan___gtzan_jazz_00052
5110,-5.371282,-7.251641,2 (Classical + Jazz),gtzan___gtzan_jazz_00053
5111,-11.462323,-4.6726,2 (Classical + Jazz),gtzan___gtzan_jazz_00054
5112,-7.9554644,-3.8387818,2 (Classical + Jazz),gtzan___gtzan_jazz_00055
5113,1.3874424,-8.619849,1 (Pop + Groove + Rock + Hip-Hop),gtzan___gtzan_jazz_00056
5114,-9.681139,-2.944588,2 (Classical + Jazz),gtzan___gtzan_jazz_00057
5115,-6.3529997,-6.7484,2 (Classical + Jazz),gtzan___gtzan_jazz_00058
5116,-2.0099638,-5.1799273,2 (Classical + Jazz),gtzan___gtzan_jazz_00059
5117,-4.0826817,-4.2157145,2 (Classical + Jazz),gtzan___gtzan_jazz_00060
5118,0.4381371,-7.5923657,2 (Classical + Jazz),gtzan___gtzan_jazz_00061
5119,-4.032275,-5.711072,2 (Classical + Jazz),gtzan___gtzan_jazz_00062
5120,-3.2587335,-7.456344,2 (Classical + Jazz),gtzan___gtzan_jazz_00063
5121,0.12576655,-7.5293355,2 (Classical + Jazz),gtzan___gtzan_jazz_00064
5122,-6.1643887,-8.043115,2 (Classical + Jazz),gtzan___gtzan_jazz_00065
5123,-10.343747,-2.9336112,2 (Classical + Jazz),gtzan___gtzan_jazz_00066
5124,-7.067989,-3.3149505,2 (Classical + Jazz),gtzan___gtzan_jazz_00067
5125,-7.252705,-4.2347894,2 (Classical + Jazz),gtzan___gtzan_jazz_00068
5126,-3.3626642,-6.780166,2 (Classical + Jazz),gtzan___gtzan_jazz_00069
5127,-8.4264555,-4.6152368,2 (Classical + Jazz),gtzan___gtzan_jazz_00070
5128,-8.3225155,-3.8997407,2 (Classical + Jazz),gtzan___gtzan_jazz_00071
5129,-6.087422,-6.542185,2 (Classical + Jazz),gtzan___gtzan_jazz_00072
5130,-3.4012418,-6.95909,2 (Classical + Jazz),gtzan___gtzan_jazz_00073
5131,-3.2372992,-6.3048797,2 (Classical + Jazz),gtzan___gtzan_jazz_00074
5132,-3.4047074,-7.0636683,2 (Classical + Jazz),gtzan___gtzan_jazz_00075
5133,-3.0496924,-6.131187,2 (Classical + Jazz),gtzan___gtzan_jazz_00076
5134,-3.7908378,-7.053573,2 (Classical + Jazz),gtzan___gtzan_jazz_00077
5135,-3.5182667,-6.8469634,2 (Classical + Jazz),gtzan___gtzan_jazz_00078
5136,-0.71842587,-5.4092946,2 (Classical + Jazz),gtzan___gtzan_jazz_00079
5137,-1.6779836,-6.756617,2 (Classical + Jazz),gtzan___gtzan_jazz_00080
5138,20.25725,10.047624,1 (Pop + Groove + Rock + Hip-Hop),gtzan___gtzan_jazz_00081
5139,-0.87972796,-7.654362,2 (Classical + Jazz),gtzan___gtzan_jazz_00082
5140,-0.6830923,-7.503566,2 (Classical + Jazz),gtzan___gtzan_jazz_00083
5141,-1.9195884,-7.2170634,2 (Classical + Jazz),gtzan___gtzan_jazz_00084
5142,-2.5600438,-7.0546694,2 (Classical + Jazz),gtzan___gtzan_jazz_00085
5143,-2.4130945,-6.885121,2 (Classical + Jazz),gtzan___gtzan_jazz_00086
5144,-3.087618,-4.3713484,2 (Classical + Jazz),gtzan___gtzan_jazz_00087
5145,-1.7717742,-8.607418,2 (Classical + Jazz),gtzan___gtzan_jazz_00088
5146,-11.003247,-2.2041981,2 (Classical + Jazz),gtzan___gtzan_jazz_00089
5147,-2.9309466,-4.7107587,2 (Classical + Jazz),gtzan___gtzan_jazz_00090
5148,-10.673884,-2.2809706,2 (Classical + Jazz),gtzan___gtzan_jazz_00091
5149,-11.042611,-2.2176886,2 (Classical + Jazz),gtzan___gtzan_jazz_00092
5150,-2.5570595,-7.1029596,2 (Classical + Jazz),gtzan___gtzan_jazz_00093
5151,-9.622569,-3.2515626,2 (Classical + Jazz),gtzan___gtzan_jazz_00094
5152,-3.413555,-6.735044,2 (Classical + Jazz),gtzan___gtzan_jazz_00095
5153,-3.1815486,-5.544293,2 (Classical + Jazz),gtzan___gtzan_jazz_00096
5154,-10.710085,-2.189041,2 (Classical + Jazz),gtzan___gtzan_jazz_00097
5155,-3.4745884,-6.78657,2 (Classical + Jazz),gtzan___gtzan_jazz_00098
5156,-3.109955,-5.662341,2 (Classical + Jazz),gtzan___gtzan_jazz_00099
5157,7.724244,8.475483,1 (Pop + Groove + Rock + Hip-Hop),gtzan___gtzan_metal_00000
5158,6.8493733,8.987676,1 (Pop + Groove + Rock + Hip-Hop),gtzan___gtzan_metal_00001
5159,7.0380836,9.551834,1 (Pop + Groove + Rock + Hip-Hop),gtzan___gtzan_metal_00002
5160,8.195931,9.201178,1 (Pop + Groove + Rock + Hip-Hop),gtzan___gtzan_metal_00003
5161,9.748736,11.236703,1 (Pop + Groove + Rock + Hip-Hop),gtzan___gtzan_metal_00004
5162,7.77872,9.271404,1 (Pop + Groove + Rock + Hip-Hop),gtzan___gtzan_metal_00005
5163,8.408304,8.314628,1 (Pop + Groove + Rock + Hip-Hop),gtzan___gtzan_metal_00006
5164,7.7369213,10.060443,1 (Pop + Groove + Rock + Hip-Hop),gtzan___gtzan_metal_00007
5165,1.9072157,4.3626122,1 (Pop + Groove + Rock + Hip-Hop),gtzan___gtzan_metal_00008
5166,9.156126,9.912019,1 (Pop + Groove + Rock + Hip-Hop),gtzan___gtzan_metal_00009
5167,9.3046465,10.354834,1 (Pop + Groove + Rock + Hip-Hop),gtzan___gtzan_metal_00010
5168,8.776163,9.95393,1 (Pop + Groove + Rock + Hip-Hop),gtzan___gtzan_metal_00011
5169,9.275029,10.0983,1 (Pop + Groove + Rock + Hip-Hop),gtzan___gtzan_metal_00012
5170,9.655068,11.178022,1 (Pop + Groove + Rock + Hip-Hop),gtzan___gtzan_metal_00013
5171,-8.432399,-11.571524,2 (Classical + Jazz),gtzan___gtzan_metal_00014
5172,9.398881,10.351872,1 (Pop + Groove + Rock + Hip-Hop),gtzan___gtzan_metal_00015
5173,8.709211,9.4502325,1 (Pop + Groove + Rock + Hip-Hop),gtzan___gtzan_metal_00016
5174,9.560153,9.538867,1 (Pop + Groove + Rock + Hip-Hop),gtzan___gtzan_metal_00017
5175,8.34057,9.952362,1 (Pop + Groove + Rock + Hip-Hop),gtzan___gtzan_metal_00018
5176,8.993939,11.313217,1 (Pop + Groove + Rock + Hip-Hop),gtzan___gtzan_metal_00019
5177,9.114156,9.597208,1 (Pop + Groove + Rock + Hip-Hop),gtzan___gtzan_metal_00020
5178,7.4727407,9.336308,1 (Pop + Groove + Rock + Hip-Hop),gtzan___gtzan_metal_00021
5179,7.465658,9.286768,1 (Pop + Groove + Rock + Hip-Hop),gtzan___gtzan_metal_00022
5180,8.506131,10.276171,1 (Pop + Groove + Rock + Hip-Hop),gtzan___gtzan_metal_00023
5181,8.1421795,9.18696,1 (Pop + Groove + Rock + Hip-Hop),gtzan___gtzan_metal_00024
5182,6.4179883,9.9825325,1 (Pop + Groove + Rock + Hip-Hop),gtzan___gtzan_metal_00025
5183,6.6116323,10.310795,1 (Pop + Groove + Rock + Hip-Hop),gtzan___gtzan_metal_00026
5184,8.782858,9.214036,1 (Pop + Groove + Rock + Hip-Hop),gtzan___gtzan_metal_00027
5185,7.362396,8.482098,1 (Pop + Groove + Rock + Hip-Hop),gtzan___gtzan_metal_00028
5186,4.058717,1.6877258,1 (Pop + Groove + Rock + Hip-Hop),gtzan___gtzan_metal_00029
5187,2.8121681,9.092954,1 (Pop + Groove + Rock + Hip-Hop),gtzan___gtzan_metal_00030
5188,7.8348293,8.552506,1 (Pop + Groove + Rock + Hip-Hop),gtzan___gtzan_metal_00031
5189,6.78949,10.4400425,1 (Pop + Groove + Rock + Hip-Hop),gtzan___gtzan_metal_00032
5190,7.798335,10.607894,1 (Pop + Groove + Rock + Hip-Hop),gtzan___gtzan_metal_00033
5191,11.26042,7.723695,1 (Pop + Groove + Rock + Hip-Hop),gtzan___gtzan_metal_00034
5192,8.053255,10.009605,1 (Pop + Groove + Rock + Hip-Hop),gtzan___gtzan_metal_00035
5193,8.495984,9.73597,1 (Pop + Groove + Rock + Hip-Hop),gtzan___gtzan_metal_00036
5194,6.896635,8.937367,1 (Pop + Groove + Rock + Hip-Hop),gtzan___gtzan_metal_00037
5195,4.579969,11.746007,1 (Pop + Groove + Rock + Hip-Hop),gtzan___gtzan_metal_00038
5196,4.0335045,10.954127,1 (Pop + Groove + Rock + Hip-Hop),gtzan___gtzan_metal_00039
5197,9.298211,9.364272,1 (Pop + Groove + Rock + Hip-Hop),gtzan___gtzan_metal_00040
5198,5.569313,10.258867,1 (Pop + Groove + Rock + Hip-Hop),gtzan___gtzan_metal_00041
5199,5.321099,10.049322,1 (Pop + Groove + Rock + Hip-Hop),gtzan___gtzan_metal_00042
5200,5.375446,10.841326,1 (Pop + Groove + Rock + Hip-Hop),gtzan___gtzan_metal_00043
5201,5.5911527,9.986369,1 (Pop + Groove + Rock + Hip-Hop),gtzan___gtzan_metal_00044
5202,-1.6041213,-1.8441497,2 (Classical + Jazz),gtzan___gtzan_metal_00045
5203,8.186083,9.221898,1 (Pop + Groove + Rock + Hip-Hop),gtzan___gtzan_metal_00046
5204,8.028124,9.164681,1 (Pop + Groove + Rock + Hip-Hop),gtzan___gtzan_metal_00047
5205,7.935745,9.102459,1 (Pop + Groove + Rock + Hip-Hop),gtzan___gtzan_metal_00048
5206,8.198987,9.186005,1 (Pop + Groove + Rock + Hip-Hop),gtzan___gtzan_metal_00049
5207,8.127934,9.183401,1 (Pop + Groove + Rock + Hip-Hop),gtzan___gtzan_metal_00050
5208,7.927127,8.931908,1 (Pop + Groove + Rock + Hip-Hop),gtzan___gtzan_metal_00051
5209,7.608273,11.554289,1 (Pop + Groove + Rock + Hip-Hop),gtzan___gtzan_metal_00052
5210,8.066751,8.996289,1 (Pop + Groove + Rock + Hip-Hop),gtzan___gtzan_metal_00053
5211,8.1389675,9.216331,1 (Pop + Groove + Rock + Hip-Hop),gtzan___gtzan_metal_00054
5212,8.186832,9.097247,1 (Pop + Groove + Rock + Hip-Hop),gtzan___gtzan_metal_00055
5213,8.054874,9.05961,1 (Pop + Groove + Rock + Hip-Hop),gtzan___gtzan_metal_00056
5214,7.910338,8.896834,1 (Pop + Groove + Rock + Hip-Hop),gtzan___gtzan_metal_00057
5215,7.8739963,8.999467,1 (Pop + Groove + Rock + Hip-Hop),gtzan___gtzan_metal_00058
5216,7.7044396,9.47575,1 (Pop + Groove + Rock + Hip-Hop),gtzan___gtzan_metal_00059
5217,6.0709043,10.0072565,1 (Pop + Groove + Rock + Hip-Hop),gtzan___gtzan_metal_00060
5218,9.298231,9.364263,1 (Pop + Groove + Rock + Hip-Hop),gtzan___gtzan_metal_00061
5219,5.569313,10.258867,1 (Pop + Groove + Rock + Hip-Hop),gtzan___gtzan_metal_00062
5220,5.3211055,10.04932,1 (Pop + Groove + Rock + Hip-Hop),gtzan___gtzan_metal_00063
5221,5.375461,10.841318,1 (Pop + Groove + Rock + Hip-Hop),gtzan___gtzan_metal_00064
5222,5.5911565,9.986363,1 (Pop + Groove + Rock + Hip-Hop),gtzan___gtzan_metal_00065
5223,-1.6040981,-1.844157,2 (Classical + Jazz),gtzan___gtzan_metal_00066
5224,7.482839,9.283774,1 (Pop + Groove + Rock + Hip-Hop),gtzan___gtzan_metal_00067
5225,8.114943,10.690488,1 (Pop + Groove + Rock + Hip-Hop),gtzan___gtzan_metal_00068
5226,5.0637846,9.8046055,1 (Pop + Groove + Rock + Hip-Hop),gtzan___gtzan_metal_00069
5227,-0.109360754,-1.5242789,1 (Pop + Groove + Rock + Hip-Hop),gtzan___gtzan_metal_00070
5228,6.254596,11.546539,1 (Pop + Groove + Rock + Hip-Hop),gtzan___gtzan_metal_00071
5229,7.971487,9.200118,1 (Pop + Groove + Rock + Hip-Hop),gtzan___gtzan_metal_00072
5230,6.779928,9.245131,1 (Pop + Groove + Rock + Hip-Hop),gtzan___gtzan_metal_00073
5231,5.68368,10.425241,1 (Pop + Groove + Rock + Hip-Hop),gtzan___gtzan_metal_00074
5232,6.342315,9.455895,1 (Pop + Groove + Rock + Hip-Hop),gtzan___gtzan_metal_00075
5233,7.6787477,10.284448,1 (Pop + Groove + Rock + Hip-Hop),gtzan___gtzan_metal_00076
5234,8.369907,9.988269,1 (Pop + Groove + Rock + Hip-Hop),gtzan___gtzan_metal_00077
5235,8.380509,8.734334,1 (Pop + Groove + Rock + Hip-Hop),gtzan___gtzan_metal_00078
5236,6.6371255,10.38935,1 (Pop + Groove + Rock + Hip-Hop),gtzan___gtzan_metal_00079
5237,12.978084,0.55935115,1 (Pop + Groove + Rock + Hip-Hop),gtzan___gtzan_metal_00080
5238,6.2034154,9.840782,1 (Pop + Groove + Rock + Hip-Hop),gtzan___gtzan_metal_00081
5239,7.7670064,9.278075,1 (Pop + Groove + Rock + Hip-Hop),gtzan___gtzan_metal_00082
5240,7.4634147,11.386317,1 (Pop + Groove + Rock + Hip-Hop),gtzan___gtzan_metal_00083
5241,7.3364654,8.958636,1 (Pop + Groove + Rock + Hip-Hop),gtzan___gtzan_metal_00084
5242,7.520044,7.843297,1 (Pop + Groove + Rock + Hip-Hop),gtzan___gtzan_metal_00085
5243,6.3864512,9.906188,1 (Pop + Groove + Rock + Hip-Hop),gtzan___gtzan_metal_00086
5244,8.709965,9.363864,1 (Pop + Groove + Rock + Hip-Hop),gtzan___gtzan_metal_00087
5245,-0.681296,-1.8266494,1 (Pop + Groove + Rock + Hip-Hop),gtzan___gtzan_metal_00088
5246,4.6699457,10.409878,1 (Pop + Groove + Rock + Hip-Hop),gtzan___gtzan_metal_00089
5247,6.0998583,9.401338,1 (Pop + Groove + Rock + Hip-Hop),gtzan___gtzan_metal_00090
5248,1.7732027,1.5850846,1 (Pop + Groove + Rock + Hip-Hop),gtzan___gtzan_metal_00091
5249,7.454965,8.98636,1 (Pop + Groove + Rock + Hip-Hop),gtzan___gtzan_metal_00092
5250,17.238073,4.6081815,1 (Pop + Groove + Rock + Hip-Hop),gtzan___gtzan_metal_00093
5251,11.260421,7.7237024,1 (Pop + Groove + Rock + Hip-Hop),gtzan___gtzan_metal_00094
5252,7.1741486,10.41083,1 (Pop + Groove + Rock + Hip-Hop),gtzan___gtzan_metal_00095
5253,7.544187,11.588387,1 (Pop + Groove + Rock + Hip-Hop),gtzan___gtzan_metal_00096
5254,5.5068755,9.8931675,1 (Pop + Groove + Rock + Hip-Hop),gtzan___gtzan_metal_00097
5255,7.5392265,11.726414,1 (Pop + Groove + Rock + Hip-Hop),gtzan___gtzan_metal_00098
5256,7.553961,11.628966,1 (Pop + Groove + Rock + Hip-Hop),gtzan___gtzan_metal_00099
5257,7.252073,-1.1079478,1 (Pop + Groove + Rock + Hip-Hop),gtzan___gtzan_pop_00000
5258,10.515849,-2.6135495,1 (Pop + Groove + Rock + Hip-Hop),gtzan___gtzan_pop_00001
5259,8.002407,0.6139291,1 (Pop + Groove + Rock + Hip-Hop),gtzan___gtzan_pop_00002
5260,0.66984916,1.2527467,1 (Pop + Groove + Rock + Hip-Hop),gtzan___gtzan_pop_00003
5261,5.681636,5.575499,1 (Pop + Groove + Rock + Hip-Hop),gtzan___gtzan_pop_00004
5262,7.580474,5.835499,1 (Pop + Groove + Rock + Hip-Hop),gtzan___gtzan_pop_00005
5263,-1.6195656,5.6594863,1 (Pop + Groove + Rock + Hip-Hop),gtzan___gtzan_pop_00006
5264,-4.7082796,1.2757351,2 (Classical + Jazz),gtzan___gtzan_pop_00007
5265,3.593274,4.853213,1 (Pop + Groove + Rock + Hip-Hop),gtzan___gtzan_pop_00008
5266,7.2421484,1.312437,1 (Pop + Groove + Rock + Hip-Hop),gtzan___gtzan_pop_00009
5267,-0.8758751,3.0483522,1 (Pop + Groove + Rock + Hip-Hop),gtzan___gtzan_pop_00010
5268,-6.9776945,1.9305941,2 (Classical + Jazz),gtzan___gtzan_pop_00011
5269,2.7403016,4.0022945,1 (Pop + Groove + Rock + Hip-Hop),gtzan___gtzan_pop_00012
5270,5.538219,-2.0741866,1 (Pop + Groove + Rock + Hip-Hop),gtzan___gtzan_pop_00013
5271,-0.15923624,-0.72369367,1 (Pop + Groove + Rock + Hip-Hop),gtzan___gtzan_pop_00014
5272,6.0378747,0.4640073,1 (Pop + Groove + Rock + Hip-Hop),gtzan___gtzan_pop_00015
5273,7.8884764,-1.5082093,1 (Pop + Groove + Rock + Hip-Hop),gtzan___gtzan_pop_00016
5274,3.7217793,7.6882296,1 (Pop + Groove + Rock + Hip-Hop),gtzan___gtzan_pop_00017
5275,6.5610995,1.7100445,1 (Pop + Groove + Rock + Hip-Hop),gtzan___gtzan_pop_00018
5276,6.0400796,1.1468846,1 (Pop + Groove + Rock + Hip-Hop),gtzan___gtzan_pop_00019
5277,8.696482,1.9292965,1 (Pop + Groove + Rock + Hip-Hop),gtzan___gtzan_pop_00020
5278,5.557782,1.426764,1 (Pop + Groove + Rock + Hip-Hop),gtzan___gtzan_pop_00021
5279,6.1241918,0.4220211,1 (Pop + Groove + Rock + Hip-Hop),gtzan___gtzan_pop_00022
5280,8.028778,-1.2833015,1 (Pop + Groove + Rock + Hip-Hop),gtzan___gtzan_pop_00023
5281,6.626164,1.4652222,1 (Pop + Groove + Rock + Hip-Hop),gtzan___gtzan_pop_00024
5282,6.8127413,-1.238342,1 (Pop + Groove + Rock + Hip-Hop),gtzan___gtzan_pop_00025
5283,-2.4990704,6.0866356,1 (Pop + Groove + Rock + Hip-Hop),gtzan___gtzan_pop_00026
5284,13.204319,2.4833012,1 (Pop + Groove + Rock + Hip-Hop),gtzan___gtzan_pop_00027
5285,5.5411906,1.4425983,1 (Pop + Groove + Rock + Hip-Hop),gtzan___gtzan_pop_00028
5286,7.039897,1.5303993,1 (Pop + Groove + Rock + Hip-Hop),gtzan___gtzan_pop_00029
5287,5.8267355,2.1567554,1 (Pop + Groove + Rock + Hip-Hop),gtzan___gtzan_pop_00030
5288,5.903874,2.1529958,1 (Pop + Groove + Rock + Hip-Hop),gtzan___gtzan_pop_00031
5289,7.749757,-1.2331644,1 (Pop + Groove + Rock + Hip-Hop),gtzan___gtzan_pop_00032
5290,-8.687198,-11.811089,2 (Classical + Jazz),gtzan___gtzan_pop_00033
5291,7.4151917,-1.1431639,1 (Pop + Groove + Rock + Hip-Hop),gtzan___gtzan_pop_00034
5292,6.484188,3.281948,1 (Pop + Groove + Rock + Hip-Hop),gtzan___gtzan_pop_00035
5293,6.219123,0.22486877,1 (Pop + Groove + Rock + Hip-Hop),gtzan___gtzan_pop_00036
5294,12.388721,-0.85882187,1 (Pop + Groove + Rock + Hip-Hop),gtzan___gtzan_pop_00037
5295,5.97841,1.1835515,1 (Pop + Groove + Rock + Hip-Hop),gtzan___gtzan_pop_00038
5296,3.8933096,3.3153307,1 (Pop + Groove + Rock + Hip-Hop),gtzan___gtzan_pop_00039
5297,2.8885553,5.0265183,1 (Pop + Groove + Rock + Hip-Hop),gtzan___gtzan_pop_00040
5298,-3.9144356,0.83751166,2 (Classical + Jazz),gtzan___gtzan_pop_00041
5299,8.01418,-1.4442371,1 (Pop + Groove + Rock + Hip-Hop),gtzan___gtzan_pop_00042
5300,9.856493,2.5007546,1 (Pop + Groove + Rock + Hip-Hop),gtzan___gtzan_pop_00043
5301,5.7765203,0.2177532,1 (Pop + Groove + Rock + Hip-Hop),gtzan___gtzan_pop_00044
5302,9.81464,-1.5865463,1 (Pop + Groove + Rock + Hip-Hop),gtzan___gtzan_pop_00045
5303,9.784526,-1.5692762,1 (Pop + Groove + Rock + Hip-Hop),gtzan___gtzan_pop_00046
5304,8.750472,-1.3115408,1 (Pop + Groove + Rock + Hip-Hop),gtzan___gtzan_pop_00047
5305,8.375035,-1.3346479,1 (Pop + Groove + Rock + Hip-Hop),gtzan___gtzan_pop_00048
5306,5.6247888,-2.154097,1 (Pop + Groove + Rock + Hip-Hop),gtzan___gtzan_pop_00049
5307,8.757502,-1.6800731,1 (Pop + Groove + Rock + Hip-Hop),gtzan___gtzan_pop_00050
5308,8.917496,-0.9668524,1 (Pop + Groove + Rock + Hip-Hop),gtzan___gtzan_pop_00051
5309,11.939889,-2.2322497,1 (Pop + Groove + Rock + Hip-Hop),gtzan___gtzan_pop_00052
5310,-6.739609,-1.4994056,2 (Classical + Jazz),gtzan___gtzan_pop_00053
5311,8.9497,-1.8454391,1 (Pop + Groove + Rock + Hip-Hop),gtzan___gtzan_pop_00054
5312,11.51688,-2.2475333,1 (Pop + Groove + Rock + Hip-Hop),gtzan___gtzan_pop_00055
5313,10.048242,-4.4716973,1 (Pop + Groove + Rock + Hip-Hop),gtzan___gtzan_pop_00056
5314,11.930851,-2.2206664,1 (Pop + Groove + Rock + Hip-Hop),gtzan___gtzan_pop_00057
5315,10.040867,-2.7650707,1 (Pop + Groove + Rock + Hip-Hop),gtzan___gtzan_pop_00058
5316,10.104541,-4.4291472,1 (Pop + Groove + Rock + Hip-Hop),gtzan___gtzan_pop_00059
5317,8.9496975,-1.8454404,1 (Pop + Groove + Rock + Hip-Hop),gtzan___gtzan_pop_00060
5318,11.267915,-2.414272,1 (Pop + Groove + Rock + Hip-Hop),gtzan___gtzan_pop_00061
5319,8.854363,-5.0231442,1 (Pop + Groove + Rock + Hip-Hop),gtzan___gtzan_pop_00062
5320,0.39509767,0.44596526,1 (Pop + Groove + Rock + Hip-Hop),gtzan___gtzan_pop_00063
5321,10.991302,-5.0024977,1 (Pop + Groove + Rock + Hip-Hop),gtzan___gtzan_pop_00064
5322,-0.21662192,3.627035,1 (Pop + Groove + Rock + Hip-Hop),gtzan___gtzan_pop_00065
5323,6.523786,-0.8024923,1 (Pop + Groove + Rock + Hip-Hop),gtzan___gtzan_pop_00066
5324,9.934255,-1.1334842,1 (Pop + Groove + Rock + Hip-Hop),gtzan___gtzan_pop_00067
5325,11.179293,-0.73484665,1 (Pop + Groove + Rock + Hip-Hop),gtzan___gtzan_pop_00068
5326,13.026718,1.4577518,1 (Pop + Groove + Rock + Hip-Hop),gtzan___gtzan_pop_00069
5327,8.414939,-1.2108852,1 (Pop + Groove + Rock + Hip-Hop),gtzan___gtzan_pop_00070
5328,9.934259,-1.1334847,1 (Pop + Groove + Rock + Hip-Hop),gtzan___gtzan_pop_00071
5329,7.495116,11.196936,1 (Pop + Groove + Rock + Hip-Hop),gtzan___gtzan_pop_00072
5330,8.082957,0.7446271,1 (Pop + Groove + Rock + Hip-Hop),gtzan___gtzan_pop_00073
5331,8.476133,-1.6659042,1 (Pop + Groove + Rock + Hip-Hop),gtzan___gtzan_pop_00074
5332,7.7950773,-1.2855132,1 (Pop + Groove + Rock + Hip-Hop),gtzan___gtzan_pop_00075
5333,10.998699,1.7411227,1 (Pop + Groove + Rock + Hip-Hop),gtzan___gtzan_pop_00076
5334,10.071443,-1.4607518,1 (Pop + Groove + Rock + Hip-Hop),gtzan___gtzan_pop_00077
5335,9.936623,-1.5405167,1 (Pop + Groove + Rock + Hip-Hop),gtzan___gtzan_pop_00078
5336,-4.5562367,-3.1968997,2 (Classical + Jazz),gtzan___gtzan_pop_00079
5337,8.842733,-1.1425792,1 (Pop + Groove + Rock + Hip-Hop),gtzan___gtzan_pop_00080
5338,1.0745695,-1.5731562,1 (Pop + Groove + Rock + Hip-Hop),gtzan___gtzan_pop_00081
5339,13.783458,3.6451838,1 (Pop + Groove + Rock + Hip-Hop),gtzan___gtzan_pop_00082
5340,5.2756333,2.2668483,1 (Pop + Groove + Rock + Hip-Hop),gtzan___gtzan_pop_00083
5341,7.734628,-2.1342874,1 (Pop + Groove + Rock + Hip-Hop),gtzan___gtzan_pop_00084
5342,11.01401,-0.8400934,1 (Pop + Groove + Rock + Hip-Hop),gtzan___gtzan_pop_00085
5343,4.884825,2.1484814,1 (Pop + Groove + Rock + Hip-Hop),gtzan___gtzan_pop_00086
5344,7.0770044,-0.16290808,1 (Pop + Groove + Rock + Hip-Hop),gtzan___gtzan_pop_00087
5345,9.914766,-1.1762885,1 (Pop + Groove + Rock + Hip-Hop),gtzan___gtzan_pop_00088
5346,8.192204,-1.5674844,1 (Pop + Groove + Rock + Hip-Hop),gtzan___gtzan_pop_00089
5347,7.004345,-0.21031955,1 (Pop + Groove + Rock + Hip-Hop),gtzan___gtzan_pop_00090
5348,10.713383,-1.4162502,1 (Pop + Groove + Rock + Hip-Hop),gtzan___gtzan_pop_00091
5349,11.991165,2.3449423,1 (Pop + Groove + Rock + Hip-Hop),gtzan___gtzan_pop_00092
5350,12.933482,3.4441519,1 (Pop + Groove + Rock + Hip-Hop),gtzan___gtzan_pop_00093
5351,0.1928807,6.713818,1 (Pop + Groove + Rock + Hip-Hop),gtzan___gtzan_pop_00094
5352,6.6857986,-0.36805582,1 (Pop + Groove + Rock + Hip-Hop),gtzan___gtzan_pop_00095
5353,6.42207,-0.56162345,1 (Pop + Groove + Rock + Hip-Hop),gtzan___gtzan_pop_00096
5354,7.6005054,-1.7649045,1 (Pop + Groove + Rock + Hip-Hop),gtzan___gtzan_pop_00097
5355,12.422385,0.66226923,1 (Pop + Groove + Rock + Hip-Hop),gtzan___gtzan_pop_00098
5356,2.025994,1.9415746,1 (Pop + Groove + Rock + Hip-Hop),gtzan___gtzan_pop_00099
5357,3.2377605,-4.134621,1 (Pop + Groove + Rock + Hip-Hop),gtzan___gtzan_reggae_00000
5358,-1.4583566,5.725826,1 (Pop + Groove + Rock + Hip-Hop),gtzan___gtzan_reggae_00001
5359,4.5783687,-4.1660204,1 (Pop + Groove + Rock + Hip-Hop),gtzan___gtzan_reggae_00002
5360,3.8782845,-4.2646117,1 (Pop + Groove + Rock + Hip-Hop),gtzan___gtzan_reggae_00003
5361,4.0255337,-4.416616,1 (Pop + Groove + Rock + Hip-Hop),gtzan___gtzan_reggae_00004
5362,4.58418,-4.379953,1 (Pop + Groove + Rock + Hip-Hop),gtzan___gtzan_reggae_00005
5363,2.9468327,-3.8196487,1 (Pop + Groove + Rock + Hip-Hop),gtzan___gtzan_reggae_00006
5364,3.9684153,-4.166835,1 (Pop + Groove + Rock + Hip-Hop),gtzan___gtzan_reggae_00007
5365,4.107537,-4.2465744,1 (Pop + Groove + Rock + Hip-Hop),gtzan___gtzan_reggae_00008
5366,4.155755,-4.8593097,1 (Pop + Groove + Rock + Hip-Hop),gtzan___gtzan_reggae_00009
5367,-3.7411377,-1.1360654,2 (Classical + Jazz),gtzan___gtzan_reggae_00010
5368,3.4979105,-4.0966177,1 (Pop + Groove + Rock + Hip-Hop),gtzan___gtzan_reggae_00011
5369,4.0011067,-4.6006618,1 (Pop + Groove + Rock + Hip-Hop),gtzan___gtzan_reggae_00012
5370,4.039276,-4.86083,1 (Pop + Groove + Rock + Hip-Hop),gtzan___gtzan_reggae_00013
5371,4.032595,-4.290308,1 (Pop + Groove + Rock + Hip-Hop),gtzan___gtzan_reggae_00014
5372,3.2479362,-3.7622478,1 (Pop + Groove + Rock + Hip-Hop),gtzan___gtzan_reggae_00015
5373,4.022602,-1.1745664,1 (Pop + Groove + Rock + Hip-Hop),gtzan___gtzan_reggae_00016
5374,4.2303658,-4.525838,1 (Pop + Groove + Rock + Hip-Hop),gtzan___gtzan_reggae_00017
5375,4.6621575,-4.353272,1 (Pop + Groove + Rock + Hip-Hop),gtzan___gtzan_reggae_00018
5376,4.0725684,-4.502967,1 (Pop + Groove + Rock + Hip-Hop),gtzan___gtzan_reggae_00019
5377,4.068796,-4.0865636,1 (Pop + Groove + Rock + Hip-Hop),gtzan___gtzan_reggae_00020
5378,2.0529706,1.0734891,1 (Pop + Groove + Rock + Hip-Hop),gtzan___gtzan_reggae_00021
5379,3.8856187,-2.0101502,1 (Pop + Groove + Rock + Hip-Hop),gtzan___gtzan_reggae_00022
5380,18.698622,7.384603,1 (Pop + Groove + Rock + Hip-Hop),gtzan___gtzan_reggae_00023
5381,3.724084,-3.8317783,1 (Pop + Groove + Rock + Hip-Hop),gtzan___gtzan_reggae_00024
5382,4.0036426,-4.4002924,1 (Pop + Groove + Rock + Hip-Hop),gtzan___gtzan_reggae_00025
5383,3.7058003,-3.8374224,1 (Pop + Groove + Rock + Hip-Hop),gtzan___gtzan_reggae_00026
5384,4.166989,-4.4909325,1 (Pop + Groove + Rock + Hip-Hop),gtzan___gtzan_reggae_00027
5385,20.130486,7.0556087,1 (Pop + Groove + Rock + Hip-Hop),gtzan___gtzan_reggae_00028
5386,19.809994,6.8522835,1 (Pop + Groove + Rock + Hip-Hop),gtzan___gtzan_reggae_00029
5387,20.803143,7.416475,1 (Pop + Groove + Rock + Hip-Hop),gtzan___gtzan_reggae_00030
5388,20.657034,7.4582543,1 (Pop + Groove + Rock + Hip-Hop),gtzan___gtzan_reggae_00031
5389,20.001625,6.8988137,1 (Pop + Groove + Rock + Hip-Hop),gtzan___gtzan_reggae_00032
5390,20.491142,7.4070945,1 (Pop + Groove + Rock + Hip-Hop),gtzan___gtzan_reggae_00033
5391,20.564941,7.591392,1 (Pop + Groove + Rock + Hip-Hop),gtzan___gtzan_reggae_00034
5392,20.602463,7.422455,1 (Pop + Groove + Rock + Hip-Hop),gtzan___gtzan_reggae_00035
5393,20.372328,7.596373,1 (Pop + Groove + Rock + Hip-Hop),gtzan___gtzan_reggae_00036
5394,20.663464,7.418557,1 (Pop + Groove + Rock + Hip-Hop),gtzan___gtzan_reggae_00037
5395,20.116262,8.464295,1 (Pop + Groove + Rock + Hip-Hop),gtzan___gtzan_reggae_00038
5396,21.83021,6.735975,1 (Pop + Groove + Rock + Hip-Hop),gtzan___gtzan_reggae_00039
5397,-4.0948315,-1.979063,2 (Classical + Jazz),gtzan___gtzan_reggae_00040
5398,4.3255877,-4.6531167,1 (Pop + Groove + Rock + Hip-Hop),gtzan___gtzan_reggae_00041
5399,3.1669815,-3.7370303,1 (Pop + Groove + Rock + Hip-Hop),gtzan___gtzan_reggae_00042
5400,1.4303435,-3.5221093,1 (Pop + Groove + Rock + Hip-Hop),gtzan___gtzan_reggae_00043
5401,19.10408,7.1318097,1 (Pop + Groove + Rock + Hip-Hop),gtzan___gtzan_reggae_00044
5402,10.4377985,-5.7134366,1 (Pop + Groove + Rock + Hip-Hop),gtzan___gtzan_reggae_00045
5403,3.1854007,-4.891773,1 (Pop + Groove + Rock + Hip-Hop),gtzan___gtzan_reggae_00046
5404,4.6597633,-4.537479,1 (Pop + Groove + Rock + Hip-Hop),gtzan___gtzan_reggae_00047
5405,5.3501253,-5.0014167,1 (Pop + Groove + Rock + Hip-Hop),gtzan___gtzan_reggae_00048
5406,2.1043925,-1.0950843,1 (Pop + Groove + Rock + Hip-Hop),gtzan___gtzan_reggae_00049
5407,10.560411,-6.3063946,1 (Pop + Groove + Rock + Hip-Hop),gtzan___gtzan_reggae_00050
5408,17.46852,-0.29162356,1 (Pop + Groove + Rock + Hip-Hop),gtzan___gtzan_reggae_00051
5409,12.918508,-3.511512,1 (Pop + Groove + Rock + Hip-Hop),gtzan___gtzan_reggae_00052
5410,20.03239,7.3966084,1 (Pop + Groove + Rock + Hip-Hop),gtzan___gtzan_reggae_00053
5411,4.0226345,-4.210835,1 (Pop + Groove + Rock + Hip-Hop),gtzan___gtzan_reggae_00054
5412,18.69405,0.10423958,1 (Pop + Groove + Rock + Hip-Hop),gtzan___gtzan_reggae_00055
5413,4.8900914,-4.3756633,1 (Pop + Groove + Rock + Hip-Hop),gtzan___gtzan_reggae_00056
5414,4.3309803,-4.161321,1 (Pop + Groove + Rock + Hip-Hop),gtzan___gtzan_reggae_00057
5415,4.0836787,-4.6335773,1 (Pop + Groove + Rock + Hip-Hop),gtzan___gtzan_reggae_00058
5416,3.9631941,-3.5359564,1 (Pop + Groove + Rock + Hip-Hop),gtzan___gtzan_reggae_00059
5417,-3.8982708,-1.2133954,2 (Classical + Jazz),gtzan___gtzan_reggae_00060
5418,8.516582,-0.9020753,1 (Pop + Groove + Rock + Hip-Hop),gtzan___gtzan_reggae_00061
5419,4.003919,-4.90256,1 (Pop + Groove + Rock + Hip-Hop),gtzan___gtzan_reggae_00062
5420,3.6215975,-4.500783,1 (Pop + Groove + Rock + Hip-Hop),gtzan___gtzan_reggae_00063
5421,5.2565556,-4.3055997,1 (Pop + Groove + Rock + Hip-Hop),gtzan___gtzan_reggae_00064
5422,10.544207,-6.1195354,1 (Pop + Groove + Rock + Hip-Hop),gtzan___gtzan_reggae_00065
5423,4.891494,-2.3442745,1 (Pop + Groove + Rock + Hip-Hop),gtzan___gtzan_reggae_00066
5424,0.5796467,-4.352989,1 (Pop + Groove + Rock + Hip-Hop),gtzan___gtzan_reggae_00067
5425,3.6865559,-4.45194,1 (Pop + Groove + Rock + Hip-Hop),gtzan___gtzan_reggae_00068
5426,4.623555,-4.6357546,1 (Pop + Groove + Rock + Hip-Hop),gtzan___gtzan_reggae_00069
5427,5.8670406,-3.0337713,1 (Pop + Groove + Rock + Hip-Hop),gtzan___gtzan_reggae_00070
5428,10.544509,-5.925214,1 (Pop + Groove + Rock + Hip-Hop),gtzan___gtzan_reggae_00071
5429,4.81347,-2.6775618,1 (Pop + Groove + Rock + Hip-Hop),gtzan___gtzan_reggae_00072
5430,13.854638,-4.7029696,1 (Pop + Groove + Rock + Hip-Hop),gtzan___gtzan_reggae_00073
5431,13.811605,-4.6716795,1 (Pop + Groove + Rock + Hip-Hop),gtzan___gtzan_reggae_00074
5432,1.0612202,-1.4645932,1 (Pop + Groove + Rock + Hip-Hop),gtzan___gtzan_reggae_00075
5433,10.827246,-5.6958823,1 (Pop + Groove + Rock + Hip-Hop),gtzan___gtzan_reggae_00076
5434,0.9877121,-3.404317,1 (Pop + Groove + Rock + Hip-Hop),gtzan___gtzan_reggae_00077
5435,4.279244,-4.659209,1 (Pop + Groove + Rock + Hip-Hop),gtzan___gtzan_reggae_00078
5436,20.644106,6.9371176,1 (Pop + Groove + Rock + Hip-Hop),gtzan___gtzan_reggae_00079
5437,11.834962,-5.740561,1 (Pop + Groove + Rock + Hip-Hop),gtzan___gtzan_reggae_00080
5438,11.910094,-5.580112,1 (Pop + Groove + Rock + Hip-Hop),gtzan___gtzan_reggae_00081
5439,11.910094,-5.580112,1 (Pop + Groove + Rock + Hip-Hop),gtzan___gtzan_reggae_00082
5440,-6.1593695,-0.09286283,2 (Classical + Jazz),gtzan___gtzan_reggae_00083
5441,4.0350347,-2.2008975,1 (Pop + Groove + Rock + Hip-Hop),gtzan___gtzan_reggae_00084
5442,-1.41563,-4.2576523,2 (Classical + Jazz),gtzan___gtzan_reggae_00085
5443,7.51478,-2.1010728,1 (Pop + Groove + Rock + Hip-Hop),gtzan___gtzan_reggae_00087
5444,14.178983,2.0514314,1 (Pop + Groove + Rock + Hip-Hop),gtzan___gtzan_reggae_00088
5445,-5.405931,-4.907719,2 (Classical + Jazz),gtzan___gtzan_reggae_00089
5446,5.6570992,-3.9883454,1 (Pop + Groove + Rock + Hip-Hop),gtzan___gtzan_reggae_00090
5447,0.5122859,-1.5475,1 (Pop + Groove + Rock + Hip-Hop),gtzan___gtzan_reggae_00091
5448,0.55628526,-1.5249109,1 (Pop + Groove + Rock + Hip-Hop),gtzan___gtzan_reggae_00092
5449,4.656698,-3.652124,1 (Pop + Groove + Rock + Hip-Hop),gtzan___gtzan_reggae_00093
5450,0.7578917,-1.1309161,1 (Pop + Groove + Rock + Hip-Hop),gtzan___gtzan_reggae_00094
5451,9.751221,-2.9556324,1 (Pop + Groove + Rock + Hip-Hop),gtzan___gtzan_reggae_00095
5452,-1.475489,-4.3515286,2 (Classical + Jazz),gtzan___gtzan_reggae_00096
5453,-4.4272184,0.6759051,2 (Classical + Jazz),gtzan___gtzan_reggae_00097
5454,3.4791763,-6.443498,1 (Pop + Groove + Rock + Hip-Hop),gtzan___gtzan_reggae_00098
5455,2.3322084,-1.7656714,1 (Pop + Groove + Rock + Hip-Hop),gtzan___gtzan_reggae_00099
5456,-2.4235873,1.0217389,2 (Classical + Jazz),gtzan___gtzan_rock_00000
5457,-1.4837799,2.5366094,1 (Pop + Groove + Rock + Hip-Hop),gtzan___gtzan_rock_00001
5458,-1.3085679,5.037956,1 (Pop + Groove + Rock + Hip-Hop),gtzan___gtzan_rock_00002
5459,-1.7595572,3.0258102,1 (Pop + Groove + Rock + Hip-Hop),gtzan___gtzan_rock_00003
5460,-1.6406074,2.4049485,1 (Pop + Groove + Rock + Hip-Hop),gtzan___gtzan_rock_00004
5461,3.511346,10.232474,1 (Pop + Groove + Rock + Hip-Hop),gtzan___gtzan_rock_00005
5462,-2.2475808,-2.311887,2 (Classical + Jazz),gtzan___gtzan_rock_00006
5463,-1.6688918,2.6083279,1 (Pop + Groove + Rock + Hip-Hop),gtzan___gtzan_rock_00007
5464,5.6867347,8.903695,1 (Pop + Groove + Rock + Hip-Hop),gtzan___gtzan_rock_00008
5465,-1.2523497,5.8179016,1 (Pop + Groove + Rock + Hip-Hop),gtzan___gtzan_rock_00009
5466,0.8517636,2.3037753,1 (Pop + Groove + Rock + Hip-Hop),gtzan___gtzan_rock_00010
5467,-0.28155044,-1.3561932,1 (Pop + Groove + Rock + Hip-Hop),gtzan___gtzan_rock_00011
5468,-2.870977,-2.12102,2 (Classical + Jazz),gtzan___gtzan_rock_00012
5469,-0.4487536,0.12240607,1 (Pop + Groove + Rock + Hip-Hop),gtzan___gtzan_rock_00013
5470,-3.18891,-1.9988606,2 (Classical + Jazz),gtzan___gtzan_rock_00014
5471,14.0991,-2.4619112,1 (Pop + Groove + Rock + Hip-Hop),gtzan___gtzan_rock_00015
5472,7.8739963,8.999467,1 (Pop + Groove + Rock + Hip-Hop),gtzan___gtzan_rock_00016
5473,2.4961603,6.987718,1 (Pop + Groove + Rock + Hip-Hop),gtzan___gtzan_rock_00017
5474,5.245821,10.6584015,1 (Pop + Groove + Rock + Hip-Hop),gtzan___gtzan_rock_00018
5475,4.7098947,10.238428,1 (Pop + Groove + Rock + Hip-Hop),gtzan___gtzan_rock_00019
5476,2.5345771,7.7535315,1 (Pop + Groove + Rock + Hip-Hop),gtzan___gtzan_rock_00020
5477,2.5520773,7.6966305,1 (Pop + Groove + Rock + Hip-Hop),gtzan___gtzan_rock_00021
5478,2.7877975,7.8745894,1 (Pop + Groove + Rock + Hip-Hop),gtzan___gtzan_rock_00022
5479,1.8212912,7.341792,1 (Pop + Groove + Rock + Hip-Hop),gtzan___gtzan_rock_00023
5480,1.9561018,7.120177,1 (Pop + Groove + Rock + Hip-Hop),gtzan___gtzan_rock_00024
5481,2.2421396,7.766055,1 (Pop + Groove + Rock + Hip-Hop),gtzan___gtzan_rock_00025
5482,2.2849383,7.25732,1 (Pop + Groove + Rock + Hip-Hop),gtzan___gtzan_rock_00026
5483,-1.0677738,-3.1569858,2 (Classical + Jazz),gtzan___gtzan_rock_00027
5484,1.4135432,8.833375,1 (Pop + Groove + Rock + Hip-Hop),gtzan___gtzan_rock_00028
5485,2.9662774,4.131009,1 (Pop + Groove + Rock + Hip-Hop),gtzan___gtzan_rock_00029
5486,14.382716,2.8769376,1 (Pop + Groove + Rock + Hip-Hop),gtzan___gtzan_rock_00030
5487,1.826388,0.0022733214,1 (Pop + Groove + Rock + Hip-Hop),gtzan___gtzan_rock_00031
5488,1.6887604,5.2380953,1 (Pop + Groove + Rock + Hip-Hop),gtzan___gtzan_rock_00032
5489,0.9222476,4.9999614,1 (Pop + Groove + Rock + Hip-Hop),gtzan___gtzan_rock_00033
5490,6.3401537,6.37689,1 (Pop + Groove + Rock + Hip-Hop),gtzan___gtzan_rock_00034
5491,2.5647087,-0.004242897,1 (Pop + Groove + Rock + Hip-Hop),gtzan___gtzan_rock_00035
5492,8.014322,5.7221146,1 (Pop + Groove + Rock + Hip-Hop),gtzan___gtzan_rock_00036
5493,3.5098767,0.05218769,1 (Pop + Groove + Rock + Hip-Hop),gtzan___gtzan_rock_00037
5494,8.008467,4.9847865,1 (Pop + Groove + Rock + Hip-Hop),gtzan___gtzan_rock_00038
5495,3.1775494,1.0638398,1 (Pop + Groove + Rock + Hip-Hop),gtzan___gtzan_rock_00039
5496,3.9928753,-0.2520684,1 (Pop + Groove + Rock + Hip-Hop),gtzan___gtzan_rock_00040
5497,3.2202446,0.22130306,1 (Pop + Groove + Rock + Hip-Hop),gtzan___gtzan_rock_00041
5498,3.3763926,0.3931382,1 (Pop + Groove + Rock + Hip-Hop),gtzan___gtzan_rock_00042
5499,2.967112,0.29324046,1 (Pop + Groove + Rock + Hip-Hop),gtzan___gtzan_rock_00043
5500,0.44319716,4.794046,1 (Pop + Groove + Rock + Hip-Hop),gtzan___gtzan_rock_00044
5501,-7.8087115,-6.663369,2 (Classical + Jazz),gtzan___gtzan_rock_00045
5502,0.12472477,8.642369,1 (Pop + Groove + Rock + Hip-Hop),gtzan___gtzan_rock_00046
5503,5.5427804,3.9426882,1 (Pop + Groove + Rock + Hip-Hop),gtzan___gtzan_rock_00047
5504,1.8204242,8.40077,1 (Pop + Groove + Rock + Hip-Hop),gtzan___gtzan_rock_00048
5505,-8.477588,4.825069,2 (Classical + Jazz),gtzan___gtzan_rock_00049
5506,-1.1754733,5.3348975,1 (Pop + Groove + Rock + Hip-Hop),gtzan___gtzan_rock_00050
5507,5.3378105,1.6885797,1 (Pop + Groove + Rock + Hip-Hop),gtzan___gtzan_rock_00051
5508,15.055406,7.898597,1 (Pop + Groove + Rock + Hip-Hop),gtzan___gtzan_rock_00052
5509,3.1788287,6.818628,1 (Pop + Groove + Rock + Hip-Hop),gtzan___gtzan_rock_00053
5510,-5.5151424,3.9330194,2 (Classical + Jazz),gtzan___gtzan_rock_00054
5511,16.660149,5.9753065,1 (Pop + Groove + Rock + Hip-Hop),gtzan___gtzan_rock_00055
5512,3.919187,9.57724,1 (Pop + Groove + Rock + Hip-Hop),gtzan___gtzan_rock_00056
5513,2.799334,4.34326,1 (Pop + Groove + Rock + Hip-Hop),gtzan___gtzan_rock_00057
5514,-5.1479278,2.6077015,2 (Classical + Jazz),gtzan___gtzan_rock_00058
5515,-2.6811752,2.5628452,2 (Classical + Jazz),gtzan___gtzan_rock_00059
5516,1.9948967,4.3205137,1 (Pop + Groove + Rock + Hip-Hop),gtzan___gtzan_rock_00060
5517,-2.4772923,4.4789286,2 (Classical + Jazz),gtzan___gtzan_rock_00061
5518,-1.8332397,-5.660689,2 (Classical + Jazz),gtzan___gtzan_rock_00062
5519,-5.27882,-1.1496941,2 (Classical + Jazz),gtzan___gtzan_rock_00063
5520,3.647205,-1.4047498,1 (Pop + Groove + Rock + Hip-Hop),gtzan___gtzan_rock_00064
5521,-1.693156,-2.6136222,2 (Classical + Jazz),gtzan___gtzan_rock_00065
5522,-2.0207925,0.6123159,2 (Classical + Jazz),gtzan___gtzan_rock_00066
5523,-0.15021884,-1.4693059,1 (Pop + Groove + Rock + Hip-Hop),gtzan___gtzan_rock_00067
5524,-0.52220255,-1.6894132,1 (Pop + Groove + Rock + Hip-Hop),gtzan___gtzan_rock_00068
5525,-2.9418476,-0.5722018,2 (Classical + Jazz),gtzan___gtzan_rock_00069
5526,-2.2935553,-0.29762256,2 (Classical + Jazz),gtzan___gtzan_rock_00070
5527,4.1624,0.9149867,1 (Pop + Groove + Rock + Hip-Hop),gtzan___gtzan_rock_00071
5528,0.52426785,2.411222,1 (Pop + Groove + Rock + Hip-Hop),gtzan___gtzan_rock_00072
5529,4.4417267,1.8235393,1 (Pop + Groove + Rock + Hip-Hop),gtzan___gtzan_rock_00073
5530,0.70166796,7.3421025,1 (Pop + Groove + Rock + Hip-Hop),gtzan___gtzan_rock_00074
5531,5.198048,-0.05813495,1 (Pop + Groove + Rock + Hip-Hop),gtzan___gtzan_rock_00075
5532,-0.8147548,1.6685784,1 (Pop + Groove + Rock + Hip-Hop),gtzan___gtzan_rock_00076
5533,2.054173,1.8732831,1 (Pop + Groove + Rock + Hip-Hop),gtzan___gtzan_rock_00077
5534,-0.38442233,2.1980734,1 (Pop + Groove + Rock + Hip-Hop),gtzan___gtzan_rock_00078
5535,2.2818596,1.9816574,1 (Pop + Groove + Rock + Hip-Hop),gtzan___gtzan_rock_00079
5536,2.1332815,5.8281894,1 (Pop + Groove + Rock + Hip-Hop),gtzan___gtzan_rock_00080
5537,2.2661915,0.27347368,1 (Pop + Groove + Rock + Hip-Hop),gtzan___gtzan_rock_00081
5538,0.5577149,4.236651,1 (Pop + Groove + Rock + Hip-Hop),gtzan___gtzan_rock_00082
5539,-1.1863363,4.5872307,1 (Pop + Groove + Rock + Hip-Hop),gtzan___gtzan_rock_00083
5540,2.3776097,5.553607,1 (Pop + Groove + Rock + Hip-Hop),gtzan___gtzan_rock_00084
5541,-3.235816,1.9877206,2 (Classical + Jazz),gtzan___gtzan_rock_00085
5542,-0.6727261,-1.9975885,1 (Pop + Groove + Rock + Hip-Hop),gtzan___gtzan_rock_00086
5543,3.2133827,7.2005315,1 (Pop + Groove + Rock + Hip-Hop),gtzan___gtzan_rock_00087
5544,3.2871964,-0.40264162,1 (Pop + Groove + Rock + Hip-Hop),gtzan___gtzan_rock_00088
5545,0.20178719,2.7543783,1 (Pop + Groove + Rock + Hip-Hop),gtzan___gtzan_rock_00089
5546,1.7486384,-0.7194607,1 (Pop + Groove + Rock + Hip-Hop),gtzan___gtzan_rock_00090
5547,2.1086311,6.4862566,1 (Pop + Groove + Rock + Hip-Hop),gtzan___gtzan_rock_00091
5548,2.7907455,7.515184,1 (Pop + Groove + Rock + Hip-Hop),gtzan___gtzan_rock_00092
5549,1.2619025,6.3098226,1 (Pop + Groove + Rock + Hip-Hop),gtzan___gtzan_rock_00093
5550,2.6729248,8.882409,1 (Pop + Groove + Rock + Hip-Hop),gtzan___gtzan_rock_00094
5551,0.10332899,1.9066248,1 (Pop + Groove + Rock + Hip-Hop),gtzan___gtzan_rock_00095
5552,1.2113295,6.8290453,1 (Pop + Groove + Rock + Hip-Hop),gtzan___gtzan_rock_00096
5553,1.5203813,6.3265734,1 (Pop + Groove + Rock + Hip-Hop),gtzan___gtzan_rock_00097
5554,-3.9921646,-0.4117984,2 (Classical + Jazz),gtzan___gtzan_rock_00098
5555,-4.062961,1.7881987,2 (Classical + Jazz),gtzan___gtzan_rock_00099
