,t-SNE dimension 1,t-SNE dimension 2,label,file
0,-17.14367,-5.8066683,2 (Classical + Jazz),asap___Bach_Fugue_bwv_846_Shi05M
1,-21.128496,-8.875466,2 (Classical + Jazz),asap___Bach_Fugue_bwv_848_Denisova06M
2,-21.198475,-8.618655,2 (Classical + Jazz),asap___Bach_Fugue_bwv_848_Lee01M
3,-21.991827,-7.7933097,2 (Classical + Jazz),asap___Bach_Fugue_bwv_848_LeeSH01M
4,-21.303757,-8.539565,2 (Classical + Jazz),asap___Bach_Fugue_bwv_848_Lin04M
5,-21.486914,-8.530009,2 (Classical + Jazz),asap___Bach_Fugue_bwv_848_Lou01M
6,-23.026577,-7.99635,2 (Classical + Jazz),asap___Bach_Fugue_bwv_848_MiyashitaM01M
7,-20.992838,-8.487858,2 (Classical + Jazz),asap___Bach_Fugue_bwv_848_Mizumoto03M
8,-22.199541,-8.335823,2 (Classical + Jazz),asap___Bach_Fugue_bwv_848_SunY01M
9,-21.447353,-8.423014,2 (Classical + Jazz),asap___Bach_Fugue_bwv_848_Zhou01M
10,-22.726913,-8.294606,2 (Classical + Jazz),asap___Bach_Fugue_bwv_854_LuA01M
11,-22.307364,-8.536545,2 (Classical + Jazz),asap___Bach_Fugue_bwv_854_MiyashitaM01M
12,-20.598318,-8.690209,2 (Classical + Jazz),asap___Bach_Fugue_bwv_854_Ozaki01M
13,-22.465082,-8.376357,2 (Classical + Jazz),asap___Bach_Fugue_bwv_854_Richardson01M
14,-21.941439,-8.500442,2 (Classical + Jazz),asap___Bach_Fugue_bwv_854_WangA01M
15,-22.892696,-7.566714,2 (Classical + Jazz),asap___Bach_Fugue_bwv_856_LuoJ01M
16,-20.734348,-6.3412895,2 (Classical + Jazz),asap___Bach_Fugue_bwv_857_Bult-ItoS02M
17,-20.05075,-6.617789,2 (Classical + Jazz),asap___Bach_Fugue_bwv_857_Lisiecki04M
18,-20.640144,-6.3351727,2 (Classical + Jazz),asap___Bach_Fugue_bwv_857_ToA01M
19,-20.866316,-5.8568273,2 (Classical + Jazz),asap___Bach_Fugue_bwv_857_WangA01M
20,-20.618683,-6.5816917,2 (Classical + Jazz),asap___Bach_Fugue_bwv_857_YuP01M
21,-21.331982,-5.4189706,2 (Classical + Jazz),asap___Bach_Fugue_bwv_858_VuV01M
22,-20.424648,-7.863138,2 (Classical + Jazz),asap___Bach_Fugue_bwv_858_Zhang01M
23,-21.68101,-8.034924,2 (Classical + Jazz),asap___Bach_Fugue_bwv_860_Ko04M
24,-21.257097,-7.998752,2 (Classical + Jazz),asap___Bach_Fugue_bwv_860_Nikiforov05M
25,-21.080807,-8.116633,2 (Classical + Jazz),asap___Bach_Fugue_bwv_860_Tetzloff04M
26,-22.088297,-8.020757,2 (Classical + Jazz),asap___Bach_Fugue_bwv_860_TuanS01M
27,-22.932434,-8.240658,2 (Classical + Jazz),asap___Bach_Fugue_bwv_860_YoungS01M
28,-21.29626,-8.213213,2 (Classical + Jazz),asap___Bach_Fugue_bwv_860_ZhangH04M
29,-18.80383,-5.8361835,2 (Classical + Jazz),asap___Bach_Fugue_bwv_862_Song04M
30,-20.15854,-5.4325223,2 (Classical + Jazz),asap___Bach_Fugue_bwv_863_LeeN01M
31,-17.835857,-5.6705017,2 (Classical + Jazz),asap___Bach_Fugue_bwv_863_Shychko01M
32,-20.050362,-5.505276,2 (Classical + Jazz),asap___Bach_Fugue_bwv_863_TongB01M
33,-22.763147,-7.597086,2 (Classical + Jazz),asap___Bach_Fugue_bwv_864_SunD01M
34,-20.979408,-8.214243,2 (Classical + Jazz),asap___Bach_Fugue_bwv_865_Teo01M
35,-22.171743,-7.6929016,2 (Classical + Jazz),asap___Bach_Fugue_bwv_865_ZhangE01M
36,-20.184204,-5.3894653,2 (Classical + Jazz),asap___Bach_Fugue_bwv_867_HuNY01M
37,-18.634632,-5.8960633,2 (Classical + Jazz),asap___Bach_Fugue_bwv_867_Sham01M
38,-19.785688,-6.0616965,2 (Classical + Jazz),asap___Bach_Fugue_bwv_868_GonzalezJ05M
39,-22.275042,-8.282941,2 (Classical + Jazz),asap___Bach_Fugue_bwv_870_ChenW01M
40,-22.532854,-8.16704,2 (Classical + Jazz),asap___Bach_Fugue_bwv_870_LeeE01M
41,-20.938807,-8.86701,2 (Classical + Jazz),asap___Bach_Fugue_bwv_870_MaximovI01M
42,-20.34748,-7.885028,2 (Classical + Jazz),asap___Bach_Fugue_bwv_873_Lisiecki13M
43,-17.846466,-5.0276313,2 (Classical + Jazz),asap___Bach_Fugue_bwv_874_BianF01
44,-17.605425,-5.7631435,2 (Classical + Jazz),asap___Bach_Fugue_bwv_874_Kurz01M
45,-16.938656,-5.7535872,2 (Classical + Jazz),asap___Bach_Fugue_bwv_874_WongWY01M
46,-19.15966,-6.4284286,2 (Classical + Jazz),asap___Bach_Fugue_bwv_875_Ahfat01M
47,-21.475315,-6.88439,2 (Classical + Jazz),asap___Bach_Fugue_bwv_875_CaoJ01M
48,-20.10911,-5.700936,2 (Classical + Jazz),asap___Bach_Fugue_bwv_876_SirajA01M
49,-19.646881,-7.2383933,2 (Classical + Jazz),asap___Bach_Fugue_bwv_876_Song01M
50,-22.423634,-8.287486,2 (Classical + Jazz),asap___Bach_Fugue_bwv_880_LeungR01M
51,-21.534805,-8.432626,2 (Classical + Jazz),asap___Bach_Fugue_bwv_880_WangA04M
52,-20.050594,-5.513035,2 (Classical + Jazz),asap___Bach_Fugue_bwv_883_GuoE01M
53,-21.84975,-6.699135,2 (Classical + Jazz),asap___Bach_Fugue_bwv_883_Herbert02
54,-22.07952,-7.8502483,2 (Classical + Jazz),asap___Bach_Fugue_bwv_883_KaiRuiR03
55,-19.350183,-5.755036,2 (Classical + Jazz),asap___Bach_Fugue_bwv_883_Khmara04
56,-22.689466,-7.275506,2 (Classical + Jazz),asap___Bach_Fugue_bwv_883_LuM01M
57,-22.008194,-8.240782,2 (Classical + Jazz),asap___Bach_Fugue_bwv_884_LiA01M
58,-20.713758,-8.354847,2 (Classical + Jazz),asap___Bach_Fugue_bwv_885_Guo01M
59,-20.62594,-7.3113737,2 (Classical + Jazz),asap___Bach_Fugue_bwv_885_Huang04M
60,-22.775307,-7.5984726,2 (Classical + Jazz),asap___Bach_Fugue_bwv_885_JeonH01M
61,-21.368364,-8.534509,2 (Classical + Jazz),asap___Bach_Fugue_bwv_885_SINKEV06
62,-20.53898,-5.3472543,2 (Classical + Jazz),asap___Bach_Fugue_bwv_887_LiYZ01M
63,-22.871494,-8.199404,2 (Classical + Jazz),asap___Bach_Fugue_bwv_888_ZhaoK01M
64,-20.739195,-8.2285385,2 (Classical + Jazz),asap___Bach_Fugue_bwv_889_Giesbrecht01M
65,-21.599472,-8.078796,2 (Classical + Jazz),asap___Bach_Fugue_bwv_889_LiuY01M
66,-22.881992,-7.273465,2 (Classical + Jazz),asap___Bach_Fugue_bwv_889_MunA01M
67,-20.330256,-8.242691,2 (Classical + Jazz),asap___Bach_Fugue_bwv_889_Wang01M
68,-22.029978,-7.5969152,2 (Classical + Jazz),asap___Bach_Fugue_bwv_889_YangY02M
69,-21.718924,-7.7773056,2 (Classical + Jazz),asap___Bach_Fugue_bwv_889_ZhangW02M
70,-20.31033,-7.0687165,2 (Classical + Jazz),asap___Bach_Fugue_bwv_891_Duepree06M
71,-18.33668,-6.3765845,2 (Classical + Jazz),asap___Bach_Fugue_bwv_892_Hou01M
72,-20.151405,-5.3003087,2 (Classical + Jazz),asap___Bach_Fugue_bwv_892_KabuliL01M
73,-20.756306,-8.52597,2 (Classical + Jazz),asap___Bach_Fugue_bwv_893_Kleisen04M
74,-21.535784,-8.734236,2 (Classical + Jazz),asap___Bach_Fugue_bwv_893_Levitsky04M
75,-22.471622,-6.7812943,2 (Classical + Jazz),asap___Bach_Fugue_bwv_893_Wong01M
76,-16.38639,-6.053581,2 (Classical + Jazz),asap___Bach_Prelude_bwv_846_Shi05M
77,-21.233854,-9.101712,2 (Classical + Jazz),asap___Bach_Prelude_bwv_848_Denisova06M
78,-20.92537,-8.660857,2 (Classical + Jazz),asap___Bach_Prelude_bwv_848_Lee01M
79,-22.201477,-8.852918,2 (Classical + Jazz),asap___Bach_Prelude_bwv_848_LeeSH01M
80,-21.029116,-8.756129,2 (Classical + Jazz),asap___Bach_Prelude_bwv_848_Lin04M
81,-21.085075,-8.898016,2 (Classical + Jazz),asap___Bach_Prelude_bwv_848_Lou01M
82,-22.855122,-8.663717,2 (Classical + Jazz),asap___Bach_Prelude_bwv_848_MiyashitaM01M
83,-20.572065,-8.876216,2 (Classical + Jazz),asap___Bach_Prelude_bwv_848_Mizumoto03M
84,-22.087347,-9.124583,2 (Classical + Jazz),asap___Bach_Prelude_bwv_848_SunY01M
85,-21.380478,-9.140929,2 (Classical + Jazz),asap___Bach_Prelude_bwv_848_Zhou01M
86,-21.314814,-5.781129,2 (Classical + Jazz),asap___Bach_Prelude_bwv_854_LuA01M
87,-21.18818,-6.3197193,2 (Classical + Jazz),asap___Bach_Prelude_bwv_854_MiyashitaM01M
88,-18.895523,-6.329047,2 (Classical + Jazz),asap___Bach_Prelude_bwv_854_Ozaki01M
89,-20.842916,-5.663502,2 (Classical + Jazz),asap___Bach_Prelude_bwv_854_Richardson01M
90,-21.108139,-6.014095,2 (Classical + Jazz),asap___Bach_Prelude_bwv_854_WangA01M
91,-22.781832,-8.605125,2 (Classical + Jazz),asap___Bach_Prelude_bwv_856_LuoJ01M
92,-20.80163,-5.6945915,2 (Classical + Jazz),asap___Bach_Prelude_bwv_857_Bult-ItoS02M
93,-17.685581,-6.0596066,2 (Classical + Jazz),asap___Bach_Prelude_bwv_857_Lan01M
94,-19.143103,-5.2750497,2 (Classical + Jazz),asap___Bach_Prelude_bwv_857_Lisiecki04M
95,-20.263271,-5.568513,2 (Classical + Jazz),asap___Bach_Prelude_bwv_857_ToA01M
96,-20.564718,-5.337639,2 (Classical + Jazz),asap___Bach_Prelude_bwv_857_WangA01M
97,-20.379423,-5.5731387,2 (Classical + Jazz),asap___Bach_Prelude_bwv_857_YuP01M
98,-21.58687,-5.8597627,2 (Classical + Jazz),asap___Bach_Prelude_bwv_858_VuV01M
99,-21.261377,-7.2651486,2 (Classical + Jazz),asap___Bach_Prelude_bwv_858_Zhang01M
100,-21.093811,-8.785035,2 (Classical + Jazz),asap___Bach_Prelude_bwv_860_Ko04M
101,-20.872253,-8.629342,2 (Classical + Jazz),asap___Bach_Prelude_bwv_860_Nikiforov05M
102,-20.919985,-8.683928,2 (Classical + Jazz),asap___Bach_Prelude_bwv_860_Tetzloff04M
103,-22.126184,-8.88849,2 (Classical + Jazz),asap___Bach_Prelude_bwv_860_TuanS01M
104,-22.858547,-8.823751,2 (Classical + Jazz),asap___Bach_Prelude_bwv_860_YoungS01M
105,-20.849543,-8.860321,2 (Classical + Jazz),asap___Bach_Prelude_bwv_860_ZhangH04M
106,-20.540844,-8.229897,2 (Classical + Jazz),asap___Bach_Prelude_bwv_862_Song04M
107,-20.660994,-5.8095818,2 (Classical + Jazz),asap___Bach_Prelude_bwv_863_LeeN01M
108,-17.546377,-6.515299,2 (Classical + Jazz),asap___Bach_Prelude_bwv_863_Shychko01M
109,-20.4601,-6.3182707,2 (Classical + Jazz),asap___Bach_Prelude_bwv_863_TongB01M
110,-22.996826,-8.187771,2 (Classical + Jazz),asap___Bach_Prelude_bwv_864_SunD01M
111,-21.114103,-8.573537,2 (Classical + Jazz),asap___Bach_Prelude_bwv_865_Rizikov01M
112,-20.752659,-8.821779,2 (Classical + Jazz),asap___Bach_Prelude_bwv_865_Teo01M
113,-22.081682,-8.628563,2 (Classical + Jazz),asap___Bach_Prelude_bwv_865_ZhangE01M
114,-16.773687,-4.838812,2 (Classical + Jazz),asap___Bach_Prelude_bwv_867_HuNY01M
115,-17.323734,-4.4475684,2 (Classical + Jazz),asap___Bach_Prelude_bwv_867_Sham01M
116,-20.385395,-6.6450267,2 (Classical + Jazz),asap___Bach_Prelude_bwv_868_GonzalezJ05M
117,-21.00993,-5.282941,2 (Classical + Jazz),asap___Bach_Prelude_bwv_870_ChenW01M
118,-21.045742,-5.8368597,2 (Classical + Jazz),asap___Bach_Prelude_bwv_870_LeeE01M
119,-20.493717,-7.41031,2 (Classical + Jazz),asap___Bach_Prelude_bwv_870_MaximovI01M
120,-18.88829,-5.006228,2 (Classical + Jazz),asap___Bach_Prelude_bwv_873_Lisiecki13M
121,-20.900837,-8.263264,2 (Classical + Jazz),asap___Bach_Prelude_bwv_874_BianF01M
122,-22.959572,-7.467124,2 (Classical + Jazz),asap___Bach_Prelude_bwv_874_WongWY01M
123,-21.217148,-8.70964,2 (Classical + Jazz),asap___Bach_Prelude_bwv_875_Ahfat01M
124,-22.369574,-8.891213,2 (Classical + Jazz),asap___Bach_Prelude_bwv_875_CaoJ01M
125,-21.421001,-8.910504,2 (Classical + Jazz),asap___Bach_Prelude_bwv_875_HONG04M
126,-22.256918,-8.04411,2 (Classical + Jazz),asap___Bach_Prelude_bwv_876_SirajA01M
127,-21.183485,-7.7639832,2 (Classical + Jazz),asap___Bach_Prelude_bwv_876_Song01M
128,-20.60673,-6.2788115,2 (Classical + Jazz),asap___Bach_Prelude_bwv_880_LeungR01M
129,-19.62055,-6.8870897,2 (Classical + Jazz),asap___Bach_Prelude_bwv_880_WangA04M
130,-20.358889,-5.538637,2 (Classical + Jazz),asap___Bach_Prelude_bwv_883_GuoE01M
131,-20.902428,-5.4057813,2 (Classical + Jazz),asap___Bach_Prelude_bwv_883_LuM01M
132,-22.306885,-8.700236,2 (Classical + Jazz),asap___Bach_Prelude_bwv_884_LiA01M
133,-17.518238,-5.761343,2 (Classical + Jazz),asap___Bach_Prelude_bwv_885_Guo01M
134,-19.142643,-5.768923,2 (Classical + Jazz),asap___Bach_Prelude_bwv_885_Huang04M
135,-18.542807,-4.6709647,2 (Classical + Jazz),asap___Bach_Prelude_bwv_885_JeonH01M
136,-18.407276,-5.3612027,2 (Classical + Jazz),asap___Bach_Prelude_bwv_885_SINKEV06
137,-23.072363,-7.387841,2 (Classical + Jazz),asap___Bach_Prelude_bwv_887_LiYZ01M
138,-21.106407,-5.577572,2 (Classical + Jazz),asap___Bach_Prelude_bwv_888_ZhaoK01M
139,-19.557499,-7.0183167,2 (Classical + Jazz),asap___Bach_Prelude_bwv_889_Giesbrecht01M
140,-21.389347,-6.3728085,2 (Classical + Jazz),asap___Bach_Prelude_bwv_889_LiuY01M
141,-21.943632,-6.254274,2 (Classical + Jazz),asap___Bach_Prelude_bwv_889_MunA01M
142,-20.700459,-6.735424,2 (Classical + Jazz),asap___Bach_Prelude_bwv_889_Wang01M
143,-21.509813,-6.516868,2 (Classical + Jazz),asap___Bach_Prelude_bwv_889_YangY02M
144,-21.32224,-6.653657,2 (Classical + Jazz),asap___Bach_Prelude_bwv_889_ZhangW02M
145,-20.329567,-7.301585,2 (Classical + Jazz),asap___Bach_Prelude_bwv_891_BLINOV04M
146,-20.377052,-7.4891634,2 (Classical + Jazz),asap___Bach_Prelude_bwv_891_Duepree06M
147,-21.294327,-8.500741,2 (Classical + Jazz),asap___Bach_Prelude_bwv_892_Hou01M
148,-22.10557,-8.376211,2 (Classical + Jazz),asap___Bach_Prelude_bwv_892_KabuliL01M
149,-20.399803,-7.005844,2 (Classical + Jazz),asap___Bach_Prelude_bwv_893_Kleisen04M
150,-19.896982,-7.190604,2 (Classical + Jazz),asap___Bach_Prelude_bwv_893_Levitsky04M
151,-21.348116,-5.9126663,2 (Classical + Jazz),asap___Bach_Prelude_bwv_893_Wong01M
152,-19.019999,-8.208695,2 (Classical + Jazz),asap___Balakirev_Islamey_CHEN10M
153,-17.903025,-7.5299673,2 (Classical + Jazz),asap___Balakirev_Islamey_Na08M
154,-18.1941,-7.1272755,2 (Classical + Jazz),asap___Balakirev_Islamey_Yi04M
155,-19.665152,-6.7109094,2 (Classical + Jazz),asap___Beethoven_Piano_Sonatas_10-1_Hou02M
156,-20.90914,-7.7275653,2 (Classical + Jazz),asap___Beethoven_Piano_Sonatas_11-1_LiC03M
157,-18.730585,-8.767221,2 (Classical + Jazz),asap___Beethoven_Piano_Sonatas_11-1_LiYZ03M
158,-19.596575,-8.636181,2 (Classical + Jazz),asap___Beethoven_Piano_Sonatas_11-1_MaximovI02M
159,-19.30527,-8.483953,2 (Classical + Jazz),asap___Beethoven_Piano_Sonatas_11-1_ZhaoK02M
160,-18.951958,-6.210611,2 (Classical + Jazz),asap___Beethoven_Piano_Sonatas_12-1_Kleisen05M
161,-18.380037,-8.804322,2 (Classical + Jazz),asap___Beethoven_Piano_Sonatas_16-1_BuiJL02M
162,-18.105467,-8.873291,2 (Classical + Jazz),asap___Beethoven_Piano_Sonatas_16-1_Khmara05M
163,-18.307302,-8.57384,2 (Classical + Jazz),asap___Beethoven_Piano_Sonatas_16-1_LeeSH02M
164,-19.412891,-9.172806,2 (Classical + Jazz),asap___Beethoven_Piano_Sonatas_16-1_LuoJ03M
165,-18.749493,-8.5515995,2 (Classical + Jazz),asap___Beethoven_Piano_Sonatas_16-1_Woo05M
166,-18.04251,-5.109106,2 (Classical + Jazz),asap___Beethoven_Piano_Sonatas_17-1_KaszoS09M
167,-18.942616,-8.553047,2 (Classical + Jazz),asap___Beethoven_Piano_Sonatas_17-1_no_repeat_GuoE02M
168,-18.948963,-8.8776045,2 (Classical + Jazz),asap___Beethoven_Piano_Sonatas_17-1_no_repeat_KabuliL02M
169,-17.901358,-8.774209,2 (Classical + Jazz),asap___Beethoven_Piano_Sonatas_17-1_no_repeat_Richardson02M
170,-18.808357,-8.734553,2 (Classical + Jazz),asap___Beethoven_Piano_Sonatas_17-1_no_repeat_TuanS02M
171,-18.863787,-8.413042,2 (Classical + Jazz),asap___Beethoven_Piano_Sonatas_17-1_no_repeat_WangH03M
172,-17.67419,-4.7226524,2 (Classical + Jazz),asap___Beethoven_Piano_Sonatas_17-2_USHIKI05M
173,-20.062355,-7.8953824,2 (Classical + Jazz),asap___Beethoven_Piano_Sonatas_17-3_KaszoS11M
174,-18.74024,-8.371845,2 (Classical + Jazz),asap___Beethoven_Piano_Sonatas_17-3_USHIKI05M
175,-21.993801,-6.78789,2 (Classical + Jazz),asap___Beethoven_Piano_Sonatas_18-1_ChenGuang03M
176,-20.603247,-7.908133,2 (Classical + Jazz),asap___Beethoven_Piano_Sonatas_18-1_KOLESO06M
177,-21.680307,-7.5747232,2 (Classical + Jazz),asap___Beethoven_Piano_Sonatas_18-1_LeungR02M
178,-21.07422,-7.7100973,2 (Classical + Jazz),asap___Beethoven_Piano_Sonatas_18-1_Levitsky05M
179,-19.901678,-8.114896,2 (Classical + Jazz),asap___Beethoven_Piano_Sonatas_18-1_ZhangH05M
180,-19.128372,-7.6328564,2 (Classical + Jazz),asap___Beethoven_Piano_Sonatas_18-4_ChenGuang06M
181,-20.118086,-8.323165,2 (Classical + Jazz),asap___Beethoven_Piano_Sonatas_18-4_KOLESO06M
182,-18.387308,-8.168539,2 (Classical + Jazz),asap___Beethoven_Piano_Sonatas_21-1_KaiRuiR02M
183,-18.687517,-10.708354,2 (Classical + Jazz),asap___Beethoven_Piano_Sonatas_21-1_Sekino05M
184,-18.752941,-10.512533,2 (Classical + Jazz),asap___Beethoven_Piano_Sonatas_21-1_no_repeat_GonzalezJ06M
185,-18.824038,-10.609986,2 (Classical + Jazz),asap___Beethoven_Piano_Sonatas_21-1_no_repeat_KimSY02M
186,-18.87999,-10.81048,2 (Classical + Jazz),asap___Beethoven_Piano_Sonatas_21-1_no_repeat_LeeN02M
187,-18.83386,-10.900481,2 (Classical + Jazz),asap___Beethoven_Piano_Sonatas_21-1_no_repeat_RichardsonC02M
188,-18.896097,-10.231858,2 (Classical + Jazz),asap___Beethoven_Piano_Sonatas_21-1_no_repeat_Shychko02M
189,-18.743753,-10.594209,2 (Classical + Jazz),asap___Beethoven_Piano_Sonatas_21-1_no_repeat_Sladek02M
190,-18.675503,-10.754949,2 (Classical + Jazz),asap___Beethoven_Piano_Sonatas_21-1_no_repeat_Song03M
191,-18.76868,-10.843337,2 (Classical + Jazz),asap___Beethoven_Piano_Sonatas_21-1_no_repeat_SunY02M
192,-18.67725,-10.712222,2 (Classical + Jazz),asap___Beethoven_Piano_Sonatas_21-1_no_repeat_Tetzloff05M
193,-18.772648,-10.860273,2 (Classical + Jazz),asap___Beethoven_Piano_Sonatas_21-1_no_repeat_ToA02M
194,-18.797573,-10.822208,2 (Classical + Jazz),asap___Beethoven_Piano_Sonatas_21-1_no_repeat_TongB03M
195,-18.777164,-10.751254,2 (Classical + Jazz),asap___Beethoven_Piano_Sonatas_21-1_no_repeat_WangA02M
196,-18.759281,-10.882878,2 (Classical + Jazz),asap___Beethoven_Piano_Sonatas_21-1_no_repeat_YeZ02M
197,-18.772007,-10.767902,2 (Classical + Jazz),asap___Beethoven_Piano_Sonatas_21-1_no_repeat_ZhangW01M
198,-17.602823,-4.262144,2 (Classical + Jazz),asap___Beethoven_Piano_Sonatas_21-2_YOO05M
199,-18.581642,-5.962199,2 (Classical + Jazz),asap___Beethoven_Piano_Sonatas_21-3_KimSY04M
200,-18.107079,-5.566242,2 (Classical + Jazz),asap___Beethoven_Piano_Sonatas_21-3_Sekino05M
201,-18.203358,-5.659644,2 (Classical + Jazz),asap___Beethoven_Piano_Sonatas_21-3_YOO05M
202,-20.593145,-8.220329,2 (Classical + Jazz),asap___Beethoven_Piano_Sonatas_22-2_KOLESO04M
203,-16.993587,-6.338361,2 (Classical + Jazz),asap___Beethoven_Piano_Sonatas_23-1_Duepree05M
204,-17.398417,-8.019451,2 (Classical + Jazz),asap___Beethoven_Piano_Sonatas_23-1_Guo03M
205,-17.918015,-8.386494,2 (Classical + Jazz),asap___Beethoven_Piano_Sonatas_23-1_LiuC02M
206,-17.365007,-8.357368,2 (Classical + Jazz),asap___Beethoven_Piano_Sonatas_23-1_Mizumoto06M
207,-17.733515,-7.902094,2 (Classical + Jazz),asap___Beethoven_Piano_Sonatas_23-1_Teo02M
208,-17.674913,-7.656636,2 (Classical + Jazz),asap___Beethoven_Piano_Sonatas_23-1_Yi02M
209,-17.88545,-4.0511904,2 (Classical + Jazz),asap___Beethoven_Piano_Sonatas_24-1_Lisiecki05M
210,-19.426167,-7.8368373,2 (Classical + Jazz),asap___Beethoven_Piano_Sonatas_24-1_no_2_repeat_Cui06M
211,-19.895664,-7.3501525,2 (Classical + Jazz),asap___Beethoven_Piano_Sonatas_24-1_no_2_repeat_DeTurck06M
212,-20.970808,-7.7808967,2 (Classical + Jazz),asap___Beethoven_Piano_Sonatas_24-1_no_repeat_Lou02M
213,-18.25708,-4.2392135,2 (Classical + Jazz),asap___Beethoven_Piano_Sonatas_24-2_Lisiecki05M
214,-17.726416,-3.7550359,2 (Classical + Jazz),asap___Beethoven_Piano_Sonatas_26-1_HuNY02M
215,-18.55938,-5.603076,2 (Classical + Jazz),asap___Beethoven_Piano_Sonatas_26-1_Sham03M
216,-17.984268,-4.386773,2 (Classical + Jazz),asap___Beethoven_Piano_Sonatas_26-1_Zhdanov05M
217,-18.283472,-6.2782583,2 (Classical + Jazz),asap___Beethoven_Piano_Sonatas_26-1_no_repeat_Kim02M
218,-17.363506,-4.1036253,2 (Classical + Jazz),asap___Beethoven_Piano_Sonatas_26-2_HONG05M
219,-16.905905,-4.029002,2 (Classical + Jazz),asap___Beethoven_Piano_Sonatas_26-2_LEE_K05M
220,-20.730635,-7.6351075,2 (Classical + Jazz),asap___Beethoven_Piano_Sonatas_26-3_HONG05M
221,-18.818178,-8.389326,2 (Classical + Jazz),asap___Beethoven_Piano_Sonatas_26-3_Zhdanov05M
222,-18.570892,-5.9439926,2 (Classical + Jazz),asap___Beethoven_Piano_Sonatas_27-1_GiacomelliN04M
223,-18.131485,-5.7651353,2 (Classical + Jazz),asap___Beethoven_Piano_Sonatas_27-1_Ko05M
224,-19.577085,-7.01484,2 (Classical + Jazz),asap___Beethoven_Piano_Sonatas_27-1_MiyashitaM02M
225,-18.325283,-6.571639,2 (Classical + Jazz),asap___Beethoven_Piano_Sonatas_27-2_GiacomelliN05M
226,-17.669523,-4.901788,2 (Classical + Jazz),asap___Beethoven_Piano_Sonatas_28-1_KimHJ02M
227,-17.98035,-4.910147,2 (Classical + Jazz),asap___Beethoven_Piano_Sonatas_28-1_KyykhynenT06M
228,-17.976234,-5.0196824,2 (Classical + Jazz),asap___Beethoven_Piano_Sonatas_28-1_WangY04M
229,-16.724012,-3.637621,2 (Classical + Jazz),asap___Beethoven_Piano_Sonatas_3-2_MiyashitaM04M
230,-17.064571,-6.5416555,2 (Classical + Jazz),asap___Beethoven_Piano_Sonatas_31-1_ADIG05M
231,-16.897242,-6.625949,2 (Classical + Jazz),asap___Beethoven_Piano_Sonatas_31-1_AbdelmoulaJS03M
232,-17.047155,-6.3714013,2 (Classical + Jazz),asap___Beethoven_Piano_Sonatas_31-1_Ahfat02M
233,-17.325893,-6.8641624,2 (Classical + Jazz),asap___Beethoven_Piano_Sonatas_31-1_BrendleA03M
234,-16.789831,-6.645779,2 (Classical + Jazz),asap___Beethoven_Piano_Sonatas_31-1_HuangSW08M
235,-16.885284,-6.6819906,2 (Classical + Jazz),asap___Beethoven_Piano_Sonatas_31-1_LeungM03M
236,-17.077866,-6.5341396,2 (Classical + Jazz),asap___Beethoven_Piano_Sonatas_31-1_Na06M
237,-17.058172,-6.5859866,2 (Classical + Jazz),asap___Beethoven_Piano_Sonatas_31-1_Zuber04M
238,-19.314653,-4.887375,2 (Classical + Jazz),asap___Beethoven_Piano_Sonatas_31-2_ADIG05M
239,-20.42849,-8.97159,2 (Classical + Jazz),asap___Beethoven_Piano_Sonatas_32-1_DupreeF03M
240,-20.699942,-8.658964,2 (Classical + Jazz),asap___Beethoven_Piano_Sonatas_32-1_HouY04M
241,-19.398743,-8.040162,2 (Classical + Jazz),asap___Beethoven_Piano_Sonatas_32-1_Jussow06M
242,-17.781828,-5.1130214,2 (Classical + Jazz),asap___Beethoven_Piano_Sonatas_4-1_Chon03M
243,-17.053122,-2.9562607,2 (Classical + Jazz),asap___Beethoven_Piano_Sonatas_4-1_LeeE02M
244,-18.111055,-4.628175,2 (Classical + Jazz),asap___Beethoven_Piano_Sonatas_4-1_LiA04M
245,-17.484451,-3.0327637,2 (Classical + Jazz),asap___Beethoven_Piano_Sonatas_4-1_SirajA02M
246,-18.461342,-5.6646457,2 (Classical + Jazz),asap___Beethoven_Piano_Sonatas_5-1_Colafelice02M
247,-20.52339,-5.518601,2 (Classical + Jazz),asap___Beethoven_Piano_Sonatas_5-1_SunD02M
248,-19.513365,-8.2905035,2 (Classical + Jazz),asap___Beethoven_Piano_Sonatas_7-1_Hebert01M
249,-19.332233,-7.8747225,2 (Classical + Jazz),asap___Beethoven_Piano_Sonatas_7-1_Larionova04M
250,-19.486221,-8.030917,2 (Classical + Jazz),asap___Beethoven_Piano_Sonatas_7-1_LeeS02M
251,-19.160616,-8.065427,2 (Classical + Jazz),asap___Beethoven_Piano_Sonatas_7-1_Wang02M
252,-20.157084,-8.464801,2 (Classical + Jazz),asap___Beethoven_Piano_Sonatas_7-1_WangY01M
253,-19.508757,-8.83694,2 (Classical + Jazz),asap___Beethoven_Piano_Sonatas_7-1_ZhangE02M
254,-17.921206,-4.233995,2 (Classical + Jazz),asap___Beethoven_Piano_Sonatas_7-4_Larionova04M
255,-17.69647,-4.381502,2 (Classical + Jazz),asap___Beethoven_Piano_Sonatas_7-4_LeeS05M
256,-16.706095,-3.7700083,2 (Classical + Jazz),asap___Beethoven_Piano_Sonatas_8-1_Na06M
257,-20.1364,-8.524459,2 (Classical + Jazz),asap___Beethoven_Piano_Sonatas_8-3_Na06M
258,-17.163416,-6.645443,2 (Classical + Jazz),asap___Beethoven_Piano_Sonatas_9-1_Tysman05M
259,-20.497416,-8.521383,2 (Classical + Jazz),asap___Beethoven_Piano_Sonatas_9-3_Tysman05M
260,-17.501816,-4.440434,2 (Classical + Jazz),asap___Chopin_Ballades_1_BuiJL04M
261,-17.505049,-5.1579337,2 (Classical + Jazz),asap___Chopin_Ballades_1_JIA06M
262,-17.696974,-5.773103,2 (Classical + Jazz),asap___Chopin_Ballades_1_KimSuyeon04M
263,-17.34812,-3.9059973,2 (Classical + Jazz),asap___Chopin_Ballades_1_Mo07M
264,-17.477951,-5.795949,2 (Classical + Jazz),asap___Chopin_Ballades_1_MunA19M
265,-17.49096,-3.4858003,2 (Classical + Jazz),asap___Chopin_Ballades_1_Richardson13M
266,-17.884655,-4.7216372,2 (Classical + Jazz),asap___Chopin_Ballades_1_Sladek04M
267,-17.576628,-7.310551,2 (Classical + Jazz),asap___Chopin_Ballades_1_Zhou06M
268,-17.19864,-4.7570505,2 (Classical + Jazz),asap___Chopin_Ballades_3_Ko11M
269,-16.721994,-4.350341,2 (Classical + Jazz),asap___Chopin_Ballades_3_LinPeng06M
270,-20.086704,-6.872944,2 (Classical + Jazz),asap___Chopin_Ballades_4_ChenC04M
271,-20.28848,-6.9270906,2 (Classical + Jazz),asap___Chopin_Ballades_4_Kociuban07M
272,-18.529518,-5.8982773,2 (Classical + Jazz),asap___Chopin_Ballades_4_Levitsky18M
273,-21.016178,-6.268301,2 (Classical + Jazz),asap___Chopin_Ballades_4_LuEric04M
274,-20.238974,-7.6533637,2 (Classical + Jazz),asap___Chopin_Ballades_4_MiyashitaM04M
275,-19.298786,-5.9798245,2 (Classical + Jazz),asap___Chopin_Ballades_4_Mizumoto02M
276,-19.221039,-6.981797,2 (Classical + Jazz),asap___Chopin_Ballades_4_Nikiforov13M
277,-17.759844,-5.925215,2 (Classical + Jazz),asap___Chopin_Barcarolle_LeeSH05M
278,-17.767174,-7.0287523,2 (Classical + Jazz),asap___Chopin_Barcarolle_Na09M
279,-18.685745,-5.749464,2 (Classical + Jazz),asap___Chopin_Barcarolle_Ozel10M
280,-17.865974,-5.064792,2 (Classical + Jazz),asap___Chopin_Barcarolle_Park10M
281,-18.60036,-7.3792195,2 (Classical + Jazz),asap___Chopin_Barcarolle_Rozanski07M
282,-18.140877,-5.8073306,2 (Classical + Jazz),asap___Chopin_Berceuse_op_57_LeungM07M
283,-21.140308,-6.5657096,2 (Classical + Jazz),asap___Chopin_Berceuse_op_57_MiyashitaM06M
284,-19.379084,-6.6695185,2 (Classical + Jazz),asap___Chopin_Berceuse_op_57_Tario07M
285,-16.488272,-5.846335,2 (Classical + Jazz),asap___Chopin_Berceuse_op_57_Teo11M
286,-19.113085,-5.0354424,2 (Classical + Jazz),asap___Chopin_Berceuse_op_57_ZhangE09M
287,-19.972301,-7.79265,2 (Classical + Jazz),asap___Chopin_Etudes_op_10_10_WangH02M
288,-18.54021,-8.813316,2 (Classical + Jazz),asap___Chopin_Etudes_op_10_12_Bult-ItoS04M
289,-18.116903,-8.699962,2 (Classical + Jazz),asap___Chopin_Etudes_op_10_12_HuNY03M
290,-18.084887,-8.490547,2 (Classical + Jazz),asap___Chopin_Etudes_op_10_12_LuoJ08M
291,-18.318245,-8.995295,2 (Classical + Jazz),asap___Chopin_Etudes_op_10_12_WuuE06M
292,-18.67417,-8.243096,2 (Classical + Jazz),asap___Chopin_Etudes_op_10_12_ZhangYunling02M
293,-17.850008,-8.04348,2 (Classical + Jazz),asap___Chopin_Etudes_op_10_1_ChenW03M
294,-17.81284,-7.5997133,2 (Classical + Jazz),asap___Chopin_Etudes_op_10_1_KaiRuiR03M
295,-18.092188,-8.310298,2 (Classical + Jazz),asap___Chopin_Etudes_op_10_1_LiYZ02M
296,-19.389677,-8.976604,2 (Classical + Jazz),asap___Chopin_Etudes_op_10_1_LuM02M
297,-18.287447,-8.320773,2 (Classical + Jazz),asap___Chopin_Etudes_op_10_1_MunA07M
298,-18.013424,-8.41016,2 (Classical + Jazz),asap___Chopin_Etudes_op_10_1_SunY03M
299,-18.142658,-8.064067,2 (Classical + Jazz),asap___Chopin_Etudes_op_10_1_YeF03M
300,-18.862349,-8.094853,2 (Classical + Jazz),asap___Chopin_Etudes_op_10_1_YuP02M
301,-23.312927,-6.53485,2 (Classical + Jazz),asap___Chopin_Etudes_op_10_2_Hebert03M
302,-23.174225,-7.1049848,2 (Classical + Jazz),asap___Chopin_Etudes_op_10_2_JeonH02M
303,-20.031284,-8.629106,2 (Classical + Jazz),asap___Chopin_Etudes_op_10_4_Duepree06M
304,-20.461748,-9.394884,2 (Classical + Jazz),asap___Chopin_Etudes_op_10_4_Knoll03M
305,-19.914053,-8.962133,2 (Classical + Jazz),asap___Chopin_Etudes_op_10_4_Kurz03M
306,-20.847635,-9.004408,2 (Classical + Jazz),asap___Chopin_Etudes_op_10_4_LeeSH03M
307,-20.226952,-9.348137,2 (Classical + Jazz),asap___Chopin_Etudes_op_10_4_Richardson_2013_03M
308,-19.76612,-8.926457,2 (Classical + Jazz),asap___Chopin_Etudes_op_10_4_Sladek03M
309,-19.973387,-8.974556,2 (Classical + Jazz),asap___Chopin_Etudes_op_10_4_Yi03M
310,-21.436953,-9.245059,2 (Classical + Jazz),asap___Chopin_Etudes_op_10_4_ZhangE03M
311,-21.261883,-8.940575,2 (Classical + Jazz),asap___Chopin_Etudes_op_10_4_ZhaoA03M
312,-18.836306,-7.603035,2 (Classical + Jazz),asap___Chopin_Etudes_op_10_5_LiA03M
313,-18.983652,-7.7462444,2 (Classical + Jazz),asap___Chopin_Etudes_op_10_5_LiC02M
314,-18.829668,-7.3983436,2 (Classical + Jazz),asap___Chopin_Etudes_op_10_5_ZhangW03M
315,-18.995384,-8.561104,2 (Classical + Jazz),asap___Chopin_Etudes_op_10_8_KyykhynenT09M
316,-19.292265,-8.475296,2 (Classical + Jazz),asap___Chopin_Etudes_op_10_8_Lou03M
317,-21.516134,-9.341857,2 (Classical + Jazz),asap___Chopin_Etudes_op_10_8_LuEric03M
318,-19.019714,-8.330458,2 (Classical + Jazz),asap___Chopin_Etudes_op_10_8_MiyashitaM05M
319,-18.680727,-7.578827,2 (Classical + Jazz),asap___Chopin_Etudes_op_10_8_Rizikov03M
320,-18.386446,-6.983325,2 (Classical + Jazz),asap___Chopin_Etudes_op_10_8_Tetzloff07M
321,-19.99972,-8.739935,2 (Classical + Jazz),asap___Chopin_Etudes_op_10_8_Zhou03M
322,-18.77012,-5.681726,2 (Classical + Jazz),asap___Chopin_Etudes_op_25_10_Guo02M
323,-20.258123,-5.417255,2 (Classical + Jazz),asap___Chopin_Etudes_op_25_10_Ozel05M
324,-19.574919,-5.7233167,2 (Classical + Jazz),asap___Chopin_Etudes_op_25_10_WangA03M
325,-18.157003,-7.983937,2 (Classical + Jazz),asap___Chopin_Etudes_op_25_11_KimSuyeon03M
326,-18.405321,-7.9333787,2 (Classical + Jazz),asap___Chopin_Etudes_op_25_11_KyykhynenT10M
327,-18.062216,-7.1518335,2 (Classical + Jazz),asap___Chopin_Etudes_op_25_11_Lisiecki07M
328,-19.107769,-7.9794765,2 (Classical + Jazz),asap___Chopin_Etudes_op_25_11_MiyashitaM03M
329,-18.430239,-7.871966,2 (Classical + Jazz),asap___Chopin_Etudes_op_25_11_Richardson_2013_08M
330,-18.554035,-7.849665,2 (Classical + Jazz),asap___Chopin_Etudes_op_25_11_Richardson_2015_03M
331,-18.021627,-7.965148,2 (Classical + Jazz),asap___Chopin_Etudes_op_25_11_Sham02M
332,-18.072716,-7.8493743,2 (Classical + Jazz),asap___Chopin_Etudes_op_25_11_Shychko03M
333,-18.24328,-7.8257823,2 (Classical + Jazz),asap___Chopin_Etudes_op_25_11_Song02M
334,-18.224808,-7.7498245,2 (Classical + Jazz),asap___Chopin_Etudes_op_25_11_WangA02M
335,-17.060205,-8.37189,2 (Classical + Jazz),asap___Chopin_Etudes_op_25_12_BorickC04M
336,-17.295858,-8.210413,2 (Classical + Jazz),asap___Chopin_Etudes_op_25_12_HouKimberly03M
337,-17.692513,-8.428415,2 (Classical + Jazz),asap___Chopin_Etudes_op_25_12_LuA04M
338,-17.24334,-7.5175266,2 (Classical + Jazz),asap___Chopin_Etudes_op_25_1_LeeN03M
339,-18.298468,-7.718073,2 (Classical + Jazz),asap___Chopin_Etudes_op_25_1_TongB02M
340,-17.448702,-7.0139494,2 (Classical + Jazz),asap___Chopin_Etudes_op_25_1_TuanS04M
341,-17.273819,-7.3359547,2 (Classical + Jazz),asap___Chopin_Etudes_op_25_1_Wong03M
342,-17.166193,-4.791885,2 (Classical + Jazz),asap___Chopin_Scherzos_20_Kurz04M
343,-18.03944,-4.777226,2 (Classical + Jazz),asap___Chopin_Scherzos_20_Wong04M
344,-16.713202,-5.003963,2 (Classical + Jazz),asap___Chopin_Scherzos_20_ZhangYunling04M
345,-16.79074,-4.3353124,2 (Classical + Jazz),asap___Chopin_Scherzos_31_ChenW04M
346,-17.610102,-4.079697,2 (Classical + Jazz),asap___Chopin_Scherzos_31_HuNY08M
347,-17.678347,-4.279034,2 (Classical + Jazz),asap___Chopin_Scherzos_31_Jussow11M
348,-17.155474,-4.253811,2 (Classical + Jazz),asap___Chopin_Scherzos_31_LeeN04M
349,-16.891726,-4.0145993,2 (Classical + Jazz),asap___Chopin_Scherzos_31_LinTami06M
350,-17.307966,-3.6189747,2 (Classical + Jazz),asap___Chopin_Scherzos_31_LuoJ12M
351,-17.558512,-4.1581864,2 (Classical + Jazz),asap___Chopin_Scherzos_31_SunD04M
352,-17.745604,-4.47355,2 (Classical + Jazz),asap___Chopin_Scherzos_31_TongB04M
353,-17.80744,-4.3998866,2 (Classical + Jazz),asap___Chopin_Scherzos_31_TuanS05M
354,-17.658499,-4.4846754,2 (Classical + Jazz),asap___Chopin_Scherzos_31_ZhangW04M
355,-17.601788,-5.0430155,2 (Classical + Jazz),asap___Chopin_Scherzos_39_Arciglione13M
356,-17.220194,-3.3691258,2 (Classical + Jazz),asap___Chopin_Scherzos_39_Bult-ItoS05M
357,-18.472723,-8.857264,2 (Classical + Jazz),asap___Chopin_Sonata_2_4th_KaszoS16M
358,-18.662638,-8.655839,2 (Classical + Jazz),asap___Chopin_Sonata_3_4th_GarritsonL11M
359,-18.881483,-7.861256,2 (Classical + Jazz),asap___Chopin_Sonata_3_4th_HuangSW06M
360,-19.007483,-8.1275015,2 (Classical + Jazz),asap___Chopin_Sonata_3_4th_KimSJ10M
361,-19.060003,-7.4146833,2 (Classical + Jazz),asap___Chopin_Sonata_3_4th_KimSY23M
362,-16.934013,-6.44824,2 (Classical + Jazz),asap___Debussy_Images_Book_1_1_Reflets_dans_lEau_Kleisen11M
363,-16.816216,-6.618237,2 (Classical + Jazz),asap___Debussy_Images_Book_1_1_Reflets_dans_lEau_ParkJH13M
364,-18.546196,-4.3084025,2 (Classical + Jazz),asap___Haydn_Keyboard_Sonatas_31-1_Song05M
365,-21.033707,-8.0553465,2 (Classical + Jazz),asap___Haydn_Keyboard_Sonatas_39-1_Yarden07M
366,-21.007193,-7.5700564,2 (Classical + Jazz),asap___Haydn_Keyboard_Sonatas_39-3_Yarden07M
367,-23.077894,-8.6815195,2 (Classical + Jazz),asap___Haydn_Keyboard_Sonatas_46-1_WongWY02M
368,-22.23156,-8.828276,2 (Classical + Jazz),asap___Haydn_Keyboard_Sonatas_46-1_YuP03M
369,-18.612173,-4.871171,2 (Classical + Jazz),asap___Haydn_Keyboard_Sonatas_48-1_GarritsonL02M
370,-19.116987,-4.585042,2 (Classical + Jazz),asap___Haydn_Keyboard_Sonatas_48-1_PrjevalskayaM02M
371,-20.565117,-9.396265,2 (Classical + Jazz),asap___Haydn_Keyboard_Sonatas_48-2_GarritsonL03M
372,-20.578869,-8.705226,2 (Classical + Jazz),asap___Haydn_Keyboard_Sonatas_48-2_PrjevalskayaM03M
373,-19.07368,-5.047916,2 (Classical + Jazz),asap___Haydn_Keyboard_Sonatas_50-1_no_repeat_GalantM02M
374,-18.518337,-4.143834,2 (Classical + Jazz),asap___Haydn_Keyboard_Sonatas_50-1_no_repeat_HamSY02M
375,-18.621685,-4.3845453,2 (Classical + Jazz),asap___Haydn_Keyboard_Sonatas_50-1_no_repeat_Huang05M
376,-18.90708,-2.3930326,2 (Classical + Jazz),asap___Haydn_Keyboard_Sonatas_50-1_no_repeat_JeonH03M
377,-18.617344,-4.5422225,2 (Classical + Jazz),asap___Haydn_Keyboard_Sonatas_50-1_no_repeat_KARYAG06M
378,-18.3013,-4.13647,2 (Classical + Jazz),asap___Haydn_Keyboard_Sonatas_50-1_no_repeat_Shi07M
379,-19.098558,-2.364631,2 (Classical + Jazz),asap___Haydn_Keyboard_Sonatas_50-1_no_repeat_YoungS02M
380,-16.744076,-4.921287,2 (Classical + Jazz),asap___Liszt_Annees_de_pelerinage_2_1_Gondoliera_LeungM08M
381,-16.420574,-4.65358,2 (Classical + Jazz),asap___Liszt_Annees_de_pelerinage_2_1_Gondoliera_LeungM12M
382,-16.752256,-4.550643,2 (Classical + Jazz),asap___Liszt_Ballade_2_GarritsonL04M
383,-16.794,-5.9495115,2 (Classical + Jazz),asap___Liszt_Ballade_2_Jin07M
384,-16.882433,-5.749375,2 (Classical + Jazz),asap___Liszt_Ballade_2_Min06M
385,-17.853912,-7.891552,2 (Classical + Jazz),asap___Liszt_Concert_Etude_S145_1_Kleisen06M
386,-18.139837,-8.006575,2 (Classical + Jazz),asap___Liszt_Concert_Etude_S145_1_Woo06M
387,-20.047699,-9.388574,2 (Classical + Jazz),asap___Liszt_Concert_Etude_S145_2_Lu03M
388,-19.937006,-8.630273,2 (Classical + Jazz),asap___Liszt_Concert_Etude_S145_2_Tario06M
389,-21.438425,-3.1029203,2 (Classical + Jazz),asap___Liszt_Gran_Etudes_de_Paganini_2_La_campanella_BuiJL03M
390,-21.40177,-3.143262,2 (Classical + Jazz),asap___Liszt_Gran_Etudes_de_Paganini_2_La_campanella_LeungR04M
391,-21.363316,-3.1800945,2 (Classical + Jazz),asap___Liszt_Gran_Etudes_de_Paganini_2_La_campanella_Levitsky06M
392,-21.258556,-3.3184202,2 (Classical + Jazz),asap___Liszt_Gran_Etudes_de_Paganini_2_La_campanella_Lin07M
393,-21.614985,-2.9349122,2 (Classical + Jazz),asap___Liszt_Gran_Etudes_de_Paganini_2_La_campanella_LiuC05M
394,-21.40825,-3.1295884,2 (Classical + Jazz),asap___Liszt_Gran_Etudes_de_Paganini_2_La_campanella_LiuY03M
395,-21.50647,-3.096246,2 (Classical + Jazz),asap___Liszt_Gran_Etudes_de_Paganini_2_La_campanella_MunA08M
396,-21.515253,-2.983718,2 (Classical + Jazz),asap___Liszt_Gran_Etudes_de_Paganini_2_La_campanella_VuV06M
397,-21.548923,-2.9803588,2 (Classical + Jazz),asap___Liszt_Gran_Etudes_de_Paganini_2_La_campanella_Yang05M
398,-21.279903,-3.3035648,2 (Classical + Jazz),asap___Liszt_Gran_Etudes_de_Paganini_2_La_campanella_ZhangH07M
399,-18.761581,-7.0650554,2 (Classical + Jazz),asap___Liszt_Gran_Etudes_de_Paganini_6_Theme_and_Variations_WangA07M
400,-19.3937,-6.1931386,2 (Classical + Jazz),asap___Liszt_Gran_Etudes_de_Paganini_6_Theme_and_Variations_repeat_KanM09M
401,-18.957685,-5.6850266,2 (Classical + Jazz),asap___Liszt_Transcendental_Etudes_3_Huang14M
402,-16.546116,-7.446313,2 (Classical + Jazz),asap___Liszt_Transcendental_Etudes_5_Huang16M
403,-16.63051,-7.494131,2 (Classical + Jazz),asap___Liszt_Transcendental_Etudes_5_LiuY06M
404,-21.790663,-3.9928772,2 (Classical + Jazz),asap___Liszt_Transcendental_Etudes_5_Min03M
405,-21.6668,-3.9877152,2 (Classical + Jazz),asap___Liszt_Transcendental_Etudes_5_Park03M
406,-19.230354,-9.844106,2 (Classical + Jazz),asap___Liszt_Transcendental_Etudes_5_Wang06M
407,-19.38207,-9.848938,2 (Classical + Jazz),asap___Liszt_Transcendental_Etudes_5_WangY02M
408,-23.050537,-6.346444,2 (Classical + Jazz),asap___Mozart_Piano_Sonatas_12-1_MunA03M
409,-23.048767,-6.2418866,2 (Classical + Jazz),asap___Mozart_Piano_Sonatas_12-1_WuuE02M
410,-22.500004,-6.756445,2 (Classical + Jazz),asap___Mozart_Piano_Sonatas_12-3_MunA05M
411,-21.749727,-6.5075293,2 (Classical + Jazz),asap___Mozart_Piano_Sonatas_12-3_WuuE04M
412,-18.213547,-5.8807955,2 (Classical + Jazz),asap___Rachmaninoff_Preludes_op_23_4_ChenGuang12M
413,-18.365349,-6.210737,2 (Classical + Jazz),asap___Rachmaninoff_Preludes_op_23_4_WuuE07M
414,-17.82522,-5.6464834,2 (Classical + Jazz),asap___Rachmaninoff_Preludes_op_23_6_Nikiforov14M
415,-17.861008,-6.0176754,2 (Classical + Jazz),asap___Schubert_Impromptu_op.90_D.899_1_Duepree08M
416,-17.508038,-6.513687,2 (Classical + Jazz),asap___Schubert_Impromptu_op.90_D.899_1_Jin05M
417,-17.329151,-6.306738,2 (Classical + Jazz),asap___Schubert_Impromptu_op.90_D.899_1_Teo06M
418,-18.460888,-7.8078947,2 (Classical + Jazz),asap___Schubert_Impromptu_op.90_D.899_2_Denisova11M
419,-19.754646,-6.1436753,2 (Classical + Jazz),asap___Schubert_Impromptu_op.90_D.899_2_FaB06M
420,-18.586521,-2.1532967,2 (Classical + Jazz),asap___Schubert_Impromptu_op.90_D.899_2_HuNY06M
421,-19.38053,-5.6260114,2 (Classical + Jazz),asap___Schubert_Impromptu_op.90_D.899_2_KaiRuiR05M
422,-18.406536,-6.7589765,2 (Classical + Jazz),asap___Schubert_Impromptu_op.90_D.899_2_Levitsky09M
423,-18.675596,-6.851537,2 (Classical + Jazz),asap___Schubert_Impromptu_op.90_D.899_2_Nikiforov09M
424,-17.54396,-6.8255973,2 (Classical + Jazz),asap___Schubert_Impromptu_op.90_D.899_3_Hou06M
425,-18.23374,-7.1597023,2 (Classical + Jazz),asap___Schubert_Impromptu_op.90_D.899_3_JeonH06M
426,-17.747107,-6.617834,2 (Classical + Jazz),asap___Schubert_Impromptu_op.90_D.899_3_Ko08M
427,-17.945248,-6.852837,2 (Classical + Jazz),asap___Schubert_Impromptu_op.90_D.899_3_Kociuban10M
428,-17.735899,-6.5641246,2 (Classical + Jazz),asap___Schubert_Impromptu_op.90_D.899_3_LEE_K04M
429,-18.190155,-7.2265673,2 (Classical + Jazz),asap___Schubert_Impromptu_op.90_D.899_3_LeeSH08M
430,-18.244434,-7.4343095,2 (Classical + Jazz),asap___Schubert_Impromptu_op.90_D.899_3_Mizumoto07M
431,-17.793638,-6.337867,2 (Classical + Jazz),asap___Schubert_Impromptu_op.90_D.899_3_Woo10M
432,-18.499516,-6.833965,2 (Classical + Jazz),asap___Schubert_Impromptu_op.90_D.899_3_WuuE10M
433,-18.364407,-6.5879703,2 (Classical + Jazz),asap___Schubert_Impromptu_op.90_D.899_3_ZhangW07M
434,-18.284203,-6.5752954,2 (Classical + Jazz),asap___Schubert_Impromptu_op.90_D.899_3_ZhaoK10M
435,-18.28372,-5.433693,2 (Classical + Jazz),asap___Schubert_Impromptu_op.90_D.899_4_no_repeat_Huang10M
436,-17.140678,-5.6341357,2 (Classical + Jazz),asap___Schubert_Impromptu_op.90_D.899_4_no_repeat_Lin11M
437,-18.137825,-5.7792053,2 (Classical + Jazz),asap___Schubert_Impromptu_op.90_D.899_4_no_repeat_LuoJ09M
438,-18.18151,-6.729213,2 (Classical + Jazz),asap___Schubert_Impromptu_op.90_D.899_4_no_repeat_WongWY08M
439,-16.216555,-5.868583,2 (Classical + Jazz),asap___Schubert_Impromptu_op142_1_Kleisen10M
440,-17.390335,-6.1487794,2 (Classical + Jazz),asap___Schubert_Impromptu_op142_1_Lisiecki10M
441,-17.351608,-6.383849,2 (Classical + Jazz),asap___Schubert_Impromptu_op142_1_Ozaki07M
442,-17.289223,-4.8507595,2 (Classical + Jazz),asap___Schubert_Impromptu_op142_3_Richardson07M
443,-19.072,-5.847865,2 (Classical + Jazz),asap___Schubert_Impromptu_op142_3_RichardsonC06M
444,-17.623043,-5.7616386,2 (Classical + Jazz),asap___Schubert_Impromptu_op142_3_SunY08M
445,-19.544575,-5.3119903,2 (Classical + Jazz),asap___Schubert_Impromptu_op142_3_WangH06M
446,-19.132349,-5.3064904,2 (Classical + Jazz),asap___Schubert_Impromptu_op142_3_YoungS06M
447,-18.581036,-5.006122,2 (Classical + Jazz),asap___Schubert_Moment_Musical_no_1_MunA10M
448,-18.744255,-6.1167216,2 (Classical + Jazz),asap___Schubert_Moment_musical_no_3_Tetzloff09M
449,-18.03649,-4.2200904,2 (Classical + Jazz),asap___Schubert_Piano_Sonatas_664-1_BuiJL06M
450,-18.077976,-4.534637,2 (Classical + Jazz),asap___Schubert_Piano_Sonatas_664-1_KabuliL10M
451,-17.222025,-4.3131366,2 (Classical + Jazz),asap___Schubert_Piano_Sonatas_664-1_Mo10M
452,-20.544014,-7.861337,2 (Classical + Jazz),asap___Schubert_Piano_Sonatas_664-3_KabuliL12M
453,-18.354753,-4.5026574,2 (Classical + Jazz),asap___Schubert_Piano_Sonatas_894-2_Yeletskiy08M
454,-17.747015,-4.2963586,2 (Classical + Jazz),asap___Schubert_Piano_Sonatas_894-2_no_repeat_CHEN11M
455,-18.109497,-4.64263,2 (Classical + Jazz),asap___Schubert_Piano_Sonatas_894-2_no_repeat_Lee10M
456,-17.810753,-4.8174586,2 (Classical + Jazz),asap___Schubert_Piano_Sonatas_894-2_no_repeat_SINKEV12M
457,-17.927187,-5.6274047,2 (Classical + Jazz),asap___Schubert_Wanderer_fantasie_Larionova05M
458,-18.2908,-6.9860535,2 (Classical + Jazz),asap___Schubert_Wanderer_fantasie_SunY10M
459,-16.978228,-5.403379,2 (Classical + Jazz),asap___Schumann_Arabeske_Min09M
460,-19.213919,-6.7251854,2 (Classical + Jazz),asap___Schumann_Arabeske_ParkS15M
461,-18.35006,-6.196236,2 (Classical + Jazz),asap___Schumann_Kreisleriana_1_ParkJH04M
462,-18.023262,-6.321059,2 (Classical + Jazz),asap___Schumann_Kreisleriana_1_Yarden09M
463,-19.185993,-6.904228,2 (Classical + Jazz),asap___Schumann_Kreisleriana_1_no_first_repeat_JohannsonP02M
464,-18.608734,-8.684725,2 (Classical + Jazz),asap___Schumann_Toccata_WangY07M
465,-19.617966,-8.607344,2 (Classical + Jazz),asap___Schumann_Toccata_no_repeat_DupreeF13M
466,-17.592138,-4.974977,2 (Classical + Jazz),asap___Scriabin_Etudes_op_8_11_Shi08M
467,-18.350592,-7.5226784,2 (Classical + Jazz),asap___Scriabin_Sonatas_5_ChernovA06M
468,-20.020647,-8.486968,2 (Classical + Jazz),asap___Scriabin_Sonatas_5_FaB05M
469,-19.03351,-8.502339,2 (Classical + Jazz),asap___Scriabin_Sonatas_5_GarritsonL06M
470,-18.581566,-7.7026734,2 (Classical + Jazz),asap___Scriabin_Sonatas_5_Ko07M
471,-19.463713,-8.37624,2 (Classical + Jazz),asap___Scriabin_Sonatas_5_Na07M
472,-20.178755,-8.731154,2 (Classical + Jazz),asap___Scriabin_Sonatas_5_Yeletskiy07M
473,0.5759723,2.3095222,1 (Pop + Groove + Rock + Hip-Hop),ballroom___ballroom_Albums-AnaBelen_Veneo-01
474,0.90702444,2.144855,1 (Pop + Groove + Rock + Hip-Hop),ballroom___ballroom_Albums-AnaBelen_Veneo-02
475,0.16513422,1.9924929,1 (Pop + Groove + Rock + Hip-Hop),ballroom___ballroom_Albums-AnaBelen_Veneo-03
476,-0.42278942,5.161128,1 (Pop + Groove + Rock + Hip-Hop),ballroom___ballroom_Albums-AnaBelen_Veneo-11
477,-1.4825389,-2.1508424,2 (Classical + Jazz),ballroom___ballroom_Albums-AnaBelen_Veneo-13
478,-10.016678,-7.628433,2 (Classical + Jazz),ballroom___ballroom_Albums-Ballroom_Classics4-01
479,-7.8245225,-7.629026,2 (Classical + Jazz),ballroom___ballroom_Albums-Ballroom_Classics4-02
480,-5.9991655,-5.5899587,2 (Classical + Jazz),ballroom___ballroom_Albums-Ballroom_Classics4-03
481,-8.022266,-8.540524,2 (Classical + Jazz),ballroom___ballroom_Albums-Ballroom_Classics4-04
482,-9.509786,-7.6086054,2 (Classical + Jazz),ballroom___ballroom_Albums-Ballroom_Classics4-05
483,0.9305047,7.0755105,1 (Pop + Groove + Rock + Hip-Hop),ballroom___ballroom_Albums-Ballroom_Classics4-06
484,-8.84888,-6.4656386,2 (Classical + Jazz),ballroom___ballroom_Albums-Ballroom_Classics4-07
485,-8.45104,-6.8216834,2 (Classical + Jazz),ballroom___ballroom_Albums-Ballroom_Classics4-08
486,-8.533038,-6.2281117,2 (Classical + Jazz),ballroom___ballroom_Albums-Ballroom_Classics4-09
487,-7.662646,-6.828886,2 (Classical + Jazz),ballroom___ballroom_Albums-Ballroom_Classics4-10
488,-8.225402,-7.6708345,2 (Classical + Jazz),ballroom___ballroom_Albums-Ballroom_Classics4-11
489,-8.785399,-4.5016184,2 (Classical + Jazz),ballroom___ballroom_Albums-Ballroom_Classics4-12
490,-9.738449,-7.6164865,2 (Classical + Jazz),ballroom___ballroom_Albums-Ballroom_Classics4-13
491,0.90275216,7.0689983,1 (Pop + Groove + Rock + Hip-Hop),ballroom___ballroom_Albums-Ballroom_Classics4-14
492,6.168384,6.055693,1 (Pop + Groove + Rock + Hip-Hop),ballroom___ballroom_Albums-Ballroom_Classics4-18
493,5.4571605,5.2250333,1 (Pop + Groove + Rock + Hip-Hop),ballroom___ballroom_Albums-Ballroom_Classics4-19
494,3.910194,7.2826023,1 (Pop + Groove + Rock + Hip-Hop),ballroom___ballroom_Albums-Ballroom_Classics4-20
495,-10.030036,-8.553903,2 (Classical + Jazz),ballroom___ballroom_Albums-Ballroom_Magic-01
496,-4.806249,-6.0613337,2 (Classical + Jazz),ballroom___ballroom_Albums-Ballroom_Magic-02
497,-4.801584,-0.37179598,2 (Classical + Jazz),ballroom___ballroom_Albums-Ballroom_Magic-03
498,-11.023841,-8.045447,2 (Classical + Jazz),ballroom___ballroom_Albums-Ballroom_Magic-04
499,-4.6311893,-6.64194,2 (Classical + Jazz),ballroom___ballroom_Albums-Ballroom_Magic-05
500,-3.5088506,4.276089,2 (Classical + Jazz),ballroom___ballroom_Albums-Ballroom_Magic-06
501,-3.8011825,3.892001,2 (Classical + Jazz),ballroom___ballroom_Albums-Ballroom_Magic-07
502,-0.8079117,4.678992,1 (Pop + Groove + Rock + Hip-Hop),ballroom___ballroom_Albums-Ballroom_Magic-08
503,-6.9861674,-8.531156,2 (Classical + Jazz),ballroom___ballroom_Albums-Ballroom_Magic-09
504,-9.987845,1.9400618,2 (Classical + Jazz),ballroom___ballroom_Albums-Ballroom_Magic-10
505,-7.417724,-8.2440605,2 (Classical + Jazz),ballroom___ballroom_Albums-Ballroom_Magic-11
506,-1.3331022,3.5981185,2 (Classical + Jazz),ballroom___ballroom_Albums-Ballroom_Magic-15
507,-0.22239012,4.8207164,1 (Pop + Groove + Rock + Hip-Hop),ballroom___ballroom_Albums-Ballroom_Magic-16
508,-1.0187755,3.0256195,2 (Classical + Jazz),ballroom___ballroom_Albums-Ballroom_Magic-17
509,1.759833,1.4167932,1 (Pop + Groove + Rock + Hip-Hop),ballroom___ballroom_Albums-Cafe_Paradiso-01
510,16.563536,-3.923245,1 (Pop + Groove + Rock + Hip-Hop),ballroom___ballroom_Albums-Cafe_Paradiso-02
511,16.295431,-4.5760145,1 (Pop + Groove + Rock + Hip-Hop),ballroom___ballroom_Albums-Cafe_Paradiso-03
512,2.4076805,2.7288537,1 (Pop + Groove + Rock + Hip-Hop),ballroom___ballroom_Albums-Cafe_Paradiso-04
513,1.3663297,3.3274276,1 (Pop + Groove + Rock + Hip-Hop),ballroom___ballroom_Albums-Cafe_Paradiso-05
514,2.9331167,5.213117,1 (Pop + Groove + Rock + Hip-Hop),ballroom___ballroom_Albums-Cafe_Paradiso-06
515,17.81838,4.2875876,1 (Pop + Groove + Rock + Hip-Hop),ballroom___ballroom_Albums-Cafe_Paradiso-07
516,1.4235727,3.8575442,1 (Pop + Groove + Rock + Hip-Hop),ballroom___ballroom_Albums-Cafe_Paradiso-08
517,-3.8575861,-0.8985193,2 (Classical + Jazz),ballroom___ballroom_Albums-Cafe_Paradiso-09
518,0.6349982,2.1213708,1 (Pop + Groove + Rock + Hip-Hop),ballroom___ballroom_Albums-Cafe_Paradiso-10
519,20.816034,8.969121,1 (Pop + Groove + Rock + Hip-Hop),ballroom___ballroom_Albums-Cafe_Paradiso-11
520,0.6833861,1.7967091,1 (Pop + Groove + Rock + Hip-Hop),ballroom___ballroom_Albums-Cafe_Paradiso-12
521,-0.13718897,5.010426,1 (Pop + Groove + Rock + Hip-Hop),ballroom___ballroom_Albums-Cafe_Paradiso-14
522,-0.59077704,2.004119,1 (Pop + Groove + Rock + Hip-Hop),ballroom___ballroom_Albums-Cafe_Paradiso-15
523,0.44626316,4.143543,1 (Pop + Groove + Rock + Hip-Hop),ballroom___ballroom_Albums-Cafe_Paradiso-16
524,-5.217735,-1.9343675,2 (Classical + Jazz),ballroom___ballroom_Albums-Chrisanne1-01
525,-15.949194,-6.385293,2 (Classical + Jazz),ballroom___ballroom_Albums-Chrisanne1-02
526,-16.054491,-5.817745,2 (Classical + Jazz),ballroom___ballroom_Albums-Chrisanne1-03
527,-1.7046187,2.9770176,2 (Classical + Jazz),ballroom___ballroom_Albums-Chrisanne1-04
528,-0.2696592,5.409308,1 (Pop + Groove + Rock + Hip-Hop),ballroom___ballroom_Albums-Chrisanne1-05
529,-2.009509,2.5085745,2 (Classical + Jazz),ballroom___ballroom_Albums-Chrisanne1-06
530,-0.12416435,-8.975676,1 (Pop + Groove + Rock + Hip-Hop),ballroom___ballroom_Albums-Chrisanne1-07
531,-5.0522556,-4.9724827,2 (Classical + Jazz),ballroom___ballroom_Albums-Chrisanne1-08
532,-1.4788103,3.1384733,2 (Classical + Jazz),ballroom___ballroom_Albums-Chrisanne1-12
533,-2.5439634,1.262083,2 (Classical + Jazz),ballroom___ballroom_Albums-Chrisanne1-13
534,-1.7169064,1.3809292,2 (Classical + Jazz),ballroom___ballroom_Albums-Chrisanne1-14
535,-10.467177,-5.801074,2 (Classical + Jazz),ballroom___ballroom_Albums-Chrisanne2-01
536,-4.105153,-8.683894,2 (Classical + Jazz),ballroom___ballroom_Albums-Chrisanne2-02
537,-5.818044,-5.082174,2 (Classical + Jazz),ballroom___ballroom_Albums-Chrisanne2-03
538,0.7822272,5.8173456,1 (Pop + Groove + Rock + Hip-Hop),ballroom___ballroom_Albums-Chrisanne2-04
539,0.93874276,5.824376,1 (Pop + Groove + Rock + Hip-Hop),ballroom___ballroom_Albums-Chrisanne2-05
540,0.04895288,6.104264,1 (Pop + Groove + Rock + Hip-Hop),ballroom___ballroom_Albums-Chrisanne2-06
541,-1.6635504,4.2357864,2 (Classical + Jazz),ballroom___ballroom_Albums-Chrisanne2-07
542,-1.2323856,2.9155166,2 (Classical + Jazz),ballroom___ballroom_Albums-Chrisanne2-11
543,-4.128184,-4.217981,2 (Classical + Jazz),ballroom___ballroom_Albums-Chrisanne3-01
544,-16.023546,-5.6126275,2 (Classical + Jazz),ballroom___ballroom_Albums-Chrisanne3-02
545,-2.5938487,-3.4776604,2 (Classical + Jazz),ballroom___ballroom_Albums-Chrisanne3-03
546,0.09477874,6.0647864,1 (Pop + Groove + Rock + Hip-Hop),ballroom___ballroom_Albums-Chrisanne3-04
547,0.36052924,5.9209895,1 (Pop + Groove + Rock + Hip-Hop),ballroom___ballroom_Albums-Chrisanne3-05
548,-0.65664065,4.985761,1 (Pop + Groove + Rock + Hip-Hop),ballroom___ballroom_Albums-Chrisanne3-06
549,0.91169137,2.0122666,1 (Pop + Groove + Rock + Hip-Hop),ballroom___ballroom_Albums-Chrisanne3-07
550,-6.8984733,-4.584063,2 (Classical + Jazz),ballroom___ballroom_Albums-Chrisanne3-08
551,-1.1145557,1.6318398,2 (Classical + Jazz),ballroom___ballroom_Albums-Chrisanne3-09
552,-1.3058383,3.2897956,2 (Classical + Jazz),ballroom___ballroom_Albums-Chrisanne3-13
553,-0.7287994,5.1769023,1 (Pop + Groove + Rock + Hip-Hop),ballroom___ballroom_Albums-Chrisanne3-14
554,-1.588253,1.971718,2 (Classical + Jazz),ballroom___ballroom_Albums-Chrisanne3-15
555,0.6917881,4.1711593,1 (Pop + Groove + Rock + Hip-Hop),ballroom___ballroom_Albums-Commitments-08
556,0.96970916,1.3025767,1 (Pop + Groove + Rock + Hip-Hop),ballroom___ballroom_Albums-Commitments-10
557,-4.8480496,-0.510543,2 (Classical + Jazz),ballroom___ballroom_Albums-Commitments-11
558,-0.17174467,2.0533779,1 (Pop + Groove + Rock + Hip-Hop),ballroom___ballroom_Albums-Fire-01
559,16.157448,-4.3033767,1 (Pop + Groove + Rock + Hip-Hop),ballroom___ballroom_Albums-Fire-02
560,-1.6309999,-8.813241,2 (Classical + Jazz),ballroom___ballroom_Albums-Fire-03
561,1.1418985,1.2446287,1 (Pop + Groove + Rock + Hip-Hop),ballroom___ballroom_Albums-Fire-07
562,17.485657,3.246444,1 (Pop + Groove + Rock + Hip-Hop),ballroom___ballroom_Albums-Fire-08
563,-0.31033623,-7.1765995,1 (Pop + Groove + Rock + Hip-Hop),ballroom___ballroom_Albums-Fire-10
564,16.601078,-2.8628557,1 (Pop + Groove + Rock + Hip-Hop),ballroom___ballroom_Albums-Fire-12
565,-1.7419801,-8.7978735,2 (Classical + Jazz),ballroom___ballroom_Albums-Fire-13
566,18.224281,4.3964934,1 (Pop + Groove + Rock + Hip-Hop),ballroom___ballroom_Albums-Fire-14
567,16.177082,-4.538057,1 (Pop + Groove + Rock + Hip-Hop),ballroom___ballroom_Albums-Fire-15
568,-1.4052197,2.5563905,2 (Classical + Jazz),ballroom___ballroom_Albums-GloriaEstefan_MiTierra-01
569,-1.064811,2.5800798,2 (Classical + Jazz),ballroom___ballroom_Albums-GloriaEstefan_MiTierra-04
570,-1.1410184,2.4488568,2 (Classical + Jazz),ballroom___ballroom_Albums-GloriaEstefan_MiTierra-06
571,-1.1887853,2.4368956,2 (Classical + Jazz),ballroom___ballroom_Albums-GloriaEstefan_MiTierra-08
572,-0.039213132,3.0341,1 (Pop + Groove + Rock + Hip-Hop),ballroom___ballroom_Albums-GloriaEstefan_MiTierra-11
573,6.9161863,6.7142386,1 (Pop + Groove + Rock + Hip-Hop),ballroom___ballroom_Albums-I_Like_It2-01
574,6.414981,5.622706,1 (Pop + Groove + Rock + Hip-Hop),ballroom___ballroom_Albums-I_Like_It2-02
575,4.6556907,3.311548,1 (Pop + Groove + Rock + Hip-Hop),ballroom___ballroom_Albums-I_Like_It2-09
576,18.031445,2.9913468,1 (Pop + Groove + Rock + Hip-Hop),ballroom___ballroom_Albums-Latin_Jam-01
577,14.786548,-7.853129,1 (Pop + Groove + Rock + Hip-Hop),ballroom___ballroom_Albums-Latin_Jam-02
578,15.653913,-3.874446,1 (Pop + Groove + Rock + Hip-Hop),ballroom___ballroom_Albums-Latin_Jam-03
579,17.61148,4.3994637,1 (Pop + Groove + Rock + Hip-Hop),ballroom___ballroom_Albums-Latin_Jam-04
580,0.30709386,2.800544,1 (Pop + Groove + Rock + Hip-Hop),ballroom___ballroom_Albums-Latin_Jam-05
581,16.595789,-4.0533442,1 (Pop + Groove + Rock + Hip-Hop),ballroom___ballroom_Albums-Latin_Jam-06
582,19.52367,2.1181843,1 (Pop + Groove + Rock + Hip-Hop),ballroom___ballroom_Albums-Latin_Jam-07
583,1.0592563,1.8204366,1 (Pop + Groove + Rock + Hip-Hop),ballroom___ballroom_Albums-Latin_Jam-08
584,16.728584,-4.0392237,1 (Pop + Groove + Rock + Hip-Hop),ballroom___ballroom_Albums-Latin_Jam-09
585,0.00960896,1.0195597,1 (Pop + Groove + Rock + Hip-Hop),ballroom___ballroom_Albums-Latin_Jam-11
586,2.974382,-1.1770624,1 (Pop + Groove + Rock + Hip-Hop),ballroom___ballroom_Albums-Latin_Jam-12
587,5.827614,9.832219,1 (Pop + Groove + Rock + Hip-Hop),ballroom___ballroom_Albums-Latin_Jam2-01
588,1.6142877,2.719718,1 (Pop + Groove + Rock + Hip-Hop),ballroom___ballroom_Albums-Latin_Jam2-02
589,17.474066,2.9520292,1 (Pop + Groove + Rock + Hip-Hop),ballroom___ballroom_Albums-Latin_Jam2-03
590,18.002241,4.14198,1 (Pop + Groove + Rock + Hip-Hop),ballroom___ballroom_Albums-Latin_Jam2-04
591,1.4197577,3.8759632,1 (Pop + Groove + Rock + Hip-Hop),ballroom___ballroom_Albums-Latin_Jam2-05
592,17.934387,4.3106346,1 (Pop + Groove + Rock + Hip-Hop),ballroom___ballroom_Albums-Latin_Jam2-06
593,1.2636075,2.586169,1 (Pop + Groove + Rock + Hip-Hop),ballroom___ballroom_Albums-Latin_Jam2-07
594,14.752395,-7.835452,1 (Pop + Groove + Rock + Hip-Hop),ballroom___ballroom_Albums-Latin_Jam2-08
595,0.53328925,2.4062407,1 (Pop + Groove + Rock + Hip-Hop),ballroom___ballroom_Albums-Latin_Jam2-09
596,-0.083378844,4.4562654,1 (Pop + Groove + Rock + Hip-Hop),ballroom___ballroom_Albums-Latin_Jam2-11
597,11.787101,-5.3679233,1 (Pop + Groove + Rock + Hip-Hop),ballroom___ballroom_Albums-Latin_Jam2-12
598,17.752663,2.918775,1 (Pop + Groove + Rock + Hip-Hop),ballroom___ballroom_Albums-Latin_Jam3-01
599,1.7011571,3.6674817,1 (Pop + Groove + Rock + Hip-Hop),ballroom___ballroom_Albums-Latin_Jam3-02
600,1.31412,3.662312,1 (Pop + Groove + Rock + Hip-Hop),ballroom___ballroom_Albums-Latin_Jam3-03
601,16.003977,-4.807311,1 (Pop + Groove + Rock + Hip-Hop),ballroom___ballroom_Albums-Latin_Jam3-04
602,15.891354,-4.4824386,1 (Pop + Groove + Rock + Hip-Hop),ballroom___ballroom_Albums-Latin_Jam3-05
603,16.004696,-4.7442074,1 (Pop + Groove + Rock + Hip-Hop),ballroom___ballroom_Albums-Latin_Jam3-06
604,0.057214282,2.743349,1 (Pop + Groove + Rock + Hip-Hop),ballroom___ballroom_Albums-Latin_Jam3-07
605,0.93267024,2.4142823,1 (Pop + Groove + Rock + Hip-Hop),ballroom___ballroom_Albums-Latin_Jam3-08
606,0.897612,2.5492141,1 (Pop + Groove + Rock + Hip-Hop),ballroom___ballroom_Albums-Latin_Jam3-09
607,9.357465,-10.567878,1 (Pop + Groove + Rock + Hip-Hop),ballroom___ballroom_Albums-Latin_Jam3-11
608,4.751988,-2.1079497,1 (Pop + Groove + Rock + Hip-Hop),ballroom___ballroom_Albums-Latin_Jam3-12
609,1.7490977,2.658816,1 (Pop + Groove + Rock + Hip-Hop),ballroom___ballroom_Albums-Latin_Jam4-01
610,15.770439,-4.0233045,1 (Pop + Groove + Rock + Hip-Hop),ballroom___ballroom_Albums-Latin_Jam4-02
611,2.65696,4.816304,1 (Pop + Groove + Rock + Hip-Hop),ballroom___ballroom_Albums-Latin_Jam4-03
612,-0.08435102,5.0517073,1 (Pop + Groove + Rock + Hip-Hop),ballroom___ballroom_Albums-Latin_Jam4-05
613,1.631776,3.6049547,1 (Pop + Groove + Rock + Hip-Hop),ballroom___ballroom_Albums-Latin_Jam4-06
614,16.041273,-4.4045014,1 (Pop + Groove + Rock + Hip-Hop),ballroom___ballroom_Albums-Latin_Jam4-07
615,0.62173796,2.3991036,1 (Pop + Groove + Rock + Hip-Hop),ballroom___ballroom_Albums-Latin_Jam4-08
616,2.4196072,2.3342588,1 (Pop + Groove + Rock + Hip-Hop),ballroom___ballroom_Albums-Latin_Jam4-10
617,5.6780143,9.521064,1 (Pop + Groove + Rock + Hip-Hop),ballroom___ballroom_Albums-Latin_Jam4-11
618,13.023673,-4.229808,1 (Pop + Groove + Rock + Hip-Hop),ballroom___ballroom_Albums-Latin_Jam4-12
619,0.9499395,2.384666,1 (Pop + Groove + Rock + Hip-Hop),ballroom___ballroom_Albums-Latin_Jam4-13
620,18.089735,2.7084837,1 (Pop + Groove + Rock + Hip-Hop),ballroom___ballroom_Albums-Latin_Jam5-01
621,1.9548972,4.5293274,1 (Pop + Groove + Rock + Hip-Hop),ballroom___ballroom_Albums-Latin_Jam5-02
622,0.7015507,2.2500432,1 (Pop + Groove + Rock + Hip-Hop),ballroom___ballroom_Albums-Latin_Jam5-03
623,0.38687873,4.395232,1 (Pop + Groove + Rock + Hip-Hop),ballroom___ballroom_Albums-Latin_Jam5-04
624,14.733267,-1.3237295,1 (Pop + Groove + Rock + Hip-Hop),ballroom___ballroom_Albums-Latin_Jam5-06
625,1.5502338,3.9383461,1 (Pop + Groove + Rock + Hip-Hop),ballroom___ballroom_Albums-Latin_Jam5-07
626,1.3997756,2.3212066,1 (Pop + Groove + Rock + Hip-Hop),ballroom___ballroom_Albums-Latin_Jam5-08
627,5.379936,-10.569163,1 (Pop + Groove + Rock + Hip-Hop),ballroom___ballroom_Albums-Latin_Jam5-09
628,0.9779588,3.6271608,1 (Pop + Groove + Rock + Hip-Hop),ballroom___ballroom_Albums-Latin_Jam5-10
629,1.2958976,3.5510585,1 (Pop + Groove + Rock + Hip-Hop),ballroom___ballroom_Albums-Latin_Jam5-11
630,0.2567765,2.8705926,1 (Pop + Groove + Rock + Hip-Hop),ballroom___ballroom_Albums-Latin_Jam5-12
631,17.840899,3.7166035,1 (Pop + Groove + Rock + Hip-Hop),ballroom___ballroom_Albums-Latino_Latino-01
632,0.07234478,2.6979756,1 (Pop + Groove + Rock + Hip-Hop),ballroom___ballroom_Albums-Latino_Latino-03
633,1.1314639,3.71607,1 (Pop + Groove + Rock + Hip-Hop),ballroom___ballroom_Albums-Latino_Latino-04
634,-2.0480225,2.3837204,2 (Classical + Jazz),ballroom___ballroom_Albums-Latino_Latino-05
635,-0.77736557,4.2500763,1 (Pop + Groove + Rock + Hip-Hop),ballroom___ballroom_Albums-Latino_Latino-06
636,-0.73003024,3.5405216,1 (Pop + Groove + Rock + Hip-Hop),ballroom___ballroom_Albums-Latino_Latino-09
637,-0.88045955,3.3784442,2 (Classical + Jazz),ballroom___ballroom_Albums-Latino_Latino-10
638,3.064838,9.4927225,1 (Pop + Groove + Rock + Hip-Hop),ballroom___ballroom_Albums-Macumba-01
639,2.8804967,9.710249,1 (Pop + Groove + Rock + Hip-Hop),ballroom___ballroom_Albums-Macumba-02
640,2.9452527,9.917724,1 (Pop + Groove + Rock + Hip-Hop),ballroom___ballroom_Albums-Macumba-03
641,2.9183602,9.555289,1 (Pop + Groove + Rock + Hip-Hop),ballroom___ballroom_Albums-Macumba-04
642,2.999273,9.959931,1 (Pop + Groove + Rock + Hip-Hop),ballroom___ballroom_Albums-Macumba-05
643,2.9400873,10.027148,1 (Pop + Groove + Rock + Hip-Hop),ballroom___ballroom_Albums-Macumba-06
644,3.0068495,10.021053,1 (Pop + Groove + Rock + Hip-Hop),ballroom___ballroom_Albums-Macumba-07
645,2.9038372,9.950644,1 (Pop + Groove + Rock + Hip-Hop),ballroom___ballroom_Albums-Macumba-08
646,2.8658721,10.051851,1 (Pop + Groove + Rock + Hip-Hop),ballroom___ballroom_Albums-Macumba-09
647,2.8415945,10.013821,1 (Pop + Groove + Rock + Hip-Hop),ballroom___ballroom_Albums-Macumba-10
648,-0.018802779,2.4771004,1 (Pop + Groove + Rock + Hip-Hop),ballroom___ballroom_Albums-Macumba-11
649,-0.17297828,2.4369855,1 (Pop + Groove + Rock + Hip-Hop),ballroom___ballroom_Albums-Macumba-12
650,2.902421,9.761505,1 (Pop + Groove + Rock + Hip-Hop),ballroom___ballroom_Albums-Macumba-14
651,2.770628,9.486158,1 (Pop + Groove + Rock + Hip-Hop),ballroom___ballroom_Albums-Macumba-15
652,2.8544352,9.875321,1 (Pop + Groove + Rock + Hip-Hop),ballroom___ballroom_Albums-Macumba-16
653,-0.46214062,5.4937067,1 (Pop + Groove + Rock + Hip-Hop),ballroom___ballroom_Albums-Mambo_Kings-03
654,-3.2940316,1.639657,2 (Classical + Jazz),ballroom___ballroom_Albums-Mambo_Kings-10
655,-1.0901121,1.7486748,2 (Classical + Jazz),ballroom___ballroom_Albums-Mambo_Kings-11
656,-0.54488957,4.348786,1 (Pop + Groove + Rock + Hip-Hop),ballroom___ballroom_Albums-Mambo_Kings-12
657,2.0236733,2.5317938,1 (Pop + Groove + Rock + Hip-Hop),ballroom___ballroom_Albums-Pais_Tropical-01
658,1.971597,2.9536982,1 (Pop + Groove + Rock + Hip-Hop),ballroom___ballroom_Albums-Pais_Tropical-02
659,16.640604,-3.8978722,1 (Pop + Groove + Rock + Hip-Hop),ballroom___ballroom_Albums-Pais_Tropical-03
660,16.032288,-4.1879563,1 (Pop + Groove + Rock + Hip-Hop),ballroom___ballroom_Albums-Pais_Tropical-04
661,1.6395046,4.475142,1 (Pop + Groove + Rock + Hip-Hop),ballroom___ballroom_Albums-Pais_Tropical-05
662,1.5845984,3.8002613,1 (Pop + Groove + Rock + Hip-Hop),ballroom___ballroom_Albums-Pais_Tropical-06
663,1.6620125,3.694763,1 (Pop + Groove + Rock + Hip-Hop),ballroom___ballroom_Albums-Pais_Tropical-07
664,1.6174006,3.142367,1 (Pop + Groove + Rock + Hip-Hop),ballroom___ballroom_Albums-Pais_Tropical-08
665,0.8279804,2.2116306,1 (Pop + Groove + Rock + Hip-Hop),ballroom___ballroom_Albums-Pais_Tropical-09
666,0.9673061,-7.612064,1 (Pop + Groove + Rock + Hip-Hop),ballroom___ballroom_Albums-Pais_Tropical-10
667,0.44422475,1.9754043,1 (Pop + Groove + Rock + Hip-Hop),ballroom___ballroom_Albums-Pais_Tropical-11
668,-4.5246263,-6.9799857,2 (Classical + Jazz),ballroom___ballroom_Albums-Pais_Tropical-12
669,3.0425758,-1.0124477,1 (Pop + Groove + Rock + Hip-Hop),ballroom___ballroom_Albums-Pais_Tropical-13
670,2.319319,2.416415,1 (Pop + Groove + Rock + Hip-Hop),ballroom___ballroom_Albums-Pais_Tropical-14
671,0.64311635,4.2535915,1 (Pop + Groove + Rock + Hip-Hop),ballroom___ballroom_Albums-Pais_Tropical-15
672,2.8991067,2.262456,1 (Pop + Groove + Rock + Hip-Hop),ballroom___ballroom_Albums-Pais_Tropical-16
673,-7.8382087,-2.9946034,2 (Classical + Jazz),ballroom___ballroom_Albums-Secret_Garden-01
674,-4.365329,-9.693379,2 (Classical + Jazz),ballroom___ballroom_Albums-Secret_Garden-02
675,-8.241258,-2.8452291,2 (Classical + Jazz),ballroom___ballroom_Albums-Secret_Garden-05
676,-11.517001,-6.2819104,2 (Classical + Jazz),ballroom___ballroom_Albums-Secret_Garden-06
677,-14.775614,-3.9565864,2 (Classical + Jazz),ballroom___ballroom_Albums-Step_By_Step-01
678,-5.9984517,-8.170181,2 (Classical + Jazz),ballroom___ballroom_Albums-Step_By_Step-02
679,-6.524358,-8.128566,2 (Classical + Jazz),ballroom___ballroom_Albums-Step_By_Step-03
680,-5.4340854,-4.157768,2 (Classical + Jazz),ballroom___ballroom_Albums-Step_By_Step-04
681,2.2349498,7.633863,1 (Pop + Groove + Rock + Hip-Hop),ballroom___ballroom_Albums-Step_By_Step-05
682,2.2080228,7.175616,1 (Pop + Groove + Rock + Hip-Hop),ballroom___ballroom_Albums-Step_By_Step-06
683,-9.10914,-6.419375,2 (Classical + Jazz),ballroom___ballroom_Albums-Step_By_Step-07
684,-8.4627075,-6.335298,2 (Classical + Jazz),ballroom___ballroom_Albums-Step_By_Step-08
685,-8.524657,-6.725944,2 (Classical + Jazz),ballroom___ballroom_Albums-Step_By_Step-09
686,-7.4060755,-8.1229925,2 (Classical + Jazz),ballroom___ballroom_Albums-Step_By_Step-10
687,-7.98922,-6.850851,2 (Classical + Jazz),ballroom___ballroom_Albums-Step_By_Step-11
688,3.6157777,7.3661017,1 (Pop + Groove + Rock + Hip-Hop),ballroom___ballroom_Albums-Step_By_Step-15
689,4.0804267,7.662395,1 (Pop + Groove + Rock + Hip-Hop),ballroom___ballroom_Albums-Step_By_Step-16
690,8.468261,4.719122,1 (Pop + Groove + Rock + Hip-Hop),ballroom___ballroom_Albums-Step_By_Step-17
691,4.159887,7.3921866,1 (Pop + Groove + Rock + Hip-Hop),ballroom___ballroom_Albums-Step_By_Step-18
692,-7.9143877,-5.595809,2 (Classical + Jazz),ballroom___ballroom_Albums-StrictlyDancing_Tango-01
693,-7.1235604,-6.044694,2 (Classical + Jazz),ballroom___ballroom_Albums-StrictlyDancing_Tango-02
694,-6.8535123,-6.1957355,2 (Classical + Jazz),ballroom___ballroom_Albums-StrictlyDancing_Tango-03
695,-7.3753924,-6.242298,2 (Classical + Jazz),ballroom___ballroom_Albums-StrictlyDancing_Tango-04
696,-9.8517475,-6.0573597,2 (Classical + Jazz),ballroom___ballroom_Albums-StrictlyDancing_Tango-05
697,-7.0602965,-6.0921874,2 (Classical + Jazz),ballroom___ballroom_Albums-StrictlyDancing_Tango-06
698,-7.440162,-5.4156265,2 (Classical + Jazz),ballroom___ballroom_Albums-StrictlyDancing_Tango-07
699,-8.0397415,-5.193536,2 (Classical + Jazz),ballroom___ballroom_Albums-StrictlyDancing_Tango-08
700,-6.895721,-5.714013,2 (Classical + Jazz),ballroom___ballroom_Albums-StrictlyDancing_Tango-09
701,-7.036478,-5.5472245,2 (Classical + Jazz),ballroom___ballroom_Albums-StrictlyDancing_Tango-10
702,-7.2257776,-5.6195245,2 (Classical + Jazz),ballroom___ballroom_Albums-StrictlyDancing_Tango-11
703,-6.718155,-5.9938016,2 (Classical + Jazz),ballroom___ballroom_Albums-StrictlyDancing_Tango-12
704,-7.1053634,-5.610837,2 (Classical + Jazz),ballroom___ballroom_Albums-StrictlyDancing_Tango-13
705,-8.7452345,-5.6051116,2 (Classical + Jazz),ballroom___ballroom_Albums-StrictlyDancing_Tango-14
706,-8.749632,-5.542437,2 (Classical + Jazz),ballroom___ballroom_Albums-StrictlyDancing_Tango-15
707,-6.635116,-9.296954,2 (Classical + Jazz),ballroom___ballroom_Media-100601
708,-6.2519336,-9.263547,2 (Classical + Jazz),ballroom___ballroom_Media-100602
709,-4.0182867,-4.107492,2 (Classical + Jazz),ballroom___ballroom_Media-100603
710,-6.088204,-9.033941,2 (Classical + Jazz),ballroom___ballroom_Media-100604
711,-2.3771634,4.912099,2 (Classical + Jazz),ballroom___ballroom_Media-100605
712,-6.545851,-3.8677888,2 (Classical + Jazz),ballroom___ballroom_Media-100606
713,-6.181947,-3.8665745,2 (Classical + Jazz),ballroom___ballroom_Media-100607
714,-0.6985589,3.0842545,1 (Pop + Groove + Rock + Hip-Hop),ballroom___ballroom_Media-100608
715,-5.250497,-3.0185287,2 (Classical + Jazz),ballroom___ballroom_Media-100609
716,-6.257271,-9.311716,2 (Classical + Jazz),ballroom___ballroom_Media-100610
717,2.784765,9.459425,1 (Pop + Groove + Rock + Hip-Hop),ballroom___ballroom_Media-100614
718,2.8699589,9.754116,1 (Pop + Groove + Rock + Hip-Hop),ballroom___ballroom_Media-100615
719,2.792447,9.484054,1 (Pop + Groove + Rock + Hip-Hop),ballroom___ballroom_Media-100616
720,-5.777808,-8.642849,2 (Classical + Jazz),ballroom___ballroom_Media-103301
721,-15.50998,-5.6085525,2 (Classical + Jazz),ballroom___ballroom_Media-103302
722,-6.466586,-8.174155,2 (Classical + Jazz),ballroom___ballroom_Media-103303
723,1.1139663,7.360791,1 (Pop + Groove + Rock + Hip-Hop),ballroom___ballroom_Media-103304
724,-8.902271,-5.8371134,2 (Classical + Jazz),ballroom___ballroom_Media-103305
725,1.5738689,7.9316545,1 (Pop + Groove + Rock + Hip-Hop),ballroom___ballroom_Media-103306
726,-5.1774325,-4.7598996,2 (Classical + Jazz),ballroom___ballroom_Media-103307
727,-2.9544516,-1.8926971,2 (Classical + Jazz),ballroom___ballroom_Media-103308
728,4.5508037,8.594693,1 (Pop + Groove + Rock + Hip-Hop),ballroom___ballroom_Media-103312
729,1.4110146,7.8417063,1 (Pop + Groove + Rock + Hip-Hop),ballroom___ballroom_Media-103313
730,5.8743253,6.178052,1 (Pop + Groove + Rock + Hip-Hop),ballroom___ballroom_Media-103314
731,-1.7281586,-0.9984288,2 (Classical + Jazz),ballroom___ballroom_Media-103315
732,6.8761926,6.867577,1 (Pop + Groove + Rock + Hip-Hop),ballroom___ballroom_Media-103401
733,6.8889613,6.70004,1 (Pop + Groove + Rock + Hip-Hop),ballroom___ballroom_Media-103402
734,6.3912625,6.6491065,1 (Pop + Groove + Rock + Hip-Hop),ballroom___ballroom_Media-103403
735,7.3852377,7.54587,1 (Pop + Groove + Rock + Hip-Hop),ballroom___ballroom_Media-103404
736,7.1192946,6.365742,1 (Pop + Groove + Rock + Hip-Hop),ballroom___ballroom_Media-103405
737,7.047763,6.787513,1 (Pop + Groove + Rock + Hip-Hop),ballroom___ballroom_Media-103406
738,7.0424056,6.0213866,1 (Pop + Groove + Rock + Hip-Hop),ballroom___ballroom_Media-103407
739,9.500454,-0.23949091,1 (Pop + Groove + Rock + Hip-Hop),ballroom___ballroom_Media-103408
740,7.0048556,6.52667,1 (Pop + Groove + Rock + Hip-Hop),ballroom___ballroom_Media-103409
741,7.273008,7.330972,1 (Pop + Groove + Rock + Hip-Hop),ballroom___ballroom_Media-103410
742,6.039705,7.1898284,1 (Pop + Groove + Rock + Hip-Hop),ballroom___ballroom_Media-103411
743,9.068631,-0.89223576,1 (Pop + Groove + Rock + Hip-Hop),ballroom___ballroom_Media-103412
744,8.802821,6.6795797,1 (Pop + Groove + Rock + Hip-Hop),ballroom___ballroom_Media-103413
745,7.9949493,7.2289944,1 (Pop + Groove + Rock + Hip-Hop),ballroom___ballroom_Media-103416
746,8.410694,7.200882,1 (Pop + Groove + Rock + Hip-Hop),ballroom___ballroom_Media-103417
747,9.026307,5.3442345,1 (Pop + Groove + Rock + Hip-Hop),ballroom___ballroom_Media-103501
748,6.7626705,5.1469502,1 (Pop + Groove + Rock + Hip-Hop),ballroom___ballroom_Media-103502
749,6.3079834,6.418676,1 (Pop + Groove + Rock + Hip-Hop),ballroom___ballroom_Media-103503
750,6.7062116,4.8615456,1 (Pop + Groove + Rock + Hip-Hop),ballroom___ballroom_Media-103504
751,9.128593,6.6699643,1 (Pop + Groove + Rock + Hip-Hop),ballroom___ballroom_Media-103505
752,-2.576472,-5.7469087,2 (Classical + Jazz),ballroom___ballroom_Media-103506
753,2.1297884,6.3469043,1 (Pop + Groove + Rock + Hip-Hop),ballroom___ballroom_Media-103507
754,4.63014,5.890941,1 (Pop + Groove + Rock + Hip-Hop),ballroom___ballroom_Media-103508
755,6.304808,6.7340984,1 (Pop + Groove + Rock + Hip-Hop),ballroom___ballroom_Media-103509
756,7.3088083,5.5784516,1 (Pop + Groove + Rock + Hip-Hop),ballroom___ballroom_Media-103510
757,5.6300564,3.270004,1 (Pop + Groove + Rock + Hip-Hop),ballroom___ballroom_Media-103511
758,-3.6347868,-8.160714,2 (Classical + Jazz),ballroom___ballroom_Media-103512
759,0.52023894,-2.9465623,1 (Pop + Groove + Rock + Hip-Hop),ballroom___ballroom_Media-103513
760,6.6101017,7.362435,1 (Pop + Groove + Rock + Hip-Hop),ballroom___ballroom_Media-103514
761,2.874137,-5.5711155,1 (Pop + Groove + Rock + Hip-Hop),ballroom___ballroom_Media-103515
762,5.814287,5.2064123,1 (Pop + Groove + Rock + Hip-Hop),ballroom___ballroom_Media-103516
763,5.848284,5.658023,1 (Pop + Groove + Rock + Hip-Hop),ballroom___ballroom_Media-103517
764,9.223436,1.0266871,1 (Pop + Groove + Rock + Hip-Hop),ballroom___ballroom_Media-103601
765,3.5324392,2.709672,1 (Pop + Groove + Rock + Hip-Hop),ballroom___ballroom_Media-103602
766,9.663665,4.188919,1 (Pop + Groove + Rock + Hip-Hop),ballroom___ballroom_Media-103603
767,8.6893425,1.1925827,1 (Pop + Groove + Rock + Hip-Hop),ballroom___ballroom_Media-103604
768,6.8423395,5.340473,1 (Pop + Groove + Rock + Hip-Hop),ballroom___ballroom_Media-103605
769,11.551497,6.332467,1 (Pop + Groove + Rock + Hip-Hop),ballroom___ballroom_Media-103606
770,15.207636,0.6411401,1 (Pop + Groove + Rock + Hip-Hop),ballroom___ballroom_Media-103607
771,-2.1724298,-1.7346833,2 (Classical + Jazz),ballroom___ballroom_Media-103608
772,-3.758118,-7.8858647,2 (Classical + Jazz),ballroom___ballroom_Media-103609
773,-3.8211355,-8.088877,2 (Classical + Jazz),ballroom___ballroom_Media-103610
774,3.1571083,-1.1988608,1 (Pop + Groove + Rock + Hip-Hop),ballroom___ballroom_Media-103611
775,7.0030823,4.3326173,1 (Pop + Groove + Rock + Hip-Hop),ballroom___ballroom_Media-103612
776,13.271143,2.4482062,1 (Pop + Groove + Rock + Hip-Hop),ballroom___ballroom_Media-103613
777,19.237257,3.158876,1 (Pop + Groove + Rock + Hip-Hop),ballroom___ballroom_Media-103614
778,-3.539657,-4.79404,2 (Classical + Jazz),ballroom___ballroom_Media-103615
779,-3.7395518,-2.550963,2 (Classical + Jazz),ballroom___ballroom_Media-103616
780,6.2017145,4.443558,1 (Pop + Groove + Rock + Hip-Hop),ballroom___ballroom_Media-103617
781,6.424345,7.451625,1 (Pop + Groove + Rock + Hip-Hop),ballroom___ballroom_Media-103618
782,3.12919,3.6389682,1 (Pop + Groove + Rock + Hip-Hop),ballroom___ballroom_Media-103619
783,6.3262634,7.2463946,1 (Pop + Groove + Rock + Hip-Hop),ballroom___ballroom_Media-103701
784,7.436399,7.034372,1 (Pop + Groove + Rock + Hip-Hop),ballroom___ballroom_Media-103702
785,7.1764197,7.17459,1 (Pop + Groove + Rock + Hip-Hop),ballroom___ballroom_Media-103703
786,9.144314,0.9239355,1 (Pop + Groove + Rock + Hip-Hop),ballroom___ballroom_Media-103704
787,5.1495357,6.1591883,1 (Pop + Groove + Rock + Hip-Hop),ballroom___ballroom_Media-103705
788,6.4682508,7.493408,1 (Pop + Groove + Rock + Hip-Hop),ballroom___ballroom_Media-103706
789,13.623416,0.6230768,1 (Pop + Groove + Rock + Hip-Hop),ballroom___ballroom_Media-103707
790,16.148342,1.4295809,1 (Pop + Groove + Rock + Hip-Hop),ballroom___ballroom_Media-103708
791,-4.00809,-7.953128,2 (Classical + Jazz),ballroom___ballroom_Media-103709
792,6.008065,2.500214,1 (Pop + Groove + Rock + Hip-Hop),ballroom___ballroom_Media-103710
793,5.212425,3.6476839,1 (Pop + Groove + Rock + Hip-Hop),ballroom___ballroom_Media-103711
794,7.229832,9.7285595,1 (Pop + Groove + Rock + Hip-Hop),ballroom___ballroom_Media-103712
795,4.4293385,7.8884673,1 (Pop + Groove + Rock + Hip-Hop),ballroom___ballroom_Media-103713
796,10.335086,3.3467908,1 (Pop + Groove + Rock + Hip-Hop),ballroom___ballroom_Media-103714
797,-0.3905358,-0.059222605,1 (Pop + Groove + Rock + Hip-Hop),ballroom___ballroom_Media-103715
798,10.670753,8.652519,1 (Pop + Groove + Rock + Hip-Hop),ballroom___ballroom_Media-103716
799,-2.1154826,-4.445986,2 (Classical + Jazz),ballroom___ballroom_Media-103717
800,-3.089488,2.6097813,2 (Classical + Jazz),ballroom___ballroom_Media-103718
801,6.61816,1.9254568,1 (Pop + Groove + Rock + Hip-Hop),ballroom___ballroom_Media-103719
802,9.891312,5.4039207,1 (Pop + Groove + Rock + Hip-Hop),ballroom___ballroom_Media-103801
803,7.441338,6.541688,1 (Pop + Groove + Rock + Hip-Hop),ballroom___ballroom_Media-103802
804,7.711449,6.29567,1 (Pop + Groove + Rock + Hip-Hop),ballroom___ballroom_Media-103803
805,8.094135,3.5381777,1 (Pop + Groove + Rock + Hip-Hop),ballroom___ballroom_Media-103804
806,14.510761,1.4276904,1 (Pop + Groove + Rock + Hip-Hop),ballroom___ballroom_Media-103805
807,10.51128,1.6697338,1 (Pop + Groove + Rock + Hip-Hop),ballroom___ballroom_Media-103806
808,9.962037,0.31348673,1 (Pop + Groove + Rock + Hip-Hop),ballroom___ballroom_Media-103807
809,14.5240555,1.5393317,1 (Pop + Groove + Rock + Hip-Hop),ballroom___ballroom_Media-103808
810,-2.9034457,-1.5940585,2 (Classical + Jazz),ballroom___ballroom_Media-103809
811,-2.799467,-2.7525012,2 (Classical + Jazz),ballroom___ballroom_Media-103810
812,5.90441,2.8081524,1 (Pop + Groove + Rock + Hip-Hop),ballroom___ballroom_Media-103811
813,5.233683,3.5018444,1 (Pop + Groove + Rock + Hip-Hop),ballroom___ballroom_Media-103812
814,4.944052,7.1956215,1 (Pop + Groove + Rock + Hip-Hop),ballroom___ballroom_Media-103813
815,6.3915577,4.2277107,1 (Pop + Groove + Rock + Hip-Hop),ballroom___ballroom_Media-103814
816,8.170076,5.215972,1 (Pop + Groove + Rock + Hip-Hop),ballroom___ballroom_Media-103815
817,7.1224804,6.7541566,1 (Pop + Groove + Rock + Hip-Hop),ballroom___ballroom_Media-103816
818,-3.909848,-5.0985413,2 (Classical + Jazz),ballroom___ballroom_Media-103817
819,-1.4854984,-4.3072343,2 (Classical + Jazz),ballroom___ballroom_Media-103818
820,-1.1427451,-1.3678783,2 (Classical + Jazz),ballroom___ballroom_Media-103819
821,-2.12382,0.008075776,2 (Classical + Jazz),ballroom___ballroom_Media-103901
822,14.352865,2.1225984,1 (Pop + Groove + Rock + Hip-Hop),ballroom___ballroom_Media-103902
823,8.155068,5.0239353,1 (Pop + Groove + Rock + Hip-Hop),ballroom___ballroom_Media-103903
824,14.308884,1.4547652,1 (Pop + Groove + Rock + Hip-Hop),ballroom___ballroom_Media-103904
825,-1.958846,2.3595095,2 (Classical + Jazz),ballroom___ballroom_Media-103905
826,5.865458,7.948859,1 (Pop + Groove + Rock + Hip-Hop),ballroom___ballroom_Media-103906
827,8.280885,4.4285827,1 (Pop + Groove + Rock + Hip-Hop),ballroom___ballroom_Media-103907
828,7.0222974,6.633545,1 (Pop + Groove + Rock + Hip-Hop),ballroom___ballroom_Media-103908
829,6.0405684,6.5743647,1 (Pop + Groove + Rock + Hip-Hop),ballroom___ballroom_Media-103909
830,6.5373826,7.3913045,1 (Pop + Groove + Rock + Hip-Hop),ballroom___ballroom_Media-103910
831,-6.189586,-7.2483296,2 (Classical + Jazz),ballroom___ballroom_Media-103911
832,-5.800133,-6.1359553,2 (Classical + Jazz),ballroom___ballroom_Media-103912
833,5.786183,7.5007663,1 (Pop + Groove + Rock + Hip-Hop),ballroom___ballroom_Media-103913
834,-5.0527864,-6.8846025,2 (Classical + Jazz),ballroom___ballroom_Media-103914
835,10.264369,3.8131068,1 (Pop + Groove + Rock + Hip-Hop),ballroom___ballroom_Media-103917
836,6.128836,-2.7712862,1 (Pop + Groove + Rock + Hip-Hop),ballroom___ballroom_Media-103918
837,9.428803,-2.4898853,1 (Pop + Groove + Rock + Hip-Hop),ballroom___ballroom_Media-103919
838,7.656894,-1.9509568,1 (Pop + Groove + Rock + Hip-Hop),ballroom___ballroom_Media-103920
839,11.215474,2.9807842,1 (Pop + Groove + Rock + Hip-Hop),ballroom___ballroom_Media-104001
840,6.140526,6.6259212,1 (Pop + Groove + Rock + Hip-Hop),ballroom___ballroom_Media-104002
841,5.6082854,8.648393,1 (Pop + Groove + Rock + Hip-Hop),ballroom___ballroom_Media-104003
842,14.494351,1.5442693,1 (Pop + Groove + Rock + Hip-Hop),ballroom___ballroom_Media-104004
843,-3.756441,-7.304295,2 (Classical + Jazz),ballroom___ballroom_Media-104005
844,6.1121807,3.1955051,1 (Pop + Groove + Rock + Hip-Hop),ballroom___ballroom_Media-104006
845,5.998973,3.406929,1 (Pop + Groove + Rock + Hip-Hop),ballroom___ballroom_Media-104007
846,-5.3997307,-8.116472,2 (Classical + Jazz),ballroom___ballroom_Media-104008
847,7.3062735,4.6317296,1 (Pop + Groove + Rock + Hip-Hop),ballroom___ballroom_Media-104009
848,9.966551,5.0329113,1 (Pop + Groove + Rock + Hip-Hop),ballroom___ballroom_Media-104010
849,10.539546,6.4232903,1 (Pop + Groove + Rock + Hip-Hop),ballroom___ballroom_Media-104011
850,7.5264435,5.3325667,1 (Pop + Groove + Rock + Hip-Hop),ballroom___ballroom_Media-104012
851,5.0408616,7.507284,1 (Pop + Groove + Rock + Hip-Hop),ballroom___ballroom_Media-104015
852,6.6299405,8.7811365,1 (Pop + Groove + Rock + Hip-Hop),ballroom___ballroom_Media-104016
853,6.0298915,4.1733866,1 (Pop + Groove + Rock + Hip-Hop),ballroom___ballroom_Media-104017
854,15.645215,1.0059,1 (Pop + Groove + Rock + Hip-Hop),ballroom___ballroom_Media-104101
855,14.681073,1.7529753,1 (Pop + Groove + Rock + Hip-Hop),ballroom___ballroom_Media-104102
856,14.605443,1.4976124,1 (Pop + Groove + Rock + Hip-Hop),ballroom___ballroom_Media-104103
857,14.2348995,2.2528229,1 (Pop + Groove + Rock + Hip-Hop),ballroom___ballroom_Media-104104
858,12.290328,-7.221645,1 (Pop + Groove + Rock + Hip-Hop),ballroom___ballroom_Media-104105
859,10.383378,1.7582337,1 (Pop + Groove + Rock + Hip-Hop),ballroom___ballroom_Media-104106
860,6.7041974,6.1452265,1 (Pop + Groove + Rock + Hip-Hop),ballroom___ballroom_Media-104107
861,7.0770063,6.6639414,1 (Pop + Groove + Rock + Hip-Hop),ballroom___ballroom_Media-104108
862,4.07587,3.005921,1 (Pop + Groove + Rock + Hip-Hop),ballroom___ballroom_Media-104109
863,8.125156,5.838018,1 (Pop + Groove + Rock + Hip-Hop),ballroom___ballroom_Media-104110
864,9.945358,1.4829149,1 (Pop + Groove + Rock + Hip-Hop),ballroom___ballroom_Media-104111
865,6.164177,2.8796687,1 (Pop + Groove + Rock + Hip-Hop),ballroom___ballroom_Media-104112
866,7.220956,9.076102,1 (Pop + Groove + Rock + Hip-Hop),ballroom___ballroom_Media-104113
867,-0.65882397,2.799729,1 (Pop + Groove + Rock + Hip-Hop),ballroom___ballroom_Media-104114
868,3.502615,4.2619443,1 (Pop + Groove + Rock + Hip-Hop),ballroom___ballroom_Media-104115
869,9.836175,0.12586048,1 (Pop + Groove + Rock + Hip-Hop),ballroom___ballroom_Media-104116
870,13.601628,2.623013,1 (Pop + Groove + Rock + Hip-Hop),ballroom___ballroom_Media-104117
871,7.842612,3.9109592,1 (Pop + Groove + Rock + Hip-Hop),ballroom___ballroom_Media-104118
872,5.0479856,7.1856103,1 (Pop + Groove + Rock + Hip-Hop),ballroom___ballroom_Media-104119
873,-9.351607,-8.03358,2 (Classical + Jazz),ballroom___ballroom_Media-104201
874,-9.475482,-7.0036054,2 (Classical + Jazz),ballroom___ballroom_Media-104202
875,-8.861496,-8.141207,2 (Classical + Jazz),ballroom___ballroom_Media-104203
876,-3.6587813,-4.8678555,2 (Classical + Jazz),ballroom___ballroom_Media-104204
877,-5.635924,-8.507494,2 (Classical + Jazz),ballroom___ballroom_Media-104205
878,-8.599314,-6.022311,2 (Classical + Jazz),ballroom___ballroom_Media-104206
879,-7.8936534,-4.700424,2 (Classical + Jazz),ballroom___ballroom_Media-104207
880,2.2492993,7.4662895,1 (Pop + Groove + Rock + Hip-Hop),ballroom___ballroom_Media-104208
881,-8.303687,-6.86428,2 (Classical + Jazz),ballroom___ballroom_Media-104209
882,-9.328937,-6.394618,2 (Classical + Jazz),ballroom___ballroom_Media-104210
883,-8.174769,-7.4953146,2 (Classical + Jazz),ballroom___ballroom_Media-104211
884,-7.20428,-9.153222,2 (Classical + Jazz),ballroom___ballroom_Media-104212
885,5.3094125,6.3762193,1 (Pop + Groove + Rock + Hip-Hop),ballroom___ballroom_Media-104216
886,4.302708,7.3797536,1 (Pop + Groove + Rock + Hip-Hop),ballroom___ballroom_Media-104217
887,4.3815026,7.652688,1 (Pop + Groove + Rock + Hip-Hop),ballroom___ballroom_Media-104218
888,4.978316,8.101243,1 (Pop + Groove + Rock + Hip-Hop),ballroom___ballroom_Media-104219
889,-4.5152535,-3.879231,2 (Classical + Jazz),ballroom___ballroom_Media-104301
890,-4.6699796,-3.8245008,2 (Classical + Jazz),ballroom___ballroom_Media-104302
891,-2.987852,-2.437973,2 (Classical + Jazz),ballroom___ballroom_Media-104303
892,-2.0561519,-0.28504312,2 (Classical + Jazz),ballroom___ballroom_Media-104304
893,-1.7118928,-0.70285344,2 (Classical + Jazz),ballroom___ballroom_Media-104305
894,3.4486384,7.956728,1 (Pop + Groove + Rock + Hip-Hop),ballroom___ballroom_Media-104306
895,-1.719882,-0.76739484,2 (Classical + Jazz),ballroom___ballroom_Media-104307
896,-1.316117,-0.95278776,2 (Classical + Jazz),ballroom___ballroom_Media-104308
897,-0.5988179,-0.64779794,1 (Pop + Groove + Rock + Hip-Hop),ballroom___ballroom_Media-104309
898,-0.8991635,-0.2603114,2 (Classical + Jazz),ballroom___ballroom_Media-104314
899,-2.5639215,-0.98440385,2 (Classical + Jazz),ballroom___ballroom_Media-104315
900,5.292015,4.9255466,1 (Pop + Groove + Rock + Hip-Hop),ballroom___ballroom_Media-104316
901,-1.622311,-0.7507018,2 (Classical + Jazz),ballroom___ballroom_Media-104317
902,-2.9512818,-2.3916025,2 (Classical + Jazz),ballroom___ballroom_Media-104401
903,-5.2150383,-3.0435734,2 (Classical + Jazz),ballroom___ballroom_Media-104402
904,-4.0516996,-3.8372507,2 (Classical + Jazz),ballroom___ballroom_Media-104403
905,-8.029446,-4.4824243,2 (Classical + Jazz),ballroom___ballroom_Media-104404
906,-6.691674,-3.7954698,2 (Classical + Jazz),ballroom___ballroom_Media-104405
907,-2.0412865,-0.9112949,2 (Classical + Jazz),ballroom___ballroom_Media-104406
908,-3.044087,-2.0203927,2 (Classical + Jazz),ballroom___ballroom_Media-104407
909,4.581425,-2.939905,1 (Pop + Groove + Rock + Hip-Hop),ballroom___ballroom_Media-104408
910,-5.7429595,-5.973198,2 (Classical + Jazz),ballroom___ballroom_Media-104409
911,2.7560565,-0.6147358,1 (Pop + Groove + Rock + Hip-Hop),ballroom___ballroom_Media-104415
912,10.557486,7.7093725,1 (Pop + Groove + Rock + Hip-Hop),ballroom___ballroom_Media-104416
913,-1.4078218,-0.34330416,2 (Classical + Jazz),ballroom___ballroom_Media-104417
914,-2.5073614,-0.6997816,2 (Classical + Jazz),ballroom___ballroom_Media-104418
915,-5.2145495,-6.01905,2 (Classical + Jazz),ballroom___ballroom_Media-104501
916,-5.6126585,-3.758452,2 (Classical + Jazz),ballroom___ballroom_Media-104502
917,-6.8468795,-8.084657,2 (Classical + Jazz),ballroom___ballroom_Media-104503
918,-3.4292352,-4.9713187,2 (Classical + Jazz),ballroom___ballroom_Media-104504
919,0.613286,7.5072737,1 (Pop + Groove + Rock + Hip-Hop),ballroom___ballroom_Media-104505
920,2.0378854,7.443226,1 (Pop + Groove + Rock + Hip-Hop),ballroom___ballroom_Media-104506
921,-6.9506207,-0.49386284,2 (Classical + Jazz),ballroom___ballroom_Media-104507
922,-1.628475,-0.41120455,2 (Classical + Jazz),ballroom___ballroom_Media-104508
923,5.0565147,6.0740356,1 (Pop + Groove + Rock + Hip-Hop),ballroom___ballroom_Media-104514
924,5.007815,5.3243475,1 (Pop + Groove + Rock + Hip-Hop),ballroom___ballroom_Media-104515
925,0.34330055,0.33414477,1 (Pop + Groove + Rock + Hip-Hop),ballroom___ballroom_Media-104516
926,-5.020487,-3.8962157,2 (Classical + Jazz),ballroom___ballroom_Media-104601
927,-4.892536,-3.7478168,2 (Classical + Jazz),ballroom___ballroom_Media-104602
928,-6.662081,-8.194096,2 (Classical + Jazz),ballroom___ballroom_Media-104603
929,-4.363114,-2.1103036,2 (Classical + Jazz),ballroom___ballroom_Media-104604
930,-8.870126,-4.506733,2 (Classical + Jazz),ballroom___ballroom_Media-104605
931,2.4543421,6.9153304,1 (Pop + Groove + Rock + Hip-Hop),ballroom___ballroom_Media-104606
932,-1.9665676,-0.31541315,2 (Classical + Jazz),ballroom___ballroom_Media-104607
933,-0.9357015,-2.0469337,2 (Classical + Jazz),ballroom___ballroom_Media-104608
934,0.5428726,0.35769343,1 (Pop + Groove + Rock + Hip-Hop),ballroom___ballroom_Media-104609
935,3.4622922,3.8358378,1 (Pop + Groove + Rock + Hip-Hop),ballroom___ballroom_Media-104615
936,-0.6842259,-0.14907908,1 (Pop + Groove + Rock + Hip-Hop),ballroom___ballroom_Media-104616
937,0.77761215,-6.8109117,1 (Pop + Groove + Rock + Hip-Hop),ballroom___ballroom_Media-104617
938,-4.0322247,-5.8519554,2 (Classical + Jazz),ballroom___ballroom_Media-104618
939,-4.3912573,-2.5771818,2 (Classical + Jazz),ballroom___ballroom_Media-104701
940,-3.8952906,-2.4342074,2 (Classical + Jazz),ballroom___ballroom_Media-104702
941,-5.1684175,-5.492419,2 (Classical + Jazz),ballroom___ballroom_Media-104703
942,-10.807734,-7.8374267,2 (Classical + Jazz),ballroom___ballroom_Media-104704
943,-1.2540003,-1.0017354,2 (Classical + Jazz),ballroom___ballroom_Media-104706
944,-7.610372,-6.7171874,2 (Classical + Jazz),ballroom___ballroom_Media-104707
945,-1.9057864,-0.82707787,2 (Classical + Jazz),ballroom___ballroom_Media-104708
946,-9.233701,-5.390795,2 (Classical + Jazz),ballroom___ballroom_Media-104709
947,21.597403,8.106263,1 (Pop + Groove + Rock + Hip-Hop),ballroom___ballroom_Media-104710
948,-10.558957,-7.934402,2 (Classical + Jazz),ballroom___ballroom_Media-104711
949,-6.817318,-7.606402,2 (Classical + Jazz),ballroom___ballroom_Media-104712
950,-1.2551789,3.8889706,2 (Classical + Jazz),ballroom___ballroom_Media-104716
951,4.308289,6.9666195,1 (Pop + Groove + Rock + Hip-Hop),ballroom___ballroom_Media-104717
952,-1.491584,-0.6755511,2 (Classical + Jazz),ballroom___ballroom_Media-104718
953,-7.086588,-8.170001,2 (Classical + Jazz),ballroom___ballroom_Media-104801
954,-5.328411,-6.3979535,2 (Classical + Jazz),ballroom___ballroom_Media-104802
955,-6.504462,-7.843992,2 (Classical + Jazz),ballroom___ballroom_Media-104803
956,-6.820619,-8.215892,2 (Classical + Jazz),ballroom___ballroom_Media-104804
957,-7.2791414,-7.8806915,2 (Classical + Jazz),ballroom___ballroom_Media-104805
958,-8.76435,-5.5076118,2 (Classical + Jazz),ballroom___ballroom_Media-104806
959,2.3002746,7.476734,1 (Pop + Groove + Rock + Hip-Hop),ballroom___ballroom_Media-104807
960,-8.412434,-6.1140556,2 (Classical + Jazz),ballroom___ballroom_Media-104808
961,-9.481691,-7.324125,2 (Classical + Jazz),ballroom___ballroom_Media-104809
962,-7.811171,-7.9565115,2 (Classical + Jazz),ballroom___ballroom_Media-104810
963,-9.408822,-6.5129232,2 (Classical + Jazz),ballroom___ballroom_Media-104811
964,4.0091653,7.3728647,1 (Pop + Groove + Rock + Hip-Hop),ballroom___ballroom_Media-104815
965,15.5432625,4.295131,1 (Pop + Groove + Rock + Hip-Hop),ballroom___ballroom_Media-104816
966,-5.6365676,-5.188178,2 (Classical + Jazz),ballroom___ballroom_Media-104901
967,-5.7489915,-4.918983,2 (Classical + Jazz),ballroom___ballroom_Media-104902
968,-4.9672914,-3.3402455,2 (Classical + Jazz),ballroom___ballroom_Media-104903
969,-7.727966,-7.418029,2 (Classical + Jazz),ballroom___ballroom_Media-104904
970,-5.4749784,-3.5093443,2 (Classical + Jazz),ballroom___ballroom_Media-104905
971,-9.005497,-5.4498663,2 (Classical + Jazz),ballroom___ballroom_Media-104906
972,-8.751147,-6.553988,2 (Classical + Jazz),ballroom___ballroom_Media-104907
973,-7.609933,-7.3212905,2 (Classical + Jazz),ballroom___ballroom_Media-104908
974,-1.8012347,-1.2928604,2 (Classical + Jazz),ballroom___ballroom_Media-104909
975,5.314754,5.4486346,1 (Pop + Groove + Rock + Hip-Hop),ballroom___ballroom_Media-104915
976,4.674344,6.7881856,1 (Pop + Groove + Rock + Hip-Hop),ballroom___ballroom_Media-104916
977,11.990054,5.916767,1 (Pop + Groove + Rock + Hip-Hop),ballroom___ballroom_Media-104917
978,-1.6292567,-0.15105824,2 (Classical + Jazz),ballroom___ballroom_Media-104918
979,-9.002394,-8.040503,2 (Classical + Jazz),ballroom___ballroom_Media-105001
980,-4.7622175,-3.361073,2 (Classical + Jazz),ballroom___ballroom_Media-105002
981,-5.160347,-3.8043382,2 (Classical + Jazz),ballroom___ballroom_Media-105003
982,-5.849536,-5.04063,2 (Classical + Jazz),ballroom___ballroom_Media-105004
983,-2.0778465,-4.4284353,2 (Classical + Jazz),ballroom___ballroom_Media-105005
984,-5.5041175,-7.120058,2 (Classical + Jazz),ballroom___ballroom_Media-105006
985,-6.3801093,-8.283015,2 (Classical + Jazz),ballroom___ballroom_Media-105007
986,-7.895616,-5.417777,2 (Classical + Jazz),ballroom___ballroom_Media-105008
987,-8.209071,-5.36188,2 (Classical + Jazz),ballroom___ballroom_Media-105009
988,-7.1271,-7.8279667,2 (Classical + Jazz),ballroom___ballroom_Media-105010
989,-7.1705055,-6.926502,2 (Classical + Jazz),ballroom___ballroom_Media-105011
990,4.651318,7.0777073,1 (Pop + Groove + Rock + Hip-Hop),ballroom___ballroom_Media-105016
991,5.392718,5.8499436,1 (Pop + Groove + Rock + Hip-Hop),ballroom___ballroom_Media-105017
992,4.8047776,6.634396,1 (Pop + Groove + Rock + Hip-Hop),ballroom___ballroom_Media-105018
993,5.2710032,5.5607076,1 (Pop + Groove + Rock + Hip-Hop),ballroom___ballroom_Media-105019
994,4.2485447,6.9125495,1 (Pop + Groove + Rock + Hip-Hop),ballroom___ballroom_Media-105020
995,-4.7640347,-4.351249,2 (Classical + Jazz),ballroom___ballroom_Media-105101
996,-11.026012,-7.88472,2 (Classical + Jazz),ballroom___ballroom_Media-105102
997,-2.5757372,-4.5479007,2 (Classical + Jazz),ballroom___ballroom_Media-105103
998,-4.098429,-4.679187,2 (Classical + Jazz),ballroom___ballroom_Media-105104
999,-6.144095,-7.2657843,2 (Classical + Jazz),ballroom___ballroom_Media-105105
1000,-7.1067734,-8.093473,2 (Classical + Jazz),ballroom___ballroom_Media-105106
1001,2.2503805,7.4902897,1 (Pop + Groove + Rock + Hip-Hop),ballroom___ballroom_Media-105107
1002,-8.292522,-4.5598893,2 (Classical + Jazz),ballroom___ballroom_Media-105108
1003,2.047345,7.427906,1 (Pop + Groove + Rock + Hip-Hop),ballroom___ballroom_Media-105109
1004,-3.727103,-3.09507,2 (Classical + Jazz),ballroom___ballroom_Media-105110
1005,-7.455825,-6.4125934,2 (Classical + Jazz),ballroom___ballroom_Media-105111
1006,-5.184854,-4.6734376,2 (Classical + Jazz),ballroom___ballroom_Media-105112
1007,5.981088,4.658152,1 (Pop + Groove + Rock + Hip-Hop),ballroom___ballroom_Media-105119
1008,5.353978,5.587585,1 (Pop + Groove + Rock + Hip-Hop),ballroom___ballroom_Media-105120
1009,5.3897223,5.172182,1 (Pop + Groove + Rock + Hip-Hop),ballroom___ballroom_Media-105121
1010,6.1644225,4.64765,1 (Pop + Groove + Rock + Hip-Hop),ballroom___ballroom_Media-105122
1011,-0.5866438,2.7153468,1 (Pop + Groove + Rock + Hip-Hop),ballroom___ballroom_Media-105207
1012,-7.692214,-2.6656022,2 (Classical + Jazz),ballroom___ballroom_Media-105209
1013,-4.423058,-9.732974,2 (Classical + Jazz),ballroom___ballroom_Media-105210
1014,-4.4041467,-9.750356,2 (Classical + Jazz),ballroom___ballroom_Media-105211
1015,-11.490893,-6.203345,2 (Classical + Jazz),ballroom___ballroom_Media-105212
1016,-5.3072677,-2.33143,2 (Classical + Jazz),ballroom___ballroom_Media-105213
1017,-7.1874256,-2.485351,2 (Classical + Jazz),ballroom___ballroom_Media-105214
1018,-5.2138486,-1.8892938,2 (Classical + Jazz),ballroom___ballroom_Media-105215
1019,-8.965028,-8.4253645,2 (Classical + Jazz),ballroom___ballroom_Media-105301
1020,-4.1750436,-6.34215,2 (Classical + Jazz),ballroom___ballroom_Media-105302
1021,-11.798697,-10.068824,2 (Classical + Jazz),ballroom___ballroom_Media-105303
1022,-3.5288792,-2.1297305,2 (Classical + Jazz),ballroom___ballroom_Media-105304
1023,2.334403,7.195352,1 (Pop + Groove + Rock + Hip-Hop),ballroom___ballroom_Media-105305
1024,-8.372837,-3.8893335,2 (Classical + Jazz),ballroom___ballroom_Media-105306
1025,-4.518006,-3.951964,2 (Classical + Jazz),ballroom___ballroom_Media-105307
1026,-14.151046,-11.242487,2 (Classical + Jazz),ballroom___ballroom_Media-105308
1027,-2.5782075,-5.901821,2 (Classical + Jazz),ballroom___ballroom_Media-105309
1028,6.5641665,4.440298,1 (Pop + Groove + Rock + Hip-Hop),ballroom___ballroom_Media-105313
1029,7.162692,5.0860987,1 (Pop + Groove + Rock + Hip-Hop),ballroom___ballroom_Media-105314
1030,5.125315,6.608146,1 (Pop + Groove + Rock + Hip-Hop),ballroom___ballroom_Media-105315
1031,-7.94015,-7.641441,2 (Classical + Jazz),ballroom___ballroom_Media-105316
1032,-8.218506,-4.4510264,2 (Classical + Jazz),ballroom___ballroom_Media-105317
1033,-7.0972886,-7.5580125,2 (Classical + Jazz),ballroom___ballroom_Media-105318
1034,1.1313947,6.6539817,1 (Pop + Groove + Rock + Hip-Hop),ballroom___ballroom_Media-105320
1035,7.906777,6.485582,1 (Pop + Groove + Rock + Hip-Hop),ballroom___ballroom_Media-105401
1036,10.405277,1.8571136,1 (Pop + Groove + Rock + Hip-Hop),ballroom___ballroom_Media-105402
1037,7.772968,4.767107,1 (Pop + Groove + Rock + Hip-Hop),ballroom___ballroom_Media-105403
1038,6.755765,3.5181541,1 (Pop + Groove + Rock + Hip-Hop),ballroom___ballroom_Media-105404
1039,10.191634,2.1444263,1 (Pop + Groove + Rock + Hip-Hop),ballroom___ballroom_Media-105405
1040,7.2531757,7.3722844,1 (Pop + Groove + Rock + Hip-Hop),ballroom___ballroom_Media-105406
1041,6.0938687,3.6316347,1 (Pop + Groove + Rock + Hip-Hop),ballroom___ballroom_Media-105407
1042,-4.3107014,-6.127116,2 (Classical + Jazz),ballroom___ballroom_Media-105408
1043,6.4249554,2.976992,1 (Pop + Groove + Rock + Hip-Hop),ballroom___ballroom_Media-105409
1044,-3.7311683,-3.4348135,2 (Classical + Jazz),ballroom___ballroom_Media-105410
1045,-4.350868,-5.064992,2 (Classical + Jazz),ballroom___ballroom_Media-105411
1046,5.1811275,-3.7230713,1 (Pop + Groove + Rock + Hip-Hop),ballroom___ballroom_Media-105412
1047,6.3761573,-3.3210742,1 (Pop + Groove + Rock + Hip-Hop),ballroom___ballroom_Media-105413
1048,9.7792425,3.7018726,1 (Pop + Groove + Rock + Hip-Hop),ballroom___ballroom_Media-105414
1049,7.810483,-1.4813668,1 (Pop + Groove + Rock + Hip-Hop),ballroom___ballroom_Media-105415
1050,7.264188,5.550116,1 (Pop + Groove + Rock + Hip-Hop),ballroom___ballroom_Media-105416
1051,9.409367,2.8654203,1 (Pop + Groove + Rock + Hip-Hop),ballroom___ballroom_Media-105417
1052,-5.712926,-7.9518976,2 (Classical + Jazz),ballroom___ballroom_Media-105418
1053,-6.640827,-7.0088534,2 (Classical + Jazz),ballroom___ballroom_Media-105419
1054,8.167637,3.531897,1 (Pop + Groove + Rock + Hip-Hop),ballroom___ballroom_Media-105420
1055,-7.9249916,-8.230384,2 (Classical + Jazz),ballroom___ballroom_Media-105501
1056,-4.8293867,-8.337731,2 (Classical + Jazz),ballroom___ballroom_Media-105502
1057,-3.8258696,-3.9753292,2 (Classical + Jazz),ballroom___ballroom_Media-105503
1058,-9.010061,-7.9222646,2 (Classical + Jazz),ballroom___ballroom_Media-105504
1059,1.7754209,7.492239,1 (Pop + Groove + Rock + Hip-Hop),ballroom___ballroom_Media-105505
1060,-9.09857,-6.599318,2 (Classical + Jazz),ballroom___ballroom_Media-105506
1061,1.0173973,7.378478,1 (Pop + Groove + Rock + Hip-Hop),ballroom___ballroom_Media-105507
1062,2.0976298,7.4853287,1 (Pop + Groove + Rock + Hip-Hop),ballroom___ballroom_Media-105508
1063,-11.159008,-4.2072177,2 (Classical + Jazz),ballroom___ballroom_Media-105509
1064,-8.43534,-7.255955,2 (Classical + Jazz),ballroom___ballroom_Media-105510
1065,-8.01868,-7.989287,2 (Classical + Jazz),ballroom___ballroom_Media-105511
1066,3.3171313,7.214128,1 (Pop + Groove + Rock + Hip-Hop),ballroom___ballroom_Media-105516
1067,5.8419375,6.5536294,1 (Pop + Groove + Rock + Hip-Hop),ballroom___ballroom_Media-105517
1068,6.1858106,4.74845,1 (Pop + Groove + Rock + Hip-Hop),ballroom___ballroom_Media-105518
1069,6.972794,6.6746697,1 (Pop + Groove + Rock + Hip-Hop),ballroom___ballroom_Media-105601
1070,7.008748,6.9299326,1 (Pop + Groove + Rock + Hip-Hop),ballroom___ballroom_Media-105602
1071,6.71431,6.2708974,1 (Pop + Groove + Rock + Hip-Hop),ballroom___ballroom_Media-105603
1072,7.1084266,6.5906596,1 (Pop + Groove + Rock + Hip-Hop),ballroom___ballroom_Media-105604
1073,9.748133,-0.014492058,1 (Pop + Groove + Rock + Hip-Hop),ballroom___ballroom_Media-105605
1074,7.8981547,6.711138,1 (Pop + Groove + Rock + Hip-Hop),ballroom___ballroom_Media-105606
1075,14.157498,0.8435741,1 (Pop + Groove + Rock + Hip-Hop),ballroom___ballroom_Media-105607
1076,14.660532,1.46501,1 (Pop + Groove + Rock + Hip-Hop),ballroom___ballroom_Media-105608
1077,14.003771,1.2929045,1 (Pop + Groove + Rock + Hip-Hop),ballroom___ballroom_Media-105609
1078,10.382752,8.039552,1 (Pop + Groove + Rock + Hip-Hop),ballroom___ballroom_Media-105611
1079,6.608778,3.4712074,1 (Pop + Groove + Rock + Hip-Hop),ballroom___ballroom_Media-105612
1080,6.251454,2.903165,1 (Pop + Groove + Rock + Hip-Hop),ballroom___ballroom_Media-105613
1081,6.4097857,3.869895,1 (Pop + Groove + Rock + Hip-Hop),ballroom___ballroom_Media-105614
1082,5.7361627,3.0867274,1 (Pop + Groove + Rock + Hip-Hop),ballroom___ballroom_Media-105615
1083,-8.899031,-7.6263194,2 (Classical + Jazz),ballroom___ballroom_Media-105701
1084,-4.0765924,-5.375654,2 (Classical + Jazz),ballroom___ballroom_Media-105702
1085,-4.024251,-8.335875,2 (Classical + Jazz),ballroom___ballroom_Media-105703
1086,-15.329855,-5.1017766,2 (Classical + Jazz),ballroom___ballroom_Media-105704
1087,0.4215441,7.3464837,1 (Pop + Groove + Rock + Hip-Hop),ballroom___ballroom_Media-105705
1088,-7.882277,-4.583197,2 (Classical + Jazz),ballroom___ballroom_Media-105706
1089,5.1357746,7.8532786,1 (Pop + Groove + Rock + Hip-Hop),ballroom___ballroom_Media-105707
1090,-7.8603063,-7.70693,2 (Classical + Jazz),ballroom___ballroom_Media-105708
1091,-6.627072,-6.8408556,2 (Classical + Jazz),ballroom___ballroom_Media-105709
1092,-7.738999,-7.821378,2 (Classical + Jazz),ballroom___ballroom_Media-105710
1093,4.154385,6.8062267,1 (Pop + Groove + Rock + Hip-Hop),ballroom___ballroom_Media-105715
1094,8.332015,4.724826,1 (Pop + Groove + Rock + Hip-Hop),ballroom___ballroom_Media-105716
1095,4.3940377,7.6497164,1 (Pop + Groove + Rock + Hip-Hop),ballroom___ballroom_Media-105717
1096,-4.5848393,-5.6782446,2 (Classical + Jazz),ballroom___ballroom_Media-105801
1097,-7.6930194,-8.282198,2 (Classical + Jazz),ballroom___ballroom_Media-105802
1098,-5.5394,-4.5006046,2 (Classical + Jazz),ballroom___ballroom_Media-105803
1099,-8.811713,-7.103369,2 (Classical + Jazz),ballroom___ballroom_Media-105804
1100,-8.829392,-8.065163,2 (Classical + Jazz),ballroom___ballroom_Media-105805
1101,3.0419645,7.342045,1 (Pop + Groove + Rock + Hip-Hop),ballroom___ballroom_Media-105806
1102,-8.256893,-5.889164,2 (Classical + Jazz),ballroom___ballroom_Media-105807
1103,-7.6602025,-6.4807644,2 (Classical + Jazz),ballroom___ballroom_Media-105808
1104,-14.75198,-5.7190423,2 (Classical + Jazz),ballroom___ballroom_Media-105809
1105,-2.6201732,-1.6412848,2 (Classical + Jazz),ballroom___ballroom_Media-105810
1106,-9.208316,-7.30698,2 (Classical + Jazz),ballroom___ballroom_Media-105811
1107,-5.598476,-4.790334,2 (Classical + Jazz),ballroom___ballroom_Media-105812
1108,4.2276015,7.399938,1 (Pop + Groove + Rock + Hip-Hop),ballroom___ballroom_Media-105816
1109,4.06368,7.2620854,1 (Pop + Groove + Rock + Hip-Hop),ballroom___ballroom_Media-105817
1110,5.740173,5.748847,1 (Pop + Groove + Rock + Hip-Hop),ballroom___ballroom_Media-105818
1111,4.442839,7.093109,1 (Pop + Groove + Rock + Hip-Hop),ballroom___ballroom_Media-105819
1112,4.19327,7.4330974,1 (Pop + Groove + Rock + Hip-Hop),ballroom___ballroom_Media-105820
1113,-6.7612042,-7.240834,2 (Classical + Jazz),ballroom___ballroom_Media-105901
1114,-6.359421,-2.085241,2 (Classical + Jazz),ballroom___ballroom_Media-105902
1115,0.31422403,7.2876477,1 (Pop + Groove + Rock + Hip-Hop),ballroom___ballroom_Media-105903
1116,-8.490359,-5.98682,2 (Classical + Jazz),ballroom___ballroom_Media-105904
1117,-6.4517045,2.340894,2 (Classical + Jazz),ballroom___ballroom_Media-105905
1118,-9.241797,-5.2478175,2 (Classical + Jazz),ballroom___ballroom_Media-105906
1119,-7.334283,-5.4237604,2 (Classical + Jazz),ballroom___ballroom_Media-105907
1120,4.8175626,4.8773813,1 (Pop + Groove + Rock + Hip-Hop),ballroom___ballroom_Media-105911
1121,3.5007336,7.6391606,1 (Pop + Groove + Rock + Hip-Hop),ballroom___ballroom_Media-105912
1122,3.3569458,7.7738733,1 (Pop + Groove + Rock + Hip-Hop),ballroom___ballroom_Media-105913
1123,4.8283405,5.627605,1 (Pop + Groove + Rock + Hip-Hop),ballroom___ballroom_Media-105914
1124,14.688119,1.9927492,1 (Pop + Groove + Rock + Hip-Hop),ballroom___ballroom_Media-106001
1125,10.080069,2.1173074,1 (Pop + Groove + Rock + Hip-Hop),ballroom___ballroom_Media-106002
1126,8.205339,5.6448364,1 (Pop + Groove + Rock + Hip-Hop),ballroom___ballroom_Media-106003
1127,14.70764,1.6716003,1 (Pop + Groove + Rock + Hip-Hop),ballroom___ballroom_Media-106004
1128,6.394494,6.017699,1 (Pop + Groove + Rock + Hip-Hop),ballroom___ballroom_Media-106005
1129,6.7109284,5.8439035,1 (Pop + Groove + Rock + Hip-Hop),ballroom___ballroom_Media-106006
1130,7.02526,6.906636,1 (Pop + Groove + Rock + Hip-Hop),ballroom___ballroom_Media-106007
1131,4.8673234,6.951954,1 (Pop + Groove + Rock + Hip-Hop),ballroom___ballroom_Media-106008
1132,6.1258116,2.4688141,1 (Pop + Groove + Rock + Hip-Hop),ballroom___ballroom_Media-106009
1133,-4.309138,-6.833586,2 (Classical + Jazz),ballroom___ballroom_Media-106010
1134,-4.5676327,-4.7033024,2 (Classical + Jazz),ballroom___ballroom_Media-106011
1135,-7.5307612,-7.3840017,2 (Classical + Jazz),ballroom___ballroom_Media-106012
1136,8.920343,-0.123947345,1 (Pop + Groove + Rock + Hip-Hop),ballroom___ballroom_Media-106015
1137,6.0354404,5.647363,1 (Pop + Groove + Rock + Hip-Hop),ballroom___ballroom_Media-106016
1138,14.6147175,1.5366915,1 (Pop + Groove + Rock + Hip-Hop),ballroom___ballroom_Media-106017
1139,6.7039065,6.1401157,1 (Pop + Groove + Rock + Hip-Hop),ballroom___ballroom_Media-106101
1140,11.223379,2.7566798,1 (Pop + Groove + Rock + Hip-Hop),ballroom___ballroom_Media-106102
1141,8.886761,3.9151871,1 (Pop + Groove + Rock + Hip-Hop),ballroom___ballroom_Media-106103
1142,6.832418,0.79623485,1 (Pop + Groove + Rock + Hip-Hop),ballroom___ballroom_Media-106104
1143,4.433355,5.833035,1 (Pop + Groove + Rock + Hip-Hop),ballroom___ballroom_Media-106105
1144,9.002435,5.4179473,1 (Pop + Groove + Rock + Hip-Hop),ballroom___ballroom_Media-106106
1145,14.809354,1.105788,1 (Pop + Groove + Rock + Hip-Hop),ballroom___ballroom_Media-106107
1146,8.1919365,5.9480567,1 (Pop + Groove + Rock + Hip-Hop),ballroom___ballroom_Media-106108
1147,14.564008,0.92372054,1 (Pop + Groove + Rock + Hip-Hop),ballroom___ballroom_Media-106109
1148,-5.167556,-7.5790777,2 (Classical + Jazz),ballroom___ballroom_Media-106110
1149,-2.6891692,-1.3422762,2 (Classical + Jazz),ballroom___ballroom_Media-106111
1150,2.715952,3.4873314,1 (Pop + Groove + Rock + Hip-Hop),ballroom___ballroom_Media-106112
1151,-4.6253796,-5.4328074,2 (Classical + Jazz),ballroom___ballroom_Media-106113
1152,8.753783,-0.31387696,1 (Pop + Groove + Rock + Hip-Hop),ballroom___ballroom_Media-106114
1153,10.293722,-2.0551658,1 (Pop + Groove + Rock + Hip-Hop),ballroom___ballroom_Media-106115
1154,7.8515816,-1.504606,1 (Pop + Groove + Rock + Hip-Hop),ballroom___ballroom_Media-106116
1155,1.7806046,-8.573201,1 (Pop + Groove + Rock + Hip-Hop),ballroom___ballroom_Media-106117
1156,5.4551024,4.430691,1 (Pop + Groove + Rock + Hip-Hop),ballroom___ballroom_Media-106118
1157,-4.4438133,-3.8342278,2 (Classical + Jazz),ballroom___ballroom_Media-106119
1158,8.795595,-4.448685,1 (Pop + Groove + Rock + Hip-Hop),beatles___beatles_01_Please_Please_Me_01_I_Saw_Her_Standing_There
1159,4.065693,-2.4437265,1 (Pop + Groove + Rock + Hip-Hop),beatles___beatles_01_Please_Please_Me_02_Misery
1160,2.8319476,-3.504448,1 (Pop + Groove + Rock + Hip-Hop),beatles___beatles_01_Please_Please_Me_03_Anna_(Go_To_Him)
1161,3.4710257,-2.8477445,1 (Pop + Groove + Rock + Hip-Hop),beatles___beatles_01_Please_Please_Me_04_Chains
1162,4.725625,-3.222334,1 (Pop + Groove + Rock + Hip-Hop),beatles___beatles_01_Please_Please_Me_05_Boys
1163,-0.19506423,-5.0559325,1 (Pop + Groove + Rock + Hip-Hop),beatles___beatles_01_Please_Please_Me_06_Ask_Me_Why
1164,8.630367,-4.979648,1 (Pop + Groove + Rock + Hip-Hop),beatles___beatles_01_Please_Please_Me_07_Please_Please_Me
1165,1.6419454,-4.3775816,1 (Pop + Groove + Rock + Hip-Hop),beatles___beatles_01_Please_Please_Me_08_Love_Me_Do
1166,3.1583087,-4.1923704,1 (Pop + Groove + Rock + Hip-Hop),beatles___beatles_01_Please_Please_Me_09_P_S_I_Love_You
1167,2.2839065,-3.897425,1 (Pop + Groove + Rock + Hip-Hop),beatles___beatles_01_Please_Please_Me_10_Baby_Its_You
1168,1.6867412,-3.2960355,1 (Pop + Groove + Rock + Hip-Hop),beatles___beatles_01_Please_Please_Me_11_Do_You_Want_To_Know_A_Secret
1169,0.34959513,-4.9656477,1 (Pop + Groove + Rock + Hip-Hop),beatles___beatles_01_Please_Please_Me_12_A_Taste_Of_Honey
1170,8.190744,-4.22753,1 (Pop + Groove + Rock + Hip-Hop),beatles___beatles_01_Please_Please_Me_13_Theres_A_Place
1171,3.548651,-0.588289,1 (Pop + Groove + Rock + Hip-Hop),beatles___beatles_01_Please_Please_Me_14_Twist_And_Shout
1172,7.6910825,-3.4058821,1 (Pop + Groove + Rock + Hip-Hop),beatles___beatles_02_With_the_Beatles_01_It_Wont_Be_Long
1173,3.0345175,0.07414763,1 (Pop + Groove + Rock + Hip-Hop),beatles___beatles_02_With_the_Beatles_02_All_Ive_Got_To_Do
1174,-2.4807513,1.8704839,2 (Classical + Jazz),beatles___beatles_02_With_the_Beatles_03_All_My_Loving
1175,4.30832,-1.6605211,1 (Pop + Groove + Rock + Hip-Hop),beatles___beatles_02_With_the_Beatles_04_Dont_Bother_Me
1176,4.960673,-3.3752608,1 (Pop + Groove + Rock + Hip-Hop),beatles___beatles_02_With_the_Beatles_05_Little_Child
1177,0.37974775,-0.99061424,1 (Pop + Groove + Rock + Hip-Hop),beatles___beatles_02_With_the_Beatles_06_Till_There_Was_You
1178,8.543686,-4.81157,1 (Pop + Groove + Rock + Hip-Hop),beatles___beatles_02_With_the_Beatles_07_Please_Mister_Postman
1179,8.257227,-4.1343455,1 (Pop + Groove + Rock + Hip-Hop),beatles___beatles_02_With_the_Beatles_08_Roll_Over_Beethoven
1180,4.817835,-3.1368084,1 (Pop + Groove + Rock + Hip-Hop),beatles___beatles_02_With_the_Beatles_09_Hold_Me_Tight
1181,-2.4806843,1.553362,2 (Classical + Jazz),beatles___beatles_02_With_the_Beatles_10_You_Really_Got_A_Hold_On_Me
1182,4.1616173,0.077116564,1 (Pop + Groove + Rock + Hip-Hop),beatles___beatles_02_With_the_Beatles_11_I_Wanna_Be_Your_Man
1183,4.5461826,1.0328878,1 (Pop + Groove + Rock + Hip-Hop),beatles___beatles_02_With_the_Beatles_12_Devil_In_Her_Heart
1184,4.066748,-0.97360444,1 (Pop + Groove + Rock + Hip-Hop),beatles___beatles_02_With_the_Beatles_13_Not_A_Second_Time
1185,4.208575,-3.5996363,1 (Pop + Groove + Rock + Hip-Hop),beatles___beatles_02_With_the_Beatles_14_Money
1186,4.952156,-2.6286242,1 (Pop + Groove + Rock + Hip-Hop),beatles___beatles_03_A_Hard_Days_Night_01_A_Hard_Days_Night
1187,4.5840054,-2.3115673,1 (Pop + Groove + Rock + Hip-Hop),beatles___beatles_03_A_Hard_Days_Night_02_I_Should_Have_Known_Better
1188,3.408459,-3.1149423,1 (Pop + Groove + Rock + Hip-Hop),beatles___beatles_03_A_Hard_Days_Night_03_If_I_Fell
1189,4.116711,1.9743207,1 (Pop + Groove + Rock + Hip-Hop),beatles___beatles_03_A_Hard_Days_Night_04_Im_Happy_Just_To_Dance_With_You
1190,0.0069635883,-2.0774515,1 (Pop + Groove + Rock + Hip-Hop),beatles___beatles_03_A_Hard_Days_Night_05_And_I_Love_Her
1191,8.425551,-5.015239,1 (Pop + Groove + Rock + Hip-Hop),beatles___beatles_03_A_Hard_Days_Night_06_Tell_Me_Why
1192,7.2734685,-2.0340736,1 (Pop + Groove + Rock + Hip-Hop),beatles___beatles_03_A_Hard_Days_Night_07_Cant_Buy_Me_Love
1193,6.7019224,-3.0517864,1 (Pop + Groove + Rock + Hip-Hop),beatles___beatles_03_A_Hard_Days_Night_08_Any_Time_At_All
1194,5.541602,-2.6674888,1 (Pop + Groove + Rock + Hip-Hop),beatles___beatles_03_A_Hard_Days_Night_09_Ill_Cry_Instead
1195,3.5747392,-2.662325,1 (Pop + Groove + Rock + Hip-Hop),beatles___beatles_03_A_Hard_Days_Night_10_Things_We_Said_Today
1196,4.8927813,-2.9088652,1 (Pop + Groove + Rock + Hip-Hop),beatles___beatles_03_A_Hard_Days_Night_11_When_I_Get_Home
1197,4.681347,-1.3320702,1 (Pop + Groove + Rock + Hip-Hop),beatles___beatles_03_A_Hard_Days_Night_12_You_Cant_Do_That
1198,4.4750347,-2.42995,1 (Pop + Groove + Rock + Hip-Hop),beatles___beatles_03_A_Hard_Days_Night_13_Ill_Be_Back
1199,3.498439,-2.9639554,1 (Pop + Groove + Rock + Hip-Hop),beatles___beatles_04_Beatles_for_Sale_01_No_Reply
1200,4.7881074,-2.7785819,1 (Pop + Groove + Rock + Hip-Hop),beatles___beatles_04_Beatles_for_Sale_02_Im_a_Loser
1201,1.4536524,-3.891106,1 (Pop + Groove + Rock + Hip-Hop),beatles___beatles_04_Beatles_for_Sale_03_Babys_In_Black
1202,9.381266,-4.736946,1 (Pop + Groove + Rock + Hip-Hop),beatles___beatles_04_Beatles_for_Sale_04_Rock_and_Roll_Music
1203,-0.965351,-2.325952,2 (Classical + Jazz),beatles___beatles_04_Beatles_for_Sale_05_Ill_Follow_the_Sun
1204,-2.4045475,1.3323292,2 (Classical + Jazz),beatles___beatles_04_Beatles_for_Sale_06_Mr_Moonlight
1205,3.707851,-8.308533,1 (Pop + Groove + Rock + Hip-Hop),beatles___beatles_04_Beatles_for_Sale_07_Kansas_City-_Hey_Hey_Hey_Hey
1206,4.8988013,-2.6542692,1 (Pop + Groove + Rock + Hip-Hop),beatles___beatles_04_Beatles_for_Sale_08_Eight_Days_a_Week
1207,0.40819103,-7.682571,1 (Pop + Groove + Rock + Hip-Hop),beatles___beatles_04_Beatles_for_Sale_09_Words_of_Love
1208,1.6410971,-2.0395212,1 (Pop + Groove + Rock + Hip-Hop),beatles___beatles_04_Beatles_for_Sale_10_Honey_Dont
1209,2.2487335,-3.2722254,1 (Pop + Groove + Rock + Hip-Hop),beatles___beatles_04_Beatles_for_Sale_11_Every_Little_Thing
1210,3.7090921,-3.4792097,1 (Pop + Groove + Rock + Hip-Hop),beatles___beatles_04_Beatles_for_Sale_12_I_Dont_Want_to_Spoil_the_Party
1211,3.5088837,-3.8775444,1 (Pop + Groove + Rock + Hip-Hop),beatles___beatles_04_Beatles_for_Sale_13_What_Youre_Doing
1212,4.419784,-3.3227532,1 (Pop + Groove + Rock + Hip-Hop),beatles___beatles_04_Beatles_for_Sale_14_Everybodys_Trying_to_Be_My_Baby
1213,2.4777505,-1.1060416,1 (Pop + Groove + Rock + Hip-Hop),beatles___beatles_05_Help_01_Help
1214,5.4995236,-3.3714285,1 (Pop + Groove + Rock + Hip-Hop),beatles___beatles_05_Help_02_The_Night_Before
1215,0.100287095,-2.7831206,1 (Pop + Groove + Rock + Hip-Hop),beatles___beatles_05_Help_03_Youve_Got_To_Hide_Your_Love_Away
1216,1.1958826,-2.396277,1 (Pop + Groove + Rock + Hip-Hop),beatles___beatles_05_Help_04_I_Need_You
1217,2.000782,-3.9725966,1 (Pop + Groove + Rock + Hip-Hop),beatles___beatles_05_Help_05_Another_Girl
1218,2.9043403,-3.3229966,1 (Pop + Groove + Rock + Hip-Hop),beatles___beatles_05_Help_06_Youre_Going_To_Lose_That_Girl
1219,2.2152622,-4.1768,1 (Pop + Groove + Rock + Hip-Hop),beatles___beatles_05_Help_07_Ticket_To_Ride
1220,0.6786533,-3.7979028,1 (Pop + Groove + Rock + Hip-Hop),beatles___beatles_05_Help_08_Act_Naturally
1221,0.33276707,-2.172887,1 (Pop + Groove + Rock + Hip-Hop),beatles___beatles_05_Help_09_Its_Only_Love
1222,0.7417971,-2.4006634,1 (Pop + Groove + Rock + Hip-Hop),beatles___beatles_05_Help_10_You_Like_Me_Too_Much
1223,0.6790506,-1.7390232,1 (Pop + Groove + Rock + Hip-Hop),beatles___beatles_05_Help_11_Tell_Me_What_You_See
1224,2.3746748,-3.1268008,1 (Pop + Groove + Rock + Hip-Hop),beatles___beatles_05_Help_12_Ive_Just_Seen_a_Face
1225,-4.8467712,-2.9320328,2 (Classical + Jazz),beatles___beatles_05_Help_13_Yesterday
1226,9.110148,-5.0439515,1 (Pop + Groove + Rock + Hip-Hop),beatles___beatles_05_Help_14_Dizzy_Miss_Lizzy
1227,2.0404553,0.5115013,1 (Pop + Groove + Rock + Hip-Hop),beatles___beatles_06_Rubber_Soul_01_Drive_My_Car
1228,0.39882806,-3.8970203,1 (Pop + Groove + Rock + Hip-Hop),beatles___beatles_06_Rubber_Soul_02_Norwegian_Wood_(This_Bird_Has_Flown)
1229,2.7601564,-3.5025866,1 (Pop + Groove + Rock + Hip-Hop),beatles___beatles_06_Rubber_Soul_03_You_Wont_See_Me
1230,2.5087714,-3.596364,1 (Pop + Groove + Rock + Hip-Hop),beatles___beatles_06_Rubber_Soul_04_Nowhere_Man
1231,3.655989,0.1987027,1 (Pop + Groove + Rock + Hip-Hop),beatles___beatles_06_Rubber_Soul_05_Think_For_Yourself
1232,3.2365448,0.65759504,1 (Pop + Groove + Rock + Hip-Hop),beatles___beatles_06_Rubber_Soul_06_The_Word
1233,-2.4081903,-2.6818442,2 (Classical + Jazz),beatles___beatles_06_Rubber_Soul_07_Michelle
1234,5.829524,4.527709,1 (Pop + Groove + Rock + Hip-Hop),beatles___beatles_06_Rubber_Soul_08_What_Goes_On
1235,-0.2745592,-1.3169032,1 (Pop + Groove + Rock + Hip-Hop),beatles___beatles_06_Rubber_Soul_09_Girl
1236,1.1347582,-2.7191343,1 (Pop + Groove + Rock + Hip-Hop),beatles___beatles_06_Rubber_Soul_10_Im_Looking_Through_You
1237,-0.94134784,-0.15971373,2 (Classical + Jazz),beatles___beatles_06_Rubber_Soul_11_In_My_Life
1238,-1.2533693,1.3208007,2 (Classical + Jazz),beatles___beatles_06_Rubber_Soul_12_Wait
1239,2.8248823,-3.53206,1 (Pop + Groove + Rock + Hip-Hop),beatles___beatles_06_Rubber_Soul_13_If_I_Needed_Someone
1240,1.7173548,-0.020792447,1 (Pop + Groove + Rock + Hip-Hop),beatles___beatles_06_Rubber_Soul_14_Run_For_Your_Life
1241,3.5221596,0.73571473,1 (Pop + Groove + Rock + Hip-Hop),beatles___beatles_07_Revolver_01_Taxman
1242,-3.906503,1.1600077,2 (Classical + Jazz),beatles___beatles_07_Revolver_02_Eleanor_Rigby
1243,1.9090587,-4.2827916,1 (Pop + Groove + Rock + Hip-Hop),beatles___beatles_07_Revolver_03_Im_Only_Sleeping
1244,0.8596207,-8.276409,1 (Pop + Groove + Rock + Hip-Hop),beatles___beatles_07_Revolver_04_Love_You_To
1245,-5.1300864,-2.6538615,2 (Classical + Jazz),beatles___beatles_07_Revolver_05_Here_There_And_Everywhere
1246,1.7397823,-3.6276076,1 (Pop + Groove + Rock + Hip-Hop),beatles___beatles_07_Revolver_06_Yellow_Submarine
1247,2.599381,-4.856211,1 (Pop + Groove + Rock + Hip-Hop),beatles___beatles_07_Revolver_07_She_Said_She_Said
1248,-3.515341,1.8275845,2 (Classical + Jazz),beatles___beatles_07_Revolver_08_Good_Day_Sunshine
1249,9.127584,-5.003706,1 (Pop + Groove + Rock + Hip-Hop),beatles___beatles_07_Revolver_09_And_Your_Bird_Can_Sing
1250,0.23278818,-3.4970376,1 (Pop + Groove + Rock + Hip-Hop),beatles___beatles_07_Revolver_10_For_No_One
1251,2.4024625,-8.253626,1 (Pop + Groove + Rock + Hip-Hop),beatles___beatles_07_Revolver_11_Doctor_Robert
1252,1.6404195,-5.3907633,1 (Pop + Groove + Rock + Hip-Hop),beatles___beatles_07_Revolver_12_I_Want_To_Tell_You
1253,3.7958846,1.4999312,1 (Pop + Groove + Rock + Hip-Hop),beatles___beatles_07_Revolver_13_Got_To_Get_You_Into_My_Life
1254,7.8134937,-4.4124603,1 (Pop + Groove + Rock + Hip-Hop),beatles___beatles_07_Revolver_14_Tomorrow_Never_Knows
1255,-0.7863405,1.4387234,2 (Classical + Jazz),beatles___beatles_08_Sgt_Peppers_Lonely_Hearts_Club_Band_01_Sgt_Peppers_Lonely_Hearts_Club_Band
1256,1.8247963,-4.1724095,1 (Pop + Groove + Rock + Hip-Hop),beatles___beatles_08_Sgt_Peppers_Lonely_Hearts_Club_Band_02_With_A_Little_Help_From_My_Friends
1257,-0.9824396,-1.5417727,2 (Classical + Jazz),beatles___beatles_08_Sgt_Peppers_Lonely_Hearts_Club_Band_03_Lucy_In_The_Sky_With_Diamonds
1258,2.7746842,0.6747805,1 (Pop + Groove + Rock + Hip-Hop),beatles___beatles_08_Sgt_Peppers_Lonely_Hearts_Club_Band_04_Getting_Better
1259,1.966047,-4.5697575,1 (Pop + Groove + Rock + Hip-Hop),beatles___beatles_08_Sgt_Peppers_Lonely_Hearts_Club_Band_05_Fixing_A_Hole
1260,-4.996841,-3.0534647,2 (Classical + Jazz),beatles___beatles_08_Sgt_Peppers_Lonely_Hearts_Club_Band_06_Shes_Leaving_Home
1261,-2.0122051,-8.165768,2 (Classical + Jazz),beatles___beatles_08_Sgt_Peppers_Lonely_Hearts_Club_Band_07_Being_For_The_Benefit_Of_Mr_Kite
1262,0.3721349,3.2899773,1 (Pop + Groove + Rock + Hip-Hop),beatles___beatles_08_Sgt_Peppers_Lonely_Hearts_Club_Band_08_Within_You_Without_You
1263,-3.9490063,-0.20091233,2 (Classical + Jazz),beatles___beatles_08_Sgt_Peppers_Lonely_Hearts_Club_Band_09_When_Im_Sixty-Four
1264,2.8507822,-0.55622756,1 (Pop + Groove + Rock + Hip-Hop),beatles___beatles_08_Sgt_Peppers_Lonely_Hearts_Club_Band_10_Lovely_Rita
1265,11.351153,-5.6970434,1 (Pop + Groove + Rock + Hip-Hop),beatles___beatles_08_Sgt_Peppers_Lonely_Hearts_Club_Band_11_Good_Morning_Good_Morning
1266,3.2994576,-2.4021707,1 (Pop + Groove + Rock + Hip-Hop),beatles___beatles_08_Sgt_Peppers_Lonely_Hearts_Club_Band_12_Sgt_Peppers_Lonely_Hearts_Club_Band_(Reprise)
1267,0.60888326,-0.7885628,1 (Pop + Groove + Rock + Hip-Hop),beatles___beatles_08_Sgt_Peppers_Lonely_Hearts_Club_Band_13_A_Day_In_The_Life
1268,2.895912,-4.7724147,1 (Pop + Groove + Rock + Hip-Hop),beatles___beatles_09_Magical_Mystery_Tour_01_Magical_Mystery_Tour
1269,-3.9803162,1.4177477,2 (Classical + Jazz),beatles___beatles_09_Magical_Mystery_Tour_02_The_Fool_On_The_Hill
1270,0.87370926,-5.4326262,1 (Pop + Groove + Rock + Hip-Hop),beatles___beatles_09_Magical_Mystery_Tour_03_Flying
1271,1.6543695,-7.427306,1 (Pop + Groove + Rock + Hip-Hop),beatles___beatles_09_Magical_Mystery_Tour_04_Blue_Jay_Way
1272,1.771626,-3.855639,1 (Pop + Groove + Rock + Hip-Hop),beatles___beatles_09_Magical_Mystery_Tour_05_Your_Mother_Should_Know
1273,-4.1937704,-4.542048,2 (Classical + Jazz),beatles___beatles_09_Magical_Mystery_Tour_06_I_Am_The_Walrus
1274,2.6918623,-4.2626805,1 (Pop + Groove + Rock + Hip-Hop),beatles___beatles_09_Magical_Mystery_Tour_07_Hello_Goodbye
1275,-11.330038,7.9110036,2 (Classical + Jazz),beatles___beatles_09_Magical_Mystery_Tour_08_Strawberry_Fields_Forever
1276,1.2998329,-4.7524776,1 (Pop + Groove + Rock + Hip-Hop),beatles___beatles_09_Magical_Mystery_Tour_09_Penny_Lane
1277,1.020306,-0.6171822,1 (Pop + Groove + Rock + Hip-Hop),beatles___beatles_09_Magical_Mystery_Tour_10_Baby_Youre_A_Rich_Man
1278,1.6787295,-3.8924344,1 (Pop + Groove + Rock + Hip-Hop),beatles___beatles_09_Magical_Mystery_Tour_11_All_You_Need_Is_Love
1279,8.593413,-4.390957,1 (Pop + Groove + Rock + Hip-Hop),beatles___beatles_10_CD1_The_Beatles_01_Back_in_the_USSR
1280,-1.5791751,-2.1610832,2 (Classical + Jazz),beatles___beatles_10_CD1_The_Beatles_02_Dear_Prudence
1281,2.356949,-8.7386465,1 (Pop + Groove + Rock + Hip-Hop),beatles___beatles_10_CD1_The_Beatles_03_Glass_Onion
1282,3.3273203,0.32570928,1 (Pop + Groove + Rock + Hip-Hop),beatles___beatles_10_CD1_The_Beatles_04_Ob-La-Di_Ob-La-Da
1283,-0.21952327,1.5984236,1 (Pop + Groove + Rock + Hip-Hop),beatles___beatles_10_CD1_The_Beatles_05_Wild_Honey_Pie
1284,0.37503654,-0.640349,1 (Pop + Groove + Rock + Hip-Hop),beatles___beatles_10_CD1_The_Beatles_06_The_Continuing_Story_of_Bungalow_Bill
1285,2.3910124,-5.710825,1 (Pop + Groove + Rock + Hip-Hop),beatles___beatles_10_CD1_The_Beatles_07_While_My_Guitar_Gently_Weeps
1286,-1.9046413,-5.840139,2 (Classical + Jazz),beatles___beatles_10_CD1_The_Beatles_08_Happiness_is_a_Warm_Gun
1287,-4.3533826,1.8693985,2 (Classical + Jazz),beatles___beatles_10_CD1_The_Beatles_09_Martha_My_Dear
1288,-0.89048916,-0.4990074,2 (Classical + Jazz),beatles___beatles_10_CD1_The_Beatles_10_Im_So_Tired
1289,-2.7809868,-2.4824088,2 (Classical + Jazz),beatles___beatles_10_CD1_The_Beatles_11_Black_Bird
1290,1.7630308,1.775465,1 (Pop + Groove + Rock + Hip-Hop),beatles___beatles_10_CD1_The_Beatles_12_Piggies
1291,-0.87941337,-2.3495774,2 (Classical + Jazz),beatles___beatles_10_CD1_The_Beatles_13_Rocky_Raccoon
1292,0.5790175,-0.19668087,1 (Pop + Groove + Rock + Hip-Hop),beatles___beatles_10_CD1_The_Beatles_14_Dont_Pass_Me_By
1293,0.5661726,-0.6034972,1 (Pop + Groove + Rock + Hip-Hop),beatles___beatles_10_CD1_The_Beatles_15_Why_Dont_We_Do_It_In_The_Road
1294,-3.8596036,0.82083654,2 (Classical + Jazz),beatles___beatles_10_CD1_The_Beatles_16_I_Will
1295,-6.138323,-1.9453548,2 (Classical + Jazz),beatles___beatles_10_CD1_The_Beatles_17_Julia
1296,9.083676,-4.584266,1 (Pop + Groove + Rock + Hip-Hop),beatles___beatles_10_CD2_The_Beatles_01_Birthday
1297,0.40882197,-8.660279,1 (Pop + Groove + Rock + Hip-Hop),beatles___beatles_10_CD2_The_Beatles_02_Yer_Blues
1298,-2.6142075,-2.8040316,2 (Classical + Jazz),beatles___beatles_10_CD2_The_Beatles_03_Mother_Natures_Son
1299,4.0948195,0.13028824,1 (Pop + Groove + Rock + Hip-Hop),beatles___beatles_10_CD2_The_Beatles_04_Everybodys_Got_Something_To_Hide_Except_Me_and_My_Monkey
1300,0.547884,-0.9971328,1 (Pop + Groove + Rock + Hip-Hop),beatles___beatles_10_CD2_The_Beatles_05_Sexy_Sadie
1301,9.25159,-6.5259686,1 (Pop + Groove + Rock + Hip-Hop),beatles___beatles_10_CD2_The_Beatles_06_Helter_Skelter
1302,-4.364828,-3.0323336,2 (Classical + Jazz),beatles___beatles_10_CD2_The_Beatles_07_Long_Long_Long
1303,2.4222949,-9.028475,1 (Pop + Groove + Rock + Hip-Hop),beatles___beatles_10_CD2_The_Beatles_08_Revolution_1
1304,-0.014795481,-1.1035229,1 (Pop + Groove + Rock + Hip-Hop),beatles___beatles_10_CD2_The_Beatles_09_Honey_Pie
1305,2.7653527,-0.08772049,1 (Pop + Groove + Rock + Hip-Hop),beatles___beatles_10_CD2_The_Beatles_10_Savoy_Truffle
1306,1.161471,-4.871281,1 (Pop + Groove + Rock + Hip-Hop),beatles___beatles_10_CD2_The_Beatles_11_Cry_Baby_Cry
1307,-9.418104,0.3352389,2 (Classical + Jazz),beatles___beatles_10_CD2_The_Beatles_12_Revolution_9
1308,-5.9286346,-5.15796,2 (Classical + Jazz),beatles___beatles_10_CD2_The_Beatles_13_Good_Night
1309,0.30286425,0.42264712,1 (Pop + Groove + Rock + Hip-Hop),beatles___beatles_11_Abbey_Road_01_Come_Together
1310,3.4901395,-8.633287,1 (Pop + Groove + Rock + Hip-Hop),beatles___beatles_11_Abbey_Road_02_Something
1311,1.2492322,-3.3017695,1 (Pop + Groove + Rock + Hip-Hop),beatles___beatles_11_Abbey_Road_03_Maxwells_Silver_Hammer
1312,2.36484,-0.28963143,1 (Pop + Groove + Rock + Hip-Hop),beatles___beatles_11_Abbey_Road_04_Oh_Darling
1313,-0.15629692,0.27775145,1 (Pop + Groove + Rock + Hip-Hop),beatles___beatles_11_Abbey_Road_05_Octopuss_Garden
1314,-1.2443497,-0.014074501,2 (Classical + Jazz),beatles___beatles_11_Abbey_Road_06_I_Want_You
1315,5.167441,-2.258623,1 (Pop + Groove + Rock + Hip-Hop),beatles___beatles_11_Abbey_Road_07_Here_Comes_The_Sun
1316,-6.4440365,-3.782771,2 (Classical + Jazz),beatles___beatles_11_Abbey_Road_08_Because
1317,-0.9712507,-7.198231,2 (Classical + Jazz),beatles___beatles_11_Abbey_Road_09_You_Never_Give_Me_Your_Money
1318,-6.3106785,-2.9943094,2 (Classical + Jazz),beatles___beatles_11_Abbey_Road_10_Sun_King
1319,3.8388562,-3.7241855,1 (Pop + Groove + Rock + Hip-Hop),beatles___beatles_11_Abbey_Road_11_Mean_Mr_Mustard
1320,2.2047255,-0.369444,1 (Pop + Groove + Rock + Hip-Hop),beatles___beatles_11_Abbey_Road_12_Polythene_Pam
1321,8.336067,-1.9787347,1 (Pop + Groove + Rock + Hip-Hop),beatles___beatles_11_Abbey_Road_13_She_Came_In_Through_The_Bathroom_Window
1322,-4.042265,-3.6597857,2 (Classical + Jazz),beatles___beatles_11_Abbey_Road_14_Golden_Slumbers
1323,1.6846406,-4.7453833,1 (Pop + Groove + Rock + Hip-Hop),beatles___beatles_11_Abbey_Road_15_Carry_That_Weight
1324,11.162396,-5.7642508,1 (Pop + Groove + Rock + Hip-Hop),beatles___beatles_11_Abbey_Road_16_The_End
1325,-4.1006894,-0.21830298,2 (Classical + Jazz),beatles___beatles_11_Abbey_Road_17_Her_Majesty
1326,1.2621387,-3.1701164,1 (Pop + Groove + Rock + Hip-Hop),beatles___beatles_12_Let_It_Be_01_Two_of_Us
1327,-3.0820668,2.9832468,2 (Classical + Jazz),beatles___beatles_12_Let_It_Be_02_Dig_a_Pony
1328,2.6801019,-4.77296,1 (Pop + Groove + Rock + Hip-Hop),beatles___beatles_12_Let_It_Be_03_Across_the_Universe
1329,2.2156487,-5.2607355,1 (Pop + Groove + Rock + Hip-Hop),beatles___beatles_12_Let_It_Be_04_I_Me_Mine
1330,0.55696756,0.0020685273,1 (Pop + Groove + Rock + Hip-Hop),beatles___beatles_12_Let_It_Be_05_Dig_It
1331,1.3122673,-6.181422,1 (Pop + Groove + Rock + Hip-Hop),beatles___beatles_12_Let_It_Be_06_Let_It_Be
1332,1.1255282,-0.9741021,1 (Pop + Groove + Rock + Hip-Hop),beatles___beatles_12_Let_It_Be_07_Maggie_Mae
1333,0.9895087,0.41615108,1 (Pop + Groove + Rock + Hip-Hop),beatles___beatles_12_Let_It_Be_08_Ive_Got_A_Feeling
1334,3.0739863,-0.63087136,1 (Pop + Groove + Rock + Hip-Hop),beatles___beatles_12_Let_It_Be_09_One_After_909
1335,-4.6433973,-4.445698,2 (Classical + Jazz),beatles___beatles_12_Let_It_Be_10_The_Long_and_Winding_Road
1336,2.0479043,0.49916306,1 (Pop + Groove + Rock + Hip-Hop),beatles___beatles_12_Let_It_Be_11_For_You_Blue
1337,-1.9851533,3.5700645,2 (Classical + Jazz),beatles___beatles_12_Let_It_Be_12_Get_Back
1338,21.371721,-2.0407302,1 (Pop + Groove + Rock + Hip-Hop),candombe___csic.1995_ansina1_01
1339,21.404404,-2.0091174,1 (Pop + Groove + Rock + Hip-Hop),candombe___csic.1995_ansina1_02
1340,21.364458,-2.053849,1 (Pop + Groove + Rock + Hip-Hop),candombe___csic.1995_ansina1_03
1341,21.491814,-1.977253,1 (Pop + Groove + Rock + Hip-Hop),candombe___csic.1995_ansina1_04
1342,21.398914,-2.0504637,1 (Pop + Groove + Rock + Hip-Hop),candombe___csic.1995_ansina1_05
1343,21.324913,-2.0767379,1 (Pop + Groove + Rock + Hip-Hop),candombe___csic.1995_ansina2_01
1344,21.338415,-2.09119,1 (Pop + Groove + Rock + Hip-Hop),candombe___csic.1995_ansina2_02
1345,21.3314,-2.0874414,1 (Pop + Groove + Rock + Hip-Hop),candombe___csic.1995_ansina2_03
1346,21.339901,-2.1035404,1 (Pop + Groove + Rock + Hip-Hop),candombe___csic.1995_ansina2_04
1347,21.309921,-2.0833378,1 (Pop + Groove + Rock + Hip-Hop),candombe___csic.1995_cuareim_01
1348,21.361525,-2.037331,1 (Pop + Groove + Rock + Hip-Hop),candombe___csic.1995_cuareim_02
1349,21.323872,-2.011627,1 (Pop + Groove + Rock + Hip-Hop),candombe___csic.1995_cuareim_03
1350,21.34325,-2.023412,1 (Pop + Groove + Rock + Hip-Hop),candombe___csic.1995_cuareim_04
1351,21.396149,-1.9820181,1 (Pop + Groove + Rock + Hip-Hop),candombe___csic.1995_cuareim_05
1352,21.995562,-1.4494873,1 (Pop + Groove + Rock + Hip-Hop),candombe___proyecto.1992_gimenez_02
1353,22.15265,-1.4632287,1 (Pop + Groove + Rock + Hip-Hop),candombe___proyecto.1992_gimenez_06
1354,22.008715,-1.6161997,1 (Pop + Groove + Rock + Hip-Hop),candombe___proyecto.1992_lobo_01
1355,21.99473,-1.5710043,1 (Pop + Groove + Rock + Hip-Hop),candombe___proyecto.1992_lobo_06
1356,22.10522,-1.5093421,1 (Pop + Groove + Rock + Hip-Hop),candombe___proyecto.1992_magarinos_02
1357,21.962591,-1.6624773,1 (Pop + Groove + Rock + Hip-Hop),candombe___proyecto.1992_pelado_01
1358,21.889265,-1.7719574,1 (Pop + Groove + Rock + Hip-Hop),candombe___proyecto.1992_pelado_05
1359,22.395157,-1.412571,1 (Pop + Groove + Rock + Hip-Hop),candombe___zavala.muniz.2014_41
1360,22.19596,-1.4654031,1 (Pop + Groove + Rock + Hip-Hop),candombe___zavala.muniz.2014_42
1361,22.188992,-1.4724071,1 (Pop + Groove + Rock + Hip-Hop),candombe___zavala.muniz.2014_44
1362,22.149937,-1.4637814,1 (Pop + Groove + Rock + Hip-Hop),candombe___zavala.muniz.2014_45
1363,22.241776,-1.4528121,1 (Pop + Groove + Rock + Hip-Hop),candombe___zavala.muniz.2014_46
1364,22.247107,-1.4561344,1 (Pop + Groove + Rock + Hip-Hop),candombe___zavala.muniz.2014_47
1365,22.200493,-1.4866548,1 (Pop + Groove + Rock + Hip-Hop),candombe___zavala.muniz.2014_48
1366,22.298128,-1.4428799,1 (Pop + Groove + Rock + Hip-Hop),candombe___zavala.muniz.2014_49
1367,22.15536,-1.4854457,1 (Pop + Groove + Rock + Hip-Hop),candombe___zavala.muniz.2014_50
1368,22.27203,-1.4438033,1 (Pop + Groove + Rock + Hip-Hop),candombe___zavala.muniz.2014_51
1369,22.170475,-1.4807812,1 (Pop + Groove + Rock + Hip-Hop),candombe___zavala.muniz.2014_52
1370,22.173635,-1.4687102,1 (Pop + Groove + Rock + Hip-Hop),candombe___zavala.muniz.2014_53
1371,22.15592,-1.488459,1 (Pop + Groove + Rock + Hip-Hop),candombe___zavala.muniz.2014_54
1372,22.152933,-1.4902996,1 (Pop + Groove + Rock + Hip-Hop),candombe___zavala.muniz.2014_55
1373,-1.5497494,7.790109,2 (Classical + Jazz),filosax___filosax_01
1374,-1.8579232,7.798108,2 (Classical + Jazz),filosax___filosax_02
1375,-2.0138233,7.5828004,2 (Classical + Jazz),filosax___filosax_03
1376,-1.9988637,7.6219006,2 (Classical + Jazz),filosax___filosax_04
1377,-2.0667064,7.5377264,2 (Classical + Jazz),filosax___filosax_05
1378,-1.8789485,7.626479,2 (Classical + Jazz),filosax___filosax_06
1379,-1.8953005,8.05218,2 (Classical + Jazz),filosax___filosax_07
1380,-1.8960508,6.8301897,2 (Classical + Jazz),filosax___filosax_08
1381,-1.5941591,6.7036705,2 (Classical + Jazz),filosax___filosax_09
1382,-1.9159768,7.6256986,2 (Classical + Jazz),filosax___filosax_10
1383,-2.1110919,8.020173,2 (Classical + Jazz),filosax___filosax_11
1384,-1.8026326,7.9686966,2 (Classical + Jazz),filosax___filosax_12
1385,-1.720005,8.072424,2 (Classical + Jazz),filosax___filosax_13
1386,-1.2910119,7.3731127,2 (Classical + Jazz),filosax___filosax_14
1387,-2.2117505,7.331131,2 (Classical + Jazz),filosax___filosax_15
1388,-1.699301,7.4535522,2 (Classical + Jazz),filosax___filosax_16
1389,-1.9739498,6.759197,2 (Classical + Jazz),filosax___filosax_17
1390,-1.5711944,7.48458,2 (Classical + Jazz),filosax___filosax_18
1391,-1.5300572,6.9610686,2 (Classical + Jazz),filosax___filosax_19
1392,-2.0699887,7.9336553,2 (Classical + Jazz),filosax___filosax_20
1393,-2.3926058,5.887514,2 (Classical + Jazz),filosax___filosax_21
1394,-1.8754572,7.3101263,2 (Classical + Jazz),filosax___filosax_22
1395,-1.8387021,7.174251,2 (Classical + Jazz),filosax___filosax_23
1396,-2.0480063,6.9835806,2 (Classical + Jazz),filosax___filosax_24
1397,5.0055175,0.80543876,1 (Pop + Groove + Rock + Hip-Hop),filosax___filosax_25
1398,-1.7638677,7.9747815,2 (Classical + Jazz),filosax___filosax_26
1399,-2.0991552,7.289583,2 (Classical + Jazz),filosax___filosax_27
1400,-1.846687,7.7457614,2 (Classical + Jazz),filosax___filosax_28
1401,-1.5600578,7.373026,2 (Classical + Jazz),filosax___filosax_29
1402,-1.5582664,6.828572,2 (Classical + Jazz),filosax___filosax_30
1403,-1.639192,6.9933,2 (Classical + Jazz),filosax___filosax_31
1404,-1.9651656,7.771826,2 (Classical + Jazz),filosax___filosax_32
1405,-1.2643214,6.7722726,2 (Classical + Jazz),filosax___filosax_33
1406,-1.8420104,7.8578124,2 (Classical + Jazz),filosax___filosax_34
1407,-1.8406999,7.5846143,2 (Classical + Jazz),filosax___filosax_35
1408,-1.4329875,7.6919336,2 (Classical + Jazz),filosax___filosax_36
1409,-1.8806121,7.8157053,2 (Classical + Jazz),filosax___filosax_37
1410,-1.652253,7.65605,2 (Classical + Jazz),filosax___filosax_38
1411,-1.8368891,6.9955444,2 (Classical + Jazz),filosax___filosax_39
1412,-1.7388394,7.8173165,2 (Classical + Jazz),filosax___filosax_40
1413,-2.1015728,7.640895,2 (Classical + Jazz),filosax___filosax_41
1414,-1.7811706,7.922106,2 (Classical + Jazz),filosax___filosax_42
1415,-1.7788366,7.7196546,2 (Classical + Jazz),filosax___filosax_43
1416,-1.3537971,7.449679,2 (Classical + Jazz),filosax___filosax_44
1417,-2.2022552,7.479855,2 (Classical + Jazz),filosax___filosax_45
1418,-1.977894,7.172053,2 (Classical + Jazz),filosax___filosax_46
1419,-1.789851,7.018244,2 (Classical + Jazz),filosax___filosax_47
1420,-1.8975894,7.432379,2 (Classical + Jazz),filosax___filosax_48
1421,24.484406,9.552214,1 (Pop + Groove + Rock + Hip-Hop),groove_midi___drummer10_session1_10_jazz-swing_110_beat_4-4
1422,24.446072,10.02679,1 (Pop + Groove + Rock + Hip-Hop),groove_midi___drummer10_session1_1_jazz-swing_124_beat_4-4
1423,26.044426,7.7782393,1 (Pop + Groove + Rock + Hip-Hop),groove_midi___drummer10_session1_2_jazz-swing_215_beat_4-4
1424,22.88178,10.561828,1 (Pop + Groove + Rock + Hip-Hop),groove_midi___drummer10_session1_3_jazz-swing_215_beat_4-4
1425,26.061998,8.0027,1 (Pop + Groove + Rock + Hip-Hop),groove_midi___drummer10_session1_4_jazz-swing_215_beat_4-4
1426,26.065926,7.599281,1 (Pop + Groove + Rock + Hip-Hop),groove_midi___drummer10_session1_5_jazz-swing_215_beat_4-4
1427,25.703783,8.039089,1 (Pop + Groove + Rock + Hip-Hop),groove_midi___drummer10_session1_6_jazz-swing_215_beat_4-4
1428,25.956013,8.664729,1 (Pop + Groove + Rock + Hip-Hop),groove_midi___drummer10_session1_9_jazz-swing_110_beat_4-4
1429,26.81174,10.054493,1 (Pop + Groove + Rock + Hip-Hop),groove_midi___drummer1_eval_session_10_soul-groove10_102_beat_4-4
1430,24.507458,8.868564,1 (Pop + Groove + Rock + Hip-Hop),groove_midi___drummer1_eval_session_1_funk-groove1_138_beat_4-4
1431,25.662867,8.962638,1 (Pop + Groove + Rock + Hip-Hop),groove_midi___drummer1_eval_session_2_funk-groove2_105_beat_4-4
1432,25.495712,8.412865,1 (Pop + Groove + Rock + Hip-Hop),groove_midi___drummer1_eval_session_3_soul-groove3_86_beat_4-4
1433,26.755564,10.003218,1 (Pop + Groove + Rock + Hip-Hop),groove_midi___drummer1_eval_session_4_soul-groove4_80_beat_4-4
1434,25.237497,8.503635,1 (Pop + Groove + Rock + Hip-Hop),groove_midi___drummer1_eval_session_5_funk-groove5_84_beat_4-4
1435,26.32866,9.280617,1 (Pop + Groove + Rock + Hip-Hop),groove_midi___drummer1_eval_session_6_hiphop-groove6_87_beat_4-4
1436,26.60919,9.857812,1 (Pop + Groove + Rock + Hip-Hop),groove_midi___drummer1_eval_session_7_pop-groove7_138_beat_4-4
1437,26.824453,10.129009,1 (Pop + Groove + Rock + Hip-Hop),groove_midi___drummer1_eval_session_8_rock-groove8_65_beat_4-4
1438,27.02187,9.948145,1 (Pop + Groove + Rock + Hip-Hop),groove_midi___drummer1_eval_session_9_soul-groove9_105_beat_4-4
1439,25.06153,7.9095354,1 (Pop + Groove + Rock + Hip-Hop),groove_midi___drummer1_session1_100_neworleans-secondline_94_beat_4-4
1440,23.317114,10.563841,1 (Pop + Groove + Rock + Hip-Hop),groove_midi___drummer1_session1_101_dance-disco_120_beat_4-4
1441,25.778738,9.097083,1 (Pop + Groove + Rock + Hip-Hop),groove_midi___drummer1_session1_102_funk_95_beat_4-4
1442,24.016502,7.8168974,1 (Pop + Groove + Rock + Hip-Hop),groove_midi___drummer1_session1_126_funk-fast_125_beat_4-4
1443,26.291801,9.078956,1 (Pop + Groove + Rock + Hip-Hop),groove_midi___drummer1_session1_145_latin-brazilian-baiao_95_beat_4-4
1444,22.329899,9.888326,1 (Pop + Groove + Rock + Hip-Hop),groove_midi___drummer1_session1_146_latin-brazilian-baiao_95_beat_4-4
1445,22.708199,9.7752285,1 (Pop + Groove + Rock + Hip-Hop),groove_midi___drummer1_session1_176_afrocuban_105_beat_4-4
1446,23.39173,9.610793,1 (Pop + Groove + Rock + Hip-Hop),groove_midi___drummer1_session1_183_afrocuban_105_beat_4-4
1447,26.789124,10.131406,1 (Pop + Groove + Rock + Hip-Hop),groove_midi___drummer1_session1_184_reggae_78_beat_4-4
1448,25.189339,8.362459,1 (Pop + Groove + Rock + Hip-Hop),groove_midi___drummer1_session1_1_funk_80_beat_4-4
1449,26.72569,9.469557,1 (Pop + Groove + Rock + Hip-Hop),groove_midi___drummer1_session1_201_reggae-slow_64_beat_4-4
1450,24.52002,10.61035,1 (Pop + Groove + Rock + Hip-Hop),groove_midi___drummer1_session1_202_rock-halftime_140_beat_4-4
1451,23.306559,10.506492,1 (Pop + Groove + Rock + Hip-Hop),groove_midi___drummer1_session1_239_funk-purdieshuffle_130_beat_4-4
1452,23.930174,7.339087,1 (Pop + Groove + Rock + Hip-Hop),groove_midi___drummer1_session1_28_latin-samba_116_beat_4-4
1453,24.818432,9.100832,1 (Pop + Groove + Rock + Hip-Hop),groove_midi___drummer1_session1_2_funk_80_beat_4-4
1454,22.428295,9.683044,1 (Pop + Groove + Rock + Hip-Hop),groove_midi___drummer1_session1_38_latin-samba_116_beat_4-4
1455,25.020506,8.699509,1 (Pop + Groove + Rock + Hip-Hop),groove_midi___drummer1_session1_3_funk_80_beat_4-4
1456,22.609858,10.672945,1 (Pop + Groove + Rock + Hip-Hop),groove_midi___drummer1_session1_47_jazz_102_beat_4-4
1457,22.90552,10.7658,1 (Pop + Groove + Rock + Hip-Hop),groove_midi___drummer1_session1_48_jazz_93_beat_4-4
1458,22.724834,10.8034725,1 (Pop + Groove + Rock + Hip-Hop),groove_midi___drummer1_session1_49_jazz_125_beat_4-4
1459,22.923851,10.061181,1 (Pop + Groove + Rock + Hip-Hop),groove_midi___drummer1_session1_4_jazz-funk_116_beat_4-4
1460,27.064165,10.014698,1 (Pop + Groove + Rock + Hip-Hop),groove_midi___drummer1_session1_50_jazz_125_beat_4-4
1461,23.485489,10.88033,1 (Pop + Groove + Rock + Hip-Hop),groove_midi___drummer1_session1_51_rock-shuffle_125_beat_4-4
1462,22.528093,10.616375,1 (Pop + Groove + Rock + Hip-Hop),groove_midi___drummer1_session1_52_jazz_125_beat_4-4
1463,22.7238,9.434062,1 (Pop + Groove + Rock + Hip-Hop),groove_midi___drummer1_session1_5_jazz-funk_116_beat_4-4
1464,24.400019,8.145328,1 (Pop + Groove + Rock + Hip-Hop),groove_midi___drummer1_session1_75_jazz_125_beat_4-4
1465,22.387747,10.734392,1 (Pop + Groove + Rock + Hip-Hop),groove_midi___drummer1_session1_77_jazz-mediumfast_180_beat_4-4
1466,22.060703,10.122699,1 (Pop + Groove + Rock + Hip-Hop),groove_midi___drummer1_session1_78_jazz-fast_290_beat_4-4
1467,23.384617,10.494539,1 (Pop + Groove + Rock + Hip-Hop),groove_midi___drummer1_session1_79_latin-reggaeton_90_beat_4-4
1468,25.602444,9.233908,1 (Pop + Groove + Rock + Hip-Hop),groove_midi___drummer1_session1_80_dance-breakbeat_170_beat_4-4
1469,25.185741,8.980135,1 (Pop + Groove + Rock + Hip-Hop),groove_midi___drummer1_session1_81_dance-breakbeat_170_beat_4-4
1470,25.32373,10.395905,1 (Pop + Groove + Rock + Hip-Hop),groove_midi___drummer1_session1_82_neworleans-funk_84_beat_4-4
1471,26.068775,8.920188,1 (Pop + Groove + Rock + Hip-Hop),groove_midi___drummer1_session2_10_country_114_beat_4-4
1472,24.368168,9.451301,1 (Pop + Groove + Rock + Hip-Hop),groove_midi___drummer1_session2_110_rock-prog_190_beat_4-4
1473,25.087578,8.173839,1 (Pop + Groove + Rock + Hip-Hop),groove_midi___drummer1_session2_111_rock-prog_110_beat_5-4
1474,23.376993,7.955494,1 (Pop + Groove + Rock + Hip-Hop),groove_midi___drummer1_session2_112_afrocuban-bembe_122_beat_4-4
1475,24.025913,9.814744,1 (Pop + Groove + Rock + Hip-Hop),groove_midi___drummer1_session2_142_gospel_120_beat_4-4
1476,24.31387,8.665027,1 (Pop + Groove + Rock + Hip-Hop),groove_midi___drummer1_session2_161_afrocuban-rhumba_110_beat_4-4
1477,24.462208,11.317362,1 (Pop + Groove + Rock + Hip-Hop),groove_midi___drummer1_session2_180_rock_50_beat_4-4
1478,25.48566,9.427124,1 (Pop + Groove + Rock + Hip-Hop),groove_midi___drummer1_session2_181_rock_115_beat_4-4
1479,24.481327,9.050392,1 (Pop + Groove + Rock + Hip-Hop),groove_midi___drummer1_session2_1_latin-chacarera_157_beat_3-4
1480,24.137146,8.5948515,1 (Pop + Groove + Rock + Hip-Hop),groove_midi___drummer1_session2_2_latin-chacarera_118_beat_4-4
1481,26.039787,8.906665,1 (Pop + Groove + Rock + Hip-Hop),groove_midi___drummer1_session2_32_punk_140_beat_4-4
1482,27.268866,9.082006,1 (Pop + Groove + Rock + Hip-Hop),groove_midi___drummer1_session2_35_punk_128_beat_4-4
1483,24.389652,8.430111,1 (Pop + Groove + Rock + Hip-Hop),groove_midi___drummer1_session2_3_latin-chacarera_118_beat_4-4
1484,23.780289,9.623812,1 (Pop + Groove + Rock + Hip-Hop),groove_midi___drummer1_session2_4_jazz_120_beat_3-4
1485,23.955246,9.268516,1 (Pop + Groove + Rock + Hip-Hop),groove_midi___drummer1_session2_5_jazz_200_beat_3-4
1486,25.43568,10.155391,1 (Pop + Groove + Rock + Hip-Hop),groove_midi___drummer1_session2_62_punk_144_beat_4-4
1487,26.28988,9.308063,1 (Pop + Groove + Rock + Hip-Hop),groove_midi___drummer1_session2_6_rock_102_beat_3-4
1488,26.252804,8.13181,1 (Pop + Groove + Rock + Hip-Hop),groove_midi___drummer1_session2_7_jazz-march_88_beat_4-4
1489,25.807775,7.783146,1 (Pop + Groove + Rock + Hip-Hop),groove_midi___drummer1_session2_8_jazz-march_176_beat_4-4
1490,23.93139,10.54212,1 (Pop + Groove + Rock + Hip-Hop),groove_midi___drummer1_session2_90_funk-rock_92_beat_4-4
1491,25.524687,7.282333,1 (Pop + Groove + Rock + Hip-Hop),groove_midi___drummer1_session2_9_jazz-march_120_beat_4-4
1492,25.529287,8.673554,1 (Pop + Groove + Rock + Hip-Hop),groove_midi___drummer1_session3_10_rock-folk_90_beat_4-4
1493,23.603626,8.454147,1 (Pop + Groove + Rock + Hip-Hop),groove_midi___drummer1_session3_11_afrobeat_94_beat_4-4
1494,24.452991,9.5202465,1 (Pop + Groove + Rock + Hip-Hop),groove_midi___drummer1_session3_12_latin-bomba_96_beat_4-4
1495,24.725555,7.449428,1 (Pop + Groove + Rock + Hip-Hop),groove_midi___drummer1_session3_13_rock_115_beat_4-4
1496,25.85386,10.691192,1 (Pop + Groove + Rock + Hip-Hop),groove_midi___drummer1_session3_14_rock_94_beat_4-4
1497,25.471916,7.5468354,1 (Pop + Groove + Rock + Hip-Hop),groove_midi___drummer1_session3_15_funk_117_beat_4-4
1498,24.77957,7.3637066,1 (Pop + Groove + Rock + Hip-Hop),groove_midi___drummer1_session3_16_funk_117_beat_4-4
1499,24.825665,9.521985,1 (Pop + Groove + Rock + Hip-Hop),groove_midi___drummer1_session3_17_afrocuban-calypso_108_beat_4-4
1500,26.230206,9.098971,1 (Pop + Groove + Rock + Hip-Hop),groove_midi___drummer1_session3_18_rock_128_beat_4-4
1501,23.716995,8.267807,1 (Pop + Groove + Rock + Hip-Hop),groove_midi___drummer1_session3_1_rock-prog_125_beat_4-4
1502,23.166088,9.683251,1 (Pop + Groove + Rock + Hip-Hop),groove_midi___drummer1_session3_2_jazz-swing_185_beat_4-4
1503,26.261028,8.654757,1 (Pop + Groove + Rock + Hip-Hop),groove_midi___drummer1_session3_3_rock-rockabilly_200_beat_4-4
1504,22.770756,8.985554,1 (Pop + Groove + Rock + Hip-Hop),groove_midi___drummer1_session3_4_jazz-linear_182_beat_4-4
1505,22.835423,8.82124,1 (Pop + Groove + Rock + Hip-Hop),groove_midi___drummer1_session3_5_jazz-linear_128_beat_4-4
1506,25.491426,8.443086,1 (Pop + Groove + Rock + Hip-Hop),groove_midi___drummer1_session3_6_dance-disco_120_beat_4-4
1507,24.89559,7.3551435,1 (Pop + Groove + Rock + Hip-Hop),groove_midi___drummer1_session3_7_dance-disco_120_beat_4-4
1508,20.756672,2.018447,1 (Pop + Groove + Rock + Hip-Hop),groove_midi___drummer1_session3_8_rock_135_beat_4-4
1509,23.875391,8.252471,1 (Pop + Groove + Rock + Hip-Hop),groove_midi___drummer1_session3_9_rock_135_beat_4-4
1510,22.70435,10.548946,1 (Pop + Groove + Rock + Hip-Hop),groove_midi___drummer3_session1_11_rock_120_beat_4-4
1511,22.8577,10.325135,1 (Pop + Groove + Rock + Hip-Hop),groove_midi___drummer3_session1_12_rock_120_beat_4-4
1512,24.910246,8.962546,1 (Pop + Groove + Rock + Hip-Hop),groove_midi___drummer3_session1_13_rock_120_beat_4-4
1513,25.378735,11.289266,1 (Pop + Groove + Rock + Hip-Hop),groove_midi___drummer3_session1_14_rock_120_beat_4-4
1514,22.635231,11.177617,1 (Pop + Groove + Rock + Hip-Hop),groove_midi___drummer3_session1_15_jazz_120_beat_4-4
1515,27.44221,8.978074,1 (Pop + Groove + Rock + Hip-Hop),groove_midi___drummer3_session1_16_jazz_120_beat_4-4
1516,23.554262,9.824563,1 (Pop + Groove + Rock + Hip-Hop),groove_midi___drummer3_session1_18_rock_120_beat_4-4
1517,24.147316,10.151604,1 (Pop + Groove + Rock + Hip-Hop),groove_midi___drummer3_session1_1_rock_105_beat_4-4
1518,22.353117,10.46201,1 (Pop + Groove + Rock + Hip-Hop),groove_midi___drummer3_session1_22_jazz_120_beat_4-4
1519,24.480669,8.182153,1 (Pop + Groove + Rock + Hip-Hop),groove_midi___drummer3_session1_35_rock_120_beat_4-4
1520,25.842455,9.374141,1 (Pop + Groove + Rock + Hip-Hop),groove_midi___drummer3_session1_3_rock_105_beat_4-4
1521,23.311544,10.846479,1 (Pop + Groove + Rock + Hip-Hop),groove_midi___drummer3_session1_4_rock_105_beat_4-4
1522,25.942158,7.437939,1 (Pop + Groove + Rock + Hip-Hop),groove_midi___drummer3_session1_5_rock_105_beat_4-4
1523,24.911713,8.182623,1 (Pop + Groove + Rock + Hip-Hop),groove_midi___drummer3_session1_7_rock_105_beat_4-4
1524,22.467222,10.561914,1 (Pop + Groove + Rock + Hip-Hop),groove_midi___drummer3_session1_8_jazz_105_beat_4-4
1525,23.357725,10.617905,1 (Pop + Groove + Rock + Hip-Hop),groove_midi___drummer3_session1_9_rock_105_beat_4-4
1526,26.895542,9.931786,1 (Pop + Groove + Rock + Hip-Hop),groove_midi___drummer3_session2_10_rock_100_beat_4-4
1527,24.14551,10.655821,1 (Pop + Groove + Rock + Hip-Hop),groove_midi___drummer3_session2_16_rock_100_beat_4-4
1528,26.097939,7.608801,1 (Pop + Groove + Rock + Hip-Hop),groove_midi___drummer3_session2_1_rock_100_beat_4-4
1529,26.301468,9.461042,1 (Pop + Groove + Rock + Hip-Hop),groove_midi___drummer3_session2_20_rock_92_beat_4-4
1530,24.942196,9.044429,1 (Pop + Groove + Rock + Hip-Hop),groove_midi___drummer3_session2_22_rock_92_beat_4-4
1531,23.359571,9.79212,1 (Pop + Groove + Rock + Hip-Hop),groove_midi___drummer3_session2_24_rock_92_beat_4-4
1532,24.956463,10.345652,1 (Pop + Groove + Rock + Hip-Hop),groove_midi___drummer3_session2_25_hiphop_92_beat_4-4
1533,25.32346,10.41333,1 (Pop + Groove + Rock + Hip-Hop),groove_midi___drummer3_session2_26_hiphop_92_beat_4-4
1534,26.09831,7.4821424,1 (Pop + Groove + Rock + Hip-Hop),groove_midi___drummer3_session2_2_rock_100_beat_4-4
1535,23.490858,10.0845375,1 (Pop + Groove + Rock + Hip-Hop),groove_midi___drummer3_session2_37_rock_92_beat_4-4
1536,25.413338,9.829885,1 (Pop + Groove + Rock + Hip-Hop),groove_midi___drummer3_session2_43_rock_110_beat_4-4
1537,26.173958,7.7422266,1 (Pop + Groove + Rock + Hip-Hop),groove_midi___drummer3_session2_5_rock_100_beat_4-4
1538,25.84573,7.801651,1 (Pop + Groove + Rock + Hip-Hop),groove_midi___drummer3_session2_6_rock_100_beat_4-4
1539,25.256695,9.774964,1 (Pop + Groove + Rock + Hip-Hop),groove_midi___drummer4_session1_1_rock_87_beat_4-4
1540,24.80032,8.371591,1 (Pop + Groove + Rock + Hip-Hop),groove_midi___drummer4_session1_2_jazz_158_beat_4-4
1541,24.760807,8.888506,1 (Pop + Groove + Rock + Hip-Hop),groove_midi___drummer4_session1_3_jazz-klezmer_152_beat_4-4
1542,25.555164,7.484329,1 (Pop + Groove + Rock + Hip-Hop),groove_midi___drummer4_session1_4_latin-brazilian_92_beat_4-4
1543,25.20643,7.244639,1 (Pop + Groove + Rock + Hip-Hop),groove_midi___drummer4_session1_5_latin-brazilian_184_beat_4-4
1544,27.079473,10.285206,1 (Pop + Groove + Rock + Hip-Hop),groove_midi___drummer5_eval_session_10_soul-groove10_102_beat_4-4
1545,23.910736,11.109921,1 (Pop + Groove + Rock + Hip-Hop),groove_midi___drummer5_eval_session_1_funk-groove1_138_beat_4-4
1546,26.822155,10.10688,1 (Pop + Groove + Rock + Hip-Hop),groove_midi___drummer5_eval_session_2_funk-groove2_105_beat_4-4
1547,26.873379,8.772186,1 (Pop + Groove + Rock + Hip-Hop),groove_midi___drummer5_eval_session_3_soul-groove3_86_beat_4-4
1548,26.877043,9.641697,1 (Pop + Groove + Rock + Hip-Hop),groove_midi___drummer5_eval_session_4_soul-groove4_80_beat_4-4
1549,26.359144,9.101645,1 (Pop + Groove + Rock + Hip-Hop),groove_midi___drummer5_eval_session_5_funk-groove5_84_beat_4-4
1550,27.189423,9.928779,1 (Pop + Groove + Rock + Hip-Hop),groove_midi___drummer5_eval_session_6_hiphop-groove6_87_beat_4-4
1551,26.933325,10.280841,1 (Pop + Groove + Rock + Hip-Hop),groove_midi___drummer5_eval_session_7_pop-groove7_138_beat_4-4
1552,26.619417,10.435376,1 (Pop + Groove + Rock + Hip-Hop),groove_midi___drummer5_eval_session_8_rock-groove8_65_beat_4-4
1553,27.086126,9.917507,1 (Pop + Groove + Rock + Hip-Hop),groove_midi___drummer5_eval_session_9_soul-groove9_105_beat_4-4
1554,24.494555,7.4342985,1 (Pop + Groove + Rock + Hip-Hop),groove_midi___drummer5_session1_10_latin-brazilian-sambareggae_96_beat_4-4
1555,24.42883,7.4449906,1 (Pop + Groove + Rock + Hip-Hop),groove_midi___drummer5_session1_11_latin-brazilian-sambareggae_96_beat_4-4
1556,24.34855,7.707827,1 (Pop + Groove + Rock + Hip-Hop),groove_midi___drummer5_session1_12_latin-brazilian-sambareggae_96_beat_4-4
1557,23.952349,10.294318,1 (Pop + Groove + Rock + Hip-Hop),groove_midi___drummer5_session1_13_afrocuban-calypso_124_beat_4-4
1558,23.118582,10.090329,1 (Pop + Groove + Rock + Hip-Hop),groove_midi___drummer5_session1_14_latin-brazilian-songo_112_beat_4-4
1559,23.681915,10.795811,1 (Pop + Groove + Rock + Hip-Hop),groove_midi___drummer5_session1_15_funk_100_beat_4-4
1560,23.664003,10.954887,1 (Pop + Groove + Rock + Hip-Hop),groove_midi___drummer5_session1_16_rock_136_beat_4-4
1561,23.579666,10.902409,1 (Pop + Groove + Rock + Hip-Hop),groove_midi___drummer5_session1_17_blues-shuffle_72_beat_4-4
1562,22.879913,10.463196,1 (Pop + Groove + Rock + Hip-Hop),groove_midi___drummer5_session1_18_afrocuban_128_beat_4-4
1563,25.25453,9.949867,1 (Pop + Groove + Rock + Hip-Hop),groove_midi___drummer5_session1_19_middleeastern_126_beat_4-4
1564,23.933424,9.141742,1 (Pop + Groove + Rock + Hip-Hop),groove_midi___drummer5_session1_1_latin-brazilian-bossa_127_beat_4-4
1565,24.354677,8.746872,1 (Pop + Groove + Rock + Hip-Hop),groove_midi___drummer5_session1_20_latin-brazilian-baiao_110_beat_4-4
1566,23.793747,10.424776,1 (Pop + Groove + Rock + Hip-Hop),groove_midi___drummer5_session1_2_latin-brazilian-bossa_127_beat_4-4
1567,24.48989,7.9733887,1 (Pop + Groove + Rock + Hip-Hop),groove_midi___drummer5_session1_3_latin-brazilian-samba_89_beat_4-4
1568,24.26407,7.5705714,1 (Pop + Groove + Rock + Hip-Hop),groove_midi___drummer5_session1_4_latin-brazilian-samba_89_beat_4-4
1569,24.125755,7.547206,1 (Pop + Groove + Rock + Hip-Hop),groove_midi___drummer5_session1_5_latin-brazilian-samba_89_beat_4-4
1570,24.192442,7.260289,1 (Pop + Groove + Rock + Hip-Hop),groove_midi___drummer5_session1_6_latin-brazilian-maracatu_96_beat_4-4
1571,25.46548,9.3100605,1 (Pop + Groove + Rock + Hip-Hop),groove_midi___drummer5_session1_7_latin-brazilian-maracatu_96_beat_4-4
1572,24.249062,7.5251837,1 (Pop + Groove + Rock + Hip-Hop),groove_midi___drummer5_session1_8_latin-venezuelan-merengue_162_beat_5-8
1573,23.94561,8.78017,1 (Pop + Groove + Rock + Hip-Hop),groove_midi___drummer5_session1_9_latin-dominican-merengue_130_beat_4-4
1574,26.042345,10.02297,1 (Pop + Groove + Rock + Hip-Hop),groove_midi___drummer5_session2_10_neworleans-funk_102_beat_4-4
1575,26.00765,10.549549,1 (Pop + Groove + Rock + Hip-Hop),groove_midi___drummer5_session2_11_soul_96_beat_4-4
1576,23.64428,11.025509,1 (Pop + Groove + Rock + Hip-Hop),groove_midi___drummer5_session2_12_rock_105_beat_4-4
1577,24.365269,8.593059,1 (Pop + Groove + Rock + Hip-Hop),groove_midi___drummer5_session2_13_rock_140_beat_4-4
1578,24.457157,8.7304125,1 (Pop + Groove + Rock + Hip-Hop),groove_midi___drummer5_session2_14_rock_140_beat_4-4
1579,24.946371,8.023865,1 (Pop + Groove + Rock + Hip-Hop),groove_midi___drummer5_session2_15_latin-venezuelan-joropo_80_beat_4-4
1580,25.060827,9.712112,1 (Pop + Groove + Rock + Hip-Hop),groove_midi___drummer5_session2_16_latin-ando_125_beat_3-4
1581,25.670546,7.546384,1 (Pop + Groove + Rock + Hip-Hop),groove_midi___drummer5_session2_17_latin-brazilian-samba_110_beat_4-4
1582,23.417656,9.468606,1 (Pop + Groove + Rock + Hip-Hop),groove_midi___drummer5_session2_18_latin-brazilian-samba_93_beat_4-4
1583,22.935316,10.832763,1 (Pop + Groove + Rock + Hip-Hop),groove_midi___drummer5_session2_19_latin-brazilian-ijexa_108_beat_4-4
1584,23.37999,11.11394,1 (Pop + Groove + Rock + Hip-Hop),groove_midi___drummer5_session2_1_latin-venezuelan-sangueo_101_beat_4-4
1585,26.420786,9.813238,1 (Pop + Groove + Rock + Hip-Hop),groove_midi___drummer5_session2_20_latin-brazilian-ijexa_108_beat_4-4
1586,26.205364,9.838459,1 (Pop + Groove + Rock + Hip-Hop),groove_midi___drummer5_session2_21_latin-brazilian-ijexa_108_beat_4-4
1587,26.199053,11.312511,1 (Pop + Groove + Rock + Hip-Hop),groove_midi___drummer5_session2_22_latin-brazilian-frevo_133_beat_4-4
1588,25.921646,8.574722,1 (Pop + Groove + Rock + Hip-Hop),groove_midi___drummer5_session2_23_latin-brazilian-songo_120_beat_4-4
1589,23.743814,11.278196,1 (Pop + Groove + Rock + Hip-Hop),groove_midi___drummer5_session2_24_latin-brazilian-songo_120_beat_4-4
1590,25.366621,9.167348,1 (Pop + Groove + Rock + Hip-Hop),groove_midi___drummer5_session2_2_latin-brazilian_101_beat_4-4
1591,23.844652,10.607749,1 (Pop + Groove + Rock + Hip-Hop),groove_midi___drummer5_session2_3_latin-brazilian_101_beat_4-4
1592,25.197206,10.042264,1 (Pop + Groove + Rock + Hip-Hop),groove_midi___drummer5_session2_4_reggae_141_beat_4-4
1593,25.928377,10.188074,1 (Pop + Groove + Rock + Hip-Hop),groove_midi___drummer5_session2_5_reggae_126_beat_4-4
1594,26.649086,8.105814,1 (Pop + Groove + Rock + Hip-Hop),groove_midi___drummer5_session2_6_neworleans-secondline_99_beat_4-4
1595,26.491793,10.16873,1 (Pop + Groove + Rock + Hip-Hop),groove_midi___drummer5_session2_7_neworleans-secondline_124_beat_4-4
1596,24.80584,9.043908,1 (Pop + Groove + Rock + Hip-Hop),groove_midi___drummer5_session2_8_neworleans-chacha_124_beat_4-4
1597,26.746338,8.324101,1 (Pop + Groove + Rock + Hip-Hop),groove_midi___drummer5_session2_9_neworleans-shuffle_104_beat_4-4
1598,25.044203,10.0218935,1 (Pop + Groove + Rock + Hip-Hop),groove_midi___drummer6_session1_1_rock_70_beat_6-8
1599,25.660137,10.093552,1 (Pop + Groove + Rock + Hip-Hop),groove_midi___drummer6_session1_2_rock_70_beat_6-8
1600,26.124763,9.365377,1 (Pop + Groove + Rock + Hip-Hop),groove_midi___drummer6_session1_3_rock_80_beat_6-8
1601,24.647781,10.267097,1 (Pop + Groove + Rock + Hip-Hop),groove_midi___drummer6_session1_4_rock_80_beat_6-8
1602,24.06732,10.85581,1 (Pop + Groove + Rock + Hip-Hop),groove_midi___drummer6_session1_5_rock_60_beat_6-8
1603,26.33984,9.30191,1 (Pop + Groove + Rock + Hip-Hop),groove_midi___drummer6_session2_1_rock_95_beat_4-4
1604,24.87686,10.641949,1 (Pop + Groove + Rock + Hip-Hop),groove_midi___drummer6_session2_2_rock_95_beat_4-4
1605,24.01881,9.883565,1 (Pop + Groove + Rock + Hip-Hop),groove_midi___drummer6_session2_3_rock_88_beat_4-4
1606,24.721376,9.900698,1 (Pop + Groove + Rock + Hip-Hop),groove_midi___drummer6_session3_1_rock_90_beat_4-4
1607,24.888136,9.256052,1 (Pop + Groove + Rock + Hip-Hop),groove_midi___drummer6_session3_2_rock_100_beat_4-4
1608,25.621695,9.628761,1 (Pop + Groove + Rock + Hip-Hop),groove_midi___drummer6_session3_3_rock_100_beat_4-4
1609,25.421728,10.326932,1 (Pop + Groove + Rock + Hip-Hop),groove_midi___drummer6_session3_4_rock_127_beat_4-4
1610,23.813759,9.49362,1 (Pop + Groove + Rock + Hip-Hop),groove_midi___drummer6_session3_5_rock_180_beat_4-4
1611,23.801676,9.923823,1 (Pop + Groove + Rock + Hip-Hop),groove_midi___drummer6_session3_6_rock_88_beat_4-4
1612,24.960814,9.951729,1 (Pop + Groove + Rock + Hip-Hop),groove_midi___drummer6_session3_7_rock_88_beat_4-4
1613,26.523762,9.777734,1 (Pop + Groove + Rock + Hip-Hop),groove_midi___drummer7_eval_session_10_soul-groove10_102_beat_4-4
1614,23.391653,11.030975,1 (Pop + Groove + Rock + Hip-Hop),groove_midi___drummer7_eval_session_1_funk-groove1_138_beat_4-4
1615,26.87974,9.772176,1 (Pop + Groove + Rock + Hip-Hop),groove_midi___drummer7_eval_session_2_funk-groove2_105_beat_4-4
1616,26.102894,9.019948,1 (Pop + Groove + Rock + Hip-Hop),groove_midi___drummer7_eval_session_3_soul-groove3_86_beat_4-4
1617,26.699373,10.273523,1 (Pop + Groove + Rock + Hip-Hop),groove_midi___drummer7_eval_session_4_soul-groove4_80_beat_4-4
1618,26.237144,9.219172,1 (Pop + Groove + Rock + Hip-Hop),groove_midi___drummer7_eval_session_5_funk-groove5_84_beat_4-4
1619,26.850227,9.419574,1 (Pop + Groove + Rock + Hip-Hop),groove_midi___drummer7_eval_session_6_hiphop-groove6_87_beat_4-4
1620,26.824667,10.343967,1 (Pop + Groove + Rock + Hip-Hop),groove_midi___drummer7_eval_session_7_pop-groove7_138_beat_4-4
1621,27.02547,10.033054,1 (Pop + Groove + Rock + Hip-Hop),groove_midi___drummer7_eval_session_8_rock-groove8_65_beat_4-4
1622,27.009544,10.13041,1 (Pop + Groove + Rock + Hip-Hop),groove_midi___drummer7_eval_session_9_soul-groove9_105_beat_4-4
1623,25.9796,10.78766,1 (Pop + Groove + Rock + Hip-Hop),groove_midi___drummer7_session1_10_rock_93_beat_4-4
1624,25.960806,10.408374,1 (Pop + Groove + Rock + Hip-Hop),groove_midi___drummer7_session1_11_rock_93_beat_4-4
1625,25.041418,8.960853,1 (Pop + Groove + Rock + Hip-Hop),groove_midi___drummer7_session1_12_funk_102_beat_4-4
1626,24.991695,8.797181,1 (Pop + Groove + Rock + Hip-Hop),groove_midi___drummer7_session1_13_funk_102_beat_4-4
1627,24.275698,11.266084,1 (Pop + Groove + Rock + Hip-Hop),groove_midi___drummer7_session1_14_jazz_100_beat_4-4
1628,24.323061,11.152395,1 (Pop + Groove + Rock + Hip-Hop),groove_midi___drummer7_session1_15_jazz_112_beat_4-4
1629,25.417803,9.591277,1 (Pop + Groove + Rock + Hip-Hop),groove_midi___drummer7_session1_16_hiphop_100_beat_4-4
1630,25.42231,9.44629,1 (Pop + Groove + Rock + Hip-Hop),groove_midi___drummer7_session1_17_hiphop_100_beat_4-4
1631,25.071629,9.961178,1 (Pop + Groove + Rock + Hip-Hop),groove_midi___drummer7_session1_18_hiphop_100_beat_4-4
1632,24.435125,11.076987,1 (Pop + Groove + Rock + Hip-Hop),groove_midi___drummer7_session1_1_rock_86_beat_4-4
1633,25.28293,9.9457445,1 (Pop + Groove + Rock + Hip-Hop),groove_midi___drummer7_session1_22_hiphop_100_beat_4-4
1634,26.495207,9.08247,1 (Pop + Groove + Rock + Hip-Hop),groove_midi___drummer7_session1_38_hiphop_100_beat_4-4
1635,26.632217,9.265811,1 (Pop + Groove + Rock + Hip-Hop),groove_midi___drummer7_session1_39_hiphop_100_beat_4-4
1636,25.761501,9.982362,1 (Pop + Groove + Rock + Hip-Hop),groove_midi___drummer7_session1_7_rock_93_beat_4-4
1637,25.001535,9.537336,1 (Pop + Groove + Rock + Hip-Hop),groove_midi___drummer7_session1_8_rock_93_beat_4-4
1638,25.61853,10.177999,1 (Pop + Groove + Rock + Hip-Hop),groove_midi___drummer7_session1_9_rock_93_beat_4-4
1639,23.700394,10.465424,1 (Pop + Groove + Rock + Hip-Hop),groove_midi___drummer7_session2_100_pop_142_beat_4-4
1640,23.594498,10.302293,1 (Pop + Groove + Rock + Hip-Hop),groove_midi___drummer7_session2_101_pop_142_beat_4-4
1641,25.794533,10.863103,1 (Pop + Groove + Rock + Hip-Hop),groove_midi___drummer7_session2_103_pop_132_beat_4-4
1642,25.691778,10.595258,1 (Pop + Groove + Rock + Hip-Hop),groove_midi___drummer7_session2_104_pop_132_beat_4-4
1643,24.028755,10.940366,1 (Pop + Groove + Rock + Hip-Hop),groove_midi___drummer7_session2_106_soul-motown_104_beat_4-4
1644,23.975645,11.014927,1 (Pop + Groove + Rock + Hip-Hop),groove_midi___drummer7_session2_108_soul-motown_104_beat_4-4
1645,24.935415,9.793633,1 (Pop + Groove + Rock + Hip-Hop),groove_midi___drummer7_session2_112_jazz-fusion_96_beat_4-4
1646,24.908184,10.011454,1 (Pop + Groove + Rock + Hip-Hop),groove_midi___drummer7_session2_113_jazz-fusion_96_beat_4-4
1647,23.63886,10.51085,1 (Pop + Groove + Rock + Hip-Hop),groove_midi___drummer7_session2_115_jazz-fusion_96_beat_4-4
1648,26.571217,9.613457,1 (Pop + Groove + Rock + Hip-Hop),groove_midi___drummer7_session2_123_hiphop_140_beat_4-4
1649,25.138285,10.395293,1 (Pop + Groove + Rock + Hip-Hop),groove_midi___drummer7_session2_14_rock_95_beat_4-4
1650,22.885576,10.405506,1 (Pop + Groove + Rock + Hip-Hop),groove_midi___drummer7_session2_15_rock_118_beat_4-4
1651,25.977402,10.31471,1 (Pop + Groove + Rock + Hip-Hop),groove_midi___drummer7_session2_1_rock_120_beat_4-4
1652,22.948257,9.479423,1 (Pop + Groove + Rock + Hip-Hop),groove_midi___drummer7_session2_26_rock_118_beat_4-4
1653,26.057438,10.649876,1 (Pop + Groove + Rock + Hip-Hop),groove_midi___drummer7_session2_27_rock_75_beat_4-4
1654,26.057678,10.540148,1 (Pop + Groove + Rock + Hip-Hop),groove_midi___drummer7_session2_29_rock_75_beat_4-4
1655,26.922752,10.398904,1 (Pop + Groove + Rock + Hip-Hop),groove_midi___drummer7_session2_33_rock_75_beat_4-4
1656,25.374493,10.6057415,1 (Pop + Groove + Rock + Hip-Hop),groove_midi___drummer7_session2_36_rock_75_fill_4-4
1657,24.723076,10.437938,1 (Pop + Groove + Rock + Hip-Hop),groove_midi___drummer7_session2_37_rock_112_beat_4-4
1658,25.232773,9.308862,1 (Pop + Groove + Rock + Hip-Hop),groove_midi___drummer7_session2_45_rock_135_beat_4-4
1659,23.537298,10.386954,1 (Pop + Groove + Rock + Hip-Hop),groove_midi___drummer7_session2_46_rock_135_beat_4-4
1660,23.576504,10.098137,1 (Pop + Groove + Rock + Hip-Hop),groove_midi___drummer7_session2_53_rock_135_beat_4-4
1661,26.250029,9.675312,1 (Pop + Groove + Rock + Hip-Hop),groove_midi___drummer7_session2_54_soul-motown_148_beat_4-4
1662,26.315952,9.073049,1 (Pop + Groove + Rock + Hip-Hop),groove_midi___drummer7_session2_63_soul-motown_148_beat_4-4
1663,25.370272,10.102303,1 (Pop + Groove + Rock + Hip-Hop),groove_midi___drummer7_session2_64_rock_145_beat_4-4
1664,26.142334,9.9678135,1 (Pop + Groove + Rock + Hip-Hop),groove_midi___drummer7_session2_6_rock_120_beat_4-4
1665,26.603155,9.401633,1 (Pop + Groove + Rock + Hip-Hop),groove_midi___drummer7_session2_72_funk_100_beat_4-4
1666,26.579453,9.486472,1 (Pop + Groove + Rock + Hip-Hop),groove_midi___drummer7_session2_79_funk_100_beat_4-4
1667,25.72701,10.494061,1 (Pop + Groove + Rock + Hip-Hop),groove_midi___drummer7_session2_80_country_78_beat_4-4
1668,25.76356,10.893253,1 (Pop + Groove + Rock + Hip-Hop),groove_midi___drummer7_session2_87_hiphop_75_beat_4-4
1669,26.398676,10.262001,1 (Pop + Groove + Rock + Hip-Hop),groove_midi___drummer7_session2_8_rock_95_beat_4-4
1670,25.641272,10.710312,1 (Pop + Groove + Rock + Hip-Hop),groove_midi___drummer7_session2_93_hiphop_75_beat_4-4
1671,25.730265,9.976571,1 (Pop + Groove + Rock + Hip-Hop),groove_midi___drummer7_session2_96_pop_142_beat_4-4
1672,24.116678,10.099016,1 (Pop + Groove + Rock + Hip-Hop),groove_midi___drummer7_session2_97_pop_142_beat_4-4
1673,24.55053,11.625767,1 (Pop + Groove + Rock + Hip-Hop),groove_midi___drummer7_session3_106_hiphop_70_beat_4-4
1674,25.019278,9.95143,1 (Pop + Groove + Rock + Hip-Hop),groove_midi___drummer7_session3_108_rock_95_beat_4-4
1675,24.869904,10.337305,1 (Pop + Groove + Rock + Hip-Hop),groove_midi___drummer7_session3_109_rock_95_beat_4-4
1676,25.262667,10.73053,1 (Pop + Groove + Rock + Hip-Hop),groove_midi___drummer7_session3_10_rock_60_beat_4-4
1677,24.775446,10.227486,1 (Pop + Groove + Rock + Hip-Hop),groove_midi___drummer7_session3_117_rock_95_beat_4-4
1678,25.266132,10.253022,1 (Pop + Groove + Rock + Hip-Hop),groove_midi___drummer7_session3_119_rock_95_beat_4-4
1679,24.202513,11.144366,1 (Pop + Groove + Rock + Hip-Hop),groove_midi___drummer7_session3_11_pop-soft_83_beat_4-4
1680,23.563663,10.622286,1 (Pop + Groove + Rock + Hip-Hop),groove_midi___drummer7_session3_120_rock_93_beat_4-4
1681,23.785538,10.650088,1 (Pop + Groove + Rock + Hip-Hop),groove_midi___drummer7_session3_129_rock_93_beat_4-4
1682,25.799416,9.734778,1 (Pop + Groove + Rock + Hip-Hop),groove_midi___drummer7_session3_130_soul_105_beat_4-4
1683,25.905329,10.130683,1 (Pop + Groove + Rock + Hip-Hop),groove_midi___drummer7_session3_131_soul_105_beat_4-4
1684,25.924807,10.619701,1 (Pop + Groove + Rock + Hip-Hop),groove_midi___drummer7_session3_132_soul_105_beat_4-4
1685,25.60158,9.90811,1 (Pop + Groove + Rock + Hip-Hop),groove_midi___drummer7_session3_133_soul_105_beat_4-4
1686,25.700466,10.253676,1 (Pop + Groove + Rock + Hip-Hop),groove_midi___drummer7_session3_150_soul_105_beat_4-4
1687,24.99921,10.4935055,1 (Pop + Groove + Rock + Hip-Hop),groove_midi___drummer7_session3_151_soul_98_beat_4-4
1688,25.787289,10.396979,1 (Pop + Groove + Rock + Hip-Hop),groove_midi___drummer7_session3_159_soul_98_beat_4-4
1689,27.288183,10.20436,1 (Pop + Groove + Rock + Hip-Hop),groove_midi___drummer7_session3_1_rock_60_beat_4-4
1690,24.341116,11.528625,1 (Pop + Groove + Rock + Hip-Hop),groove_midi___drummer7_session3_22_pop-soft_83_beat_4-4
1691,23.971981,11.550666,1 (Pop + Groove + Rock + Hip-Hop),groove_midi___drummer7_session3_23_pop-soft_83_beat_4-4
1692,25.871414,10.678452,1 (Pop + Groove + Rock + Hip-Hop),groove_midi___drummer7_session3_24_hiphop_67_beat_4-4
1693,25.130215,10.452413,1 (Pop + Groove + Rock + Hip-Hop),groove_midi___drummer7_session3_38_hiphop_67_beat_4-4
1694,25.026785,10.6568365,1 (Pop + Groove + Rock + Hip-Hop),groove_midi___drummer7_session3_39_rock-indie_63_beat_4-4
1695,23.223722,10.883482,1 (Pop + Groove + Rock + Hip-Hop),groove_midi___drummer7_session3_46_rock-indie_63_beat_4-4
1696,25.083494,9.840249,1 (Pop + Groove + Rock + Hip-Hop),groove_midi___drummer7_session3_47_funk_112_beat_4-4
1697,25.125626,9.591953,1 (Pop + Groove + Rock + Hip-Hop),groove_midi___drummer7_session3_49_funk_112_beat_4-4
1698,24.790232,9.587381,1 (Pop + Groove + Rock + Hip-Hop),groove_midi___drummer7_session3_64_funk_112_beat_4-4
1699,25.062342,9.493763,1 (Pop + Groove + Rock + Hip-Hop),groove_midi___drummer7_session3_65_funk_112_beat_4-4
1700,25.475006,11.151177,1 (Pop + Groove + Rock + Hip-Hop),groove_midi___drummer7_session3_67_neworleans-funk_93_beat_4-4
1701,24.335901,11.457965,1 (Pop + Groove + Rock + Hip-Hop),groove_midi___drummer7_session3_91_neworleans-funk_93_beat_4-4
1702,24.53486,11.580055,1 (Pop + Groove + Rock + Hip-Hop),groove_midi___drummer7_session3_92_hiphop_70_beat_4-4
1703,26.973938,9.588194,1 (Pop + Groove + Rock + Hip-Hop),groove_midi___drummer8_eval_session_10_soul-groove10_102_beat_4-4
1704,25.993145,9.168229,1 (Pop + Groove + Rock + Hip-Hop),groove_midi___drummer8_eval_session_1_funk-groove1_138_beat_4-4
1705,26.513622,9.742087,1 (Pop + Groove + Rock + Hip-Hop),groove_midi___drummer8_eval_session_2_funk-groove2_105_beat_4-4
1706,25.305054,8.353823,1 (Pop + Groove + Rock + Hip-Hop),groove_midi___drummer8_eval_session_3_soul-groove3_86_beat_4-4
1707,26.774944,9.638691,1 (Pop + Groove + Rock + Hip-Hop),groove_midi___drummer8_eval_session_4_soul-groove4_80_beat_4-4
1708,25.516006,8.824365,1 (Pop + Groove + Rock + Hip-Hop),groove_midi___drummer8_eval_session_5_funk-groove5_84_beat_4-4
1709,25.834782,8.592032,1 (Pop + Groove + Rock + Hip-Hop),groove_midi___drummer8_eval_session_6_hiphop-groove6_87_beat_4-4
1710,26.55799,9.555753,1 (Pop + Groove + Rock + Hip-Hop),groove_midi___drummer8_eval_session_7_pop-groove7_138_beat_4-4
1711,27.008625,10.005487,1 (Pop + Groove + Rock + Hip-Hop),groove_midi___drummer8_eval_session_8_rock-groove8_65_beat_4-4
1712,26.943987,9.6050205,1 (Pop + Groove + Rock + Hip-Hop),groove_midi___drummer8_eval_session_9_soul-groove9_105_beat_4-4
1713,26.412819,9.399857,1 (Pop + Groove + Rock + Hip-Hop),groove_midi___drummer8_session1_10_neworleans-funk_82_beat_4-4
1714,25.848158,9.606654,1 (Pop + Groove + Rock + Hip-Hop),groove_midi___drummer8_session1_11_neworleans-funk_82_beat_4-4
1715,22.594374,9.784514,1 (Pop + Groove + Rock + Hip-Hop),groove_midi___drummer8_session1_12_latin_118_beat_4-4
1716,23.025587,10.124035,1 (Pop + Groove + Rock + Hip-Hop),groove_midi___drummer8_session1_13_latin_118_beat_4-4
1717,26.769264,10.218171,1 (Pop + Groove + Rock + Hip-Hop),groove_midi___drummer8_session1_14_hiphop_94_beat_4-4
1718,26.552408,10.075318,1 (Pop + Groove + Rock + Hip-Hop),groove_midi___drummer8_session1_15_hiphop_94_beat_4-4
1719,23.345995,9.952437,1 (Pop + Groove + Rock + Hip-Hop),groove_midi___drummer8_session1_16_afrobeat_90_beat_4-4
1720,25.4709,8.891175,1 (Pop + Groove + Rock + Hip-Hop),groove_midi___drummer8_session1_17_afrobeat_90_beat_4-4
1721,25.29866,9.608812,1 (Pop + Groove + Rock + Hip-Hop),groove_midi___drummer8_session1_18_funk_108_beat_4-4
1722,25.787378,9.751507,1 (Pop + Groove + Rock + Hip-Hop),groove_midi___drummer8_session1_19_funk_108_beat_4-4
1723,25.940134,10.40392,1 (Pop + Groove + Rock + Hip-Hop),groove_midi___drummer8_session1_1_funk_95_beat_4-4
1724,25.229162,9.095284,1 (Pop + Groove + Rock + Hip-Hop),groove_midi___drummer8_session1_20_rock-shuffle_112_beat_4-4
1725,25.078093,8.6633415,1 (Pop + Groove + Rock + Hip-Hop),groove_midi___drummer8_session1_21_rock-shuffle_112_beat_4-4
1726,24.998638,10.150627,1 (Pop + Groove + Rock + Hip-Hop),groove_midi___drummer8_session1_22_funk_115_beat_4-4
1727,26.83329,10.267704,1 (Pop + Groove + Rock + Hip-Hop),groove_midi___drummer8_session1_23_hiphop_70_beat_4-4
1728,24.079681,10.273929,1 (Pop + Groove + Rock + Hip-Hop),groove_midi___drummer8_session1_24_funk-latin_100_beat_4-4
1729,24.99713,10.14169,1 (Pop + Groove + Rock + Hip-Hop),groove_midi___drummer8_session1_25_funk-latin_100_beat_4-4
1730,23.57631,9.779124,1 (Pop + Groove + Rock + Hip-Hop),groove_midi___drummer8_session1_26_afrobeat_94_beat_4-4
1731,23.33807,7.766461,1 (Pop + Groove + Rock + Hip-Hop),groove_midi___drummer8_session1_27_latin_122_beat_4-4
1732,26.60264,9.509181,1 (Pop + Groove + Rock + Hip-Hop),groove_midi___drummer8_session1_28_rock_102_beat_4-4
1733,26.02004,10.138527,1 (Pop + Groove + Rock + Hip-Hop),groove_midi___drummer8_session1_2_funk_95_beat_4-4
1734,26.932991,9.439426,1 (Pop + Groove + Rock + Hip-Hop),groove_midi___drummer8_session1_3_hiphop_90_beat_4-4
1735,26.180752,9.155287,1 (Pop + Groove + Rock + Hip-Hop),groove_midi___drummer8_session1_4_hiphop_90_beat_4-4
1736,25.87416,9.682172,1 (Pop + Groove + Rock + Hip-Hop),groove_midi___drummer8_session1_5_hiphop_90_beat_4-4
1737,23.648647,10.484434,1 (Pop + Groove + Rock + Hip-Hop),groove_midi___drummer8_session1_6_funk_80_beat_4-4
1738,25.666656,9.766325,1 (Pop + Groove + Rock + Hip-Hop),groove_midi___drummer8_session1_7_funk_80_beat_4-4
1739,26.02023,9.686743,1 (Pop + Groove + Rock + Hip-Hop),groove_midi___drummer8_session1_8_funk_96_beat_4-4
1740,26.488932,9.646736,1 (Pop + Groove + Rock + Hip-Hop),groove_midi___drummer8_session1_9_funk_96_beat_4-4
1741,22.910097,9.88563,1 (Pop + Groove + Rock + Hip-Hop),groove_midi___drummer9_session1_13_rock_120_beat_4-4
1742,23.24411,9.655936,1 (Pop + Groove + Rock + Hip-Hop),groove_midi___drummer9_session1_14_rock_120_beat_4-4
1743,25.328983,8.015253,1 (Pop + Groove + Rock + Hip-Hop),groove_midi___drummer9_session1_18_rock_120_beat_4-4
1744,25.057787,7.7721124,1 (Pop + Groove + Rock + Hip-Hop),groove_midi___drummer9_session1_19_rock_120_beat_4-4
1745,24.162918,9.693785,1 (Pop + Groove + Rock + Hip-Hop),groove_midi___drummer9_session1_1_rock_100_beat_4-4
1746,23.57356,10.166294,1 (Pop + Groove + Rock + Hip-Hop),groove_midi___drummer9_session1_20_rock_120_beat_4-4
1747,23.730207,9.807319,1 (Pop + Groove + Rock + Hip-Hop),groove_midi___drummer9_session1_22_rock_120_beat_4-4
1748,23.015753,9.260555,1 (Pop + Groove + Rock + Hip-Hop),groove_midi___drummer9_session1_23_rock_120_beat_4-4
1749,23.224417,9.992228,1 (Pop + Groove + Rock + Hip-Hop),groove_midi___drummer9_session1_24_rock_90_beat_4-4
1750,25.86512,8.878941,1 (Pop + Groove + Rock + Hip-Hop),groove_midi___drummer9_session1_25_rock_90_beat_4-4
1751,23.310286,10.12766,1 (Pop + Groove + Rock + Hip-Hop),groove_midi___drummer9_session1_26_rock_90_beat_4-4
1752,23.444233,10.539467,1 (Pop + Groove + Rock + Hip-Hop),groove_midi___drummer9_session1_28_rock_90_beat_4-4
1753,24.288761,9.725192,1 (Pop + Groove + Rock + Hip-Hop),groove_midi___drummer9_session1_2_rock_100_beat_4-4
1754,24.974365,10.231851,1 (Pop + Groove + Rock + Hip-Hop),groove_midi___drummer9_session1_3_rock_100_beat_4-4
1755,23.370245,10.03442,1 (Pop + Groove + Rock + Hip-Hop),groove_midi___drummer9_session1_5_rock_100_beat_4-4
1756,25.767689,9.807383,1 (Pop + Groove + Rock + Hip-Hop),groove_midi___drummer9_session1_7_rock_100_beat_4-4
1757,-16.561077,0.778728,2 (Classical + Jazz),guitarset___00_BN1-129-Eb_comp_mix
1758,-15.993512,1.2668304,2 (Classical + Jazz),guitarset___00_BN1-147-Gb_comp_mix
1759,-16.064419,0.86143124,2 (Classical + Jazz),guitarset___00_BN2-131-B_comp_mix
1760,-15.722494,1.1439718,2 (Classical + Jazz),guitarset___00_BN2-166-Ab_comp_mix
1761,-16.451168,1.0915611,2 (Classical + Jazz),guitarset___00_BN3-119-G_comp_mix
1762,-15.879393,1.4416796,2 (Classical + Jazz),guitarset___00_BN3-154-E_comp_mix
1763,-15.565926,2.93007,2 (Classical + Jazz),guitarset___00_Funk1-114-Ab_comp_mix
1764,-15.42185,3.047223,2 (Classical + Jazz),guitarset___00_Funk1-97-C_comp_mix
1765,-15.961999,3.2752588,2 (Classical + Jazz),guitarset___00_Funk2-108-Eb_comp_mix
1766,-16.675213,3.7626429,2 (Classical + Jazz),guitarset___00_Funk2-119-G_comp_mix
1767,-16.447027,3.6883068,2 (Classical + Jazz),guitarset___00_Funk3-112-C#_comp_mix
1768,-16.056826,3.1403387,2 (Classical + Jazz),guitarset___00_Funk3-98-A_comp_mix
1769,-16.902138,3.103601,2 (Classical + Jazz),guitarset___00_Jazz1-130-D_comp_mix
1770,-15.423152,2.5532465,2 (Classical + Jazz),guitarset___00_Jazz1-200-B_comp_mix
1771,-16.60965,2.7932339,2 (Classical + Jazz),guitarset___00_Jazz2-110-Bb_comp_mix
1772,-14.93563,2.3189793,2 (Classical + Jazz),guitarset___00_Jazz2-187-F#_comp_mix
1773,-16.44345,1.7139114,2 (Classical + Jazz),guitarset___00_Jazz3-137-Eb_comp_mix
1774,-15.756382,2.9201179,2 (Classical + Jazz),guitarset___00_Jazz3-150-C_comp_mix
1775,-18.003029,3.690201,2 (Classical + Jazz),guitarset___00_Rock1-130-A_comp_mix
1776,-17.530275,3.5807548,2 (Classical + Jazz),guitarset___00_Rock1-90-C#_comp_mix
1777,-17.46978,3.5920107,2 (Classical + Jazz),guitarset___00_Rock2-142-D_comp_mix
1778,-17.404148,3.6326144,2 (Classical + Jazz),guitarset___00_Rock2-85-F_comp_mix
1779,-16.842228,3.5181704,2 (Classical + Jazz),guitarset___00_Rock3-117-Bb_comp_mix
1780,-17.746132,3.7804716,2 (Classical + Jazz),guitarset___00_Rock3-148-C_comp_mix
1781,-17.683815,-0.47697672,2 (Classical + Jazz),guitarset___00_SS1-100-C#_comp_mix
1782,-17.68886,-0.63110244,2 (Classical + Jazz),guitarset___00_SS1-68-E_comp_mix
1783,-17.591454,-0.21750346,2 (Classical + Jazz),guitarset___00_SS2-107-Ab_comp_mix
1784,-16.691914,0.9801051,2 (Classical + Jazz),guitarset___00_SS2-88-F_comp_mix
1785,-16.986586,0.26903954,2 (Classical + Jazz),guitarset___00_SS3-84-Bb_comp_mix
1786,-17.756159,-0.5682794,2 (Classical + Jazz),guitarset___00_SS3-98-C_comp_mix
1787,-15.594219,2.050861,2 (Classical + Jazz),guitarset___01_BN1-129-Eb_comp_mix
1788,-15.581494,2.2548616,2 (Classical + Jazz),guitarset___01_BN1-147-Gb_comp_mix
1789,-15.317088,2.5614157,2 (Classical + Jazz),guitarset___01_BN2-131-B_comp_mix
1790,-14.762134,2.8502088,2 (Classical + Jazz),guitarset___01_BN2-166-Ab_comp_mix
1791,-14.661765,2.1890836,2 (Classical + Jazz),guitarset___01_BN3-119-G_comp_mix
1792,-14.891245,2.4320288,2 (Classical + Jazz),guitarset___01_BN3-154-E_comp_mix
1793,-13.444555,2.891799,2 (Classical + Jazz),guitarset___01_Funk1-114-Ab_comp_mix
1794,-13.619323,2.8571248,2 (Classical + Jazz),guitarset___01_Funk1-97-C_comp_mix
1795,-13.663617,2.8377838,2 (Classical + Jazz),guitarset___01_Funk2-108-Eb_comp_mix
1796,-13.52626,2.8620787,2 (Classical + Jazz),guitarset___01_Funk2-119-G_comp_mix
1797,-13.673519,2.8413138,2 (Classical + Jazz),guitarset___01_Funk3-112-C#_comp_mix
1798,-13.572943,2.8695288,2 (Classical + Jazz),guitarset___01_Funk3-98-A_comp_mix
1799,-16.373768,0.9275657,2 (Classical + Jazz),guitarset___01_Jazz1-130-D_comp_mix
1800,-15.306336,1.4703494,2 (Classical + Jazz),guitarset___01_Jazz1-200-B_comp_mix
1801,-15.34847,2.4220185,2 (Classical + Jazz),guitarset___01_Jazz2-110-Bb_comp_mix
1802,-14.294552,2.5946896,2 (Classical + Jazz),guitarset___01_Jazz2-187-F#_comp_mix
1803,-14.973552,2.3638146,2 (Classical + Jazz),guitarset___01_Jazz3-137-Eb_comp_mix
1804,-14.725579,2.5902815,2 (Classical + Jazz),guitarset___01_Jazz3-150-C_comp_mix
1805,-15.838272,3.4115458,2 (Classical + Jazz),guitarset___01_Rock1-130-A_comp_mix
1806,-16.10674,3.29837,2 (Classical + Jazz),guitarset___01_Rock1-90-C#_comp_mix
1807,-15.86186,3.4365633,2 (Classical + Jazz),guitarset___01_Rock2-142-D_comp_mix
1808,-16.29865,2.928304,2 (Classical + Jazz),guitarset___01_Rock2-85-F_comp_mix
1809,-15.489959,3.3334205,2 (Classical + Jazz),guitarset___01_Rock3-117-Bb_comp_mix
1810,-15.350674,3.4590175,2 (Classical + Jazz),guitarset___01_Rock3-148-C_comp_mix
1811,-14.472389,2.9686918,2 (Classical + Jazz),guitarset___01_SS1-100-C#_comp_mix
1812,-17.43444,-1.8809761,2 (Classical + Jazz),guitarset___01_SS1-68-E_comp_mix
1813,-13.809683,2.7462037,2 (Classical + Jazz),guitarset___01_SS2-107-Ab_comp_mix
1814,-15.669913,2.7515666,2 (Classical + Jazz),guitarset___01_SS2-88-F_comp_mix
1815,-16.948572,1.0927107,2 (Classical + Jazz),guitarset___01_SS3-84-Bb_comp_mix
1816,-17.426228,-1.4737009,2 (Classical + Jazz),guitarset___01_SS3-98-C_comp_mix
1817,-17.363186,0.73343605,2 (Classical + Jazz),guitarset___02_BN1-129-Eb_comp_mix
1818,-16.309492,1.8119161,2 (Classical + Jazz),guitarset___02_BN1-147-Gb_comp_mix
1819,-17.26807,1.750717,2 (Classical + Jazz),guitarset___02_BN2-131-B_comp_mix
1820,-17.160177,1.0655245,2 (Classical + Jazz),guitarset___02_BN2-166-Ab_comp_mix
1821,-16.677132,2.0973494,2 (Classical + Jazz),guitarset___02_BN3-119-G_comp_mix
1822,-16.600365,1.7427692,2 (Classical + Jazz),guitarset___02_BN3-154-E_comp_mix
1823,-17.064934,1.8576614,2 (Classical + Jazz),guitarset___02_Funk1-114-Ab_comp_mix
1824,-17.310747,1.9390168,2 (Classical + Jazz),guitarset___02_Funk1-97-C_comp_mix
1825,-17.197742,2.1549478,2 (Classical + Jazz),guitarset___02_Funk2-108-Eb_comp_mix
1826,-16.946758,1.8676373,2 (Classical + Jazz),guitarset___02_Funk2-119-G_comp_mix
1827,-17.271866,1.9534098,2 (Classical + Jazz),guitarset___02_Funk3-112-C#_comp_mix
1828,-16.92248,1.6869038,2 (Classical + Jazz),guitarset___02_Funk3-98-A_comp_mix
1829,-16.92388,1.7334895,2 (Classical + Jazz),guitarset___02_Jazz1-130-D_comp_mix
1830,-17.600658,1.5185449,2 (Classical + Jazz),guitarset___02_Jazz1-200-B_comp_mix
1831,-16.860237,2.2896519,2 (Classical + Jazz),guitarset___02_Jazz2-110-Bb_comp_mix
1832,-16.96157,1.2190907,2 (Classical + Jazz),guitarset___02_Jazz2-187-F#_comp_mix
1833,-17.458973,1.2714455,2 (Classical + Jazz),guitarset___02_Jazz3-137-Eb_comp_mix
1834,-17.914225,1.2965306,2 (Classical + Jazz),guitarset___02_Jazz3-150-C_comp_mix
1835,-16.266445,2.379069,2 (Classical + Jazz),guitarset___02_Rock1-130-A_comp_mix
1836,-16.206232,1.7820257,2 (Classical + Jazz),guitarset___02_Rock1-90-C#_comp_mix
1837,-16.67545,1.9249349,2 (Classical + Jazz),guitarset___02_Rock2-142-D_comp_mix
1838,-16.977365,1.7427676,2 (Classical + Jazz),guitarset___02_Rock2-85-F_comp_mix
1839,-16.333078,2.6531174,2 (Classical + Jazz),guitarset___02_Rock3-117-Bb_comp_mix
1840,-15.982,3.6225634,2 (Classical + Jazz),guitarset___02_Rock3-148-C_comp_mix
1841,-17.6439,-0.39616492,2 (Classical + Jazz),guitarset___02_SS1-100-C#_comp_mix
1842,-17.779982,-1.0101851,2 (Classical + Jazz),guitarset___02_SS1-68-E_comp_mix
1843,-17.37211,1.4477254,2 (Classical + Jazz),guitarset___02_SS2-107-Ab_comp_mix
1844,-16.625368,1.9718142,2 (Classical + Jazz),guitarset___02_SS2-88-F_comp_mix
1845,-17.25319,2.5179636,2 (Classical + Jazz),guitarset___02_SS3-84-Bb_comp_mix
1846,-16.763046,2.5197828,2 (Classical + Jazz),guitarset___02_SS3-98-C_comp_mix
1847,-15.935004,1.2046454,2 (Classical + Jazz),guitarset___03_BN1-129-Eb_comp_mix
1848,-15.81774,1.213861,2 (Classical + Jazz),guitarset___03_BN1-147-Gb_comp_mix
1849,-16.108425,1.1488316,2 (Classical + Jazz),guitarset___03_BN2-131-B_comp_mix
1850,-15.541915,1.1705045,2 (Classical + Jazz),guitarset___03_BN2-166-Ab_comp_mix
1851,-16.227385,1.1145818,2 (Classical + Jazz),guitarset___03_BN3-119-G_comp_mix
1852,-15.944559,1.0661569,2 (Classical + Jazz),guitarset___03_BN3-154-E_comp_mix
1853,-15.2278185,2.4045167,2 (Classical + Jazz),guitarset___03_Funk1-114-Ab_comp_mix
1854,-15.164792,2.3195677,2 (Classical + Jazz),guitarset___03_Funk1-97-C_comp_mix
1855,-15.372335,2.487128,2 (Classical + Jazz),guitarset___03_Funk2-108-Eb_comp_mix
1856,-15.177572,2.238313,2 (Classical + Jazz),guitarset___03_Funk2-119-G_comp_mix
1857,-15.574097,1.9984058,2 (Classical + Jazz),guitarset___03_Funk3-112-C#_comp_mix
1858,-14.700473,2.5602765,2 (Classical + Jazz),guitarset___03_Funk3-98-A_comp_mix
1859,-15.861071,1.9913585,2 (Classical + Jazz),guitarset___03_Jazz1-130-D_comp_mix
1860,-15.474284,2.229605,2 (Classical + Jazz),guitarset___03_Jazz1-200-B_comp_mix
1861,-16.144936,1.8474251,2 (Classical + Jazz),guitarset___03_Jazz2-110-Bb_comp_mix
1862,-16.08636,1.4147245,2 (Classical + Jazz),guitarset___03_Jazz2-187-F#_comp_mix
1863,-15.900657,2.0770957,2 (Classical + Jazz),guitarset___03_Jazz3-137-Eb_comp_mix
1864,-15.695233,2.0802226,2 (Classical + Jazz),guitarset___03_Jazz3-150-C_comp_mix
1865,-16.28044,2.9345148,2 (Classical + Jazz),guitarset___03_Rock1-130-A_comp_mix
1866,-16.478764,2.5819314,2 (Classical + Jazz),guitarset___03_Rock1-90-C#_comp_mix
1867,-15.686453,2.7819846,2 (Classical + Jazz),guitarset___03_Rock2-142-D_comp_mix
1868,-16.244225,2.810568,2 (Classical + Jazz),guitarset___03_Rock2-85-F_comp_mix
1869,-15.872869,2.1888905,2 (Classical + Jazz),guitarset___03_Rock3-117-Bb_comp_mix
1870,-16.246572,3.059518,2 (Classical + Jazz),guitarset___03_Rock3-148-C_comp_mix
1871,-16.144089,2.7360365,2 (Classical + Jazz),guitarset___03_SS1-100-C#_comp_mix
1872,-16.57984,1.6053255,2 (Classical + Jazz),guitarset___03_SS1-68-E_comp_mix
1873,-15.595411,2.778435,2 (Classical + Jazz),guitarset___03_SS2-107-Ab_comp_mix
1874,-16.471678,2.8112955,2 (Classical + Jazz),guitarset___03_SS2-88-F_comp_mix
1875,-16.902739,0.781987,2 (Classical + Jazz),guitarset___03_SS3-84-Bb_comp_mix
1876,-16.593365,2.9247608,2 (Classical + Jazz),guitarset___03_SS3-98-C_comp_mix
1877,-16.233133,1.34797,2 (Classical + Jazz),guitarset___04_BN1-129-Eb_comp_mix
1878,-16.295444,1.1166016,2 (Classical + Jazz),guitarset___04_BN1-147-Gb_comp_mix
1879,-16.189001,1.1654167,2 (Classical + Jazz),guitarset___04_BN2-131-B_comp_mix
1880,-15.878306,1.1170923,2 (Classical + Jazz),guitarset___04_BN2-166-Ab_comp_mix
1881,-16.387009,1.084907,2 (Classical + Jazz),guitarset___04_BN3-119-G_comp_mix
1882,-15.918833,1.0583779,2 (Classical + Jazz),guitarset___04_BN3-154-E_comp_mix
1883,-14.438042,2.4220743,2 (Classical + Jazz),guitarset___04_Funk1-114-Ab_comp_mix
1884,-14.672802,1.7355604,2 (Classical + Jazz),guitarset___04_Funk1-97-C_comp_mix
1885,-14.252048,2.6936684,2 (Classical + Jazz),guitarset___04_Funk2-108-Eb_comp_mix
1886,-14.029646,2.779496,2 (Classical + Jazz),guitarset___04_Funk2-119-G_comp_mix
1887,-14.488107,2.6817307,2 (Classical + Jazz),guitarset___04_Funk3-112-C#_comp_mix
1888,-14.3558855,2.6807523,2 (Classical + Jazz),guitarset___04_Funk3-98-A_comp_mix
1889,-16.051727,0.98608756,2 (Classical + Jazz),guitarset___04_Jazz1-130-D_comp_mix
1890,-15.3368635,1.7397686,2 (Classical + Jazz),guitarset___04_Jazz1-200-B_comp_mix
1891,-16.364573,1.1659732,2 (Classical + Jazz),guitarset___04_Jazz2-110-Bb_comp_mix
1892,-15.881035,1.1052713,2 (Classical + Jazz),guitarset___04_Jazz2-187-F#_comp_mix
1893,-16.145296,1.1078296,2 (Classical + Jazz),guitarset___04_Jazz3-137-Eb_comp_mix
1894,-16.158964,1.1484275,2 (Classical + Jazz),guitarset___04_Jazz3-150-C_comp_mix
1895,-14.690004,1.7849551,2 (Classical + Jazz),guitarset___04_Rock1-130-A_comp_mix
1896,-16.451258,2.6002846,2 (Classical + Jazz),guitarset___04_Rock1-90-C#_comp_mix
1897,-17.041061,3.6828048,2 (Classical + Jazz),guitarset___04_Rock2-142-D_comp_mix
1898,-17.050045,0.62770647,2 (Classical + Jazz),guitarset___04_Rock2-85-F_comp_mix
1899,-16.127611,3.1694927,2 (Classical + Jazz),guitarset___04_Rock3-117-Bb_comp_mix
1900,-14.609447,1.8574324,2 (Classical + Jazz),guitarset___04_Rock3-148-C_comp_mix
1901,-17.839872,-0.27391315,2 (Classical + Jazz),guitarset___04_SS1-100-C#_comp_mix
1902,-17.942919,3.654605,2 (Classical + Jazz),guitarset___04_SS1-68-E_comp_mix
1903,-16.855062,0.5102275,2 (Classical + Jazz),guitarset___04_SS2-107-Ab_comp_mix
1904,-17.384447,0.38750327,2 (Classical + Jazz),guitarset___04_SS2-88-F_comp_mix
1905,-17.001198,1.1146594,2 (Classical + Jazz),guitarset___04_SS3-84-Bb_comp_mix
1906,-17.370085,0.09089701,2 (Classical + Jazz),guitarset___04_SS3-98-C_comp_mix
1907,-16.683302,0.86784846,2 (Classical + Jazz),guitarset___05_BN1-129-Eb_comp_mix
1908,-16.939844,0.49424633,2 (Classical + Jazz),guitarset___05_BN1-147-Gb_comp_mix
1909,-16.909636,0.65651923,2 (Classical + Jazz),guitarset___05_BN2-131-B_comp_mix
1910,-16.778957,0.77113444,2 (Classical + Jazz),guitarset___05_BN2-166-Ab_comp_mix
1911,-16.652315,1.1923759,2 (Classical + Jazz),guitarset___05_BN3-119-G_comp_mix
1912,-16.824953,0.623514,2 (Classical + Jazz),guitarset___05_BN3-154-E_comp_mix
1913,-15.600836,2.7097106,2 (Classical + Jazz),guitarset___05_Funk1-114-Ab_comp_mix
1914,-15.505598,2.6796796,2 (Classical + Jazz),guitarset___05_Funk1-97-C_comp_mix
1915,-15.651777,2.698724,2 (Classical + Jazz),guitarset___05_Funk2-108-Eb_comp_mix
1916,-15.423079,2.644723,2 (Classical + Jazz),guitarset___05_Funk2-119-G_comp_mix
1917,-15.79048,2.6409886,2 (Classical + Jazz),guitarset___05_Funk3-112-C#_comp_mix
1918,-15.546264,2.5905943,2 (Classical + Jazz),guitarset___05_Funk3-98-A_comp_mix
1919,-15.643864,2.493117,2 (Classical + Jazz),guitarset___05_Jazz1-130-D_comp_mix
1920,-14.786204,1.9439032,2 (Classical + Jazz),guitarset___05_Jazz1-200-B_comp_mix
1921,-16.132101,2.307976,2 (Classical + Jazz),guitarset___05_Jazz2-110-Bb_comp_mix
1922,-14.897258,1.8564097,2 (Classical + Jazz),guitarset___05_Jazz2-187-F#_comp_mix
1923,-15.406687,2.315079,2 (Classical + Jazz),guitarset___05_Jazz3-137-Eb_comp_mix
1924,-15.524572,2.3625045,2 (Classical + Jazz),guitarset___05_Jazz3-150-C_comp_mix
1925,-17.312515,3.2873664,2 (Classical + Jazz),guitarset___05_Rock1-130-A_comp_mix
1926,-16.754572,3.1604273,2 (Classical + Jazz),guitarset___05_Rock1-90-C#_comp_mix
1927,-17.345112,2.746298,2 (Classical + Jazz),guitarset___05_Rock2-142-D_comp_mix
1928,-16.914915,2.6559057,2 (Classical + Jazz),guitarset___05_Rock2-85-F_comp_mix
1929,-16.898207,2.987382,2 (Classical + Jazz),guitarset___05_Rock3-117-Bb_comp_mix
1930,-15.634384,4.103297,2 (Classical + Jazz),guitarset___05_Rock3-148-C_comp_mix
1931,-17.603416,-0.33000472,2 (Classical + Jazz),guitarset___05_SS1-100-C#_comp_mix
1932,-17.561848,-0.35498497,2 (Classical + Jazz),guitarset___05_SS1-68-E_comp_mix
1933,-17.108294,0.39570907,2 (Classical + Jazz),guitarset___05_SS2-107-Ab_comp_mix
1934,-17.555563,-0.27968442,2 (Classical + Jazz),guitarset___05_SS2-88-F_comp_mix
1935,-16.605602,1.5368859,2 (Classical + Jazz),guitarset___05_SS3-84-Bb_comp_mix
1936,-17.672794,-0.44332504,2 (Classical + Jazz),guitarset___05_SS3-98-C_comp_mix
1937,2.1387334,-2.6255212,1 (Pop + Groove + Rock + Hip-Hop),hainsworth___hainsworth_001
1938,-3.6043346,6.208146,2 (Classical + Jazz),hainsworth___hainsworth_002
1939,-4.7314596,5.068471,2 (Classical + Jazz),hainsworth___hainsworth_003
1940,-19.96503,-4.6173882,2 (Classical + Jazz),hainsworth___hainsworth_006
1941,-12.182797,-7.6640773,2 (Classical + Jazz),hainsworth___hainsworth_007
1942,-4.4249344,4.3770623,2 (Classical + Jazz),hainsworth___hainsworth_008
1943,-4.7368007,4.318425,2 (Classical + Jazz),hainsworth___hainsworth_009
1944,2.2161243,-7.7478976,1 (Pop + Groove + Rock + Hip-Hop),hainsworth___hainsworth_010
1945,4.160697,-5.6637306,1 (Pop + Groove + Rock + Hip-Hop),hainsworth___hainsworth_011
1946,-19.879135,-4.586675,2 (Classical + Jazz),hainsworth___hainsworth_012
1947,-15.510897,-8.741741,2 (Classical + Jazz),hainsworth___hainsworth_013
1948,14.873164,-1.8008959,1 (Pop + Groove + Rock + Hip-Hop),hainsworth___hainsworth_015
1949,-4.815757,-8.468902,2 (Classical + Jazz),hainsworth___hainsworth_016
1950,14.47512,-3.4959502,1 (Pop + Groove + Rock + Hip-Hop),hainsworth___hainsworth_017
1951,18.411695,6.432013,1 (Pop + Groove + Rock + Hip-Hop),hainsworth___hainsworth_018
1952,5.0603776,-3.854578,1 (Pop + Groove + Rock + Hip-Hop),hainsworth___hainsworth_019
1953,19.789486,2.2644572,1 (Pop + Groove + Rock + Hip-Hop),hainsworth___hainsworth_020
1954,-1.3223532,-5.729291,2 (Classical + Jazz),hainsworth___hainsworth_021
1955,2.032316,-6.2001553,1 (Pop + Groove + Rock + Hip-Hop),hainsworth___hainsworth_022
1956,1.0706615,-1.217751,1 (Pop + Groove + Rock + Hip-Hop),hainsworth___hainsworth_023
1957,-3.8399558,-0.9102351,2 (Classical + Jazz),hainsworth___hainsworth_024
1958,2.924212,-5.98647,1 (Pop + Groove + Rock + Hip-Hop),hainsworth___hainsworth_025
1959,-14.1050825,-11.57465,2 (Classical + Jazz),hainsworth___hainsworth_035
1960,-15.063811,-12.221699,2 (Classical + Jazz),hainsworth___hainsworth_036
1961,-14.800375,-10.753207,2 (Classical + Jazz),hainsworth___hainsworth_037
1962,2.464237,-1.3516232,1 (Pop + Groove + Rock + Hip-Hop),hainsworth___hainsworth_038
1963,10.486129,2.284025,1 (Pop + Groove + Rock + Hip-Hop),hainsworth___hainsworth_039
1964,14.961562,-1.8331491,1 (Pop + Groove + Rock + Hip-Hop),hainsworth___hainsworth_040
1965,5.0256367,-0.11992079,1 (Pop + Groove + Rock + Hip-Hop),hainsworth___hainsworth_041
1966,17.974634,-0.6384834,1 (Pop + Groove + Rock + Hip-Hop),hainsworth___hainsworth_042
1967,16.336258,-0.9945471,1 (Pop + Groove + Rock + Hip-Hop),hainsworth___hainsworth_043
1968,-1.2200487,-5.4077973,2 (Classical + Jazz),hainsworth___hainsworth_045
1969,3.6058717,-10.878243,1 (Pop + Groove + Rock + Hip-Hop),hainsworth___hainsworth_046
1970,3.3874292,-5.855139,1 (Pop + Groove + Rock + Hip-Hop),hainsworth___hainsworth_047
1971,0.71539557,-6.343217,1 (Pop + Groove + Rock + Hip-Hop),hainsworth___hainsworth_048
1972,-0.45661628,-2.5578632,1 (Pop + Groove + Rock + Hip-Hop),hainsworth___hainsworth_049
1973,8.932413,-8.231814,1 (Pop + Groove + Rock + Hip-Hop),hainsworth___hainsworth_050
1974,5.156971,-1.0157188,1 (Pop + Groove + Rock + Hip-Hop),hainsworth___hainsworth_051
1975,3.510021,0.33458537,1 (Pop + Groove + Rock + Hip-Hop),hainsworth___hainsworth_052
1976,1.0368404,-5.774455,1 (Pop + Groove + Rock + Hip-Hop),hainsworth___hainsworth_053
1977,3.6672537,0.3972118,1 (Pop + Groove + Rock + Hip-Hop),hainsworth___hainsworth_054
1978,3.6409547,-1.661238,1 (Pop + Groove + Rock + Hip-Hop),hainsworth___hainsworth_055
1979,-0.7251087,3.9774866,1 (Pop + Groove + Rock + Hip-Hop),hainsworth___hainsworth_056
1980,-4.1273184,-1.3132435,2 (Classical + Jazz),hainsworth___hainsworth_057
1981,-3.1922767,-3.4843776,2 (Classical + Jazz),hainsworth___hainsworth_058
1982,-4.8466506,-2.5997465,2 (Classical + Jazz),hainsworth___hainsworth_059
1983,-0.8003094,-2.15349,2 (Classical + Jazz),hainsworth___hainsworth_060
1984,-1.846401,-3.725847,2 (Classical + Jazz),hainsworth___hainsworth_061
1985,-5.178995,-3.1169128,2 (Classical + Jazz),hainsworth___hainsworth_062
1986,1.7943246,-5.0899215,1 (Pop + Groove + Rock + Hip-Hop),hainsworth___hainsworth_063
1987,3.0679634,-3.98567,1 (Pop + Groove + Rock + Hip-Hop),hainsworth___hainsworth_064
1988,-2.2164094,-1.6499832,2 (Classical + Jazz),hainsworth___hainsworth_065
1989,-0.3667033,-1.5235654,1 (Pop + Groove + Rock + Hip-Hop),hainsworth___hainsworth_066
1990,-2.0325828,0.8446692,2 (Classical + Jazz),hainsworth___hainsworth_067
1991,-1.8903998,-3.69174,2 (Classical + Jazz),hainsworth___hainsworth_068
1992,-1.4028587,-2.6370552,2 (Classical + Jazz),hainsworth___hainsworth_069
1993,-3.4482174,1.1993717,2 (Classical + Jazz),hainsworth___hainsworth_070
1994,0.9411804,-0.16651244,1 (Pop + Groove + Rock + Hip-Hop),hainsworth___hainsworth_071
1995,-7.290539,-9.641297,2 (Classical + Jazz),hainsworth___hainsworth_072
1996,3.241901,3.1588364,1 (Pop + Groove + Rock + Hip-Hop),hainsworth___hainsworth_073
1997,-7.1905193,1.9637488,2 (Classical + Jazz),hainsworth___hainsworth_074
1998,-3.3256943,1.1441534,2 (Classical + Jazz),hainsworth___hainsworth_075
1999,-8.084021,2.2865868,2 (Classical + Jazz),hainsworth___hainsworth_076
2000,-8.610712,0.6899288,2 (Classical + Jazz),hainsworth___hainsworth_077
2001,-4.1988707,1.0427785,2 (Classical + Jazz),hainsworth___hainsworth_078
2002,1.2057111,0.68448585,1 (Pop + Groove + Rock + Hip-Hop),hainsworth___hainsworth_079
2003,0.47288832,-3.6428835,1 (Pop + Groove + Rock + Hip-Hop),hainsworth___hainsworth_080
2004,3.4509547,-3.8180294,1 (Pop + Groove + Rock + Hip-Hop),hainsworth___hainsworth_081
2005,2.0523877,-4.2157283,1 (Pop + Groove + Rock + Hip-Hop),hainsworth___hainsworth_082
2006,0.34518352,-4.7066064,1 (Pop + Groove + Rock + Hip-Hop),hainsworth___hainsworth_083
2007,1.8659824,-8.013122,1 (Pop + Groove + Rock + Hip-Hop),hainsworth___hainsworth_084
2008,0.7207558,-3.0667489,1 (Pop + Groove + Rock + Hip-Hop),hainsworth___hainsworth_085
2009,0.5878312,-4.5901656,1 (Pop + Groove + Rock + Hip-Hop),hainsworth___hainsworth_086
2010,4.098073,-5.202169,1 (Pop + Groove + Rock + Hip-Hop),hainsworth___hainsworth_087
2011,1.8444711,-4.768716,1 (Pop + Groove + Rock + Hip-Hop),hainsworth___hainsworth_088
2012,1.4244598,-3.6682258,1 (Pop + Groove + Rock + Hip-Hop),hainsworth___hainsworth_089
2013,18.769857,-3.6919222,1 (Pop + Groove + Rock + Hip-Hop),hainsworth___hainsworth_090
2014,-3.1728563,-5.4611807,2 (Classical + Jazz),hainsworth___hainsworth_091
2015,-0.14111356,-1.6922995,1 (Pop + Groove + Rock + Hip-Hop),hainsworth___hainsworth_092
2016,1.5152969,-2.117706,1 (Pop + Groove + Rock + Hip-Hop),hainsworth___hainsworth_093
2017,-4.0158806,-2.903473,2 (Classical + Jazz),hainsworth___hainsworth_094
2018,4.0676203,-3.2611616,1 (Pop + Groove + Rock + Hip-Hop),hainsworth___hainsworth_095
2019,1.048874,-5.1029453,1 (Pop + Groove + Rock + Hip-Hop),hainsworth___hainsworth_096
2020,0.652736,-1.6795845,1 (Pop + Groove + Rock + Hip-Hop),hainsworth___hainsworth_097
2021,2.0469692,-4.005024,1 (Pop + Groove + Rock + Hip-Hop),hainsworth___hainsworth_098
2022,-2.0166352,0.07687393,2 (Classical + Jazz),hainsworth___hainsworth_099
2023,8.488898,-4.9632688,1 (Pop + Groove + Rock + Hip-Hop),hainsworth___hainsworth_100
2024,-2.9203706,6.877138,2 (Classical + Jazz),hainsworth___hainsworth_102
2025,-10.241769,0.43897375,2 (Classical + Jazz),hainsworth___hainsworth_103
2026,-5.6762924,5.4816074,2 (Classical + Jazz),hainsworth___hainsworth_104
2027,-5.245413,2.3117826,2 (Classical + Jazz),hainsworth___hainsworth_106
2028,-17.841154,-8.256147,2 (Classical + Jazz),hainsworth___hainsworth_107
2029,-5.043228,5.532268,2 (Classical + Jazz),hainsworth___hainsworth_108
2030,-2.7400422,7.088441,2 (Classical + Jazz),hainsworth___hainsworth_110
2031,-6.730884,3.483716,2 (Classical + Jazz),hainsworth___hainsworth_111
2032,-5.6938457,5.5171175,2 (Classical + Jazz),hainsworth___hainsworth_112
2033,-6.01268,4.3166213,2 (Classical + Jazz),hainsworth___hainsworth_113
2034,-4.7199116,5.9743633,2 (Classical + Jazz),hainsworth___hainsworth_114
2035,-4.5922585,8.024411,2 (Classical + Jazz),hainsworth___hainsworth_115
2036,-4.925243,4.9429064,2 (Classical + Jazz),hainsworth___hainsworth_117
2037,-2.6627302,5.795866,2 (Classical + Jazz),hainsworth___hainsworth_118
2038,-4.4824705,7.164978,2 (Classical + Jazz),hainsworth___hainsworth_119
2039,-1.742333,5.52089,2 (Classical + Jazz),hainsworth___hainsworth_120
2040,-12.680559,-7.255058,2 (Classical + Jazz),hainsworth___hainsworth_121
2041,-12.824443,-6.8998766,2 (Classical + Jazz),hainsworth___hainsworth_122
2042,-12.360022,-7.298668,2 (Classical + Jazz),hainsworth___hainsworth_123
2043,-12.346275,-7.0253944,2 (Classical + Jazz),hainsworth___hainsworth_124
2044,-12.714772,-7.1497316,2 (Classical + Jazz),hainsworth___hainsworth_125
2045,-12.863782,-7.2390223,2 (Classical + Jazz),hainsworth___hainsworth_126
2046,-12.778398,-7.2798405,2 (Classical + Jazz),hainsworth___hainsworth_127
2047,-12.896641,-7.001586,2 (Classical + Jazz),hainsworth___hainsworth_128
2048,-12.643782,-7.7013836,2 (Classical + Jazz),hainsworth___hainsworth_129
2049,-12.903501,-7.126919,2 (Classical + Jazz),hainsworth___hainsworth_130
2050,-12.444821,-7.598644,2 (Classical + Jazz),hainsworth___hainsworth_131
2051,-12.747574,-7.498689,2 (Classical + Jazz),hainsworth___hainsworth_132
2052,-12.775051,-7.3513985,2 (Classical + Jazz),hainsworth___hainsworth_133
2053,-12.877985,-7.168119,2 (Classical + Jazz),hainsworth___hainsworth_134
2054,-12.672839,-7.298361,2 (Classical + Jazz),hainsworth___hainsworth_135
2055,-3.3556087,-4.1263957,2 (Classical + Jazz),hainsworth___hainsworth_137
2056,9.999735,-6.813841,1 (Pop + Groove + Rock + Hip-Hop),hainsworth___hainsworth_138
2057,9.4446535,-4.0257473,1 (Pop + Groove + Rock + Hip-Hop),hainsworth___hainsworth_139
2058,-5.1632447,-2.7626474,2 (Classical + Jazz),hainsworth___hainsworth_140
2059,9.058328,-5.5517936,1 (Pop + Groove + Rock + Hip-Hop),hainsworth___hainsworth_141
2060,8.916905,-7.368328,1 (Pop + Groove + Rock + Hip-Hop),hainsworth___hainsworth_143
2061,-1.5984763,1.6455966,2 (Classical + Jazz),hainsworth___hainsworth_144
2062,12.3516445,7.6120367,1 (Pop + Groove + Rock + Hip-Hop),hainsworth___hainsworth_145
2063,14.185191,-0.39817834,1 (Pop + Groove + Rock + Hip-Hop),hainsworth___hainsworth_146
2064,19.665909,5.4191203,1 (Pop + Groove + Rock + Hip-Hop),hainsworth___hainsworth_147
2065,-9.499365,3.4475615,2 (Classical + Jazz),hainsworth___hainsworth_148
2066,-8.417894,3.2015421,2 (Classical + Jazz),hainsworth___hainsworth_149
2067,1.1612173,-7.4430304,1 (Pop + Groove + Rock + Hip-Hop),hainsworth___hainsworth_150
2068,3.339946,-6.9744816,1 (Pop + Groove + Rock + Hip-Hop),hainsworth___hainsworth_151
2069,-13.317659,-5.3135934,2 (Classical + Jazz),hainsworth___hainsworth_152
2070,13.709303,-3.0884347,1 (Pop + Groove + Rock + Hip-Hop),hainsworth___hainsworth_153
2071,15.688461,-1.3859462,1 (Pop + Groove + Rock + Hip-Hop),hainsworth___hainsworth_154
2072,18.217243,1.2977586,1 (Pop + Groove + Rock + Hip-Hop),hainsworth___hainsworth_155
2073,15.895303,0.81530255,1 (Pop + Groove + Rock + Hip-Hop),hainsworth___hainsworth_156
2074,19.91675,-0.26501587,1 (Pop + Groove + Rock + Hip-Hop),hainsworth___hainsworth_157
2075,19.46282,-0.5822238,1 (Pop + Groove + Rock + Hip-Hop),hainsworth___hainsworth_158
2076,8.131554,-7.2562966,1 (Pop + Groove + Rock + Hip-Hop),hainsworth___hainsworth_159
2077,9.019491,-10.774456,1 (Pop + Groove + Rock + Hip-Hop),hainsworth___hainsworth_160
2078,4.3002486,-4.1652985,1 (Pop + Groove + Rock + Hip-Hop),hainsworth___hainsworth_161
2079,-0.6740416,-4.0592303,2 (Classical + Jazz),hainsworth___hainsworth_162
2080,13.337818,-0.17392603,1 (Pop + Groove + Rock + Hip-Hop),hainsworth___hainsworth_163
2081,1.8748931,-2.4058459,1 (Pop + Groove + Rock + Hip-Hop),hainsworth___hainsworth_164
2082,16.937515,5.274128,1 (Pop + Groove + Rock + Hip-Hop),hainsworth___hainsworth_165
2083,3.5269372,-8.107821,1 (Pop + Groove + Rock + Hip-Hop),hainsworth___hainsworth_166
2084,-0.85897315,-8.46212,2 (Classical + Jazz),hainsworth___hainsworth_167
2085,14.7829685,-7.7440715,1 (Pop + Groove + Rock + Hip-Hop),hainsworth___hainsworth_168
2086,6.5418406,2.2247212,1 (Pop + Groove + Rock + Hip-Hop),hainsworth___hainsworth_169
2087,19.199247,4.6539083,1 (Pop + Groove + Rock + Hip-Hop),hainsworth___hainsworth_170
2088,19.53428,6.1476693,1 (Pop + Groove + Rock + Hip-Hop),hainsworth___hainsworth_171
2089,17.813406,-2.7167792,1 (Pop + Groove + Rock + Hip-Hop),hainsworth___hainsworth_172
2090,8.711192,-10.2934675,1 (Pop + Groove + Rock + Hip-Hop),hainsworth___hainsworth_173
2091,13.433432,3.1182008,1 (Pop + Groove + Rock + Hip-Hop),hainsworth___hainsworth_174
2092,13.042171,0.42639163,1 (Pop + Groove + Rock + Hip-Hop),hainsworth___hainsworth_175
2093,13.854518,0.27760455,1 (Pop + Groove + Rock + Hip-Hop),hainsworth___hainsworth_176
2094,16.301987,-0.18261385,1 (Pop + Groove + Rock + Hip-Hop),hainsworth___hainsworth_177
2095,6.6618176,-0.37113482,1 (Pop + Groove + Rock + Hip-Hop),hainsworth___hainsworth_178
2096,6.0775437,-1.0956066,1 (Pop + Groove + Rock + Hip-Hop),hainsworth___hainsworth_179
2097,10.613646,2.1762016,1 (Pop + Groove + Rock + Hip-Hop),hainsworth___hainsworth_180
2098,7.2330728,-0.4586137,1 (Pop + Groove + Rock + Hip-Hop),hainsworth___hainsworth_181
2099,7.84479,-0.55052984,1 (Pop + Groove + Rock + Hip-Hop),hainsworth___hainsworth_182
2100,6.8843355,-0.8790499,1 (Pop + Groove + Rock + Hip-Hop),hainsworth___hainsworth_183
2101,10.0999365,3.354909,1 (Pop + Groove + Rock + Hip-Hop),hainsworth___hainsworth_184
2102,1.8200183,-2.4910312,1 (Pop + Groove + Rock + Hip-Hop),hainsworth___hainsworth_185
2103,5.4810467,-0.80193007,1 (Pop + Groove + Rock + Hip-Hop),hainsworth___hainsworth_186
2104,5.863078,-0.923934,1 (Pop + Groove + Rock + Hip-Hop),hainsworth___hainsworth_187
2105,-12.075995,-10.8763685,2 (Classical + Jazz),hainsworth___hainsworth_188
2106,-16.658875,-6.9244537,2 (Classical + Jazz),hainsworth___hainsworth_189
2107,-13.985421,-9.59941,2 (Classical + Jazz),hainsworth___hainsworth_190
2108,-19.429955,-4.317129,2 (Classical + Jazz),hainsworth___hainsworth_191
2109,-7.334851,-2.2801876,2 (Classical + Jazz),hainsworth___hainsworth_193
2110,-15.06585,-9.892992,2 (Classical + Jazz),hainsworth___hainsworth_194
2111,-13.280564,-11.5361805,2 (Classical + Jazz),hainsworth___hainsworth_195
2112,-9.510053,-3.7273915,2 (Classical + Jazz),hainsworth___hainsworth_196
2113,-4.3682003,7.730996,2 (Classical + Jazz),hainsworth___hainsworth_197
2114,-4.195523,5.527506,2 (Classical + Jazz),hainsworth___hainsworth_198
2115,-3.4427147,2.9800792,2 (Classical + Jazz),hainsworth___hainsworth_200
2116,-13.2245655,-10.117676,2 (Classical + Jazz),hainsworth___hainsworth_201
2117,-14.580382,-11.280809,2 (Classical + Jazz),hainsworth___hainsworth_202
2118,-11.331985,-9.042981,2 (Classical + Jazz),hainsworth___hainsworth_205
2119,-21.574938,-7.3757052,2 (Classical + Jazz),hainsworth___hainsworth_206
2120,-6.683885,-1.8150437,2 (Classical + Jazz),hainsworth___hainsworth_207
2121,-14.110976,-10.519945,2 (Classical + Jazz),hainsworth___hainsworth_208
2122,-12.527935,-8.69136,2 (Classical + Jazz),hainsworth___hainsworth_209
2123,-15.044868,-11.402673,2 (Classical + Jazz),hainsworth___hainsworth_210
2124,-15.094886,-12.159764,2 (Classical + Jazz),hainsworth___hainsworth_211
2125,-1.5498923,-7.408493,2 (Classical + Jazz),hainsworth___hainsworth_212
2126,1.3066746,0.66338366,1 (Pop + Groove + Rock + Hip-Hop),hainsworth___hainsworth_213
2127,14.839421,-7.60901,1 (Pop + Groove + Rock + Hip-Hop),hainsworth___hainsworth_214
2128,5.2061443,1.6901673,1 (Pop + Groove + Rock + Hip-Hop),hainsworth___hainsworth_215
2129,14.955387,-7.513846,1 (Pop + Groove + Rock + Hip-Hop),hainsworth___hainsworth_216
2130,5.3665547,1.7199551,1 (Pop + Groove + Rock + Hip-Hop),hainsworth___hainsworth_217
2131,-12.754849,-7.319227,2 (Classical + Jazz),hainsworth___hainsworth_218
2132,-12.590443,-7.750132,2 (Classical + Jazz),hainsworth___hainsworth_219
2133,-12.689463,-7.478244,2 (Classical + Jazz),hainsworth___hainsworth_220
2134,-12.458657,-7.532805,2 (Classical + Jazz),hainsworth___hainsworth_221
2135,-2.6101904,6.9164352,2 (Classical + Jazz),hainsworth___hainsworth_222
2136,-3.6271002,7.486924,2 (Classical + Jazz),hainsworth___hainsworth_223
2137,5.349357,1.891215,1 (Pop + Groove + Rock + Hip-Hop),hainsworth___hainsworth_224
2138,3.4139094,2.9866135,1 (Pop + Groove + Rock + Hip-Hop),hainsworth___hainsworth_225
2139,7.3463545,-8.812869,1 (Pop + Groove + Rock + Hip-Hop),hainsworth___hainsworth_226
2140,7.503687,-8.542443,1 (Pop + Groove + Rock + Hip-Hop),hainsworth___hainsworth_227
2141,3.8117385,-1.092453,1 (Pop + Groove + Rock + Hip-Hop),hainsworth___hainsworth_228
2142,17.512121,-2.6667192,1 (Pop + Groove + Rock + Hip-Hop),hainsworth___hainsworth_229
2143,8.033818,-3.843583,1 (Pop + Groove + Rock + Hip-Hop),hainsworth___hainsworth_230
2144,4.6051645,0.9006893,1 (Pop + Groove + Rock + Hip-Hop),hainsworth___hainsworth_231
2145,1.8136157,-3.2599888,1 (Pop + Groove + Rock + Hip-Hop),hainsworth___hainsworth_232
2146,4.178329,-5.502894,1 (Pop + Groove + Rock + Hip-Hop),hainsworth___hainsworth_233
2147,0.72032624,-2.5298953,1 (Pop + Groove + Rock + Hip-Hop),hainsworth___hainsworth_234
2148,17.910677,9.252153,1 (Pop + Groove + Rock + Hip-Hop),hainsworth___hainsworth_235
2149,19.020208,2.0806928,1 (Pop + Groove + Rock + Hip-Hop),hainsworth___hainsworth_236
2150,12.643208,4.7205806,1 (Pop + Groove + Rock + Hip-Hop),hainsworth___hainsworth_237
2151,20.365044,0.014075451,1 (Pop + Groove + Rock + Hip-Hop),hainsworth___hainsworth_238
2152,14.222854,-1.2701919,1 (Pop + Groove + Rock + Hip-Hop),hainsworth___hainsworth_239
2153,-14.794462,-11.216768,2 (Classical + Jazz),hainsworth___hainsworth_240
2154,-16.77368,-9.828441,2 (Classical + Jazz),hainsworth___hainsworth_241
2155,-14.806253,-11.095912,2 (Classical + Jazz),hainsworth___hainsworth_242
2156,-15.0032,-11.698945,2 (Classical + Jazz),hainsworth___hainsworth_243
2157,-15.715821,-10.808968,2 (Classical + Jazz),hainsworth___hainsworth_244
2158,-20.19026,-5.6562915,2 (Classical + Jazz),hainsworth___hainsworth_245
2159,9.855568,3.449715,1 (Pop + Groove + Rock + Hip-Hop),harmonix___0001_12step
2160,10.678367,4.3204603,1 (Pop + Groove + Rock + Hip-Hop),harmonix___0003_6foot7foot
2161,4.3236656,0.97455496,1 (Pop + Groove + Rock + Hip-Hop),harmonix___0004_abc
2162,7.8223653,-6.423386,1 (Pop + Groove + Rock + Hip-Hop),harmonix___0005_again
2163,13.191143,2.5624313,1 (Pop + Groove + Rock + Hip-Hop),harmonix___0006_aint2proud2beg
2164,-2.889757,-4.6258416,2 (Classical + Jazz),harmonix___0008_america
2165,2.9797356,-2.658997,1 (Pop + Groove + Rock + Hip-Hop),harmonix___0009_americanmusic
2166,12.091026,-10.189047,1 (Pop + Groove + Rock + Hip-Hop),harmonix___0010_andjusticeforall
2167,11.060768,-4.809856,1 (Pop + Groove + Rock + Hip-Hop),harmonix___0011_areyouexperienced
2168,8.599578,6.663353,1 (Pop + Groove + Rock + Hip-Hop),harmonix___0012_aroundtheworld
2169,7.4018555,-7.2741213,1 (Pop + Groove + Rock + Hip-Hop),harmonix___0013_athingaboutyou
2170,5.122369,-8.073039,1 (Pop + Groove + Rock + Hip-Hop),harmonix___0014_babaoriley
2171,16.06981,2.182437,1 (Pop + Groove + Rock + Hip-Hop),harmonix___0015_babygotback
2172,8.255567,-1.499331,1 (Pop + Groove + Rock + Hip-Hop),harmonix___0017_badromance
2173,11.179828,-2.5499637,1 (Pop + Groove + Rock + Hip-Hop),harmonix___0018_bassdownlow
2174,7.5784273,2.2162693,1 (Pop + Groove + Rock + Hip-Hop),harmonix___0020_becauseofyou
2175,8.898852,-10.020042,1 (Pop + Groove + Rock + Hip-Hop),harmonix___0021_better
2176,14.837093,-0.13957357,1 (Pop + Groove + Rock + Hip-Hop),harmonix___0022_betteroffalone
2177,8.255911,6.2319746,1 (Pop + Groove + Rock + Hip-Hop),harmonix___0023_bewareoftheboys
2178,4.206939,0.08809516,1 (Pop + Groove + Rock + Hip-Hop),harmonix___0024_billionaire
2179,11.283254,3.8395686,1 (Pop + Groove + Rock + Hip-Hop),harmonix___0026_blackandyellow
2180,10.537247,-7.4607277,1 (Pop + Groove + Rock + Hip-Hop),harmonix___0027_blackened
2181,10.703473,-8.536831,1 (Pop + Groove + Rock + Hip-Hop),harmonix___0028_blackmagic
2182,13.8613615,5.539845,1 (Pop + Groove + Rock + Hip-Hop),harmonix___0030_bodymovin
2183,3.1844463,-6.1154156,1 (Pop + Groove + Rock + Hip-Hop),harmonix___0032_boomboompow
2184,9.405122,2.4198494,1 (Pop + Groove + Rock + Hip-Hop),harmonix___0035_boyfriend
2185,2.1814964,-3.3134215,1 (Pop + Groove + Rock + Hip-Hop),harmonix___0036_breakingthegirl
2186,10.177972,-0.8136976,1 (Pop + Groove + Rock + Hip-Hop),harmonix___0037_breakyourheart
2187,8.118562,-7.025697,1 (Pop + Groove + Rock + Hip-Hop),harmonix___0038_bringmetolife
2188,12.292408,-0.6562625,1 (Pop + Groove + Rock + Hip-Hop),harmonix___0039_bulletproof
2189,13.157962,5.011043,1 (Pop + Groove + Rock + Hip-Hop),harmonix___0040_bustamove
2190,12.140899,1.8042631,1 (Pop + Groove + Rock + Hip-Hop),harmonix___0041_calabria
2191,-0.21939997,-2.4357915,1 (Pop + Groove + Rock + Hip-Hop),harmonix___0042_callme
2192,11.81903,-0.06071938,1 (Pop + Groove + Rock + Hip-Hop),harmonix___0043_callmemaybe
2193,5.0269747,-7.9006176,1 (Pop + Groove + Rock + Hip-Hop),harmonix___0044_cameraeye
2194,6.425137,1.638729,1 (Pop + Groove + Rock + Hip-Hop),harmonix___0045_cantgetyououtofmyhead
2195,-1.0023613,0.4829742,2 (Classical + Jazz),harmonix___0046_castlesmadeofsand
2196,8.261629,-3.6768942,1 (Pop + Groove + Rock + Hip-Hop),harmonix___0047_chinacatsunflower
2197,11.884978,5.1420126,1 (Pop + Groove + Rock + Hip-Hop),harmonix___0048_chingaling
2198,7.658222,1.8504,1 (Pop + Groove + Rock + Hip-Hop),harmonix___0049_closer
2199,11.040456,-0.5931615,1 (Pop + Groove + Rock + Hip-Hop),harmonix___0050_clubcanthandleme
2200,8.595792,-10.476282,1 (Pop + Groove + Rock + Hip-Hop),harmonix___0052_collector
2201,10.296712,-3.267616,1 (Pop + Groove + Rock + Hip-Hop),harmonix___0053_commander
2202,10.492384,5.3500896,1 (Pop + Groove + Rock + Hip-Hop),harmonix___0054_conceited
2203,10.221837,-8.041817,1 (Pop + Groove + Rock + Hip-Hop),harmonix___0055_constantmotion
2204,15.223998,0.094083294,1 (Pop + Groove + Rock + Hip-Hop),harmonix___0056_control
2205,10.859736,5.5532756,1 (Pop + Groove + Rock + Hip-Hop),harmonix___0057_crankthat
2206,10.363322,-6.839788,1 (Pop + Groove + Rock + Hip-Hop),harmonix___0058_criticalacclaim
2207,9.869946,4.888291,1 (Pop + Groove + Rock + Hip-Hop),harmonix___0059_cupidshuffle
2208,5.2197957,0.87594116,1 (Pop + Groove + Rock + Hip-Hop),harmonix___0061_dabutt
2209,12.797149,-1.8245159,1 (Pop + Groove + Rock + Hip-Hop),harmonix___0062_dance
2210,19.350792,0.46603602,1 (Pop + Groove + Rock + Hip-Hop),harmonix___0063_daysgoby
2211,8.518869,-7.3094463,1 (Pop + Groove + Rock + Hip-Hop),harmonix___0065_deadandbloated
2212,9.861457,-4.7942705,1 (Pop + Groove + Rock + Hip-Hop),harmonix___0066_decentdaysandnights
2213,6.439618,-8.735062,1 (Pop + Groove + Rock + Hip-Hop),harmonix___0067_deep
2214,9.799988,-9.715184,1 (Pop + Groove + Rock + Hip-Hop),harmonix___0068_devilsisland
2215,10.930839,-9.297725,1 (Pop + Groove + Rock + Hip-Hop),harmonix___0069_digginmedown
2216,8.042676,2.3627536,1 (Pop + Groove + Rock + Hip-Hop),harmonix___0070_dipitlow
2217,-0.46119443,-6.241637,1 (Pop + Groove + Rock + Hip-Hop),harmonix___0071_dirtypool
2218,7.358403,-0.478756,1 (Pop + Groove + Rock + Hip-Hop),harmonix___0072_discoinferno
2219,7.777602,1.3409988,1 (Pop + Groove + Rock + Hip-Hop),harmonix___0073_disturbia
2220,9.872168,-1.5191303,1 (Pop + Groove + Rock + Hip-Hop),harmonix___0074_djgotusfallininlove
2221,9.436625,3.7399616,1 (Pop + Groove + Rock + Hip-Hop),harmonix___0075_dontcha
2222,14.311567,3.1310687,1 (Pop + Groove + Rock + Hip-Hop),harmonix___0077_dontsweat
2223,11.396843,4.7613287,1 (Pop + Groove + Rock + Hip-Hop),harmonix___0078_donttouchme
2224,10.676942,-1.2036064,1 (Pop + Groove + Rock + Hip-Hop),harmonix___0079_dontyouwantme
2225,7.2979794,0.11164856,1 (Pop + Groove + Rock + Hip-Hop),harmonix___0080_down
2226,9.285776,3.6108663,1 (Pop + Groove + Rock + Hip-Hop),harmonix___0081_downonme
2227,9.895268,3.3024068,1 (Pop + Groove + Rock + Hip-Hop),harmonix___0082_dragosteadintei
2228,9.141825,-8.8021345,1 (Pop + Groove + Rock + Hip-Hop),harmonix___0083_dragthewaters
2229,11.37204,5.245477,1 (Pop + Groove + Rock + Hip-Hop),harmonix___0084_dropitlikeitshot
2230,14.212506,0.34765646,1 (Pop + Groove + Rock + Hip-Hop),harmonix___0085_electricboogie
2231,9.371025,-2.0723574,1 (Pop + Groove + Rock + Hip-Hop),harmonix___0086_escapade
2232,9.18782,-0.85983473,1 (Pop + Groove + Rock + Hip-Hop),harmonix___0087_evacuate
2233,6.533488,-2.0923772,1 (Pop + Groove + Rock + Hip-Hop),harmonix___0088_everybody
2234,6.4605775,-8.8475485,1 (Pop + Groove + Rock + Hip-Hop),harmonix___0090_fearofthedarklive
2235,3.521961,-2.2914534,1 (Pop + Groove + Rock + Hip-Hop),harmonix___0091_fellonblackdays
2236,10.930661,4.634665,1 (Pop + Groove + Rock + Hip-Hop),harmonix___0092_fergalicious
2237,8.693459,-2.3878183,1 (Pop + Groove + Rock + Hip-Hop),harmonix___0093_fireburning
2238,6.539384,2.6350121,1 (Pop + Groove + Rock + Hip-Hop),harmonix___0094_fireflies
2239,10.157529,-2.8047845,1 (Pop + Groove + Rock + Hip-Hop),harmonix___0095_firework
2240,9.6196995,-10.013791,1 (Pop + Groove + Rock + Hip-Hop),harmonix___0096_fivemagics
2241,9.719115,-10.740831,1 (Pop + Groove + Rock + Hip-Hop),harmonix___0098_floods
2242,12.047056,1.0108305,1 (Pop + Groove + Rock + Hip-Hop),harmonix___0099_forgetyou
2243,-1.9083349,-1.6346916,2 (Classical + Jazz),harmonix___0100_futureperfecttense
2244,12.451525,0.93643105,1 (Pop + Groove + Rock + Hip-Hop),harmonix___0101_galang
2245,12.22286,2.6832826,1 (Pop + Groove + Rock + Hip-Hop),harmonix___0102_gangstaluv
2246,13.655319,-4.3863063,1 (Pop + Groove + Rock + Hip-Hop),harmonix___0104_getbusy
2247,8.444691,4.31482,1 (Pop + Groove + Rock + Hip-Hop),harmonix___0105_getdownonit
2248,8.360998,3.183286,1 (Pop + Groove + Rock + Hip-Hop),harmonix___0106_getitshawty
2249,10.908901,2.7158432,1 (Pop + Groove + Rock + Hip-Hop),harmonix___0107_getlow
2250,12.004181,0.8030605,1 (Pop + Groove + Rock + Hip-Hop),harmonix___0108_getup
2251,9.551573,4.97594,1 (Pop + Groove + Rock + Hip-Hop),harmonix___0109_geturfreakon
2252,8.503082,-2.9403424,1 (Pop + Groove + Rock + Hip-Hop),harmonix___0110_girlsandboys
2253,10.618764,-6.0981994,1 (Pop + Groove + Rock + Hip-Hop),harmonix___0111_girlsonfilm
2254,17.890059,-0.39797184,1 (Pop + Groove + Rock + Hip-Hop),harmonix___0112_giveitup
2255,9.056498,4.9653354,1 (Pop + Groove + Rock + Hip-Hop),harmonix___0113_giveituptome
2256,12.2926235,2.0492985,1 (Pop + Groove + Rock + Hip-Hop),harmonix___0114_givemeeverything
2257,12.585879,3.5271742,1 (Pop + Groove + Rock + Hip-Hop),harmonix___0115_gonnamakeyousweat
2258,8.281806,3.056563,1 (Pop + Groove + Rock + Hip-Hop),harmonix___0116_goodies
2259,10.2293415,-9.437988,1 (Pop + Groove + Rock + Hip-Hop),harmonix___0117_goodmorningblackfriday
2260,-2.258564,1.5529814,2 (Classical + Jazz),harmonix___0118_grenade
2261,8.870805,-6.79323,1 (Pop + Groove + Rock + Hip-Hop),harmonix___0119_gunpowderandlead
2262,10.620819,4.086399,1 (Pop + Groove + Rock + Hip-Hop),harmonix___0122_heardemall
2263,6.636591,-8.200835,1 (Pop + Groove + Rock + Hip-Hop),harmonix___0123_heavyduty
2264,9.7197695,-5.32889,1 (Pop + Groove + Rock + Hip-Hop),harmonix___0124_hello
2265,12.18281,4.4866886,1 (Pop + Groove + Rock + Hip-Hop),harmonix___0125_hellogoodmorning
2266,9.775078,5.907341,1 (Pop + Groove + Rock + Hip-Hop),harmonix___0126_heymami
2267,9.58881,0.36021549,1 (Pop + Groove + Rock + Hip-Hop),harmonix___0127_hollabackgirl
2268,7.288461,-3.7052271,1 (Pop + Groove + Rock + Hip-Hop),harmonix___0128_homecoming
2269,10.318872,4.3358374,1 (Pop + Groove + Rock + Hip-Hop),harmonix___0129_hotinherre
2270,8.988,-1.6024112,1 (Pop + Groove + Rock + Hip-Hop),harmonix___0130_hotstuff
2271,12.393679,5.764481,1 (Pop + Groove + Rock + Hip-Hop),harmonix___0131_iamthebest
2272,12.569507,6.6195207,1 (Pop + Groove + Rock + Hip-Hop),harmonix___0132_iceicebaby
2273,14.652994,-3.5555658,1 (Pop + Groove + Rock + Hip-Hop),harmonix___0133_ifeellove
2274,4.04899,-6.651445,1 (Pop + Groove + Rock + Hip-Hop),harmonix___0134_igotmine
2275,10.472517,-1.8937675,1 (Pop + Groove + Rock + Hip-Hop),harmonix___0135_igottafeeling
2276,12.156887,3.686534,1 (Pop + Groove + Rock + Hip-Hop),harmonix___0136_igotyoudancing
2277,12.032557,2.410182,1 (Pop + Groove + Rock + Hip-Hop),harmonix___0137_iknowyouwantme
2278,10.174423,-3.9115753,1 (Pop + Groove + Rock + Hip-Hop),harmonix___0138_ilikeit
2279,3.7448108,1.0215701,1 (Pop + Groove + Rock + Hip-Hop),harmonix___0139_imcomingout
2280,12.2691555,1.2621955,1 (Pop + Groove + Rock + Hip-Hop),harmonix___0140_impacto
2281,11.020092,4.2986894,1 (Pop + Groove + Rock + Hip-Hop),harmonix___0141_indaclub
2282,10.817629,-7.1389437,1 (Pop + Groove + Rock + Hip-Hop),harmonix___0142_indestructible
2283,8.333766,4.9349885,1 (Pop + Groove + Rock + Hip-Hop),harmonix___0143_informer
2284,4.0488744,4.555158,1 (Pop + Groove + Rock + Hip-Hop),harmonix___0144_ishotthesheriff
2285,2.8675072,1.8025303,1 (Pop + Groove + Rock + Hip-Hop),harmonix___0145_iwantyouback
2286,9.293094,-7.4206686,1 (Pop + Groove + Rock + Hip-Hop),harmonix___0148_jesusofsuburbia
2287,10.109337,-4.334249,1 (Pop + Groove + Rock + Hip-Hop),harmonix___0149_johnnyguitar
2288,9.004526,0.43503943,1 (Pop + Groove + Rock + Hip-Hop),harmonix___0150_justdance
2289,11.534779,4.3443604,1 (Pop + Groove + Rock + Hip-Hop),harmonix___0151_kingofdancehall
2290,0.62213594,-9.15776,1 (Pop + Groove + Rock + Hip-Hop),harmonix___0152_kingofrock
2291,9.237236,-6.107158,1 (Pop + Groove + Rock + Hip-Hop),harmonix___0153_lalaland
2292,10.141713,1.3899846,1 (Pop + Groove + Rock + Hip-Hop),harmonix___0155_lapdance
2293,7.717651,3.350089,1 (Pop + Groove + Rock + Hip-Hop),harmonix___0156_lastnight
2294,10.631741,5.213843,1 (Pop + Groove + Rock + Hip-Hop),harmonix___0157_leanwitit
2295,7.427688,-3.6002595,1 (Pop + Groove + Rock + Hip-Hop),harmonix___0158_letitrock
2296,14.0680275,-0.15841526,1 (Pop + Groove + Rock + Hip-Hop),harmonix___0159_letthemusicplay
2297,10.373861,-0.6860036,1 (Pop + Groove + Rock + Hip-Hop),harmonix___0160_likeag6
2298,3.7246945,-2.6271908,1 (Pop + Groove + Rock + Hip-Hop),harmonix___0161_limelight
2299,9.432071,-6.6201453,1 (Pop + Groove + Rock + Hip-Hop),harmonix___0162_lobotomy
2300,10.062719,4.4644346,1 (Pop + Groove + Rock + Hip-Hop),harmonix___0164_low
2301,9.648244,-10.2529545,1 (Pop + Groove + Rock + Hip-Hop),harmonix___0165_lucretia
2302,15.320773,1.1698147,1 (Pop + Groove + Rock + Hip-Hop),harmonix___0166_macarena
2303,11.471809,-5.958006,1 (Pop + Groove + Rock + Hip-Hop),harmonix___0167_makesomenoise
2304,9.268583,0.24916968,1 (Pop + Groove + Rock + Hip-Hop),harmonix___0168_maneater
2305,8.380375,-10.052157,1 (Pop + Groove + Rock + Hip-Hop),harmonix___0169_manicdepression
2306,6.490344,-5.8410234,1 (Pop + Groove + Rock + Hip-Hop),harmonix___0170_manyshadesofblack
2307,7.9339166,-11.193719,1 (Pop + Groove + Rock + Hip-Hop),harmonix___0171_marchofthepigs
2308,2.8275049,-1.69693,1 (Pop + Groove + Rock + Hip-Hop),harmonix___0172_marrythenight
2309,10.10829,4.6443815,1 (Pop + Groove + Rock + Hip-Hop),harmonix___0173_massiveattack
2310,0.056807805,0.69136524,1 (Pop + Groove + Rock + Hip-Hop),harmonix___0174_maythisbelove
2311,9.664992,1.2445112,1 (Pop + Groove + Rock + Hip-Hop),harmonix___0175_meddle
2312,10.934835,-8.621998,1 (Pop + Groove + Rock + Hip-Hop),harmonix___0176_megasus
2313,4.4435673,4.4453607,1 (Pop + Groove + Rock + Hip-Hop),harmonix___0177_milkshake
2314,9.5297,-2.8180494,1 (Pop + Groove + Rock + Hip-Hop),harmonix___0178_mountainman
2315,11.870488,-0.530626,1 (Pop + Groove + Rock + Hip-Hop),harmonix___0179_moveslikejagger
2316,11.077781,2.5523796,1 (Pop + Groove + Rock + Hip-Hop),harmonix___0181_mrsaxobeat
2317,10.809917,-10.392468,1 (Pop + Groove + Rock + Hip-Hop),harmonix___0182_mycurse
2318,8.683873,-7.0095286,1 (Pop + Groove + Rock + Hip-Hop),harmonix___0183_mynameisjonas
2319,2.7233794,0.09759259,1 (Pop + Groove + Rock + Hip-Hop),harmonix___0184_myprerogative
2320,12.8968315,0.6843265,1 (Pop + Groove + Rock + Hip-Hop),harmonix___0185_nasty
2321,10.736408,-7.289916,1 (Pop + Groove + Rock + Hip-Hop),harmonix___0186_nearlylostyou
2322,7.745816,-1.3151033,1 (Pop + Groove + Rock + Hip-Hop),harmonix___0189_neversaynever
2323,9.824635,-6.1778436,1 (Pop + Groove + Rock + Hip-Hop),harmonix___0190_newfang
2324,-0.063198924,-2.4044244,1 (Pop + Groove + Rock + Hip-Hop),harmonix___0191_newslang
2325,-9.164647,-3.1047783,2 (Classical + Jazz),harmonix___0194_nomoretears
2326,12.044946,-7.233689,1 (Pop + Groove + Rock + Hip-Hop),harmonix___0195_nookie
2327,1.2954868,-0.6286911,1 (Pop + Groove + Rock + Hip-Hop),harmonix___0197_nothinonyou
2328,11.741897,0.26119974,1 (Pop + Groove + Rock + Hip-Hop),harmonix___0198_nowthatwefoundlove
2329,10.252737,-7.9058924,1 (Pop + Groove + Rock + Hip-Hop),harmonix___0199_numberofthebeast2
2330,-6.8622503,-2.0767183,2 (Classical + Jazz),harmonix___0200_oceansize
2331,10.246418,-0.5547128,1 (Pop + Groove + Rock + Hip-Hop),harmonix___0201_oh
2332,2.630232,-7.2309217,1 (Pop + Groove + Rock + Hip-Hop),harmonix___0204_onlyamemory
2333,6.773051,3.7612789,1 (Pop + Groove + Rock + Hip-Hop),harmonix___0207_oopsohmy
2334,8.846,5.6747413,1 (Pop + Groove + Rock + Hip-Hop),harmonix___0208_opp
2335,7.1591835,-2.427751,1 (Pop + Groove + Rock + Hip-Hop),harmonix___0209_paparazzi
2336,2.2202992,-3.6532075,1 (Pop + Groove + Rock + Hip-Hop),harmonix___0212_peoplegotalotofnerve
2337,9.989724,9.6321745,1 (Pop + Groove + Rock + Hip-Hop),harmonix___0214_planetrock
2338,6.159117,-6.402181,1 (Pop + Groove + Rock + Hip-Hop),harmonix___0215_pointofknowreturn
2339,8.6765785,1.3737425,1 (Pop + Groove + Rock + Hip-Hop),harmonix___0216_poison
2340,10.10694,-4.1452527,1 (Pop + Groove + Rock + Hip-Hop),harmonix___0217_pokerface
2341,16.157944,2.9186785,1 (Pop + Groove + Rock + Hip-Hop),harmonix___0218_policyoftruth
2342,10.592206,2.7137136,1 (Pop + Groove + Rock + Hip-Hop),harmonix___0219_pondereplay
2343,12.685532,3.4763725,1 (Pop + Groove + Rock + Hip-Hop),harmonix___0220_promiscuous
2344,4.6629033,-6.564188,1 (Pop + Groove + Rock + Hip-Hop),harmonix___0222_realgoodlooking
2345,2.1154385,-2.7521017,1 (Pop + Groove + Rock + Hip-Hop),harmonix___0223_reallove
2346,13.982472,-0.740624,1 (Pop + Groove + Rock + Hip-Hop),harmonix___0226_rendezvu
2347,8.80198,3.1016254,1 (Pop + Groove + Rock + Hip-Hop),harmonix___0227_replay
2348,9.624081,-10.388328,1 (Pop + Groove + Rock + Hip-Hop),harmonix___0229_ridingonthewind
2349,11.379582,4.394749,1 (Pop + Groove + Rock + Hip-Hop),harmonix___0231_rightthurr
2350,9.536961,-7.2154474,1 (Pop + Groove + Rock + Hip-Hop),harmonix___0233_rocknrollnightmare
2351,-11.145864,10.550055,2 (Classical + Jazz),harmonix___0234_roundandround
2352,8.605582,4.002754,1 (Pop + Groove + Rock + Hip-Hop),harmonix___0235_rudeboy
2353,13.019884,4.76041,1 (Pop + Groove + Rock + Hip-Hop),harmonix___0236_rumpshaker
2354,10.032708,-5.536473,1 (Pop + Groove + Rock + Hip-Hop),harmonix___0237_run
2355,12.948502,1.7257993,1 (Pop + Groove + Rock + Hip-Hop),harmonix___0238_sambadejaneiro
2356,9.80744,-1.3623185,1 (Pop + Groove + Rock + Hip-Hop),harmonix___0239_sandm
2357,4.646231,-10.787578,1 (Pop + Groove + Rock + Hip-Hop),harmonix___0240_sandstorm
2358,10.551389,0.71976715,1 (Pop + Groove + Rock + Hip-Hop),harmonix___0241_satellite
2359,13.245049,-1.5017352,1 (Pop + Groove + Rock + Hip-Hop),harmonix___0242_satisfaction
2360,4.654811,-3.84894,1 (Pop + Groove + Rock + Hip-Hop),harmonix___0243_saucyjack
2361,9.051291,0.13839641,1 (Pop + Groove + Rock + Hip-Hop),harmonix___0244_sayaah
2362,13.028744,1.975079,1 (Pop + Groove + Rock + Hip-Hop),harmonix___0245_sayhey
2363,13.437803,5.544397,1 (Pop + Groove + Rock + Hip-Hop),harmonix___0246_scenario
2364,8.288052,-2.6277514,1 (Pop + Groove + Rock + Hip-Hop),harmonix___0247_scream
2365,9.807623,-6.8522825,1 (Pop + Groove + Rock + Hip-Hop),harmonix___0248_screamingfor
2366,8.657539,2.0372398,1 (Pop + Groove + Rock + Hip-Hop),harmonix___0249_sensualseduction
2367,12.577169,2.1680708,1 (Pop + Groove + Rock + Hip-Hop),harmonix___0250_sexyandiknowit
2368,12.302296,-1.7625127,1 (Pop + Groove + Rock + Hip-Hop),harmonix___0251_sexychick
2369,10.6128645,-8.28144,1 (Pop + Groove + Rock + Hip-Hop),harmonix___0254_sixsixsix
2370,10.961564,-8.115231,1 (Pop + Groove + Rock + Hip-Hop),harmonix___0255_sleepwalker
2371,8.474168,3.5454965,1 (Pop + Groove + Rock + Hip-Hop),harmonix___0257_somebodytolove
2372,-0.24369581,-5.759589,1 (Pop + Groove + Rock + Hip-Hop),harmonix___0258_sorry
2373,8.644415,-4.4165835,1 (Pop + Groove + Rock + Hip-Hop),harmonix___0259_spiceupyourlife
2374,11.991126,-1.2049093,1 (Pop + Groove + Rock + Hip-Hop),harmonix___0261_starships
2375,-3.7317438,8.325988,2 (Classical + Jazz),harmonix___0262_stash
2376,11.352665,2.5056505,1 (Pop + Groove + Rock + Hip-Hop),harmonix___0264_stereolove
2377,6.9926605,-7.16684,1 (Pop + Groove + Rock + Hip-Hop),harmonix___0265_straightlines
2378,13.90292,0.1541601,1 (Pop + Groove + Rock + Hip-Hop),harmonix___0266_straightup
2379,7.3088202,4.3433466,1 (Pop + Groove + Rock + Hip-Hop),harmonix___0267_superfreak
2380,1.8883961,5.830833,1 (Pop + Groove + Rock + Hip-Hop),harmonix___0268_supersonic
2381,11.272078,4.2763357,1 (Pop + Groove + Rock + Hip-Hop),harmonix___0269_sweettalk
2382,12.289629,-1.4402578,1 (Pop + Groove + Rock + Hip-Hop),harmonix___0270_takeovercontrol
2383,11.480618,6.4090486,1 (Pop + Groove + Rock + Hip-Hop),harmonix___0271_teachmehowtodougie
2384,12.992428,5.1118474,1 (Pop + Groove + Rock + Hip-Hop),harmonix___0272_teachmehowtojerk
2385,11.311013,5.64658,1 (Pop + Groove + Rock + Hip-Hop),harmonix___0273_technologic
2386,8.975118,4.9279356,1 (Pop + Groove + Rock + Hip-Hop),harmonix___0274_temperature
2387,-0.6049906,-6.094666,2 (Classical + Jazz),harmonix___0276_texasflood
2388,10.13307,1.2639335,1 (Pop + Groove + Rock + Hip-Hop),harmonix___0277_thashiznit
2389,13.286276,4.524674,1 (Pop + Groove + Rock + Hip-Hop),harmonix___0278_thatsthahomie
2390,12.547923,6.771581,1 (Pop + Groove + Rock + Hip-Hop),harmonix___0279_thebreaks
2391,7.017546,-8.7782545,1 (Pop + Groove + Rock + Hip-Hop),harmonix___0280_thedayitriedtolive
2392,4.4850693,-9.861992,1 (Pop + Groove + Rock + Hip-Hop),harmonix___0281_theedgeofglory
2393,7.917226,-8.918453,1 (Pop + Groove + Rock + Hip-Hop),harmonix___0282_thegreatsatan
2394,13.226436,5.4619646,1 (Pop + Groove + Rock + Hip-Hop),harmonix___0283_thehumptydance
2395,6.0325723,2.2205596,1 (Pop + Groove + Rock + Hip-Hop),harmonix___0284_thehustle
2396,7.685926,-6.8522315,1 (Pop + Groove + Rock + Hip-Hop),harmonix___0285_thekill
2397,8.031585,-8.630775,1 (Pop + Groove + Rock + Hip-Hop),harmonix___0286_theragelive
2398,6.794825,-7.1152644,1 (Pop + Groove + Rock + Hip-Hop),harmonix___0287_therewasatime
2399,8.026666,0.546978,1 (Pop + Groove + Rock + Hip-Hop),harmonix___0288_thewayiare
2400,10.658925,-10.438906,1 (Pop + Groove + Rock + Hip-Hop),harmonix___0289_thisisexile
2401,6.5495005,-0.72876,1 (Pop + Groove + Rock + Hip-Hop),harmonix___0290_thisishowwedoit
2402,10.5611,-8.121643,1 (Pop + Groove + Rock + Hip-Hop),harmonix___0291_thrasher
2403,7.589954,-6.7150693,1 (Pop + Groove + Rock + Hip-Hop),harmonix___0292_timeslikethese
2404,4.024848,-6.756823,1 (Pop + Groove + Rock + Hip-Hop),harmonix___0293_tomsawyer2
2405,10.583344,3.1916952,1 (Pop + Groove + Rock + Hip-Hop),harmonix___0294_tonighttonight
2406,9.452685,2.3732023,1 (Pop + Groove + Rock + Hip-Hop),harmonix___0295_toxic
2407,3.6601477,-9.316839,1 (Pop + Groove + Rock + Hip-Hop),harmonix___0296_transmaniaconmc
2408,2.4417725,-9.1013565,1 (Pop + Groove + Rock + Hip-Hop),harmonix___0297_troublecomesrunning
2409,8.457508,5.20261,1 (Pop + Groove + Rock + Hip-Hop),harmonix___0298_turnmeon
2410,13.079481,-4.0969977,1 (Pop + Groove + Rock + Hip-Hop),harmonix___0299_turnthebeataround
2411,-1.0232834,0.904117,2 (Classical + Jazz),harmonix___0301_unclejohnsband
2412,14.904127,-1.6727248,1 (Pop + Groove + Rock + Hip-Hop),harmonix___0302_venus
2413,9.051993,-9.740897,1 (Pop + Groove + Rock + Hip-Hop),harmonix___0303_wakeupdead
2414,18.86882,1.9075668,1 (Pop + Groove + Rock + Hip-Hop),harmonix___0304_weaponofchoice
2415,4.134517,5.9810596,1 (Pop + Groove + Rock + Hip-Hop),harmonix___0305_wenospeakamericano
2416,13.093523,5.747516,1 (Pop + Groove + Rock + Hip-Hop),harmonix___0306_werunthis
2417,10.431192,-3.093682,1 (Pop + Groove + Rock + Hip-Hop),harmonix___0307_whatdoesntkillyou
2418,15.160043,-2.9997334,1 (Pop + Groove + Rock + Hip-Hop),harmonix___0308_whatislove
2419,7.744583,1.2282043,1 (Pop + Groove + Rock + Hip-Hop),harmonix___0309_whatsmyname
2420,8.647165,4.1274524,1 (Pop + Groove + Rock + Hip-Hop),harmonix___0310_whineup
2421,9.906164,1.7063358,1 (Pop + Groove + Rock + Hip-Hop),harmonix___0311_whipmyhair
2422,5.3941417,-2.7501173,1 (Pop + Groove + Rock + Hip-Hop),harmonix___0312_whitefalconfuzz
2423,11.909413,6.8155622,1 (Pop + Groove + Rock + Hip-Hop),harmonix___0314_whoomp
2424,8.539586,-7.5623703,1 (Pop + Groove + Rock + Hip-Hop),harmonix___0315_whygo
2425,9.958143,-2.999679,1 (Pop + Groove + Rock + Hip-Hop),harmonix___0316_wildones
2426,8.589081,-7.188108,1 (Pop + Groove + Rock + Hip-Hop),harmonix___0318_windup
2427,7.01367,-6.1325836,1 (Pop + Groove + Rock + Hip-Hop),harmonix___0319_withoutyou
2428,3.4832702,-6.1775403,1 (Pop + Groove + Rock + Hip-Hop),harmonix___0320_wolflikeme
2429,4.4537525,-3.872617,1 (Pop + Groove + Rock + Hip-Hop),harmonix___0321_wonderwall
2430,14.018751,-5.193738,1 (Pop + Groove + Rock + Hip-Hop),harmonix___0322_wordup
2431,7.815392,4.9119835,1 (Pop + Groove + Rock + Hip-Hop),harmonix___0323_yeah
2432,11.906825,-1.7121923,1 (Pop + Groove + Rock + Hip-Hop),harmonix___0324_yeah3x
2433,-1.2349933,1.1962517,2 (Classical + Jazz),harmonix___0325_ymca
2434,2.2755535,0.8090977,1 (Pop + Groove + Rock + Hip-Hop),harmonix___0326_yougotittherightstuff
2435,9.76711,-1.6811857,1 (Pop + Groove + Rock + Hip-Hop),harmonix___0327_youmakemefeel
2436,11.579574,-0.7055254,1 (Pop + Groove + Rock + Hip-Hop),harmonix___0328_youmakemefeeldc
2437,11.664885,5.3471403,1 (Pop + Groove + Rock + Hip-Hop),harmonix___0329_youreajerk
2438,10.357338,-4.8432045,1 (Pop + Groove + Rock + Hip-Hop),harmonix___0330_50waystosaygoodbye
2439,2.6152015,-6.627019,1 (Pop + Groove + Rock + Hip-Hop),harmonix___0331_againstallodds
2440,8.471709,-1.139508,1 (Pop + Groove + Rock + Hip-Hop),harmonix___0332_alejandro
2441,7.6532526,-4.615637,1 (Pop + Groove + Rock + Hip-Hop),harmonix___0333_allday
2442,7.72421,-0.06883926,1 (Pop + Groove + Rock + Hip-Hop),harmonix___0334_alltherightplaces
2443,3.9663906,-4.74717,1 (Pop + Groove + Rock + Hip-Hop),harmonix___0335_allyourlife
2444,5.4632573,-5.128255,1 (Pop + Groove + Rock + Hip-Hop),harmonix___0336_alonewithyou
2445,5.375302,-8.166133,1 (Pop + Groove + Rock + Hip-Hop),harmonix___0337_alwayssomethingthere
2446,7.7754493,-6.1018333,1 (Pop + Groove + Rock + Hip-Hop),harmonix___0338_animal
2447,11.535896,-6.432132,1 (Pop + Groove + Rock + Hip-Hop),harmonix___0339_aslongasyouloveme
2448,11.542345,1.9482694,1 (Pop + Groove + Rock + Hip-Hop),harmonix___0340_backintime
2449,8.95728,-1.5292319,1 (Pop + Groove + Rock + Hip-Hop),harmonix___0341_baggageclaim
2450,10.640051,-6.1766176,1 (Pop + Groove + Rock + Hip-Hop),harmonix___0342_bangpop
2451,7.8301334,-4.9558277,1 (Pop + Groove + Rock + Hip-Hop),harmonix___0343_banjo
2452,9.690041,-1.0381122,1 (Pop + Groove + Rock + Hip-Hop),harmonix___0344_beautifullife
2453,12.353684,0.9682766,1 (Pop + Groove + Rock + Hip-Hop),harmonix___0345_beinlovetonight
2454,7.3287535,-2.7903948,1 (Pop + Groove + Rock + Hip-Hop),harmonix___0346_birthdaydress
2455,6.4071107,-5.560214,1 (Pop + Groove + Rock + Hip-Hop),harmonix___0347_bitch
2456,11.609673,-3.5782797,1 (Pop + Groove + Rock + Hip-Hop),harmonix___0348_blackout
2457,10.6863,-2.3889158,1 (Pop + Groove + Rock + Hip-Hop),harmonix___0349_blow
2458,9.733594,-3.6060498,1 (Pop + Groove + Rock + Hip-Hop),harmonix___0350_blowme
2459,10.455812,0.5038702,1 (Pop + Groove + Rock + Hip-Hop),harmonix___0351_blowup
2460,7.7073784,-0.28626242,1 (Pop + Groove + Rock + Hip-Hop),harmonix___0352_boogiewonderland
2461,7.7783313,5.8825045,1 (Pop + Groove + Rock + Hip-Hop),harmonix___0353_bottomsup
2462,9.112775,-5.646301,1 (Pop + Groove + Rock + Hip-Hop),harmonix___0354_brandnewday
2463,10.749963,1.3880421,1 (Pop + Groove + Rock + Hip-Hop),harmonix___0355_brokenhearted
2464,8.556238,1.2875137,1 (Pop + Groove + Rock + Hip-Hop),harmonix___0356_californiagurls
2465,6.990773,-1.7084057,1 (Pop + Groove + Rock + Hip-Hop),harmonix___0357_cheers
2466,4.5955596,1.6047117,1 (Pop + Groove + Rock + Hip-Hop),harmonix___0358_children
2467,9.618849,-5.279523,1 (Pop + Groove + Rock + Hip-Hop),harmonix___0359_cominghome
2468,8.966874,-1.6784973,1 (Pop + Groove + Rock + Hip-Hop),harmonix___0360_coolerthanme
2469,5.7671843,-4.40694,1 (Pop + Groove + Rock + Hip-Hop),harmonix___0361_countrymustbecountrywide
2470,7.074537,-7.58982,1 (Pop + Groove + Rock + Hip-Hop),harmonix___0362_crazygirl
2471,4.954439,-5.864635,1 (Pop + Groove + Rock + Hip-Hop),harmonix___0363_darkside
2472,12.400164,5.984942,1 (Pop + Groove + Rock + Hip-Hop),harmonix___0364_deuces
2473,10.526297,0.97583777,1 (Pop + Groove + Rock + Hip-Hop),harmonix___0365_dirtroadanthem
2474,10.44618,-0.5081685,1 (Pop + Groove + Rock + Hip-Hop),harmonix___0366_domino
2475,-0.31902727,-7.7078366,1 (Pop + Groove + Rock + Hip-Hop),harmonix___0367_dontdreamitsover
2476,8.141049,0.71484375,1 (Pop + Groove + Rock + Hip-Hop),harmonix___0368_dontwakemeup
2477,-3.5071762,-1.3994094,2 (Classical + Jazz),harmonix___0369_dontyouworrychild
2478,10.000366,4.5422206,1 (Pop + Groove + Rock + Hip-Hop),harmonix___0370_downonme
2479,3.191141,2.2820373,1 (Pop + Groove + Rock + Hip-Hop),harmonix___0371_downunder
2480,6.910257,-7.8711476,1 (Pop + Groove + Rock + Hip-Hop),harmonix___0372_drinkinmyhand
2481,7.744575,-0.505409,1 (Pop + Groove + Rock + Hip-Hop),harmonix___0373_driveby
2482,6.781449,-5.0469294,1 (Pop + Groove + Rock + Hip-Hop),harmonix___0374_drunkonyou
2483,8.938782,-1.4433619,1 (Pop + Groove + Rock + Hip-Hop),harmonix___0375_dynamite
2484,7.580974,-3.5847292,1 (Pop + Groove + Rock + Hip-Hop),harmonix___0376_earthquake
2485,7.713798,0.3338889,1 (Pop + Groove + Rock + Hip-Hop),harmonix___0377_eatdirt
2486,6.2774687,-3.909788,1 (Pop + Groove + Rock + Hip-Hop),harmonix___0378_effinperfect
2487,8.950018,-0.44222638,1 (Pop + Groove + Rock + Hip-Hop),harmonix___0379_et
2488,8.022229,-6.2238555,1 (Pop + Groove + Rock + Hip-Hop),harmonix___0380_everybodytalks
2489,6.555383,-5.8040643,1 (Pop + Groove + Rock + Hip-Hop),harmonix___0381_everythingyouwant
2490,9.133514,-7.288732,1 (Pop + Groove + Rock + Hip-Hop),harmonix___0382_fatherofmine
2491,7.8165326,-0.40766442,1 (Pop + Groove + Rock + Hip-Hop),harmonix___0383_feelsoclose
2492,5.72452,0.22219814,1 (Pop + Groove + Rock + Hip-Hop),harmonix___0384_finally
2493,9.592965,0.6704196,1 (Pop + Groove + Rock + Hip-Hop),harmonix___0385_fiveoclock
2494,3.8905642,-5.890733,1 (Pop + Groove + Rock + Hip-Hop),harmonix___0386_footloose
2495,3.6835072,-6.370027,1 (Pop + Groove + Rock + Hip-Hop),harmonix___0387_free
2496,12.241116,0.009908459,1 (Pop + Groove + Rock + Hip-Hop),harmonix___0388_gangnamstyle
2497,2.2050047,1.1284751,1 (Pop + Groove + Rock + Hip-Hop),harmonix___0389_gettinoveryou
2498,12.355033,4.0701127,1 (Pop + Groove + Rock + Hip-Hop),harmonix___0390_getyourselfbackhome
2499,11.084465,-1.446991,1 (Pop + Groove + Rock + Hip-Hop),harmonix___0391_givemeallyourluvin
2500,10.497378,-3.8840194,1 (Pop + Groove + Rock + Hip-Hop),harmonix___0392_givemeyourhand
2501,8.810012,-3.2657976,1 (Pop + Groove + Rock + Hip-Hop),harmonix___0393_giveyourheartabreak
2502,7.1348214,-6.086061,1 (Pop + Groove + Rock + Hip-Hop),harmonix___0394_godgavemetoyou
2503,8.075523,0.35354963,1 (Pop + Groove + Rock + Hip-Hop),harmonix___0395_gold
2504,12.583327,-0.11260595,1 (Pop + Groove + Rock + Hip-Hop),harmonix___0396_goodfeeling
2505,5.051488,-6.7588773,1 (Pop + Groove + Rock + Hip-Hop),harmonix___0397_goodlife
2506,10.494045,-2.7271347,1 (Pop + Groove + Rock + Hip-Hop),harmonix___0398_goodtime
2507,10.691928,0.101992734,1 (Pop + Groove + Rock + Hip-Hop),harmonix___0399_gotmygirls
2508,4.851712,-8.34866,1 (Pop + Groove + Rock + Hip-Hop),harmonix___0400_heatofthemoment
2509,6.1107554,-4.3820357,1 (Pop + Groove + Rock + Hip-Hop),harmonix___0401_hello
2510,7.0981946,-4.796021,1 (Pop + Groove + Rock + Hip-Hop),harmonix___0402_herestous
2511,10.240878,-0.35746643,1 (Pop + Groove + Rock + Hip-Hop),harmonix___0403_heybaby
2512,6.950076,-5.1496134,1 (Pop + Groove + Rock + Hip-Hop),harmonix___0404_holditagainstme
2513,6.098009,-6.977345,1 (Pop + Groove + Rock + Hip-Hop),harmonix___0405_home
2514,4.0419374,-6.4274726,1 (Pop + Groove + Rock + Hip-Hop),harmonix___0406_honeybee
2515,7.551872,-1.1048383,1 (Pop + Groove + Rock + Hip-Hop),harmonix___0407_humpinaround
2516,12.612714,2.9531133,1 (Pop + Groove + Rock + Hip-Hop),harmonix___0408_icanonlyimagine
2517,10.819848,-2.416396,1 (Pop + Groove + Rock + Hip-Hop),harmonix___0409_idontlikeyou
2518,6.7360616,-3.982622,1 (Pop + Groove + Rock + Hip-Hop),harmonix___0410_idontwantthisnighttoend
2519,10.489648,-4.7339883,1 (Pop + Groove + Rock + Hip-Hop),harmonix___0411_ifihadyou
2520,8.799726,-3.050149,1 (Pop + Groove + Rock + Hip-Hop),harmonix___0412_ifitmakesyouhappy
2521,8.347418,-6.7149143,1 (Pop + Groove + Rock + Hip-Hop),harmonix___0413_ifyoucouldonlysee
2522,4.6410704,-4.730513,1 (Pop + Groove + Rock + Hip-Hop),harmonix___0414_illbe
2523,-9.831772,11.148567,2 (Classical + Jazz),harmonix___0415_illbewaiting
2524,5.645983,-4.909586,1 (Pop + Groove + Rock + Hip-Hop),harmonix___0416_impossible
2525,16.918629,-0.64771384,1 (Pop + Groove + Rock + Hip-Hop),harmonix___0417_imtoosexy
2526,11.6143675,1.0075362,1 (Pop + Groove + Rock + Hip-Hop),harmonix___0418_inthedark
2527,7.4154468,-1.9459347,1 (Pop + Groove + Rock + Hip-Hop),harmonix___0419_itgirl
2528,7.5860815,-0.8407933,1 (Pop + Groove + Rock + Hip-Hop),harmonix___0420_itsrainingmen
2529,13.86713,5.6710243,1 (Pop + Groove + Rock + Hip-Hop),harmonix___0421_ittakestwo
2530,6.263858,-4.414566,1 (Pop + Groove + Rock + Hip-Hop),harmonix___0422_itwillrain
2531,12.371433,-1.2617412,1 (Pop + Groove + Rock + Hip-Hop),harmonix___0423_iwannago
2532,9.379206,0.87304145,1 (Pop + Groove + Rock + Hip-Hop),harmonix___0424_justadream
2533,6.349218,-4.331161,1 (Pop + Groove + Rock + Hip-Hop),harmonix___0425_justakiss
2534,12.124879,4.46772,1 (Pop + Groove + Rock + Hip-Hop),harmonix___0426_justcantgetenough
2535,5.654866,-0.85471714,1 (Pop + Groove + Rock + Hip-Hop),harmonix___0427_justthewayyouare
2536,7.183472,-3.4777217,1 (Pop + Groove + Rock + Hip-Hop),harmonix___0428_kingofanything
2537,7.4158497,-2.0229883,1 (Pop + Groove + Rock + Hip-Hop),harmonix___0429_kissinu
2538,10.176814,-2.263743,1 (Pop + Groove + Rock + Hip-Hop),harmonix___0430_lastfridaynight
2539,3.0441449,-4.1124444,1 (Pop + Groove + Rock + Hip-Hop),harmonix___0431_letitrain
2540,10.821909,-3.334132,1 (Pop + Groove + Rock + Hip-Hop),harmonix___0432_letsgo
2541,5.6635733,1.8921435,1 (Pop + Groove + Rock + Hip-Hop),harmonix___0433_lighters
2542,6.597922,-3.737737,1 (Pop + Groove + Rock + Hip-Hop),harmonix___0434_lights
2543,12.8027,3.5962307,1 (Pop + Groove + Rock + Hip-Hop),harmonix___0435_lookatmenow
2544,8.030923,-3.4096391,1 (Pop + Groove + Rock + Hip-Hop),harmonix___0436_loveactually
2545,7.5404134,4.042402,1 (Pop + Groove + Rock + Hip-Hop),harmonix___0437_lovelikewoe
2546,1.7015618,-2.5632749,1 (Pop + Groove + Rock + Hip-Hop),harmonix___0438_loverlover
2547,12.239607,3.2781005,1 (Pop + Groove + Rock + Hip-Hop),harmonix___0439_lovethewayyoulie
2548,8.193232,2.1312082,1 (Pop + Groove + Rock + Hip-Hop),harmonix___0440_loveyoulikealovesong
2549,6.956452,2.1480417,1 (Pop + Groove + Rock + Hip-Hop),harmonix___0441_lovingyoutonight
2550,6.1983743,-4.645465,1 (Pop + Groove + Rock + Hip-Hop),harmonix___0442_lullaby
2551,9.286175,-0.28277272,1 (Pop + Groove + Rock + Hip-Hop),harmonix___0443_magic
2552,8.9441395,-6.404584,1 (Pop + Groove + Rock + Hip-Hop),harmonix___0444_maybe
2553,11.272332,-2.5754652,1 (Pop + Groove + Rock + Hip-Hop),harmonix___0445_memories
2554,8.034385,11.233004,1 (Pop + Groove + Rock + Hip-Hop),harmonix___0446_midnightcity
2555,10.61041,4.3563805,1 (Pop + Groove + Rock + Hip-Hop),harmonix___0447_mindyourmanners
2556,7.5371466,-5.9177303,1 (Pop + Groove + Rock + Hip-Hop),harmonix___0448_mine
2557,10.304985,-2.5047522,1 (Pop + Groove + Rock + Hip-Hop),harmonix___0449_misery
2558,7.9863615,-0.9458721,1 (Pop + Groove + Rock + Hip-Hop),harmonix___0450_more
2559,7.554094,-2.7436085,1 (Pop + Groove + Rock + Hip-Hop),harmonix___0451_mrknowitall
2560,12.590232,1.8410442,1 (Pop + Groove + Rock + Hip-Hop),harmonix___0452_myfirstkiss
2561,10.42132,-1.2695235,1 (Pop + Groove + Rock + Hip-Hop),harmonix___0453_mygirl
2562,6.9380035,-5.2192235,1 (Pop + Groove + Rock + Hip-Hop),harmonix___0454_myohmy
2563,3.424145,-5.018368,1 (Pop + Groove + Rock + Hip-Hop),harmonix___0455_nevertearusapart
2564,12.603452,5.854854,1 (Pop + Groove + Rock + Hip-Hop),harmonix___0456_nohands
2565,7.610136,-5.732573,1 (Pop + Groove + Rock + Hip-Hop),harmonix___0457_nothing
2566,3.5113926,-0.87910986,1 (Pop + Groove + Rock + Hip-Hop),harmonix___0458_notorious
2567,10.213801,-5.7950096,1 (Pop + Groove + Rock + Hip-Hop),harmonix___0459_notoveryou
2568,6.680292,-4.235252,1 (Pop + Groove + Rock + Hip-Hop),harmonix___0460_numb
2569,11.334537,-1.2960865,1 (Pop + Groove + Rock + Hip-Hop),harmonix___0461_obsession
2570,0.3174479,-4.026415,1 (Pop + Groove + Rock + Hip-Hop),harmonix___0462_oldalabama
2571,9.375712,-0.023394147,1 (Pop + Groove + Rock + Hip-Hop),harmonix___0463_onemorenight
2572,4.8034215,-4.9767194,1 (Pop + Groove + Rock + Hip-Hop),harmonix___0464_oneofus
2573,4.0254054,-0.32176065,1 (Pop + Groove + Rock + Hip-Hop),harmonix___0465_onething
2574,2.4308476,-2.668827,1 (Pop + Groove + Rock + Hip-Hop),harmonix___0466_onthedarkside
2575,11.685631,1.1379913,1 (Pop + Groove + Rock + Hip-Hop),harmonix___0467_onthefloor
2576,-14.589656,-4.2405753,2 (Classical + Jazz),harmonix___0468_openarms
2577,5.628449,-6.5005107,1 (Pop + Groove + Rock + Hip-Hop),harmonix___0469_ordinaryworld
2578,4.9318166,-3.4742918,1 (Pop + Groove + Rock + Hip-Hop),harmonix___0470_ours
2579,10.182515,-4.8921876,1 (Pop + Groove + Rock + Hip-Hop),harmonix___0471_paradise
2580,10.027238,-3.1093764,1 (Pop + Groove + Rock + Hip-Hop),harmonix___0472_partofme
2581,7.871725,-2.825494,1 (Pop + Groove + Rock + Hip-Hop),harmonix___0473_payphone
2582,7.597788,-1.3217279,1 (Pop + Groove + Rock + Hip-Hop),harmonix___0474_pleasedontgo
2583,9.325167,-2.1562014,1 (Pop + Groove + Rock + Hip-Hop),harmonix___0475_poisonedwithlove
2584,2.6461344,-2.4382758,1 (Pop + Groove + Rock + Hip-Hop),harmonix___0476_pontoon
2585,9.849263,-1.3772848,1 (Pop + Groove + Rock + Hip-Hop),harmonix___0477_poundthealarm
2586,6.0537696,-5.078969,1 (Pop + Groove + Rock + Hip-Hop),harmonix___0478_prayforyou
2587,8.943539,1.5877755,1 (Pop + Groove + Rock + Hip-Hop),harmonix___0479_pricetag
2588,7.850338,-3.5627604,1 (Pop + Groove + Rock + Hip-Hop),harmonix___0480_raiseyourglass
2589,9.478525,-1.3153485,1 (Pop + Groove + Rock + Hip-Hop),harmonix___0481_reallove
2590,11.764601,6.7590127,1 (Pop + Groove + Rock + Hip-Hop),harmonix___0482_redsolocup
2591,8.959824,3.3046713,1 (Pop + Groove + Rock + Hip-Hop),harmonix___0483_ridinsolo
2592,12.176554,0.762547,1 (Pop + Groove + Rock + Hip-Hop),harmonix___0484_rockthatbody
2593,3.7114422,-1.8447465,1 (Pop + Groove + Rock + Hip-Hop),harmonix___0485_rollinginthedeep
2594,11.831957,1.570624,1 (Pop + Groove + Rock + Hip-Hop),harmonix___0486_rundatback
2595,8.482093,-4.182455,1 (Pop + Groove + Rock + Hip-Hop),harmonix___0487_secrets
2596,6.7098484,-5.461739,1 (Pop + Groove + Rock + Hip-Hop),harmonix___0488_september
2597,10.3090925,-0.7755083,1 (Pop + Groove + Rock + Hip-Hop),harmonix___0489_shakeyourbody
2598,10.270346,-2.468762,1 (Pop + Groove + Rock + Hip-Hop),harmonix___0490_showme
2599,6.3650002,-4.920303,1 (Pop + Groove + Rock + Hip-Hop),harmonix___0491_skyscraper
2600,8.042232,1.8657043,1 (Pop + Groove + Rock + Hip-Hop),harmonix___0492_sm
2601,5.8151374,-4.2810917,1 (Pop + Groove + Rock + Hip-Hop),harmonix___0493_somebodysheartbreak
2602,2.8791265,4.6844673,1 (Pop + Groove + Rock + Hip-Hop),harmonix___0494_somebodythatiusedtoknow
2603,-4.4081006,-3.4630194,2 (Classical + Jazz),harmonix___0495_someonelikeyou
2604,7.6987424,-4.7980633,1 (Pop + Groove + Rock + Hip-Hop),harmonix___0496_sparksfly
2605,8.794115,-4.857514,1 (Pop + Groove + Rock + Hip-Hop),harmonix___0497_speakers
2606,5.419242,-5.0063434,1 (Pop + Groove + Rock + Hip-Hop),harmonix___0498_springsteen
2607,7.992085,-1.8329533,1 (Pop + Groove + Rock + Hip-Hop),harmonix___0499_starbuckssmile
2608,7.295823,-1.256772,1 (Pop + Groove + Rock + Hip-Hop),harmonix___0500_stay
2609,7.541194,-5.090444,1 (Pop + Groove + Rock + Hip-Hop),harmonix___0501_stayawhile
2610,4.663081,-4.914859,1 (Pop + Groove + Rock + Hip-Hop),harmonix___0502_stronger
2611,7.280915,-0.14747714,1 (Pop + Groove + Rock + Hip-Hop),harmonix___0503_stucklikeglue
2612,5.474543,-8.53402,1 (Pop + Groove + Rock + Hip-Hop),harmonix___0504_suspiciousminds
2613,11.078165,-1.8514826,1 (Pop + Groove + Rock + Hip-Hop),harmonix___0505_takeitoff
2614,4.8979206,-6.014161,1 (Pop + Groove + Rock + Hip-Hop),harmonix___0506_takemehometonight
2615,10.048521,-1.8032763,1 (Pop + Groove + Rock + Hip-Hop),harmonix___0507_teenagedream
2616,-3.0470588,-3.1657808,2 (Classical + Jazz),harmonix___0508_tennesseeme
2617,9.505132,4.638911,1 (Pop + Groove + Rock + Hip-Hop),harmonix___0509_thelazysong
2618,6.1363034,-6.116357,1 (Pop + Groove + Rock + Hip-Hop),harmonix___0510_theonethatgotaway
2619,5.221067,-4.182287,1 (Pop + Groove + Rock + Hip-Hop),harmonix___0511_theonlyexception
2620,12.772403,5.9660373,1 (Pop + Groove + Rock + Hip-Hop),harmonix___0512_theshowgoeson
2621,10.732677,-3.3243415,1 (Pop + Groove + Rock + Hip-Hop),harmonix___0513_thetime
2622,5.461055,0.36937118,1 (Pop + Groove + Rock + Hip-Hop),harmonix___0514_thetimeofmylife
2623,6.761965,-6.3822412,1 (Pop + Groove + Rock + Hip-Hop),harmonix___0515_thisafternoon
2624,9.911045,1.5823668,1 (Pop + Groove + Rock + Hip-Hop),harmonix___0516_thisorthat
2625,8.108014,0.19632655,1 (Pop + Groove + Rock + Hip-Hop),harmonix___0517_tilltheworldends
2626,4.924797,2.1821725,1 (Pop + Groove + Rock + Hip-Hop),harmonix___0518_timeaftertime
2627,8.322275,-1.6059723,1 (Pop + Groove + Rock + Hip-Hop),harmonix___0519_titanium
2628,10.600974,0.14558582,1 (Pop + Groove + Rock + Hip-Hop),harmonix___0520_tonight
2629,1.6406927,-9.464079,1 (Pop + Groove + Rock + Hip-Hop),harmonix___0521_tooclose
2630,10.4932,0.1308398,1 (Pop + Groove + Rock + Hip-Hop),harmonix___0522_turnupthemusic
2631,12.852734,2.5835588,1 (Pop + Groove + Rock + Hip-Hop),harmonix___0523_ucanttouchthis
2632,7.186792,-3.2804935,1 (Pop + Groove + Rock + Hip-Hop),harmonix___0524_undoit
2633,12.218669,-2.8188279,1 (Pop + Groove + Rock + Hip-Hop),harmonix___0525_venus
2634,5.6892686,-4.4466963,1 (Pop + Groove + Rock + Hip-Hop),harmonix___0526_waitingoutsidethelines
2635,13.393611,4.761503,1 (Pop + Groove + Rock + Hip-Hop),harmonix___0527_wantuback
2636,11.682188,1.468622,1 (Pop + Groove + Rock + Hip-Hop),harmonix___0528_werunthenight
2637,8.477192,-0.5391553,1 (Pop + Groove + Rock + Hip-Hop),harmonix___0529_werwhower
2638,9.550412,-4.8897943,1 (Pop + Groove + Rock + Hip-Hop),harmonix___0530_whatthehell
2639,8.040836,-6.7311916,1 (Pop + Groove + Rock + Hip-Hop),harmonix___0531_whenwestandtogether
2640,13.107181,1.7350724,1 (Pop + Groove + Rock + Hip-Hop),harmonix___0532_whistle
2641,5.6853333,-1.5863528,1 (Pop + Groove + Rock + Hip-Hop),harmonix___0533_whosays
2642,6.02348,-5.339485,1 (Pop + Groove + Rock + Hip-Hop),harmonix___0534_wideawake
2643,-3.3956158,-6.0779395,2 (Classical + Jazz),harmonix___0535_withoutyou
2644,11.198018,4.854798,1 (Pop + Groove + Rock + Hip-Hop),harmonix___0536_workout
2645,11.517714,0.40035102,1 (Pop + Groove + Rock + Hip-Hop),harmonix___0537_writteninthestars
2646,4.818345,-4.2794013,1 (Pop + Groove + Rock + Hip-Hop),harmonix___0538_you
2647,5.384701,-5.3906665,1 (Pop + Groove + Rock + Hip-Hop),harmonix___0539_youandi
2648,7.1616564,-4.135336,1 (Pop + Groove + Rock + Hip-Hop),harmonix___0540_youandme
2649,4.014618,-1.6384116,1 (Pop + Groove + Rock + Hip-Hop),harmonix___0541_youdroppedabombonme
2650,5.9019184,-6.325808,1 (Pop + Groove + Rock + Hip-Hop),harmonix___0542_yougetwhatyougive
2651,6.769892,-4.895946,1 (Pop + Groove + Rock + Hip-Hop),harmonix___0543_yougonnafly
2652,8.904716,1.356834,1 (Pop + Groove + Rock + Hip-Hop),harmonix___0544_yougottabe
2653,5.305838,-6.2303157,1 (Pop + Groove + Rock + Hip-Hop),harmonix___0545_youkeepmehangingon
2654,8.061097,-6.538381,1 (Pop + Groove + Rock + Hip-Hop),harmonix___0546_18days
2655,8.486261,-4.2473664,1 (Pop + Groove + Rock + Hip-Hop),harmonix___0547_1901boflexdpassionpitremix
2656,11.787253,-3.1019683,1 (Pop + Groove + Rock + Hip-Hop),harmonix___0548_2getherextended
2657,-3.124636,-4.7159486,2 (Classical + Jazz),harmonix___0549_515
2658,7.8345056,-6.412771,1 (Pop + Groove + Rock + Hip-Hop),harmonix___0550_aboutyounow
2659,8.572425,-5.712496,1 (Pop + Groove + Rock + Hip-Hop),harmonix___0551_accordingtoyou
2660,8.579868,-6.3570843,1 (Pop + Groove + Rock + Hip-Hop),harmonix___0552_addicted
2661,12.802475,-2.9865437,1 (Pop + Groove + Rock + Hip-Hop),harmonix___0553_alivefeatthegoodnatured
2662,6.4851494,-5.027598,1 (Pop + Groove + Rock + Hip-Hop),harmonix___0554_allalright
2663,6.8088617,-4.712496,1 (Pop + Groove + Rock + Hip-Hop),harmonix___0555_allaroundme
2664,8.646446,-2.9369912,1 (Pop + Groove + Rock + Hip-Hop),harmonix___0556_allaroundtheworld
2665,5.428676,0.8711029,1 (Pop + Groove + Rock + Hip-Hop),harmonix___0557_alligator
2666,8.77927,-0.53633547,1 (Pop + Groove + Rock + Hip-Hop),harmonix___0558_allnightlong
2667,7.515296,-4.3191414,1 (Pop + Groove + Rock + Hip-Hop),harmonix___0559_alltherightmoves
2668,8.296973,2.4338992,1 (Pop + Groove + Rock + Hip-Hop),harmonix___0560_almostlovenow
2669,10.773738,-0.7512042,1 (Pop + Groove + Rock + Hip-Hop),harmonix___0561_alorsondanse
2670,7.0254097,-5.6402593,1 (Pop + Groove + Rock + Hip-Hop),harmonix___0562_alreadygone
2671,10.493291,-3.014504,1 (Pop + Groove + Rock + Hip-Hop),harmonix___0564_americanboybenny
2672,5.234648,-4.680989,1 (Pop + Groove + Rock + Hip-Hop),harmonix___0565_americanhoney
2673,-7.834057,9.684766,2 (Classical + Jazz),harmonix___0566_americanwoman
2674,7.658899,-7.315652,1 (Pop + Groove + Rock + Hip-Hop),harmonix___0567_anythingcouldhappen
2675,5.740212,-3.115441,1 (Pop + Groove + Rock + Hip-Hop),harmonix___0568_apologize
2676,4.246712,1.221895,1 (Pop + Groove + Rock + Hip-Hop),harmonix___0569_arrow
2677,11.529171,-6.425806,1 (Pop + Groove + Rock + Hip-Hop),harmonix___0570_aslongasyouloveme
2678,6.032354,-7.6997056,1 (Pop + Groove + Rock + Hip-Hop),harmonix___0571_atlantis
2679,11.6608305,4.821065,1 (Pop + Groove + Rock + Hip-Hop),harmonix___0572_awake
2680,7.918562,-1.0722702,1 (Pop + Groove + Rock + Hip-Hop),harmonix___0573_babyludacris
2681,12.856074,0.13761045,1 (Pop + Groove + Rock + Hip-Hop),harmonix___0574_badromanceappboyz
2682,12.181636,-0.3308085,1 (Pop + Groove + Rock + Hip-Hop),harmonix___0575_badromanceskrillexremix
2683,12.253904,-4.1189733,1 (Pop + Groove + Rock + Hip-Hop),harmonix___0576_barbrastreisand
2684,11.175605,-4.382719,1 (Pop + Groove + Rock + Hip-Hop),harmonix___0577_battlefieldmainversion
2685,-2.343707,-1.7732501,2 (Classical + Jazz),harmonix___0578_bealright
2686,10.447163,-6.6394973,1 (Pop + Groove + Rock + Hip-Hop),harmonix___0579_beatitstudioversion
2687,4.830262,-4.7527785,1 (Pop + Groove + Rock + Hip-Hop),harmonix___0580_beautiful
2688,0.34171054,-2.0398765,1 (Pop + Groove + Rock + Hip-Hop),harmonix___0581_beautifulcarlyrae
2689,5.9956517,-7.151642,1 (Pop + Groove + Rock + Hip-Hop),harmonix___0582_beautifulday
2690,7.5073647,4.8226266,1 (Pop + Groove + Rock + Hip-Hop),harmonix___0583_beautifulgirls
2691,10.6501875,-3.0565758,1 (Pop + Groove + Rock + Hip-Hop),harmonix___0585_beautyandabeat
2692,7.146981,3.0940366,1 (Pop + Groove + Rock + Hip-Hop),harmonix___0586_bed
2693,11.253441,4.512388,1 (Pop + Groove + Rock + Hip-Hop),harmonix___0587_bedrock
2694,7.757565,-2.7540948,1 (Pop + Groove + Rock + Hip-Hop),harmonix___0588_believe
2695,12.134359,4.704619,1 (Pop + Groove + Rock + Hip-Hop),harmonix___0589_bestieverhad
2696,7.3786197,1.2834039,1 (Pop + Groove + Rock + Hip-Hop),harmonix___0590_betterintime
2697,6.9460983,0.34455976,1 (Pop + Groove + Rock + Hip-Hop),harmonix___0591_biggirlsdontcry
2698,10.593787,-0.17483099,1 (Pop + Groove + Rock + Hip-Hop),harmonix___0592_blameit
2699,9.114148,0.29328322,1 (Pop + Groove + Rock + Hip-Hop),harmonix___0593_blameitradioedit
2700,6.5185018,-0.51247346,1 (Pop + Groove + Rock + Hip-Hop),harmonix___0594_bleedinglove
2701,4.772157,0.6098901,1 (Pop + Groove + Rock + Hip-Hop),harmonix___0595_blonde
2702,10.386001,4.842302,1 (Pop + Groove + Rock + Hip-Hop),harmonix___0596_bonbon
2703,-8.693811,10.783966,2 (Classical + Jazz),harmonix___0597_boomboomguetta
2704,10.334111,-1.0497714,1 (Pop + Groove + Rock + Hip-Hop),harmonix___0598_boomboompow
2705,9.359744,2.3316088,1 (Pop + Groove + Rock + Hip-Hop),harmonix___0599_boyfriend
2706,7.083818,-5.363936,1 (Pop + Groove + Rock + Hip-Hop),harmonix___0600_breakeven
2707,9.383497,-0.6410819,1 (Pop + Groove + Rock + Hip-Hop),harmonix___0602_breaktheice
2708,12.886103,-0.22912636,1 (Pop + Groove + Rock + Hip-Hop),harmonix___0603_breaktheicejasonnevinsmix
2709,8.1101465,1.6704614,1 (Pop + Groove + Rock + Hip-Hop),harmonix___0604_bustitbabypart2
2710,11.873773,3.9231715,1 (Pop + Groove + Rock + Hip-Hop),harmonix___0607_cantholdus
2711,5.9289265,-3.7495277,1 (Pop + Groove + Rock + Hip-Hop),harmonix___0608_canttellmenothing
2712,5.91726,-5.304345,1 (Pop + Groove + Rock + Hip-Hop),harmonix___0609_carryon
2713,9.427746,-2.4633574,1 (Pop + Groove + Rock + Hip-Hop),harmonix___0610_castle
2714,7.123087,1.8522269,1 (Pop + Groove + Rock + Hip-Hop),harmonix___0611_catchingfeelings
2715,5.0223284,-9.176433,1 (Pop + Groove + Rock + Hip-Hop),harmonix___0613_celebrationbennybenassi
2716,11.293857,-3.3359683,1 (Pop + Groove + Rock + Hip-Hop),harmonix___0614_cinema
2717,10.998438,0.19080535,1 (Pop + Groove + Rock + Hip-Hop),harmonix___0615_circus
2718,4.246042,-3.2731733,1 (Pop + Groove + Rock + Hip-Hop),harmonix___0616_citygirl
2719,7.331672,1.416188,1 (Pop + Groove + Rock + Hip-Hop),harmonix___0617_citylights
2720,4.9025464,-7.1961007,1 (Pop + Groove + Rock + Hip-Hop),harmonix___0618_clocks
2721,8.592914,1.7907441,1 (Pop + Groove + Rock + Hip-Hop),harmonix___0619_closer
2722,8.64273,-5.771089,1 (Pop + Groove + Rock + Hip-Hop),harmonix___0620_closertands
2723,11.409882,-0.3648841,1 (Pop + Groove + Rock + Hip-Hop),harmonix___0621_clubcanthandleme
2724,6.546088,-0.28280967,1 (Pop + Groove + Rock + Hip-Hop),harmonix___0622_clumsy
2725,5.26902,-3.9573572,1 (Pop + Groove + Rock + Hip-Hop),harmonix___0623_comeongethigher
2726,6.4363337,-3.7203338,1 (Pop + Groove + Rock + Hip-Hop),harmonix___0625_complicated
2727,9.026353,-1.6493554,1 (Pop + Groove + Rock + Hip-Hop),harmonix___0626_coolerthanme
2728,9.223003,-3.9357235,1 (Pop + Groove + Rock + Hip-Hop),harmonix___0627_cowboyboots
2729,10.379435,5.411503,1 (Pop + Groove + Rock + Hip-Hop),harmonix___0628_crankthatsouljaboy
2730,7.7684484,1.674961,1 (Pop + Groove + Rock + Hip-Hop),harmonix___0629_crush
2731,6.8608623,-4.6508,1 (Pop + Groove + Rock + Hip-Hop),harmonix___0630_crushcrushcrush
2732,9.957967,-1.7336376,1 (Pop + Groove + Rock + Hip-Hop),harmonix___0631_curiosity
2733,11.0598545,3.9407444,1 (Pop + Groove + Rock + Hip-Hop),harmonix___0632_cyclone
2734,9.480891,-0.31845057,1 (Pop + Groove + Rock + Hip-Hop),harmonix___0633_dancingmachine
2735,11.222377,4.592708,1 (Pop + Groove + Rock + Hip-Hop),harmonix___0634_dangerous
2736,8.950834,2.939053,1 (Pop + Groove + Rock + Hip-Hop),harmonix___0635_daynnite
2737,8.958492,4.5214233,1 (Pop + Groove + Rock + Hip-Hop),harmonix___0636_daynnitecrookersremix
2738,9.006088,4.4468036,1 (Pop + Groove + Rock + Hip-Hop),harmonix___0637_daynniteremix
2739,11.933396,5.153935,1 (Pop + Groove + Rock + Hip-Hop),harmonix___0638_deadandgone
2740,8.453938,1.4614205,1 (Pop + Groove + Rock + Hip-Hop),harmonix___0639_dieinyourarms
2741,7.732855,1.3418335,1 (Pop + Groove + Rock + Hip-Hop),harmonix___0640_disturbia2
2742,2.296674,-4.8016315,1 (Pop + Groove + Rock + Hip-Hop),harmonix___0642_dontconfess
2743,7.1304183,-5.104495,1 (Pop + Groove + Rock + Hip-Hop),harmonix___0643_dontrush
2744,6.2304134,-7.6232986,1 (Pop + Groove + Rock + Hip-Hop),harmonix___0644_dontsayaword
2745,8.763317,3.4927518,1 (Pop + Groove + Rock + Hip-Hop),harmonix___0645_dontstopthemusic
2746,5.8318315,-4.34179,1 (Pop + Groove + Rock + Hip-Hop),harmonix___0647_dontthinkidontthinkaboutit
2747,11.493551,-4.21389,1 (Pop + Groove + Rock + Hip-Hop),harmonix___0648_donttrustme
2748,7.8345623,1.6198604,1 (Pop + Groove + Rock + Hip-Hop),harmonix___0649_down
2749,7.721211,1.3027948,1 (Pop + Groove + Rock + Hip-Hop),harmonix___0650_downlilwayne
2750,8.362687,0.8476847,1 (Pop + Groove + Rock + Hip-Hop),harmonix___0651_doyouremember
2751,8.134565,-6.1561756,1 (Pop + Groove + Rock + Hip-Hop),harmonix___0652_drovemewild
2752,11.336257,-1.9342009,1 (Pop + Groove + Rock + Hip-Hop),harmonix___0653_dynamite
2753,8.338198,0.4711606,1 (Pop + Groove + Rock + Hip-Hop),harmonix___0654_dynamitemixinmarc
2754,12.045374,-3.2670848,1 (Pop + Groove + Rock + Hip-Hop),harmonix___0655_earthquakey
2755,11.391423,3.4524083,1 (Pop + Groove + Rock + Hip-Hop),harmonix___0657_enursbonfire
2756,9.137198,-1.0157372,1 (Pop + Groove + Rock + Hip-Hop),harmonix___0658_evacuatethedancefloor
2757,3.9451268,-5.301348,1 (Pop + Groove + Rock + Hip-Hop),harmonix___0659_everybody
2758,13.0396,-2.7250943,1 (Pop + Groove + Rock + Hip-Hop),harmonix___0660_everymorning
2759,10.239362,-1.1872914,1 (Pop + Groove + Rock + Hip-Hop),harmonix___0661_everythingaboutyou
2760,11.6810665,2.19502,1 (Pop + Groove + Rock + Hip-Hop),harmonix___0662_everytimewetouch
2761,6.369365,-6.9006295,1 (Pop + Groove + Rock + Hip-Hop),harmonix___0663_explosions
2762,12.339958,-2.9040675,1 (Pop + Groove + Rock + Hip-Hop),harmonix___0664_eyesextendedmix
2763,6.74118,-4.691093,1 (Pop + Groove + Rock + Hip-Hop),harmonix___0665_fall
2764,1.3154138,-5.737043,1 (Pop + Groove + Rock + Hip-Hop),harmonix___0666_fallin
2765,13.991127,-0.728379,1 (Pop + Groove + Rock + Hip-Hop),harmonix___0668_fallinganthem
2766,8.599102,0.85951686,1 (Pop + Groove + Rock + Hip-Hop),harmonix___0669_fastforwardffwd
2767,7.435208,-4.290984,1 (Pop + Groove + Rock + Hip-Hop),harmonix___0670_fearless
2768,10.129852,2.6450624,1 (Pop + Groove + Rock + Hip-Hop),harmonix___0671_feedback
2769,12.005902,-3.037891,1 (Pop + Groove + Rock + Hip-Hop),harmonix___0672_feelitinmybones
2770,7.061184,-6.269145,1 (Pop + Groove + Rock + Hip-Hop),harmonix___0673_feelsliketonight
2771,12.430072,-3.3378453,1 (Pop + Groove + Rock + Hip-Hop),harmonix___0674_feelsocloseextendedmix
2772,6.965254,-6.879139,1 (Pop + Groove + Rock + Hip-Hop),harmonix___0676_figure8
2773,12.32596,0.12042619,1 (Pop + Groove + Rock + Hip-Hop),harmonix___0677_fireburning
2774,6.475259,2.4712288,1 (Pop + Groove + Rock + Hip-Hop),harmonix___0678_fireflies
2775,7.0899663,-6.3837857,1 (Pop + Groove + Rock + Hip-Hop),harmonix___0679_firsttime
2776,5.641818,-6.526832,1 (Pop + Groove + Rock + Hip-Hop),harmonix___0680_fixaheart
2777,11.109885,3.7689438,1 (Pop + Groove + Rock + Hip-Hop),harmonix___0681_flashinglights
2778,9.235607,-3.3083622,1 (Pop + Groove + Rock + Hip-Hop),harmonix___0682_forever
2779,11.884407,-3.9327033,1 (Pop + Groove + Rock + Hip-Hop),harmonix___0683_foreverextendedmix
2780,7.6733527,-4.340433,1 (Pop + Groove + Rock + Hip-Hop),harmonix___0685_forgottolaugh
2781,6.647787,-3.7091155,1 (Pop + Groove + Rock + Hip-Hop),harmonix___0686_fortheloveofadaughter
2782,11.795429,-2.752599,1 (Pop + Groove + Rock + Hip-Hop),harmonix___0687_getouttamyway
2783,11.099596,1.6595012,1 (Pop + Groove + Rock + Hip-Hop),harmonix___0688_getthepartystarted
2784,11.597706,9.563812,1 (Pop + Groove + Rock + Hip-Hop),harmonix___0689_gettinoveryou
2785,10.849369,-1.2025319,1 (Pop + Groove + Rock + Hip-Hop),harmonix___0690_givemeeverything
2786,6.6288657,1.2227036,1 (Pop + Groove + Rock + Hip-Hop),harmonix___0691_givesyouhell
2787,8.820966,-3.3199182,1 (Pop + Groove + Rock + Hip-Hop),harmonix___0692_giveyourheartabreakdos
2788,11.049047,0.74753404,1 (Pop + Groove + Rock + Hip-Hop),harmonix___0693_gold
2789,10.385415,-5.2103276,1 (Pop + Groove + Rock + Hip-Hop),harmonix___0695_goodbyegoodbye
2790,10.744315,-4.2465343,1 (Pop + Groove + Rock + Hip-Hop),harmonix___0696_goodgirlsgobad
2791,7.040748,0.20571448,1 (Pop + Groove + Rock + Hip-Hop),harmonix___0697_goodlife
2792,10.517246,-2.8976407,1 (Pop + Groove + Rock + Hip-Hop),harmonix___0698_goodtime
2793,11.034164,4.5601916,1 (Pop + Groove + Rock + Hip-Hop),harmonix___0699_gotmoney
2794,8.740287,-8.726404,1 (Pop + Groove + Rock + Hip-Hop),harmonix___0700_gottabesomebody
2795,6.403388,-3.9156382,1 (Pop + Groove + Rock + Hip-Hop),harmonix___0701_gottabeyou
2796,6.127776,-1.5478991,1 (Pop + Groove + Rock + Hip-Hop),harmonix___0702_greenlight
2797,11.379168,-3.0679965,1 (Pop + Groove + Rock + Hip-Hop),harmonix___0704_guitarstringweddingring
2798,7.7275696,-5.8687854,1 (Pop + Groove + Rock + Hip-Hop),harmonix___0705_haditall
2799,6.541219,-7.4415364,1 (Pop + Groove + Rock + Hip-Hop),harmonix___0706_halcyon
2800,6.9208016,-6.406385,1 (Pop + Groove + Rock + Hip-Hop),harmonix___0707_halfwaygone
2801,7.2379622,0.8034436,1 (Pop + Groove + Rock + Hip-Hop),harmonix___0708_haloradioedit
2802,6.1400876,-6.6029315,1 (Pop + Groove + Rock + Hip-Hop),harmonix___0709_hangingon
2803,7.2719836,-1.2907312,1 (Pop + Groove + Rock + Hip-Hop),harmonix___0710_hardjeezy
2804,7.986426,-6.5412927,1 (Pop + Groove + Rock + Hip-Hop),harmonix___0711_heartheartheartbreak
2805,10.5740185,4.915218,1 (Pop + Groove + Rock + Hip-Hop),harmonix___0712_heartless
2806,4.490493,-4.1471057,1 (Pop + Groove + Rock + Hip-Hop),harmonix___0713_heartofgoldnow
2807,10.201502,-5.022461,1 (Pop + Groove + Rock + Hip-Hop),harmonix___0714_hell
2808,18.115593,5.18523,1 (Pop + Groove + Rock + Hip-Hop),harmonix___0715_hellodadalife
2809,8.050574,-7.3013673,1 (Pop + Groove + Rock + Hip-Hop),harmonix___0716_heroheroine
2810,5.5592513,-2.161338,1 (Pop + Groove + Rock + Hip-Hop),harmonix___0717_heysoulsister
2811,-2.5093834,-3.6125917,2 (Classical + Jazz),harmonix___0718_heytheredelilah
2812,11.779195,2.9840055,1 (Pop + Groove + Rock + Hip-Hop),harmonix___0719_hipsdontlie
2813,9.497288,-1.5654292,1 (Pop + Groove + Rock + Hip-Hop),harmonix___0721_holdup
2814,11.120921,4.6589766,1 (Pop + Groove + Rock + Hip-Hop),harmonix___0723_hotelroomservice
2815,9.372518,-6.691981,1 (Pop + Groove + Rock + Hip-Hop),harmonix___0724_hotmessdj
2816,8.079067,-5.532991,1 (Pop + Groove + Rock + Hip-Hop),harmonix___0725_hotncold
2817,15.226712,-0.21297188,1 (Pop + Groove + Rock + Hip-Hop),harmonix___0726_hotplay
2818,7.746142,-5.2520037,1 (Pop + Groove + Rock + Hip-Hop),harmonix___0727_howcomeyoudontwantme
2819,8.212936,-6.8288207,1 (Pop + Groove + Rock + Hip-Hop),harmonix___0728_howyouremindme
2820,8.171744,0.14116177,1 (Pop + Groove + Rock + Hip-Hop),harmonix___0729_hurricane
2821,10.868138,-2.0526986,1 (Pop + Groove + Rock + Hip-Hop),harmonix___0730_hurtssogood
2822,6.238386,-2.448501,1 (Pop + Groove + Rock + Hip-Hop),harmonix___0731_icouldntbeyourfriend
2823,8.335568,-3.7833617,1 (Pop + Groove + Rock + Hip-Hop),harmonix___0732_idontwannabeinlove
2824,10.992663,-4.5435605,1 (Pop + Groove + Rock + Hip-Hop),harmonix___0733_ifihadyou
2825,7.7019944,-6.498075,1 (Pop + Groove + Rock + Hip-Hop),harmonix___0734_iftodaywasyourlastday
2826,8.682127,-2.2249086,1 (Pop + Groove + Rock + Hip-Hop),harmonix___0735_ifuseeamy
2827,11.169199,-2.1034372,1 (Pop + Groove + Rock + Hip-Hop),harmonix___0736_igotafeeling
2828,7.0548353,0.76149285,1 (Pop + Groove + Rock + Hip-Hop),harmonix___0737_ihatethispart
2829,8.937507,-6.0386486,1 (Pop + Groove + Rock + Hip-Hop),harmonix___0738_ihearnoises
2830,7.081164,-4.2782025,1 (Pop + Groove + Rock + Hip-Hop),harmonix___0739_ikissedagirl
2831,8.537257,-3.9546075,1 (Pop + Groove + Rock + Hip-Hop),harmonix___0740_ikissedagirljasonnevins
2832,-4.2397776,-1.7603372,2 (Classical + Jazz),harmonix___0741_iknowyoucare
2833,11.810338,2.145697,1 (Pop + Groove + Rock + Hip-Hop),harmonix___0742_iknowyouwantme
2834,9.880125,-5.5135465,1 (Pop + Groove + Rock + Hip-Hop),harmonix___0743_iminloveiwannadoit
2835,11.348661,5.370167,1 (Pop + Groove + Rock + Hip-Hop),harmonix___0744_immabe
2836,10.424209,4.050836,1 (Pop + Groove + Rock + Hip-Hop),harmonix___0745_immabewolf
2837,7.269805,-4.7203894,1 (Pop + Groove + Rock + Hip-Hop),harmonix___0746_imnotyourhero
2838,7.5388618,0.1681836,1 (Pop + Groove + Rock + Hip-Hop),harmonix___0747_imreal
2839,7.662368,3.093887,1 (Pop + Groove + Rock + Hip-Hop),harmonix___0748_imyours
2840,6.181556,0.23517513,1 (Pop + Groove + Rock + Hip-Hop),harmonix___0749_indestructible2
2841,10.53843,-1.5467737,1 (Pop + Groove + Rock + Hip-Hop),harmonix___0750_ineedyourlove
2842,8.44974,-5.434787,1 (Pop + Groove + Rock + Hip-Hop),harmonix___0751_inlovewithagirl
2843,9.825175,-1.3218728,1 (Pop + Groove + Rock + Hip-Hop),harmonix___0752_inmyhead
2844,4.294484,0.2572629,1 (Pop + Groove + Rock + Hip-Hop),harmonix___0753_inreallife
2845,7.3463607,-8.50609,1 (Pop + Groove + Rock + Hip-Hop),harmonix___0755_intothenight
2846,5.740191,-11.114813,1 (Pop + Groove + Rock + Hip-Hop),harmonix___0756_istillmissyou
2847,10.087838,-3.765261,1 (Pop + Groove + Rock + Hip-Hop),harmonix___0758_itgetsbetter
2848,10.74584,-1.1102959,1 (Pop + Groove + Rock + Hip-Hop),harmonix___0759_itgirljasonnevins
2849,12.547891,4.6674986,1 (Pop + Groove + Rock + Hip-Hop),harmonix___0760_iwannarock
2850,8.029964,-6.363244,1 (Pop + Groove + Rock + Hip-Hop),harmonix___0761_iwant
2851,1.9071496,-3.5206003,1 (Pop + Groove + Rock + Hip-Hop),harmonix___0762_iwantitthatway
2852,5.5724564,-6.4937515,1 (Pop + Groove + Rock + Hip-Hop),harmonix___0763_iwasafool
2853,5.570812,-5.556034,1 (Pop + Groove + Rock + Hip-Hop),harmonix___0764_iwish
2854,13.089812,-2.2206526,1 (Pop + Groove + Rock + Hip-Hop),harmonix___0765_jimmyiovine
2855,9.042897,0.52094096,1 (Pop + Groove + Rock + Hip-Hop),harmonix___0766_justdance
2856,8.649852,2.6107337,1 (Pop + Groove + Rock + Hip-Hop),harmonix___0767_justfine
2857,4.7191334,-5.400674,1 (Pop + Groove + Rock + Hip-Hop),harmonix___0768_keepsgettinbetter
2858,7.975772,1.343204,1 (Pop + Groove + Rock + Hip-Hop),harmonix___0769_killa
2859,19.24075,-0.23984364,1 (Pop + Groove + Rock + Hip-Hop),harmonix___0770_kingofmycastle
2860,7.2793875,4.1456485,1 (Pop + Groove + Rock + Hip-Hop),harmonix___0771_kisskissmainversion
2861,11.170335,1.0431718,1 (Pop + Groove + Rock + Hip-Hop),harmonix___0772_kissmebackcrytonight
2862,12.486092,4.9231286,1 (Pop + Groove + Rock + Hip-Hop),harmonix___0773_kissmethruthephone
2863,8.756257,-0.6087094,1 (Pop + Groove + Rock + Hip-Hop),harmonix___0774_knockyoudown
2864,11.561288,-1.1391549,1 (Pop + Groove + Rock + Hip-Hop),harmonix___0775_knockyoudownbimbojones
2865,12.366921,1.567325,1 (Pop + Groove + Rock + Hip-Hop),harmonix___0776_krazy
2866,2.6674962,2.66749,1 (Pop + Groove + Rock + Hip-Hop),harmonix___0777_lebump
2867,9.246283,-0.9454221,1 (Pop + Groove + Rock + Hip-Hop),harmonix___0778_letitrock
2868,11.975871,-2.5581205,1 (Pop + Groove + Rock + Hip-Hop),harmonix___0779_letitrockfilthy
2869,11.050927,-2.9867773,1 (Pop + Groove + Rock + Hip-Hop),harmonix___0780_letmebereal
2870,8.86352,-0.33269483,1 (Pop + Groove + Rock + Hip-Hop),harmonix___0781_lettinggoduttylove
2871,7.808539,-5.70769,1 (Pop + Groove + Rock + Hip-Hop),harmonix___0782_lifeafteryou
2872,7.269394,-6.5721755,1 (Pop + Groove + Rock + Hip-Hop),harmonix___0783_lighton
2873,7.2605066,1.1625698,1 (Pop + Groove + Rock + Hip-Hop),harmonix___0784_lightweight
2874,5.2769437,-1.0071917,1 (Pop + Groove + Rock + Hip-Hop),harmonix___0785_littleliesnow
2875,8.363775,-4.567909,1 (Pop + Groove + Rock + Hip-Hop),harmonix___0786_livelikeweredying
2876,8.838686,-5.804298,1 (Pop + Groove + Rock + Hip-Hop),harmonix___0787_liveyourlife
2877,6.4893894,-1.9072607,1 (Pop + Groove + Rock + Hip-Hop),harmonix___0789_livingroom
2878,16.383556,2.1348414,1 (Pop + Groove + Rock + Hip-Hop),harmonix___0790_locapeople
2879,-8.345582,11.545295,2 (Classical + Jazz),harmonix___0791_lollipop
2880,-7.1400657,10.696792,2 (Classical + Jazz),harmonix___0792_lovedrunk
2881,10.785498,4.577335,1 (Pop + Groove + Rock + Hip-Hop),harmonix___0793_lovegame
2882,12.770227,0.036638863,1 (Pop + Groove + Rock + Hip-Hop),harmonix___0794_lovegamedave
2883,8.006217,-4.2724996,1 (Pop + Groove + Rock + Hip-Hop),harmonix___0796_loveinthisclub
2884,-10.782619,15.001527,2 (Classical + Jazz),harmonix___0797_loveisgone
2885,8.59588,0.055158913,1 (Pop + Groove + Rock + Hip-Hop),harmonix___0798_lovelikethis
2886,9.500937,2.7727358,1 (Pop + Groove + Rock + Hip-Hop),harmonix___0799_lovesexmagic
2887,13.043087,-0.3110195,1 (Pop + Groove + Rock + Hip-Hop),harmonix___0800_lovesexmagicjason
2888,6.116502,-4.609526,1 (Pop + Groove + Rock + Hip-Hop),harmonix___0801_lovesong
2889,9.03113,0.43032315,1 (Pop + Groove + Rock + Hip-Hop),harmonix___0802_lovestoned
2890,6.037065,-5.0921926,1 (Pop + Groove + Rock + Hip-Hop),harmonix___0803_lovestory
2891,7.95007,-5.2901096,1 (Pop + Groove + Rock + Hip-Hop),harmonix___0805_lovetheysay
2892,5.49597,-3.2954428,1 (Pop + Groove + Rock + Hip-Hop),harmonix___0806_mad
2893,10.238426,4.1905246,1 (Pop + Groove + Rock + Hip-Hop),harmonix___0807_makemebetter
2894,12.95674,4.7303896,1 (Pop + Groove + Rock + Hip-Hop),harmonix___0808_makethemoney
2895,11.199959,-2.5210466,1 (Pop + Groove + Rock + Hip-Hop),harmonix___0810_memoriesextended
2896,13.963997,5.7950945,1 (Pop + Groove + Rock + Hip-Hop),harmonix___0811_miami2ibiza
2897,-8.023493,-2.2698576,2 (Classical + Jazz),harmonix___0812_miserybimbo
2898,8.059841,2.4637184,1 (Pop + Groove + Rock + Hip-Hop),harmonix___0813_missindependent
2899,8.44791,-1.1079922,1 (Pop + Groove + Rock + Hip-Hop),harmonix___0814_mistake
2900,6.2896724,-5.5418363,1 (Pop + Groove + Rock + Hip-Hop),harmonix___0815_mondaymondaymonday
2901,7.349102,-1.6537839,1 (Pop + Groove + Rock + Hip-Hop),harmonix___0817_morethanthis
2902,11.038896,1.9443169,1 (Pop + Groove + Rock + Hip-Hop),harmonix___0818_mrsaxobeatext
2903,-4.0223856,-4.927552,2 (Classical + Jazz),harmonix___0819_myblood
2904,12.882336,5.7990665,1 (Pop + Groove + Rock + Hip-Hop),harmonix___0820_mychickbad
2905,11.581166,-7.1867485,1 (Pop + Groove + Rock + Hip-Hop),harmonix___0821_myfeelingsforyou
2906,7.914831,-6.538663,1 (Pop + Groove + Rock + Hip-Hop),harmonix___0823_mylifewouldsuckwithoutyou
2907,10.329183,-1.6216815,1 (Pop + Groove + Rock + Hip-Hop),harmonix___0824_mylifewouldsuckwithoutyous
2908,5.748363,-4.8897843,1 (Pop + Groove + Rock + Hip-Hop),harmonix___0825_myloveislikeastar
2909,-3.900327,-1.9150302,2 (Classical + Jazz),harmonix___0826_myohmy
2910,4.2771616,-5.41354,1 (Pop + Groove + Rock + Hip-Hop),harmonix___0827_needyounow
2911,11.649065,4.40978,1 (Pop + Groove + Rock + Hip-Hop),harmonix___0828_neoncathedral
2912,7.2480335,-6.185397,1 (Pop + Groove + Rock + Hip-Hop),harmonix___0829_nevertoolate
2913,7.039844,-4.1372194,1 (Pop + Groove + Rock + Hip-Hop),harmonix___0830_nightwatch
2914,7.289199,0.81815416,1 (Pop + Groove + Rock + Hip-Hop),harmonix___0831_noair
2915,4.349043,-2.3138332,1 (Pop + Groove + Rock + Hip-Hop),harmonix___0832_noone
2916,10.789906,-6.64292,1 (Pop + Groove + Rock + Hip-Hop),harmonix___0833_northshore
2917,7.86986,-6.4994116,1 (Pop + Groove + Rock + Hip-Hop),harmonix___0834_nosurprise
2918,4.8822036,-5.9454207,1 (Pop + Groove + Rock + Hip-Hop),harmonix___0835_notetogod
2919,12.964589,-0.56380296,1 (Pop + Groove + Rock + Hip-Hop),harmonix___0836_notmyselftonight
2920,1.2892909,-4.542362,1 (Pop + Groove + Rock + Hip-Hop),harmonix___0837_nottonight
2921,10.523936,-5.881532,1 (Pop + Groove + Rock + Hip-Hop),harmonix___0838_nowimallmessedup
2922,12.072366,2.6503155,1 (Pop + Groove + Rock + Hip-Hop),harmonix___0839_nowyouseeit
2923,7.995862,3.4249086,1 (Pop + Groove + Rock + Hip-Hop),harmonix___0840_obsessed
2924,10.429318,-2.4442303,1 (Pop + Groove + Rock + Hip-Hop),harmonix___0841_obsessedcahill
2925,10.91166,-3.1650667,1 (Pop + Groove + Rock + Hip-Hop),harmonix___0842_obsessionstatic
2926,13.578181,-3.4020598,1 (Pop + Groove + Rock + Hip-Hop),harmonix___0843_omgalmighty
2927,-2.8736296,1.9239544,2 (Classical + Jazz),harmonix___0844_ondirecting
2928,-2.93044,-4.389336,2 (Classical + Jazz),harmonix___0845_onefoot
2929,7.7091928,-0.6424363,1 (Pop + Groove + Rock + Hip-Hop),harmonix___0846_onelove
2930,9.7049265,2.7175097,1 (Pop + Groove + Rock + Hip-Hop),harmonix___0847_onestepatatime
2931,4.0140524,-0.32701373,1 (Pop + Groove + Rock + Hip-Hop),harmonix___0848_onething
2932,5.5568614,-8.047705,1 (Pop + Groove + Rock + Hip-Hop),harmonix___0849_onlyyou
2933,-0.36939624,-3.965514,1 (Pop + Groove + Rock + Hip-Hop),harmonix___0850_onlyyoucanlovemethisway
2934,10.036131,-3.953596,1 (Pop + Groove + Rock + Hip-Hop),harmonix___0851_openurmind
2935,6.8784966,-4.5605636,1 (Pop + Groove + Rock + Hip-Hop),harmonix___0852_oursong
2936,6.89138,-3.161814,1 (Pop + Groove + Rock + Hip-Hop),harmonix___0853_outonthetown
2937,6.799678,-6.7609344,1 (Pop + Groove + Rock + Hip-Hop),harmonix___0854_overmyheadcablecar
2938,8.400422,-6.639681,1 (Pop + Groove + Rock + Hip-Hop),harmonix___0855_overyou
2939,13.529766,2.2098918,1 (Pop + Groove + Rock + Hip-Hop),harmonix___0856_paperbackhead
2940,9.342501,0.40885612,1 (Pop + Groove + Rock + Hip-Hop),harmonix___0857_paralyzer
2941,6.6794477,-12.010537,1 (Pop + Groove + Rock + Hip-Hop),harmonix___0858_peoplearepeople
2942,7.4481378,-6.380447,1 (Pop + Groove + Rock + Hip-Hop),harmonix___0859_picturesofyou
2943,11.071851,0.9542582,1 (Pop + Groove + Rock + Hip-Hop),harmonix___0860_pieceofme
2944,10.440954,0.0904917,1 (Pop + Groove + Rock + Hip-Hop),harmonix___0861_pingmebaby
2945,12.512362,-1.8926487,1 (Pop + Groove + Rock + Hip-Hop),harmonix___0862_pleasedontleaveme
2946,7.094628,-7.7867236,1 (Pop + Groove + Rock + Hip-Hop),harmonix___0863_pleasedontleavemedigi
2947,7.091417,-7.7204795,1 (Pop + Groove + Rock + Hip-Hop),harmonix___0864_pleasedontleavememain
2948,6.8172965,-2.5173266,1 (Pop + Groove + Rock + Hip-Hop),harmonix___0865_pocketfulofsunshine
2949,17.567904,-0.5657464,1 (Pop + Groove + Rock + Hip-Hop),harmonix___0866_pokerfacedave
2950,10.263921,-4.0769725,1 (Pop + Groove + Rock + Hip-Hop),harmonix___0867_pokerfacedos
2951,12.555025,5.4527006,1 (Pop + Groove + Rock + Hip-Hop),harmonix___0868_puton
2952,13.208447,-1.534062,1 (Pop + Groove + Rock + Hip-Hop),harmonix___0869_raiseyourweapon
2953,9.613816,0.11924901,1 (Pop + Groove + Rock + Hip-Hop),harmonix___0870_ratedr
2954,11.90276,-0.21754259,1 (Pop + Groove + Rock + Hip-Hop),harmonix___0872_readyfortheweekend
2955,7.4245715,0.5609379,1 (Pop + Groove + Rock + Hip-Hop),harmonix___0873_readyornot
2956,5.5632005,-3.9905775,1 (Pop + Groove + Rock + Hip-Hop),harmonix___0874_realize
2957,6.1790533,-2.3787065,1 (Pop + Groove + Rock + Hip-Hop),harmonix___0875_redbelt
2958,5.7155085,-3.5910163,1 (Pop + Groove + Rock + Hip-Hop),harmonix___0876_rehab
2959,8.565011,4.2066226,1 (Pop + Groove + Rock + Hip-Hop),harmonix___0877_releasemenow
2960,8.773527,3.0890143,1 (Pop + Groove + Rock + Hip-Hop),harmonix___0878_replay
2961,11.587382,-1.4030892,1 (Pop + Groove + Rock + Hip-Hop),harmonix___0879_ridinsoloian
2962,8.806087,3.4124038,1 (Pop + Groove + Rock + Hip-Hop),harmonix___0880_righthere
2963,11.490562,3.958674,1 (Pop + Groove + Rock + Hip-Hop),harmonix___0881_rightround
2964,11.362968,-4.2783103,1 (Pop + Groove + Rock + Hip-Hop),harmonix___0882_rightroundbenny
2965,6.5960746,-0.7497029,1 (Pop + Groove + Rock + Hip-Hop),harmonix___0883_rocksatmywindow
2966,9.357022,-5.31831,1 (Pop + Groove + Rock + Hip-Hop),harmonix___0884_rockstar
2967,8.823519,3.9098167,1 (Pop + Groove + Rock + Hip-Hop),harmonix___0886_rudeboy
2968,6.173792,-5.3413477,1 (Pop + Groove + Rock + Hip-Hop),harmonix___0888_russianroulettejump
2969,12.155643,5.027269,1 (Pop + Groove + Rock + Hip-Hop),harmonix___0889_samelove
2970,6.478025,-5.8397746,1 (Pop + Groove + Rock + Hip-Hop),harmonix___0890_samemistakes
2971,-2.8965814,-4.8202662,2 (Classical + Jazz),harmonix___0891_savetheworld
2972,7.7228975,-2.4043424,1 (Pop + Groove + Rock + Hip-Hop),harmonix___0892_saveyoutonight
2973,6.490335,-5.531492,1 (Pop + Groove + Rock + Hip-Hop),harmonix___0893_say
2974,13.0144415,1.9493817,1 (Pop + Groove + Rock + Hip-Hop),harmonix___0894_sayheyiloveyou
2975,6.000928,-7.964428,1 (Pop + Groove + Rock + Hip-Hop),harmonix___0895_scarymonsters
2976,5.8623724,-5.752048,1 (Pop + Groove + Rock + Hip-Hop),harmonix___0897_sentimentaltune
2977,9.867936,4.847328,1 (Pop + Groove + Rock + Hip-Hop),harmonix___0898_sexyback
2978,10.885516,4.6504474,1 (Pop + Groove + Rock + Hip-Hop),harmonix___0899_sexycani
2979,12.508643,-1.6740406,1 (Pop + Groove + Rock + Hip-Hop),harmonix___0900_sexychickakon
2980,9.773666,6.1926203,1 (Pop + Groove + Rock + Hip-Hop),harmonix___0901_sexydj
2981,12.966004,-3.2858095,1 (Pop + Groove + Rock + Hip-Hop),harmonix___0902_shakeitradiomix
2982,10.620324,-5.594689,1 (Pop + Groove + Rock + Hip-Hop),harmonix___0903_shakethatbubblenow
2983,10.761258,0.4563981,1 (Pop + Groove + Rock + Hip-Hop),harmonix___0904_shewolf
2984,4.907702,-7.0979056,1 (Pop + Groove + Rock + Hip-Hop),harmonix___0905_shocktoyoursystem
2985,9.762184,-4.191559,1 (Pop + Groove + Rock + Hip-Hop),harmonix___0906_shutupanddrive
2986,6.963093,-4.1368365,1 (Pop + Groove + Rock + Hip-Hop),harmonix___0907_skyscraper
2987,9.542576,-4.1427045,1 (Pop + Groove + Rock + Hip-Hop),harmonix___0908_sober
2988,13.614329,1.5316417,1 (Pop + Groove + Rock + Hip-Hop),harmonix___0909_sofineed
2989,8.233909,1.8137555,1 (Pop + Groove + Rock + Hip-Hop),harmonix___0910_solo
2990,8.390698,-5.1308255,1 (Pop + Groove + Rock + Hip-Hop),harmonix___0911_someday
2991,-0.5950978,-0.60186136,1 (Pop + Groove + Rock + Hip-Hop),harmonix___0912_somenights
2992,-11.435506,-5.064108,2 (Classical + Jazz),harmonix___0913_somuchlove
2993,7.8507543,-6.452335,1 (Pop + Groove + Rock + Hip-Hop),harmonix___0914_soobviousnow
2994,6.8597836,-2.110923,1 (Pop + Groove + Rock + Hip-Hop),harmonix___0915_sosletthemusicplay
2995,8.455344,-6.583624,1 (Pop + Groove + Rock + Hip-Hop),harmonix___0916_sowhat
2996,5.9224143,-7.0028353,1 (Pop + Groove + Rock + Hip-Hop),harmonix___0917_spacemanties
2997,12.423401,0.96290994,1 (Pop + Groove + Rock + Hip-Hop),harmonix___0918_starstrukk
2998,11.427102,2.582224,1 (Pop + Groove + Rock + Hip-Hop),harmonix___0919_stereolove
2999,2.4912496,-4.651811,1 (Pop + Groove + Rock + Hip-Hop),harmonix___0920_stopandstare
3000,13.190436,6.9813013,1 (Pop + Groove + Rock + Hip-Hop),harmonix___0921_stronger
3001,7.7569,1.9068625,1 (Pop + Groove + Rock + Hip-Hop),harmonix___0922_suffocate
3002,-12.770102,6.9083166,2 (Classical + Jazz),harmonix___0923_sunandmoon
3003,10.982162,1.3222364,1 (Pop + Groove + Rock + Hip-Hop),harmonix___0924_sunisup
3004,16.63734,-2.4862509,1 (Pop + Groove + Rock + Hip-Hop),harmonix___0925_sweetdisposition
3005,7.7559032,-5.446408,1 (Pop + Groove + Rock + Hip-Hop),harmonix___0926_sweetthing
3006,10.798865,5.053424,1 (Pop + Groove + Rock + Hip-Hop),harmonix___0927_swing
3007,12.860167,-0.4613489,1 (Pop + Groove + Rock + Hip-Hop),harmonix___0928_takeabow
3008,12.585293,-1.3171514,1 (Pop + Groove + Rock + Hip-Hop),harmonix___0929_takeovercontrolext
3009,5.4698987,-7.4865417,1 (Pop + Groove + Rock + Hip-Hop),harmonix___0930_takeyourtime
3010,11.615301,3.2331932,1 (Pop + Groove + Rock + Hip-Hop),harmonix___0931_takeyouthere
3011,7.746973,0.7163994,1 (Pop + Groove + Rock + Hip-Hop),harmonix___0932_tattoo
3012,7.819051,0.7281967,1 (Pop + Groove + Rock + Hip-Hop),harmonix___0933_teardropsonmyguitar
3013,11.447168,-2.0618339,1 (Pop + Groove + Rock + Hip-Hop),harmonix___0934_teenagedreamkaskade
3014,8.91839,0.29362842,1 (Pop + Groove + Rock + Hip-Hop),harmonix___0936_tequieroacoustic
3015,12.032814,2.8390677,1 (Pop + Groove + Rock + Hip-Hop),harmonix___0937_thatsnotmyname
3016,11.994889,4.697383,1 (Pop + Groove + Rock + Hip-Hop),harmonix___0938_thebusiness
3017,10.299494,0.48934707,1 (Pop + Groove + Rock + Hip-Hop),harmonix___0939_thecure
3018,-1.8723671,-3.0369742,2 (Classical + Jazz),harmonix___0940_thehousethatbuiltme
3019,8.581236,-6.837883,1 (Pop + Groove + Rock + Hip-Hop),harmonix___0941_theocean
3020,11.990442,-0.8228281,1 (Pop + Groove + Rock + Hip-Hop),harmonix___0943_thetheayer
3021,11.721425,0.990395,1 (Pop + Groove + Rock + Hip-Hop),harmonix___0945_thewayiareradio
3022,9.256283,-6.0701103,1 (Pop + Groove + Rock + Hip-Hop),harmonix___0946_thinkingofyou
3023,10.970577,-1.7461715,1 (Pop + Groove + Rock + Hip-Hop),harmonix___0947_thiskiss
3024,6.6994534,-2.2318792,1 (Pop + Groove + Rock + Hip-Hop),harmonix___0948_thislove
3025,8.207351,3.5748756,1 (Pop + Groove + Rock + Hip-Hop),harmonix___0949_throwitinthebag
3026,11.20479,-0.452191,1 (Pop + Groove + Rock + Hip-Hop),harmonix___0950_throwyourhandsup
3027,7.8159485,-6.5400476,1 (Pop + Groove + Rock + Hip-Hop),harmonix___0951_thunder
3028,11.059106,1.7529083,1 (Pop + Groove + Rock + Hip-Hop),harmonix___0952_tiktok
3029,8.059271,0.13958508,1 (Pop + Groove + Rock + Hip-Hop),harmonix___0953_tilltheworldends2
3030,13.90047,-3.0377507,1 (Pop + Groove + Rock + Hip-Hop),harmonix___0954_timeaftertimevan
3031,12.181705,-1.513072,1 (Pop + Groove + Rock + Hip-Hop),harmonix___0955_tinylittlebows
3032,11.283243,2.1002586,1 (Pop + Groove + Rock + Hip-Hop),harmonix___0956_tonightimgettingoveryou
3033,11.05669,-1.1413509,1 (Pop + Groove + Rock + Hip-Hop),harmonix___0958_turnmeup
3034,11.881616,-1.1408978,1 (Pop + Groove + Rock + Hip-Hop),harmonix___0959_turnthisclubaround
3035,8.770168,-0.7375229,1 (Pop + Groove + Rock + Hip-Hop),harmonix___0960_umbrella
3036,11.598903,-2.4557965,1 (Pop + Groove + Rock + Hip-Hop),harmonix___0961_unfaithfulfemme
3037,7.6818833,1.1284683,1 (Pop + Groove + Rock + Hip-Hop),harmonix___0962_usagainsttheworldjason
3038,8.000301,-6.6224427,1 (Pop + Groove + Rock + Hip-Hop),harmonix___0964_wakingupinvegas
3039,11.319772,-5.0219126,1 (Pop + Groove + Rock + Hip-Hop),harmonix___0965_wakingupinvegascalvin
3040,-6.915214,10.574242,2 (Classical + Jazz),harmonix___0966_wakingupinvegascalvinh
3041,11.537084,-1.4688195,1 (Pop + Groove + Rock + Hip-Hop),harmonix___0967_walkingonadream
3042,9.042723,2.783826,1 (Pop + Groove + Rock + Hip-Hop),harmonix___0968_walltowall
3043,8.679134,3.3757205,1 (Pop + Groove + Rock + Hip-Hop),harmonix___0969_webelongtogether
3044,7.4477897,-6.0857935,1 (Pop + Groove + Rock + Hip-Hop),harmonix___0970_whataboutnow
3045,7.7372665,-5.776105,1 (Pop + Groove + Rock + Hip-Hop),harmonix___0971_whatayawantfromme
3046,7.146843,-1.9612571,1 (Pop + Groove + Rock + Hip-Hop),harmonix___0972_whatchasay
3047,7.0742,-6.042442,1 (Pop + Groove + Rock + Hip-Hop),harmonix___0973_whateverittakes
3048,7.751563,3.3991919,1 (Pop + Groove + Rock + Hip-Hop),harmonix___0974_whateveryoulike
3049,11.807517,-4.654067,1 (Pop + Groove + Rock + Hip-Hop),harmonix___0975_whathappensinvegas
3050,5.640346,-3.698148,1 (Pop + Groove + Rock + Hip-Hop),harmonix___0977_wheelsnow
3051,8.969309,1.202317,1 (Pop + Groove + Rock + Hip-Hop),harmonix___0978_whenigrowup
3052,10.001122,-2.4237072,1 (Pop + Groove + Rock + Hip-Hop),harmonix___0979_whenlovetakesover
3053,12.258159,-2.6383057,1 (Pop + Groove + Rock + Hip-Hop),harmonix___0980_whenyouleave
3054,5.7645683,-5.487478,1 (Pop + Groove + Rock + Hip-Hop),harmonix___0981_whenyouregone
3055,7.9220943,-5.439644,1 (Pop + Groove + Rock + Hip-Hop),harmonix___0982_whoknewdos
3056,5.2196283,-3.5107677,1 (Pop + Groove + Rock + Hip-Hop),harmonix___0983_whyamitheone
3057,9.471586,5.2286434,1 (Pop + Groove + Rock + Hip-Hop),harmonix___0986_winner
3058,8.334852,2.43474,1 (Pop + Groove + Rock + Hip-Hop),harmonix___0987_withyou
3059,13.088252,1.3282464,1 (Pop + Groove + Rock + Hip-Hop),harmonix___0988_withyoukovas
3060,7.850198,1.2139812,1 (Pop + Groove + Rock + Hip-Hop),harmonix___0989_womanizer
3061,8.844612,-1.9630262,1 (Pop + Groove + Rock + Hip-Hop),harmonix___0991_worryaboutyounow
3062,7.746629,-3.4720688,1 (Pop + Groove + Rock + Hip-Hop),harmonix___0992_wrongthinwhiteduke
3063,19.801924,-0.37334785,1 (Pop + Groove + Rock + Hip-Hop),harmonix___0993_youandidanny
3064,4.96665,-4.931998,1 (Pop + Groove + Rock + Hip-Hop),harmonix___0994_youbelongwithme
3065,6.9815626,-6.4074388,1 (Pop + Groove + Rock + Hip-Hop),harmonix___0995_youfoundme
3066,5.3732204,-4.4445615,1 (Pop + Groove + Rock + Hip-Hop),harmonix___0998_youregonnamissthis
3067,10.178232,-0.9296833,1 (Pop + Groove + Rock + Hip-Hop),harmonix___0999_yourheartisamuscle
3068,10.340973,-0.99237955,1 (Pop + Groove + Rock + Hip-Hop),harmonix___1000_yourloveismydrug
3069,9.090936,-2.4726489,1 (Pop + Groove + Rock + Hip-Hop),harmonix___1001_yourloveismydrugdave
3070,20.07042,0.03592394,1 (Pop + Groove + Rock + Hip-Hop),hjdb___hjdb_2_Bad_Mice_Take_You
3071,17.25968,0.3446953,1 (Pop + Groove + Rock + Hip-Hop),hjdb___hjdb_4_Am
3072,13.378902,-6.742058,1 (Pop + Groove + Rock + Hip-Hop),hjdb___hjdb_6_Million_Ways_To_Die_(DJ_Hype_Remix)
3073,20.238823,0.073365286,1 (Pop + Groove + Rock + Hip-Hop),hjdb___hjdb_A21
3074,16.655548,0.41117707,1 (Pop + Groove + Rock + Hip-Hop),hjdb___hjdb_A_Musical_Box
3075,3.5984612,-1.1774104,1 (Pop + Groove + Rock + Hip-Hop),hjdb___hjdb_A_New_Dawn
3076,20.594471,2.7524974,1 (Pop + Groove + Rock + Hip-Hop),hjdb___hjdb_Aftershock
3077,19.771057,0.84610903,1 (Pop + Groove + Rock + Hip-Hop),hjdb___hjdb_All_Right_(All_Night_Mix)
3078,16.021631,0.21104963,1 (Pop + Groove + Rock + Hip-Hop),hjdb___hjdb_Alright_With_Me
3079,17.009794,-2.2442238,1 (Pop + Groove + Rock + Hip-Hop),hjdb___hjdb_Anastacia
3080,16.202738,3.4041033,1 (Pop + Groove + Rock + Hip-Hop),hjdb___hjdb_Another_Direction
3081,18.321154,-0.83398324,1 (Pop + Groove + Rock + Hip-Hop),hjdb___hjdb_Being_With_You
3082,19.535599,0.6677749,1 (Pop + Groove + Rock + Hip-Hop),hjdb___hjdb_Being_With_You_(Foul_Play_Remix)
3083,20.615835,1.011581,1 (Pop + Groove + Rock + Hip-Hop),hjdb___hjdb_Being_With_You_1
3084,17.177906,0.1653163,1 (Pop + Groove + Rock + Hip-Hop),hjdb___hjdb_Beyond_Bass
3085,16.987242,1.4022242,1 (Pop + Groove + Rock + Hip-Hop),hjdb___hjdb_Beyond_Control
3086,18.846573,0.47507966,1 (Pop + Groove + Rock + Hip-Hop),hjdb___hjdb_Bish_Bosh
3087,13.687538,6.3383574,1 (Pop + Groove + Rock + Hip-Hop),hjdb___hjdb_Bodymotion
3088,16.218876,1.2563446,1 (Pop + Groove + Rock + Hip-Hop),hjdb___hjdb_Bombscare
3089,19.631247,0.7356356,1 (Pop + Groove + Rock + Hip-Hop),hjdb___hjdb_Bouncing
3090,18.707453,-0.665742,1 (Pop + Groove + Rock + Hip-Hop),hjdb___hjdb_Breakage4
3091,19.297024,2.1306398,1 (Pop + Groove + Rock + Hip-Hop),hjdb___hjdb_Breaking_Free
3092,19.608448,1.2969494,1 (Pop + Groove + Rock + Hip-Hop),hjdb___hjdb_Breaking_Free_2
3093,17.505316,-0.0470671,1 (Pop + Groove + Rock + Hip-Hop),hjdb___hjdb_Cant_Stop_The_Rush_(93_Remix)
3094,17.67253,1.0368751,1 (Pop + Groove + Rock + Hip-Hop),hjdb___hjdb_Cant_Stop_Thinking_About
3095,17.275747,1.1559066,1 (Pop + Groove + Rock + Hip-Hop),hjdb___hjdb_Captain_Of_This_Ship
3096,19.570726,0.6643237,1 (Pop + Groove + Rock + Hip-Hop),hjdb___hjdb_Casanova_(Down_To_Earth_Remix)
3097,17.87882,0.33200017,1 (Pop + Groove + Rock + Hip-Hop),hjdb___hjdb_Champion_Sound
3098,19.819975,1.4840521,1 (Pop + Groove + Rock + Hip-Hop),hjdb___hjdb_Champion_Sound_(Doc_Scott_Remix)
3099,17.75672,-2.196651,1 (Pop + Groove + Rock + Hip-Hop),hjdb___hjdb_Charly
3100,18.810959,1.0568544,1 (Pop + Groove + Rock + Hip-Hop),hjdb___hjdb_Chasin_A_Dream
3101,17.164272,1.2547935,1 (Pop + Groove + Rock + Hip-Hop),hjdb___hjdb_Cold_Fresh_Air_(Remix)
3102,17.559427,0.929142,1 (Pop + Groove + Rock + Hip-Hop),hjdb___hjdb_Come_Back_2_Me
3103,17.122318,-0.449884,1 (Pop + Groove + Rock + Hip-Hop),hjdb___hjdb_Cookin_Up_Yah_Brain
3104,18.929958,0.9947572,1 (Pop + Groove + Rock + Hip-Hop),hjdb___hjdb_Crackman_The_Return_(DJ_Ron_Remix)
3105,18.097134,0.79912317,1 (Pop + Groove + Rock + Hip-Hop),hjdb___hjdb_Crystalize
3106,16.918938,-2.847815,1 (Pop + Groove + Rock + Hip-Hop),hjdb___hjdb_DJ_Business
3107,20.114628,-1.2129779,1 (Pop + Groove + Rock + Hip-Hop),hjdb___hjdb_Dam_Tuff
3108,17.85245,0.12301906,1 (Pop + Groove + Rock + Hip-Hop),hjdb___hjdb_Damage
3109,18.269491,-2.0293975,1 (Pop + Groove + Rock + Hip-Hop),hjdb___hjdb_Dance_Factor
3110,19.67526,3.5900097,1 (Pop + Groove + Rock + Hip-Hop),hjdb___hjdb_Dance_The_Dream
3111,2.3930752,-10.235047,1 (Pop + Groove + Rock + Hip-Hop),hjdb___hjdb_Dance_With_Power_(Original_Mix)
3112,17.519726,1.3946846,1 (Pop + Groove + Rock + Hip-Hop),hjdb___hjdb_Dark_Angel
3113,16.717262,0.34554297,1 (Pop + Groove + Rock + Hip-Hop),hjdb___hjdb_Dark_Stranger_(Origin_Unknown_Remix)
3114,20.746569,1.9291972,1 (Pop + Groove + Rock + Hip-Hop),hjdb___hjdb_Darkcore
3115,18.730778,-0.8457309,1 (Pop + Groove + Rock + Hip-Hop),hjdb___hjdb_Darkman
3116,18.72263,1.5473896,1 (Pop + Groove + Rock + Hip-Hop),hjdb___hjdb_Deep_Cover
3117,19.744368,-0.29063207,1 (Pop + Groove + Rock + Hip-Hop),hjdb___hjdb_Deep_Love
3118,18.455921,2.7726061,1 (Pop + Groove + Rock + Hip-Hop),hjdb___hjdb_Deep_Space
3119,19.135979,-0.43195966,1 (Pop + Groove + Rock + Hip-Hop),hjdb___hjdb_Demons_Theme
3120,20.077456,2.26626,1 (Pop + Groove + Rock + Hip-Hop),hjdb___hjdb_Devotion
3121,15.705926,-0.7804588,1 (Pop + Groove + Rock + Hip-Hop),hjdb___hjdb_Digable_Bass
3122,19.636375,-1.1367716,1 (Pop + Groove + Rock + Hip-Hop),hjdb___hjdb_Dis_Generation
3123,20.39145,0.10568967,1 (Pop + Groove + Rock + Hip-Hop),hjdb___hjdb_Divine_Rhythm
3124,16.7892,-2.2044818,1 (Pop + Groove + Rock + Hip-Hop),hjdb___hjdb_Do_It_Now
3125,17.341377,-1.1058122,1 (Pop + Groove + Rock + Hip-Hop),hjdb___hjdb_Do_It_Together_(The_Baggys_Mix)
3126,18.982756,1.3290106,1 (Pop + Groove + Rock + Hip-Hop),hjdb___hjdb_Dont_Come_No_Ruffer_(Ruff_Mix)
3127,19.764015,0.37579778,1 (Pop + Groove + Rock + Hip-Hop),hjdb___hjdb_Dont_Need_Your_Love
3128,20.073936,1.3670976,1 (Pop + Groove + Rock + Hip-Hop),hjdb___hjdb_Dream_Sequence
3129,18.570972,-0.20149957,1 (Pop + Groove + Rock + Hip-Hop),hjdb___hjdb_Drowning_In_Her
3130,19.76342,0.8428269,1 (Pop + Groove + Rock + Hip-Hop),hjdb___hjdb_Drum_Programme_(Remix)
3131,19.924461,-1.1147727,1 (Pop + Groove + Rock + Hip-Hop),hjdb___hjdb_Drummer_Of_Doom
3132,19.387558,-0.7964711,1 (Pop + Groove + Rock + Hip-Hop),hjdb___hjdb_Dub_War_Chapter_1_(Raw_Mix)
3133,19.299253,-0.9974632,1 (Pop + Groove + Rock + Hip-Hop),hjdb___hjdb_Dub_War_Chapter_1_(The_Mix_Strikes_Back)
3134,19.24857,-0.89991236,1 (Pop + Groove + Rock + Hip-Hop),hjdb___hjdb_Dub_War_Chapter_2
3135,19.784986,-0.7026458,1 (Pop + Groove + Rock + Hip-Hop),hjdb___hjdb_Ecstatic_House
3136,19.65538,1.8657207,1 (Pop + Groove + Rock + Hip-Hop),hjdb___hjdb_Enticer
3137,20.010258,1.1122059,1 (Pop + Groove + Rock + Hip-Hop),hjdb___hjdb_Essence_Ep
3138,20.216375,-0.09646236,1 (Pop + Groove + Rock + Hip-Hop),hjdb___hjdb_Even_Further_Intrigue
3139,15.602768,-2.2455273,1 (Pop + Groove + Rock + Hip-Hop),hjdb___hjdb_Exodus_(When_The_Lion_Awakes)
3140,20.512447,1.1216158,1 (Pop + Groove + Rock + Hip-Hop),hjdb___hjdb_Factor_5
3141,16.67806,0.3796922,1 (Pop + Groove + Rock + Hip-Hop),hjdb___hjdb_Fearless_Wonder_(Remix)
3142,18.762964,0.7456786,1 (Pop + Groove + Rock + Hip-Hop),hjdb___hjdb_Feel_(Feel_Good)
3143,16.922337,-0.18736333,1 (Pop + Groove + Rock + Hip-Hop),hjdb___hjdb_Final_Conflict
3144,18.99847,0.5623812,1 (Pop + Groove + Rock + Hip-Hop),hjdb___hjdb_Finest_Illusion_(Legal_Mix)
3145,18.102566,2.0636015,1 (Pop + Groove + Rock + Hip-Hop),hjdb___hjdb_Fireball
3146,4.966914,0.18777701,1 (Pop + Groove + Rock + Hip-Hop),hjdb___hjdb_Fires_Burning
3147,20.077734,1.6095117,1 (Pop + Groove + Rock + Hip-Hop),hjdb___hjdb_Flammable
3148,16.952148,0.62832624,1 (Pop + Groove + Rock + Hip-Hop),hjdb___hjdb_Flammable_(Tango_Remix)
3149,19.027504,0.2850858,1 (Pop + Groove + Rock + Hip-Hop),hjdb___hjdb_Freeaneazy
3150,16.986975,1.4074374,1 (Pop + Groove + Rock + Hip-Hop),hjdb___hjdb_Fuckin_Hardcore
3151,19.940786,1.3178476,1 (Pop + Groove + Rock + Hip-Hop),hjdb___hjdb_Further_Intrigue
3152,19.327103,1.05537,1 (Pop + Groove + Rock + Hip-Hop),hjdb___hjdb_Future_Followers
3153,-9.919097,14.679066,2 (Classical + Jazz),hjdb___hjdb_Future_Followers_(Remix)
3154,22.979107,6.450689,1 (Pop + Groove + Rock + Hip-Hop),hjdb___hjdb_Future_Funk
3155,18.10253,0.79364806,1 (Pop + Groove + Rock + Hip-Hop),hjdb___hjdb_Gangsta
3156,17.67036,1.1592805,1 (Pop + Groove + Rock + Hip-Hop),hjdb___hjdb_Get_High_(New_Jack_London)
3157,19.979471,0.46022823,1 (Pop + Groove + Rock + Hip-Hop),hjdb___hjdb_Ghetto_People
3158,19.916492,0.08689345,1 (Pop + Groove + Rock + Hip-Hop),hjdb___hjdb_Ghetto_People_(Remix)
3159,19.155323,-2.404817,1 (Pop + Groove + Rock + Hip-Hop),hjdb___hjdb_Give_A_Little_Love_(Remix)
3160,19.5251,8.138654,1 (Pop + Groove + Rock + Hip-Hop),hjdb___hjdb_Going_Out_For_Da_Loot
3161,16.170496,1.3353715,1 (Pop + Groove + Rock + Hip-Hop),hjdb___hjdb_Gonna_Be_Alright
3162,18.672392,-1.7607787,1 (Pop + Groove + Rock + Hip-Hop),hjdb___hjdb_Gotta_Release
3163,19.993942,1.3114554,1 (Pop + Groove + Rock + Hip-Hop),hjdb___hjdb_Hands_Of_Time
3164,17.70504,0.7059799,1 (Pop + Groove + Rock + Hip-Hop),hjdb___hjdb_Happiness
3165,17.052654,-0.39213082,1 (Pop + Groove + Rock + Hip-Hop),hjdb___hjdb_Hardcore_Junglism
3166,20.195503,1.2430174,1 (Pop + Groove + Rock + Hip-Hop),hjdb___hjdb_Hardcore_Will_Never_Die
3167,19.270655,0.44575855,1 (Pop + Groove + Rock + Hip-Hop),hjdb___hjdb_Here_Comes_The_Drumz_(Drumz_VIP_Mix)
3168,20.09627,0.02343795,1 (Pop + Groove + Rock + Hip-Hop),hjdb___hjdb_Hey_DJ
3169,13.948711,2.537569,1 (Pop + Groove + Rock + Hip-Hop),hjdb___hjdb_Hold_it_Down
3170,18.822628,-0.0712509,1 (Pop + Groove + Rock + Hip-Hop),hjdb___hjdb_Horizons
3171,18.361576,-1.895718,1 (Pop + Groove + Rock + Hip-Hop),hjdb___hjdb_How_Should_I_Start
3172,18.772532,-1.3272995,1 (Pop + Groove + Rock + Hip-Hop),hjdb___hjdb_I_Need_Your_Lovin
3173,19.331104,1.258407,1 (Pop + Groove + Rock + Hip-Hop),hjdb___hjdb_I_Wanna_Be_Your_Lover
3174,4.200012,-0.79372036,1 (Pop + Groove + Rock + Hip-Hop),hjdb___hjdb_Ill_Take_You_(Original_Mix)
3175,-1.4116168,5.3980193,2 (Classical + Jazz),hjdb___hjdb_Im_Gonna_Get_You
3176,18.77425,0.35264748,1 (Pop + Groove + Rock + Hip-Hop),hjdb___hjdb_Imagine_The_Future
3177,17.015896,1.8254281,1 (Pop + Groove + Rock + Hip-Hop),hjdb___hjdb_In_Complete_Darkness_(Slipmatt_remix)
3178,17.375565,0.5736733,1 (Pop + Groove + Rock + Hip-Hop),hjdb___hjdb_In_Effect
3179,20.355217,0.23452745,1 (Pop + Groove + Rock + Hip-Hop),hjdb___hjdb_Incredible_Bass_(Remix)
3180,14.384494,-1.7495128,1 (Pop + Groove + Rock + Hip-Hop),hjdb___hjdb_Inna_Year_4000
3181,19.731041,-0.022252452,1 (Pop + Groove + Rock + Hip-Hop),hjdb___hjdb_Into_Da_Future_(Massive_Mix)
3182,19.37386,1.4017036,1 (Pop + Groove + Rock + Hip-Hop),hjdb___hjdb_Jeopardy_(DJ_Spice_Mix)
3183,20.609945,0.9808717,1 (Pop + Groove + Rock + Hip-Hop),hjdb___hjdb_Johnny_(Dance_Conspiracy_Mix)
3184,17.626717,1.1310221,1 (Pop + Groove + Rock + Hip-Hop),hjdb___hjdb_Johnny_94_(Origin_Unkown_Remix)
3185,19.077953,1.0621142,1 (Pop + Groove + Rock + Hip-Hop),hjdb___hjdb_Jump_Mk_II
3186,13.8584,-2.4161403,1 (Pop + Groove + Rock + Hip-Hop),hjdb___hjdb_Just_A_Dream
3187,16.533201,-1.6490972,1 (Pop + Groove + Rock + Hip-Hop),hjdb___hjdb_Keep_The_Fires_Burning
3188,16.546883,1.5607394,1 (Pop + Groove + Rock + Hip-Hop),hjdb___hjdb_Last_Action_Hero
3189,14.498128,-2.5617888,1 (Pop + Groove + Rock + Hip-Hop),hjdb___hjdb_Let_Me_Be_Your_Fantasy
3190,20.410208,1.8640435,1 (Pop + Groove + Rock + Hip-Hop),hjdb___hjdb_Light_Years
3191,15.372834,-1.2647967,1 (Pop + Groove + Rock + Hip-Hop),hjdb___hjdb_Livin_In_A_Dream
3192,19.25388,1.3666632,1 (Pop + Groove + Rock + Hip-Hop),hjdb___hjdb_Lords_Of_The_Null_Lines_(Foul_Play_Remix)
3193,18.88003,1.2748344,1 (Pop + Groove + Rock + Hip-Hop),hjdb___hjdb_Manic_Stampede
3194,18.987074,-0.08056821,1 (Pop + Groove + Rock + Hip-Hop),hjdb___hjdb_Merder_Style
3195,19.099384,0.51508236,1 (Pop + Groove + Rock + Hip-Hop),hjdb___hjdb_Method_To_My_Madness
3196,19.84361,0.44840857,1 (Pop + Groove + Rock + Hip-Hop),hjdb___hjdb_Moments_So_Dark
3197,19.047283,-0.3817349,1 (Pop + Groove + Rock + Hip-Hop),hjdb___hjdb_Mr._Logic
3198,19.145697,-0.48614368,1 (Pop + Groove + Rock + Hip-Hop),hjdb___hjdb_Music
3199,19.211239,-0.008283528,1 (Pop + Groove + Rock + Hip-Hop),hjdb___hjdb_Music_In_Search_Of_Light
3200,13.563227,-0.92116624,1 (Pop + Groove + Rock + Hip-Hop),hjdb___hjdb_Music_Takes_You
3201,18.534111,-1.4118621,1 (Pop + Groove + Rock + Hip-Hop),hjdb___hjdb_My_Own_(Hixxy_and_UFO_Remix)
3202,17.184126,-2.88406,1 (Pop + Groove + Rock + Hip-Hop),hjdb___hjdb_Mystic_Stepper_(Feel_Better)
3203,20.823435,1.2894166,1 (Pop + Groove + Rock + Hip-Hop),hjdb___hjdb_NHS_(Midday_Mix)
3204,18.553562,0.5556477,1 (Pop + Groove + Rock + Hip-Hop),hjdb___hjdb_Never_Try_The_Hippodrome_(Remix)
3205,16.90274,1.2214466,1 (Pop + Groove + Rock + Hip-Hop),hjdb___hjdb_New_Direction
3206,18.710966,-0.9411335,1 (Pop + Groove + Rock + Hip-Hop),hjdb___hjdb_News_At_Ten
3207,14.524794,0.52727264,1 (Pop + Groove + Rock + Hip-Hop),hjdb___hjdb_Nightmare_Walking
3208,16.685343,-0.74711984,1 (Pop + Groove + Rock + Hip-Hop),hjdb___hjdb_No_Worries
3209,17.56233,-1.5171613,1 (Pop + Groove + Rock + Hip-Hop),hjdb___hjdb_Oblivion
3210,19.115955,0.1355365,1 (Pop + Groove + Rock + Hip-Hop),hjdb___hjdb_Obsession_(Musics_So_Wonderful)
3211,17.99378,-1.8129734,1 (Pop + Groove + Rock + Hip-Hop),hjdb___hjdb_Obsession_(The_Only_Remix)
3212,19.188644,-1.3650477,1 (Pop + Groove + Rock + Hip-Hop),hjdb___hjdb_Obsessions
3213,19.312658,-1.821358,1 (Pop + Groove + Rock + Hip-Hop),hjdb___hjdb_Oh_So_Nice
3214,19.805153,0.8565169,1 (Pop + Groove + Rock + Hip-Hop),hjdb___hjdb_On_My_Own_(Rmx)
3215,19.422415,0.007089541,1 (Pop + Groove + Rock + Hip-Hop),hjdb___hjdb_Open_Secrets
3216,15.75281,0.2780252,1 (Pop + Groove + Rock + Hip-Hop),hjdb___hjdb_Open_Your_Mind
3217,19.898247,0.76153487,1 (Pop + Groove + Rock + Hip-Hop),hjdb___hjdb_Original_Badboy
3218,17.634668,-0.89868677,1 (Pop + Groove + Rock + Hip-Hop),hjdb___hjdb_Peakin_Thru_The_Window
3219,15.006293,-3.3577528,1 (Pop + Groove + Rock + Hip-Hop),hjdb___hjdb_Pennywise
3220,15.731327,1.8791969,1 (Pop + Groove + Rock + Hip-Hop),hjdb___hjdb_Phizical_(Moody_Mix)
3221,19.092266,0.9310726,1 (Pop + Groove + Rock + Hip-Hop),hjdb___hjdb_Project_1_(Remix)
3222,19.242521,-0.51629937,1 (Pop + Groove + Rock + Hip-Hop),hjdb___hjdb_Promised_Land
3223,17.716318,0.7680979,1 (Pop + Groove + Rock + Hip-Hop),hjdb___hjdb_R-type
3224,18.601969,0.45481056,1 (Pop + Groove + Rock + Hip-Hop),hjdb___hjdb_R_Yeah
3225,17.022404,0.791092,1 (Pop + Groove + Rock + Hip-Hop),hjdb___hjdb_Re-Baptised_By_Dub_(Selectors_Revenge)
3226,19.086103,0.88325125,1 (Pop + Groove + Rock + Hip-Hop),hjdb___hjdb_Renegade_Snares_(Foul_Play_Remix)
3227,18.724247,0.30111295,1 (Pop + Groove + Rock + Hip-Hop),hjdb___hjdb_Renegade_Snares_(VIP_Remix)
3228,15.633534,1.8460335,1 (Pop + Groove + Rock + Hip-Hop),hjdb___hjdb_Return_Of_The_Donut_Pt2
3229,17.051693,-0.516328,1 (Pop + Groove + Rock + Hip-Hop),hjdb___hjdb_Rhythm
3230,16.249746,-3.060153,1 (Pop + Groove + Rock + Hip-Hop),hjdb___hjdb_Right_Before_My_Eyes
3231,19.524078,0.7916287,1 (Pop + Groove + Rock + Hip-Hop),hjdb___hjdb_Rock_To_The_Groove
3232,17.035545,0.36158657,1 (Pop + Groove + Rock + Hip-Hop),hjdb___hjdb_Rockin_Down_The_House
3233,18.661219,-1.362193,1 (Pop + Groove + Rock + Hip-Hop),hjdb___hjdb_Ruff
3234,19.507244,-0.502969,1 (Pop + Groove + Rock + Hip-Hop),hjdb___hjdb_Ruff_(Remix)
3235,17.033112,-2.0218692,1 (Pop + Groove + Rock + Hip-Hop),hjdb___hjdb_Ruff_Beats
3236,18.134672,-1.3409686,1 (Pop + Groove + Rock + Hip-Hop),hjdb___hjdb_Scottie
3237,15.323534,-3.191164,1 (Pop + Groove + Rock + Hip-Hop),hjdb___hjdb_Screw_Face
3238,19.35626,0.014836202,1 (Pop + Groove + Rock + Hip-Hop),hjdb___hjdb_Serious_Sounds
3239,19.174572,-2.155985,1 (Pop + Groove + Rock + Hip-Hop),hjdb___hjdb_Showtime
3240,19.377335,1.4028544,1 (Pop + Groove + Rock + Hip-Hop),hjdb___hjdb_Skanka
3241,18.560453,1.021919,1 (Pop + Groove + Rock + Hip-Hop),hjdb___hjdb_Slow_Jam
3242,18.846348,-1.4606919,1 (Pop + Groove + Rock + Hip-Hop),hjdb___hjdb_So_Good
3243,16.158894,-0.39298376,1 (Pop + Groove + Rock + Hip-Hop),hjdb___hjdb_Something_I_Feel_(2_Bad_Mice_Remix)
3244,15.324659,-1.4714738,1 (Pop + Groove + Rock + Hip-Hop),hjdb___hjdb_Something_New_Pt1
3245,17.579144,-0.14602882,1 (Pop + Groove + Rock + Hip-Hop),hjdb___hjdb_Something_New_Pt2
3246,19.028168,-1.1751249,1 (Pop + Groove + Rock + Hip-Hop),hjdb___hjdb_Special_Request
3247,19.513746,0.43460137,1 (Pop + Groove + Rock + Hip-Hop),hjdb___hjdb_Spiritual_Aura
3248,17.933992,-0.37537223,1 (Pop + Groove + Rock + Hip-Hop),hjdb___hjdb_Spliffhead
3249,-0.49488106,9.57585,1 (Pop + Groove + Rock + Hip-Hop),hjdb___hjdb_Star_Eyes
3250,18.25193,0.30755046,1 (Pop + Groove + Rock + Hip-Hop),hjdb___hjdb_Stay_Calm_(Foul_Play_Remix)
3251,18.965687,-0.29173,1 (Pop + Groove + Rock + Hip-Hop),hjdb___hjdb_Storm_Trooper
3252,18.384275,-0.24470435,1 (Pop + Groove + Rock + Hip-Hop),hjdb___hjdb_Street_Knowledge
3253,20.345884,0.29941273,1 (Pop + Groove + Rock + Hip-Hop),hjdb___hjdb_String_Of_Darkness
3254,21.155273,0.7992897,1 (Pop + Groove + Rock + Hip-Hop),hjdb___hjdb_Sub_Dub
3255,18.113104,1.2028824,1 (Pop + Groove + Rock + Hip-Hop),hjdb___hjdb_Summer_Breeze
3256,19.134066,1.1057454,1 (Pop + Groove + Rock + Hip-Hop),hjdb___hjdb_Superpod
3257,4.4768615,-0.27691227,1 (Pop + Groove + Rock + Hip-Hop),hjdb___hjdb_Sweet_Sensation_(12_Mix)
3258,21.29424,0.6653129,1 (Pop + Groove + Rock + Hip-Hop),hjdb___hjdb_Sweet_Vibrations
3259,17.266848,0.6046253,1 (Pop + Groove + Rock + Hip-Hop),hjdb___hjdb_T-N-T
3260,17.568424,-0.19168109,1 (Pop + Groove + Rock + Hip-Hop),hjdb___hjdb_Take_Me_To_The_Top
3261,18.790476,0.100442655,1 (Pop + Groove + Rock + Hip-Hop),hjdb___hjdb_Tales_From_The_Darkside
3262,16.961031,0.10836619,1 (Pop + Groove + Rock + Hip-Hop),hjdb___hjdb_Tales_From_The_Darkside_2
3263,17.73177,1.1572616,1 (Pop + Groove + Rock + Hip-Hop),hjdb___hjdb_Terminator
3264,17.756464,1.3422782,1 (Pop + Groove + Rock + Hip-Hop),hjdb___hjdb_Terminator_2
3265,19.132774,-0.3785549,1 (Pop + Groove + Rock + Hip-Hop),hjdb___hjdb_Terrorist_(Grooverider_Remix)
3266,18.01836,1.3594719,1 (Pop + Groove + Rock + Hip-Hop),hjdb___hjdb_Terrorist_(PA_Mix)
3267,17.382042,1.4692434,1 (Pop + Groove + Rock + Hip-Hop),hjdb___hjdb_Terrorist_(original)
3268,19.834236,1.4419764,1 (Pop + Groove + Rock + Hip-Hop),hjdb___hjdb_The_Core
3269,18.478151,-1.0931319,1 (Pop + Groove + Rock + Hip-Hop),hjdb___hjdb_The_Criminal
3270,19.665586,2.7204523,1 (Pop + Groove + Rock + Hip-Hop),hjdb___hjdb_The_Deep
3271,15.785641,-0.33312243,1 (Pop + Groove + Rock + Hip-Hop),hjdb___hjdb_The_Element_(Highnoon)
3272,19.941858,0.04474076,1 (Pop + Groove + Rock + Hip-Hop),hjdb___hjdb_The_End_(Alternative_Version)
3273,20.102335,0.54072833,1 (Pop + Groove + Rock + Hip-Hop),hjdb___hjdb_The_Grand_National_(DJ_SS_and_EQ_Remix)
3274,18.809828,1.4544456,1 (Pop + Groove + Rock + Hip-Hop),hjdb___hjdb_The_Helicopter_Tune
3275,19.689564,0.26882342,1 (Pop + Groove + Rock + Hip-Hop),hjdb___hjdb_The_R
3276,18.698885,0.17101777,1 (Pop + Groove + Rock + Hip-Hop),hjdb___hjdb_The_Slammer
3277,19.8144,1.0061272,1 (Pop + Groove + Rock + Hip-Hop),hjdb___hjdb_The_Warning_(Remix)
3278,16.392092,-0.25335163,1 (Pop + Groove + Rock + Hip-Hop),hjdb___hjdb_The_Way_(VIP_Mix)
3279,19.875834,0.5212174,1 (Pop + Groove + Rock + Hip-Hop),hjdb___hjdb_This_Is_A_Trip
3280,20.227158,-0.08988364,1 (Pop + Groove + Rock + Hip-Hop),hjdb___hjdb_This_Way
3281,19.22497,0.5663514,1 (Pop + Groove + Rock + Hip-Hop),hjdb___hjdb_Tibetan_Jungle
3282,16.24563,4.259146,1 (Pop + Groove + Rock + Hip-Hop),hjdb___hjdb_Tiger_Style
3283,20.447817,0.38137028,1 (Pop + Groove + Rock + Hip-Hop),hjdb___hjdb_Time_Bomb
3284,20.289444,0.42641369,1 (Pop + Groove + Rock + Hip-Hop),hjdb___hjdb_Time_Bomb_(Remix)
3285,16.02326,-0.21580745,1 (Pop + Groove + Rock + Hip-Hop),hjdb___hjdb_Too_Much_(Ray_Keith_Rmx)
3286,18.86132,0.1435863,1 (Pop + Groove + Rock + Hip-Hop),hjdb___hjdb_Total_Xstacy_(Remix)
3287,18.453331,0.83613497,1 (Pop + Groove + Rock + Hip-Hop),hjdb___hjdb_Touch_Somebody
3288,19.587296,0.31631115,1 (Pop + Groove + Rock + Hip-Hop),hjdb___hjdb_Trip_II_The_Moon
3289,-10.07494,14.555295,2 (Classical + Jazz),hjdb___hjdb_Twisted
3290,16.73208,0.7466753,1 (Pop + Groove + Rock + Hip-Hop),hjdb___hjdb_Unfriendly
3291,18.825699,0.62062573,1 (Pop + Groove + Rock + Hip-Hop),hjdb___hjdb_United
3292,19.064875,-0.89748853,1 (Pop + Groove + Rock + Hip-Hop),hjdb___hjdb_United_(Grooverider_Remix)
3293,18.672901,0.5179927,1 (Pop + Groove + Rock + Hip-Hop),hjdb___hjdb_Unity
3294,16.962791,-1.1791888,1 (Pop + Groove + Rock + Hip-Hop),hjdb___hjdb_Until_The_Night_Is_Morning
3295,16.797377,0.26895303,1 (Pop + Groove + Rock + Hip-Hop),hjdb___hjdb_Volume_1
3296,17.87167,-0.5482633,1 (Pop + Groove + Rock + Hip-Hop),hjdb___hjdb_Wait_4_The_Bass
3297,18.670504,0.9455999,1 (Pop + Groove + Rock + Hip-Hop),hjdb___hjdb_Warpdrive
3298,18.74447,-0.57160175,1 (Pop + Groove + Rock + Hip-Hop),hjdb___hjdb_We_Are_Hardcore
3299,18.336222,1.6837151,1 (Pop + Groove + Rock + Hip-Hop),hjdb___hjdb_What_Kind_of_World
3300,18.508495,0.048244823,1 (Pop + Groove + Rock + Hip-Hop),hjdb___hjdb_Wind_It_Up_(Rewound)
3301,19.705524,1.5731031,1 (Pop + Groove + Rock + Hip-Hop),hjdb___hjdb_Wots_My_Code_(Ray_Keith_Final_Plate)
3302,18.456804,-0.6805141,1 (Pop + Groove + Rock + Hip-Hop),hjdb___hjdb_Yaaah
3303,17.326054,1.3759254,1 (Pop + Groove + Rock + Hip-Hop),hjdb___hjdb_You_Dont_Know
3304,16.95675,0.47195682,1 (Pop + Groove + Rock + Hip-Hop),hjdb___hjdb_You_Got_Me_Burnin_(A.A.S_Mix)
3305,-5.433637,6.0257335,2 (Classical + Jazz),jaah___jaah_000-tito_puente-airegin
3306,-3.9635985,2.4439833,2 (Classical + Jazz),jaah___jaah_001-sarah_vaughan-all_alone
3307,20.442795,10.492549,1 (Pop + Groove + Rock + Hip-Hop),jaah___jaah_002-thelonious_monk-bags_groove
3308,-8.3278675,1.1415184,2 (Classical + Jazz),jaah___jaah_003-louis_armstrong_and_his_hot_seven-big_butter_and_egg_man_from_the_west
3309,-7.517767,4.0065117,2 (Classical + Jazz),jaah___jaah_004-dexter_gordon_quartet-bikini
3310,-8.546263,3.102735,2 (Classical + Jazz),jaah___jaah_005-duke_ellington_and_his_orchestra-black_and_tan_fantasy
3311,-7.3215914,2.7574809,2 (Classical + Jazz),jaah___jaah_006-jelly_roll_mortons_red_hot_peppers-black_bottom_stomp
3312,-8.087748,0.78774506,2 (Classical + Jazz),jaah___jaah_007-bessie_smith_james_p_johnson-black_water_blues
3313,17.385805,6.3247356,1 (Pop + Groove + Rock + Hip-Hop),jaah___jaah_008-sonny_rollins-blue_7
3314,-8.492168,1.0689572,2 (Classical + Jazz),jaah___jaah_009-sidney_bechets_blue_note_jazzmen-blue_horizon
3315,-9.802856,-0.96702206,2 (Classical + Jazz),jaah___jaah_010-duke_ellington_his_orchestra-blue_serge
3316,-5.7451396,5.5217767,2 (Classical + Jazz),jaah___jaah_011-charlie_parker-blues_for_alice
3317,-5.155791,5.5579205,2 (Classical + Jazz),jaah___jaah_012-stan_getz_jj_johnson-blues_in_the_closet
3318,-11.830333,-0.7454951,2 (Classical + Jazz),jaah___jaah_013-the_benny_goodman_trio-body_and_soul
3319,-8.020205,1.0331408,2 (Classical + Jazz),jaah___jaah_014-coleman_hawkins_and_his_orchestra-body_and_soul
3320,-4.173532,4.7799273,2 (Classical + Jazz),jaah___jaah_015-miles_davis_nonet-boplicity
3321,-6.5407386,4.146102,2 (Classical + Jazz),jaah___jaah_016-the_benny_goodman_sextet-breakfast_feud_composite_feat_charlie_christian
3322,-8.587948,2.2917504,2 (Classical + Jazz),jaah___jaah_017-duke_ellington_his_orchestra-concerto_for_cootie
3323,-8.239746,2.923965,2 (Classical + Jazz),jaah___jaah_018-duke_ellington_his_orchestra-cotton_tail
3324,-0.5699729,5.308203,1 (Pop + Groove + Rock + Hip-Hop),jaah___jaah_019-ella_fitzgerald_duke_ellington_orchestra-cotton_tail
3325,-7.329019,4.0187535,2 (Classical + Jazz),jaah___jaah_020-charlie_parker-crazeology_take_4
3326,-4.3281136,7.687977,2 (Classical + Jazz),jaah___jaah_021-the_clifford_brownmax_roach_quintet-daahoud
3327,-8.2670355,3.5702734,2 (Classical + Jazz),jaah___jaah_022-jelly_roll_mortons_red_hot_peppers-dead_man_blues
3328,-7.4055867,4.2752423,2 (Classical + Jazz),jaah___jaah_023-dexter_gordon-dexter_rides_again
3329,-7.60954,2.3469598,2 (Classical + Jazz),jaah___jaah_024-duke_ellington_his_orchestra-diminuendo_in_blue_and_crescendo_in_blue
3330,-7.7679935,2.894556,2 (Classical + Jazz),jaah___jaah_025-django_reinhardt-dinah
3331,-8.105172,3.9232137,2 (Classical + Jazz),jaah___jaah_026-fats_waller_and_his_rhythm-dinah
3332,-8.288507,3.3229716,2 (Classical + Jazz),jaah___jaah_027-red_nichols_his_five_pennies-dinah
3333,-8.515229,2.3482916,2 (Classical + Jazz),jaah___jaah_028-king_olivers_creole_jazz_band-dippermouth_blues
3334,-3.6961136,7.3427305,2 (Classical + Jazz),jaah___jaah_029-the_modern_jazz_quartet-django
3335,-7.9651933,3.1967633,2 (Classical + Jazz),jaah___jaah_030-count_basie_his_orchestra-doggin_around
3336,-8.332157,3.0994818,2 (Classical + Jazz),jaah___jaah_031-duke_ellington_his_orchestra-east_st_louis_toodleoo
3337,-6.45242,3.9488404,2 (Classical + Jazz),jaah___jaah_032-charlie_parker_quintet-embraceable_you
3338,-7.9109335,2.3545377,2 (Classical + Jazz),jaah___jaah_033-the_boswell_sisters-everybody_loves_my_baby
3339,-3.7976127,6.5878,2 (Classical + Jazz),jaah___jaah_034-thelonious_monk-evidence
3340,-8.25083,3.8320072,2 (Classical + Jazz),jaah___jaah_035-jimmie_lunceford_and_his_orchestra-for_dancers_only
3341,-5.700356,5.176224,2 (Classical + Jazz),jaah___jaah_036-woody_herman_and_his_orchestra-four_brothers
3342,-8.637483,2.6526904,2 (Classical + Jazz),jaah___jaah_037-jimmie_noones_apex_club_orchestra-four_or_five_times
3343,-8.129544,2.6304007,2 (Classical + Jazz),jaah___jaah_038-bix_beiderbecke_paul_whiteman_and_his_orchestra-from_monday_on
3344,-6.216247,5.4865522,2 (Classical + Jazz),jaah___jaah_039-john_coltrane-giant_steps
3345,-4.772844,4.1977816,2 (Classical + Jazz),jaah___jaah_040-stan_getz_joao_gilberto_antonio_carlos_jobim-the_girl_from_ipanema
3346,-8.434781,3.221991,2 (Classical + Jazz),jaah___jaah_041-jelly_roll_mortons_red_hot_peppers-grandpas_spells
3347,-4.261379,5.490136,2 (Classical + Jazz),jaah___jaah_042-clark_terrybob_brookmeyer_quintet-haig_haig
3348,-7.9303975,2.7286808,2 (Classical + Jazz),jaah___jaah_043-eddie_lang_lonnie_johnson-a_handful_of_riffs
3349,-8.235115,4.7278123,2 (Classical + Jazz),jaah___jaah_044-chick_webb_and_his_orchestra-harlem_congo
3350,-7.7885246,2.0123117,2 (Classical + Jazz),jaah___jaah_045-billie_holiday-hes_funny_that_way
3351,-7.37735,3.4781651,2 (Classical + Jazz),jaah___jaah_046-benny_goodman_and_his_orchestra-honeysuckle_rose
3352,-8.820389,2.8924127,2 (Classical + Jazz),jaah___jaah_047-meade_lux_lewis-honky_tonk_train_blues
3353,-7.7558565,2.3617668,2 (Classical + Jazz),jaah___jaah_048-louis_armstrong_and_his_hot_five-hotter_than_that
3354,-6.972156,4.8061857,2 (Classical + Jazz),jaah___jaah_049-the_chocolate_dandies-i_cant_believe_that_youre_in_love_with_me
3355,-6.3839808,3.6865969,2 (Classical + Jazz),jaah___jaah_050-dizzy_gillespie_sextet-i_cant_get_started
3356,-6.563828,4.0609746,2 (Classical + Jazz),jaah___jaah_051-the_benny_goodman_sextet-i_found_a_new_baby_feat_charlie_christian_count_basie
3357,-6.664407,2.0210447,2 (Classical + Jazz),jaah___jaah_052-don_byas_slam_stewart-i_got_rhythm
3358,-9.388814,2.4637282,2 (Classical + Jazz),jaah___jaah_053-louis_armstrong_his_orchestra-i_gotta_right_to_sing_the_blues
3359,-7.411388,4.208057,2 (Classical + Jazz),jaah___jaah_054-duke_ellington_his_orchestra-in_a_mellotone
3360,-8.667482,3.1759818,2 (Classical + Jazz),jaah___jaah_055-bunks_brass_band-in_gloryland
3361,-5.67618,7.7797456,2 (Classical + Jazz),jaah___jaah_056-bud_powell-indiana
3362,-9.3555155,-1.9400214,2 (Classical + Jazz),jaah___jaah_057-duke_ellington_and_his_orchestra-isfahan
3363,-9.3425045,2.518787,2 (Classical + Jazz),jaah___jaah_058-jelly_roll_morton-king_porter_stomp
3364,-8.659019,3.1359022,2 (Classical + Jazz),jaah___jaah_059-duke_ellington_and_his_famous_orchestra-koko
3365,-5.088762,6.0632896,2 (Classical + Jazz),jaah___jaah_060-tadd_dameron_sextet-lady_bird
3366,-7.4020762,3.0319774,2 (Classical + Jazz),jaah___jaah_061-count_basie_and_the_kansas_city_7-lester_leaps_in
3367,-8.425616,0.25142106,2 (Classical + Jazz),jaah___jaah_062-original_dixieland_jazz_band-livery_stable_blues
3368,-8.365594,0.29451138,2 (Classical + Jazz),jaah___jaah_063-bessie_smith-lost_your_head_blues
3369,-9.196277,3.3937585,2 (Classical + Jazz),jaah___jaah_064-dizzy_gillespie_and_his_orchestra-manteca
3370,-8.648111,4.0955462,2 (Classical + Jazz),jaah___jaah_065-new_orleans_feetwarmers-maple_leaf_rag
3371,-7.754236,3.1176577,2 (Classical + Jazz),jaah___jaah_066-anthony_braxton_muhal_richard_abrams-maple_leaf_rag
3372,-19.725615,-9.380573,2 (Classical + Jazz),jaah___jaah_067-dick_hyman-maple_leaf_rag
3373,-8.008615,1.6982299,2 (Classical + Jazz),jaah___jaah_068-billie_holiday_teddy_wilson_and_his_orchestra-mean_to_me
3374,-8.413139,2.9432461,2 (Classical + Jazz),jaah___jaah_069-quintette_du_hot_club_de_france-minor_swing
3375,-3.3616488,6.1077065,2 (Classical + Jazz),jaah___jaah_070-thelonious_monk_quartet-misterioso
3376,-4.949236,4.7552204,2 (Classical + Jazz),jaah___jaah_071-art_blakey_the_jazz_messengers-moanin
3377,-8.684515,3.1136947,2 (Classical + Jazz),jaah___jaah_072-bennie_moten_and_his_kansas_city_orchestra-moten_swing
3378,-4.2366314,5.5438437,2 (Classical + Jazz),jaah___jaah_073-john_coltrane_quartet-my_favorite_things_part_1_single_version
3379,-9.388931,-0.8381115,2 (Classical + Jazz),jaah___jaah_074-duke_ellington_his_orchestra-the_new_east_st_louis_toodleoo
3380,-3.4383435,6.294959,2 (Classical + Jazz),jaah___jaah_075-bud_powell_trio-night_in_tunisia
3381,-6.908937,4.3863096,2 (Classical + Jazz),jaah___jaah_076-charlie_parker-oh_lady_be_good_feat_jazz_at_the_philharmonic
3382,-4.123073,5.940934,2 (Classical + Jazz),jaah___jaah_077-art_blakey_the_jazz_messengers-one_by_one
3383,-7.479577,4.4762654,2 (Classical + Jazz),jaah___jaah_078-count_basie_and_his_orchestra-one_oclock_jump
3384,-6.9398847,3.5631235,2 (Classical + Jazz),jaah___jaah_079-jimmie_lunceford_and_his_orchestra-organ_grinders_swing
3385,-6.110601,3.096661,2 (Classical + Jazz),jaah___jaah_080-charlie_parker_allstars-parkers_mood
3386,-4.9700856,5.16166,2 (Classical + Jazz),jaah___jaah_081-sonny_rollins-pentup_house
3387,-7.7562995,3.802795,2 (Classical + Jazz),jaah___jaah_082-louis_armstrong_and_his_hot_five-potato_head_blues
3388,-8.422239,3.2877815,2 (Classical + Jazz),jaah___jaah_083-frankie_trumbauer_and_his_orchestra-riverboat_shuffle
3389,-6.7745867,3.8186324,2 (Classical + Jazz),jaah___jaah_084-gene_krupa_and_his_orchestra-rockin_chair
3390,-4.1047173,6.674686,2 (Classical + Jazz),jaah___jaah_085-the_george_shearing_quintet-september_in_the_rain
3391,-7.5749154,4.1172705,2 (Classical + Jazz),jaah___jaah_086-dizzy_gillespie_his_all_stars-shaw_nuff
3392,-7.9311843,3.3238456,2 (Classical + Jazz),jaah___jaah_087-frankie_trumbauer_and_his_orchestra-singin_the_blues_til_my_daddy_comes_home
3393,-8.478045,0.32707196,2 (Classical + Jazz),jaah___jaah_088-bessie_smith_louis_armstrong-st_louis_blues
3394,19.149899,-3.049852,1 (Pop + Groove + Rock + Hip-Hop),jaah___jaah_089-sonny_rollins-st_thomas
3395,4.730903,1.2305071,1 (Pop + Groove + Rock + Hip-Hop),jaah___jaah_090-louis_armstrong_ella_fitzgerald-stompin_at_the_savoy
3396,-7.8736796,3.516011,2 (Classical + Jazz),jaah___jaah_091-louis_armstrong_and_his_hot_five-struttin_with_some_barbecue
3397,-7.0719123,3.6590881,2 (Classical + Jazz),jaah___jaah_092-lennie_tristano-subconscious_lee
3398,-3.1631172,4.891524,2 (Classical + Jazz),jaah___jaah_093-miles_davis_gil_evans-summertime
3399,-8.037317,1.2527032,2 (Classical + Jazz),jaah___jaah_094-louis_armstrong_his_orchestra-sweethearts_on_parade
3400,-7.8578687,4.506211,2 (Classical + Jazz),jaah___jaah_095-louis_armstrong_and_his_orchestra-swing_that_music
3401,-7.607822,2.2773006,2 (Classical + Jazz),jaah___jaah_096-eddie_condons_hot_shots-thats_a_serious_thing
3402,3.0851033,-0.5769422,1 (Pop + Groove + Rock + Hip-Hop),jaah___jaah_097-count_basie_octet-the_golden_bullet
3403,-8.429591,1.771578,2 (Classical + Jazz),jaah___jaah_098-coleman_hawkins_quartet-the_man_i_love
3404,-4.3798256,5.301544,2 (Classical + Jazz),jaah___jaah_099-horace_silver_the_jazz_messengers-the_preacher
3405,-8.074824,3.8762574,2 (Classical + Jazz),jaah___jaah_100-fletcher_henderson_and_his_orchestra-the_stampede
3406,-5.973616,-0.12544467,2 (Classical + Jazz),jaah___jaah_101-billie_holiday-these_foolish_things
3407,-6.2385983,3.7953732,2 (Classical + Jazz),jaah___jaah_102-lucky_thompson_trio-tricroism
3408,-5.7029085,3.8794906,2 (Classical + Jazz),jaah___jaah_103-the_gerry_mulligan_quartet_chet_baker-walkin_shoes
3409,3.5271425,6.661186,1 (Pop + Groove + Rock + Hip-Hop),jaah___jaah_104-herbie_hancock-watermelon_man
3410,-7.9071994,3.618708,2 (Classical + Jazz),jaah___jaah_105-louis_armstrong_earl_hines-weather_bird
3411,-2.7372425,6.7627654,2 (Classical + Jazz),jaah___jaah_106-wes_montgomery-west_coast_blues_abridged
3412,-7.838681,0.8755402,2 (Classical + Jazz),jaah___jaah_107-louis_armstrong_and_his_hot_five-west_end_blues
3413,-6.575373,3.0832043,2 (Classical + Jazz),jaah___jaah_108-lionel_hampton_and_his_orchestra-when_lights_are_low
3414,-3.9148974,6.162053,2 (Classical + Jazz),jaah___jaah_109-cannonball_adderley-work_song
3415,-4.8636203,4.217456,2 (Classical + Jazz),jaah___jaah_110-sarah_vaughan-wrap_your_troubles_in_dreams
3416,-8.046632,4.216723,2 (Classical + Jazz),jaah___jaah_111-fletcher_henderson_and_his_orchestra-wrappin_it_up
3417,-4.702396,3.2147079,2 (Classical + Jazz),jaah___jaah_112-ella_fitzgerald-youd_be_so_nice_to_come_home_to
3418,-13.091793,-10.600882,2 (Classical + Jazz),rwc___rwc_classical_CD1_01
3419,-14.588756,-10.501863,2 (Classical + Jazz),rwc___rwc_classical_CD1_02
3420,-14.797542,-10.535426,2 (Classical + Jazz),rwc___rwc_classical_CD1_03
3421,-13.360731,-7.0043206,2 (Classical + Jazz),rwc___rwc_classical_CD1_04
3422,-13.2383175,-10.853337,2 (Classical + Jazz),rwc___rwc_classical_CD1_05
3423,-17.025932,-7.8355618,2 (Classical + Jazz),rwc___rwc_classical_CD1_06
3424,-13.015653,-11.148569,2 (Classical + Jazz),rwc___rwc_classical_CD2_01
3425,-14.694129,-9.719082,2 (Classical + Jazz),rwc___rwc_classical_CD2_02
3426,-11.765184,-8.8353,2 (Classical + Jazz),rwc___rwc_classical_CD2_03
3427,-14.2113,-10.729888,2 (Classical + Jazz),rwc___rwc_classical_CD2_04
3428,-8.543755,-9.124098,2 (Classical + Jazz),rwc___rwc_classical_CD2_05
3429,-13.546194,-11.089119,2 (Classical + Jazz),rwc___rwc_classical_CD3_01
3430,-13.291574,-11.122715,2 (Classical + Jazz),rwc___rwc_classical_CD3_02
3431,-17.32526,-11.656368,2 (Classical + Jazz),rwc___rwc_classical_CD3_03
3432,-15.113637,-10.541951,2 (Classical + Jazz),rwc___rwc_classical_CD3_04
3433,-15.042359,-10.490153,2 (Classical + Jazz),rwc___rwc_classical_CD3_05
3434,-17.224363,-11.575423,2 (Classical + Jazz),rwc___rwc_classical_CD3_06
3435,-14.440811,-7.8841033,2 (Classical + Jazz),rwc___rwc_classical_CD3_07
3436,-18.421524,-4.763884,2 (Classical + Jazz),rwc___rwc_classical_CD4_01
3437,-16.281624,-9.227448,2 (Classical + Jazz),rwc___rwc_classical_CD4_02
3438,-9.7423315,1.8489523,2 (Classical + Jazz),rwc___rwc_classical_CD4_03
3439,-18.18259,-2.6500852,2 (Classical + Jazz),rwc___rwc_classical_CD4_04
3440,-16.725527,-4.393845,2 (Classical + Jazz),rwc___rwc_classical_CD4_05
3441,-17.308228,-5.384633,2 (Classical + Jazz),rwc___rwc_classical_CD4_06
3442,-16.8466,-5.1391945,2 (Classical + Jazz),rwc___rwc_classical_CD4_07
3443,-18.81655,-4.741796,2 (Classical + Jazz),rwc___rwc_classical_CD4_08
3444,-16.416864,-4.0241866,2 (Classical + Jazz),rwc___rwc_classical_CD4_09
3445,-22.691147,-5.069224,2 (Classical + Jazz),rwc___rwc_classical_CD4_10
3446,-22.71256,-5.028759,2 (Classical + Jazz),rwc___rwc_classical_CD4_11
3447,-16.087414,-12.006163,2 (Classical + Jazz),rwc___rwc_classical_CD4_12
3448,-21.083603,-10.478218,2 (Classical + Jazz),rwc___rwc_classical_CD4_13
3449,-22.665234,-5.0321746,2 (Classical + Jazz),rwc___rwc_classical_CD4_14
3450,-20.955242,-9.931312,2 (Classical + Jazz),rwc___rwc_classical_CD4_15
3451,-22.665379,-5.2364087,2 (Classical + Jazz),rwc___rwc_classical_CD4_16
3452,-16.366604,-5.1036468,2 (Classical + Jazz),rwc___rwc_classical_CD5_01
3453,-18.176416,-4.2696185,2 (Classical + Jazz),rwc___rwc_classical_CD5_02
3454,-18.476652,-10.478394,2 (Classical + Jazz),rwc___rwc_classical_CD5_03
3455,-16.286543,-4.9311113,2 (Classical + Jazz),rwc___rwc_classical_CD5_04
3456,-16.979237,-5.2964253,2 (Classical + Jazz),rwc___rwc_classical_CD5_05
3457,-19.407045,-6.155627,2 (Classical + Jazz),rwc___rwc_classical_CD5_06
3458,-20.704842,-9.315331,2 (Classical + Jazz),rwc___rwc_classical_CD5_07
3459,-19.817184,-9.741003,2 (Classical + Jazz),rwc___rwc_classical_CD5_08
3460,-21.49313,-3.0779545,2 (Classical + Jazz),rwc___rwc_classical_CD5_09
3461,-16.04409,-4.2257886,2 (Classical + Jazz),rwc___rwc_classical_CD5_10
3462,-16.05851,-4.3587227,2 (Classical + Jazz),rwc___rwc_classical_CD5_11
3463,-16.098543,-4.3563843,2 (Classical + Jazz),rwc___rwc_classical_CD5_12
3464,-12.329848,-10.786567,2 (Classical + Jazz),rwc___rwc_classical_CD6_01
3465,-16.572527,-10.9337225,2 (Classical + Jazz),rwc___rwc_classical_CD6_02
3466,-12.230369,-10.465027,2 (Classical + Jazz),rwc___rwc_classical_CD6_03
3467,-12.347898,-9.936474,2 (Classical + Jazz),rwc___rwc_classical_CD6_04
3468,-11.22895,-9.354798,2 (Classical + Jazz),rwc___rwc_classical_CD6_05
3469,-14.578737,-8.449883,2 (Classical + Jazz),rwc___rwc_classical_CD6_06
3470,-13.9330015,-8.349653,2 (Classical + Jazz),rwc___rwc_classical_CD6_07
3471,-15.467441,-4.9609365,2 (Classical + Jazz),rwc___rwc_classical_CD6_08
3472,-19.674147,-10.516162,2 (Classical + Jazz),rwc___rwc_classical_CD6_09
3473,-6.638238,-2.8287244,2 (Classical + Jazz),rwc___rwc_classical_CD6_10
3474,-7.3601284,-3.3459997,2 (Classical + Jazz),rwc___rwc_classical_CD6_11
3475,-5.36185,-2.4264205,2 (Classical + Jazz),rwc___rwc_classical_CD6_12
3476,-5.5062613,-2.3467093,2 (Classical + Jazz),rwc___rwc_classical_CD6_13
3477,-16.58103,-2.9102657,2 (Classical + Jazz),rwc___rwc_classical_CD6_14
3478,-6.52476,-2.9075406,2 (Classical + Jazz),rwc___rwc_classical_CD6_15
3479,-20.73783,-4.0472403,2 (Classical + Jazz),rwc___rwc_jazz_CD1_01
3480,-16.233273,-4.921551,2 (Classical + Jazz),rwc___rwc_jazz_CD1_02
3481,-21.542013,-6.961666,2 (Classical + Jazz),rwc___rwc_jazz_CD1_03
3482,-21.318632,-9.415217,2 (Classical + Jazz),rwc___rwc_jazz_CD1_04
3483,-18.69428,-7.004669,2 (Classical + Jazz),rwc___rwc_jazz_CD1_05
3484,-21.723862,-7.2623215,2 (Classical + Jazz),rwc___rwc_jazz_CD1_06
3485,-19.229248,-2.670904,2 (Classical + Jazz),rwc___rwc_jazz_CD1_07
3486,-19.181679,-2.7423651,2 (Classical + Jazz),rwc___rwc_jazz_CD1_08
3487,-19.295006,-3.0012147,2 (Classical + Jazz),rwc___rwc_jazz_CD1_09
3488,-19.323132,-3.8027575,2 (Classical + Jazz),rwc___rwc_jazz_CD1_10
3489,-20.331148,-4.2318983,2 (Classical + Jazz),rwc___rwc_jazz_CD1_11
3490,-20.014772,-5.03999,2 (Classical + Jazz),rwc___rwc_jazz_CD1_12
3491,-22.102468,-6.58546,2 (Classical + Jazz),rwc___rwc_jazz_CD1_13
3492,-21.60361,-4.7794027,2 (Classical + Jazz),rwc___rwc_jazz_CD1_14
3493,-21.071068,-4.7832785,2 (Classical + Jazz),rwc___rwc_jazz_CD1_15
3494,-4.369376,7.7869825,2 (Classical + Jazz),rwc___rwc_jazz_CD2_01
3495,-4.471719,7.3881536,2 (Classical + Jazz),rwc___rwc_jazz_CD2_02
3496,-2.9967458,7.3249526,2 (Classical + Jazz),rwc___rwc_jazz_CD2_03
3497,-4.344775,7.8172674,2 (Classical + Jazz),rwc___rwc_jazz_CD2_04
3498,-15.340396,-3.4774773,2 (Classical + Jazz),rwc___rwc_jazz_CD2_05
3499,-4.3255944,7.72618,2 (Classical + Jazz),rwc___rwc_jazz_CD2_06
3500,-4.649697,7.444975,2 (Classical + Jazz),rwc___rwc_jazz_CD2_07
3501,-4.504465,7.7464833,2 (Classical + Jazz),rwc___rwc_jazz_CD2_08
3502,-4.5160046,7.910702,2 (Classical + Jazz),rwc___rwc_jazz_CD2_09
3503,-3.8754566,7.5299664,2 (Classical + Jazz),rwc___rwc_jazz_CD2_10
3504,-5.2540073,5.8081603,2 (Classical + Jazz),rwc___rwc_jazz_CD3_01
3505,-9.784683,-2.5719445,2 (Classical + Jazz),rwc___rwc_jazz_CD3_02
3506,-4.6423855,5.75057,2 (Classical + Jazz),rwc___rwc_jazz_CD3_03
3507,-5.0657454,5.819969,2 (Classical + Jazz),rwc___rwc_jazz_CD3_04
3508,-5.5929914,6.116748,2 (Classical + Jazz),rwc___rwc_jazz_CD3_05
3509,-4.4242644,7.7876363,2 (Classical + Jazz),rwc___rwc_jazz_CD3_06
3510,-3.5875394,6.97496,2 (Classical + Jazz),rwc___rwc_jazz_CD3_07
3511,-3.8620799,7.5969296,2 (Classical + Jazz),rwc___rwc_jazz_CD3_08
3512,-3.9869394,7.756458,2 (Classical + Jazz),rwc___rwc_jazz_CD3_09
3513,-19.714567,-3.3079717,2 (Classical + Jazz),rwc___rwc_jazz_CD3_10
3514,-4.5422897,6.395257,2 (Classical + Jazz),rwc___rwc_jazz_CD4_01
3515,-3.8095458,7.420379,2 (Classical + Jazz),rwc___rwc_jazz_CD4_02
3516,-5.404083,6.284708,2 (Classical + Jazz),rwc___rwc_jazz_CD4_03
3517,1.7412621,5.944205,1 (Pop + Groove + Rock + Hip-Hop),rwc___rwc_jazz_CD4_04
3518,-4.1053157,7.481055,2 (Classical + Jazz),rwc___rwc_jazz_CD4_05
3519,-2.9497278,4.335786,2 (Classical + Jazz),rwc___rwc_jazz_CD4_06
3520,0.1605173,-6.992774,1 (Pop + Groove + Rock + Hip-Hop),rwc___rwc_jazz_CD4_07
3521,-3.8929524,7.724437,2 (Classical + Jazz),rwc___rwc_jazz_CD4_08
3522,0.61181116,-4.6000357,1 (Pop + Groove + Rock + Hip-Hop),rwc___rwc_jazz_CD4_09
3523,-1.0984466,-4.7542186,2 (Classical + Jazz),rwc___rwc_jazz_CD4_10
3524,4.195467,-9.867395,1 (Pop + Groove + Rock + Hip-Hop),rwc___rwc_jazz_CD4_11
3525,4.996095,0.07342446,1 (Pop + Groove + Rock + Hip-Hop),rwc___rwc_jazz_CD4_12
3526,4.46115,-0.89099675,1 (Pop + Groove + Rock + Hip-Hop),rwc___rwc_jazz_CD4_13
3527,8.215906,-10.242683,1 (Pop + Groove + Rock + Hip-Hop),rwc___rwc_jazz_CD4_14
3528,0.71232074,4.194081,1 (Pop + Groove + Rock + Hip-Hop),rwc___rwc_jazz_CD4_15
3529,8.326997,-1.9547853,1 (Pop + Groove + Rock + Hip-Hop),rwc___rwc_popular_CD1_01
3530,10.07303,9.34542,1 (Pop + Groove + Rock + Hip-Hop),rwc___rwc_popular_CD1_02
3531,3.3860283,-3.7487729,1 (Pop + Groove + Rock + Hip-Hop),rwc___rwc_popular_CD1_03
3532,6.963027,2.804274,1 (Pop + Groove + Rock + Hip-Hop),rwc___rwc_popular_CD1_04
3533,7.4955134,-3.4494836,1 (Pop + Groove + Rock + Hip-Hop),rwc___rwc_popular_CD1_05
3534,7.627645,-1.3375224,1 (Pop + Groove + Rock + Hip-Hop),rwc___rwc_popular_CD1_06
3535,4.8147907,-5.1257925,1 (Pop + Groove + Rock + Hip-Hop),rwc___rwc_popular_CD1_07
3536,5.018825,-4.524217,1 (Pop + Groove + Rock + Hip-Hop),rwc___rwc_popular_CD1_08
3537,6.499316,-3.4479382,1 (Pop + Groove + Rock + Hip-Hop),rwc___rwc_popular_CD1_09
3538,7.373585,-4.8783984,1 (Pop + Groove + Rock + Hip-Hop),rwc___rwc_popular_CD1_10
3539,6.098229,2.001306,1 (Pop + Groove + Rock + Hip-Hop),rwc___rwc_popular_CD1_11
3540,3.5019267,-3.8779845,1 (Pop + Groove + Rock + Hip-Hop),rwc___rwc_popular_CD1_12
3541,5.846639,-3.1006918,1 (Pop + Groove + Rock + Hip-Hop),rwc___rwc_popular_CD1_13
3542,5.8353596,-2.0408285,1 (Pop + Groove + Rock + Hip-Hop),rwc___rwc_popular_CD1_14
3543,6.649694,-7.7035956,1 (Pop + Groove + Rock + Hip-Hop),rwc___rwc_popular_CD1_15
3544,3.6611753,-2.4748526,1 (Pop + Groove + Rock + Hip-Hop),rwc___rwc_popular_CD1_16
3545,3.804397,-1.0276631,1 (Pop + Groove + Rock + Hip-Hop),rwc___rwc_popular_CD2_01
3546,5.4001846,-1.6569102,1 (Pop + Groove + Rock + Hip-Hop),rwc___rwc_popular_CD2_02
3547,8.145559,-3.0866368,1 (Pop + Groove + Rock + Hip-Hop),rwc___rwc_popular_CD2_03
3548,6.0249906,-2.3745704,1 (Pop + Groove + Rock + Hip-Hop),rwc___rwc_popular_CD2_04
3549,3.2559736,-2.2742536,1 (Pop + Groove + Rock + Hip-Hop),rwc___rwc_popular_CD2_05
3550,8.506909,-1.5183731,1 (Pop + Groove + Rock + Hip-Hop),rwc___rwc_popular_CD2_06
3551,4.3858066,-2.0036077,1 (Pop + Groove + Rock + Hip-Hop),rwc___rwc_popular_CD2_07
3552,11.66248,-1.664708,1 (Pop + Groove + Rock + Hip-Hop),rwc___rwc_popular_CD2_08
3553,6.8241477,2.7515316,1 (Pop + Groove + Rock + Hip-Hop),rwc___rwc_popular_CD2_09
3554,8.062588,-2.7594686,1 (Pop + Groove + Rock + Hip-Hop),rwc___rwc_popular_CD2_10
3555,5.524757,2.41084,1 (Pop + Groove + Rock + Hip-Hop),rwc___rwc_popular_CD2_11
3556,5.5989747,-0.13335858,1 (Pop + Groove + Rock + Hip-Hop),rwc___rwc_popular_CD2_12
3557,6.6234336,1.1523393,1 (Pop + Groove + Rock + Hip-Hop),rwc___rwc_popular_CD2_13
3558,11.68079,1.3533473,1 (Pop + Groove + Rock + Hip-Hop),rwc___rwc_popular_CD2_14
3559,14.8776,3.0359254,1 (Pop + Groove + Rock + Hip-Hop),rwc___rwc_popular_CD2_15
3560,7.320033,-2.8820078,1 (Pop + Groove + Rock + Hip-Hop),rwc___rwc_popular_CD2_16
3561,3.6612294,-4.3184104,1 (Pop + Groove + Rock + Hip-Hop),rwc___rwc_popular_CD3_01
3562,4.20973,-6.227262,1 (Pop + Groove + Rock + Hip-Hop),rwc___rwc_popular_CD3_02
3563,7.2035785,-3.496503,1 (Pop + Groove + Rock + Hip-Hop),rwc___rwc_popular_CD3_03
3564,6.8185635,-3.513539,1 (Pop + Groove + Rock + Hip-Hop),rwc___rwc_popular_CD3_04
3565,7.561131,-4.9926696,1 (Pop + Groove + Rock + Hip-Hop),rwc___rwc_popular_CD3_05
3566,6.375454,-3.093679,1 (Pop + Groove + Rock + Hip-Hop),rwc___rwc_popular_CD3_06
3567,-0.12268202,-3.6075094,1 (Pop + Groove + Rock + Hip-Hop),rwc___rwc_popular_CD3_07
3568,4.38257,-5.61221,1 (Pop + Groove + Rock + Hip-Hop),rwc___rwc_popular_CD3_08
3569,10.893719,-6.903612,1 (Pop + Groove + Rock + Hip-Hop),rwc___rwc_popular_CD3_09
3570,5.703011,-0.33341348,1 (Pop + Groove + Rock + Hip-Hop),rwc___rwc_popular_CD3_10
3571,7.678263,-3.2659583,1 (Pop + Groove + Rock + Hip-Hop),rwc___rwc_popular_CD3_11
3572,1.7826262,-2.2624884,1 (Pop + Groove + Rock + Hip-Hop),rwc___rwc_popular_CD3_12
3573,3.5944295,-3.0455055,1 (Pop + Groove + Rock + Hip-Hop),rwc___rwc_popular_CD3_13
3574,4.4758644,-1.8447788,1 (Pop + Groove + Rock + Hip-Hop),rwc___rwc_popular_CD3_14
3575,2.8067272,-5.025186,1 (Pop + Groove + Rock + Hip-Hop),rwc___rwc_popular_CD3_15
3576,2.5133896,-2.791179,1 (Pop + Groove + Rock + Hip-Hop),rwc___rwc_popular_CD3_16
3577,4.470135,-1.0792251,1 (Pop + Groove + Rock + Hip-Hop),rwc___rwc_popular_CD4_01
3578,6.0243015,-2.0266802,1 (Pop + Groove + Rock + Hip-Hop),rwc___rwc_popular_CD4_02
3579,2.7227771,-4.9175572,1 (Pop + Groove + Rock + Hip-Hop),rwc___rwc_popular_CD4_03
3580,5.6472754,-2.3206224,1 (Pop + Groove + Rock + Hip-Hop),rwc___rwc_popular_CD4_04
3581,5.7473736,1.1927118,1 (Pop + Groove + Rock + Hip-Hop),rwc___rwc_popular_CD4_05
3582,4.07126,-4.596888,1 (Pop + Groove + Rock + Hip-Hop),rwc___rwc_popular_CD4_06
3583,1.8257014,-5.3398266,1 (Pop + Groove + Rock + Hip-Hop),rwc___rwc_popular_CD4_07
3584,5.744172,-3.5473707,1 (Pop + Groove + Rock + Hip-Hop),rwc___rwc_popular_CD4_08
3585,5.7420554,1.5409442,1 (Pop + Groove + Rock + Hip-Hop),rwc___rwc_popular_CD4_09
3586,14.608828,-2.2307632,1 (Pop + Groove + Rock + Hip-Hop),rwc___rwc_popular_CD4_10
3587,5.938275,1.1758617,1 (Pop + Groove + Rock + Hip-Hop),rwc___rwc_popular_CD4_11
3588,3.0075643,3.091569,1 (Pop + Groove + Rock + Hip-Hop),rwc___rwc_popular_CD4_12
3589,4.728223,0.6862582,1 (Pop + Groove + Rock + Hip-Hop),rwc___rwc_popular_CD4_13
3590,-0.07414691,-5.0798354,1 (Pop + Groove + Rock + Hip-Hop),rwc___rwc_popular_CD4_14
3591,4.9040017,-1.8943121,1 (Pop + Groove + Rock + Hip-Hop),rwc___rwc_popular_CD4_15
3592,1.3212484,-3.7663026,1 (Pop + Groove + Rock + Hip-Hop),rwc___rwc_popular_CD4_16
3593,1.8412608,-6.0720563,1 (Pop + Groove + Rock + Hip-Hop),rwc___rwc_popular_CD5_01
3594,-1.5640697,-4.4915667,2 (Classical + Jazz),rwc___rwc_popular_CD5_02
3595,-1.7427317,-4.9464307,2 (Classical + Jazz),rwc___rwc_popular_CD5_03
3596,1.4657459,-6.0961847,1 (Pop + Groove + Rock + Hip-Hop),rwc___rwc_popular_CD5_04
3597,2.1766887,-7.2485223,1 (Pop + Groove + Rock + Hip-Hop),rwc___rwc_popular_CD5_05
3598,0.49164006,-3.5647867,1 (Pop + Groove + Rock + Hip-Hop),rwc___rwc_popular_CD5_06
3599,3.6612082,-3.5330021,1 (Pop + Groove + Rock + Hip-Hop),rwc___rwc_popular_CD5_07
3600,-3.1302223,-3.1379783,2 (Classical + Jazz),rwc___rwc_popular_CD5_08
3601,-0.43082798,-4.3423944,1 (Pop + Groove + Rock + Hip-Hop),rwc___rwc_popular_CD5_09
3602,-1.4907202,-2.8747845,2 (Classical + Jazz),rwc___rwc_popular_CD5_10
3603,-1.9727759,-5.199956,2 (Classical + Jazz),rwc___rwc_popular_CD5_11
3604,-12.715396,-1.7785915,2 (Classical + Jazz),rwc___rwc_popular_CD5_12
3605,-2.929574,-3.5606706,2 (Classical + Jazz),rwc___rwc_popular_CD5_13
3606,-1.6437474,-3.2258015,2 (Classical + Jazz),rwc___rwc_popular_CD5_14
3607,-2.5822306,-3.5211442,2 (Classical + Jazz),rwc___rwc_popular_CD5_15
3608,-2.3062334,-4.0866284,2 (Classical + Jazz),rwc___rwc_popular_CD5_16
3609,6.3874598,1.5323306,1 (Pop + Groove + Rock + Hip-Hop),rwc___rwc_popular_CD6_01
3610,6.2658634,-4.0635543,1 (Pop + Groove + Rock + Hip-Hop),rwc___rwc_popular_CD6_02
3611,-2.2438245,0.52090174,2 (Classical + Jazz),rwc___rwc_popular_CD6_03
3612,7.223842,-3.1303205,1 (Pop + Groove + Rock + Hip-Hop),rwc___rwc_popular_CD6_04
3613,3.148547,-1.4409105,1 (Pop + Groove + Rock + Hip-Hop),rwc___rwc_popular_CD6_05
3614,3.6026292,-5.16696,1 (Pop + Groove + Rock + Hip-Hop),rwc___rwc_popular_CD6_06
3615,-0.046797395,-4.4842763,1 (Pop + Groove + Rock + Hip-Hop),rwc___rwc_popular_CD6_07
3616,6.85811,-2.9162123,1 (Pop + Groove + Rock + Hip-Hop),rwc___rwc_popular_CD6_08
3617,3.0961525,0.033006288,1 (Pop + Groove + Rock + Hip-Hop),rwc___rwc_popular_CD6_09
3618,6.082796,-4.631917,1 (Pop + Groove + Rock + Hip-Hop),rwc___rwc_popular_CD6_10
3619,5.6579695,-2.1073453,1 (Pop + Groove + Rock + Hip-Hop),rwc___rwc_popular_CD7_01
3620,13.595082,-2.5574691,1 (Pop + Groove + Rock + Hip-Hop),rwc___rwc_popular_CD7_02
3621,3.7159188,-5.142657,1 (Pop + Groove + Rock + Hip-Hop),rwc___rwc_popular_CD7_03
3622,3.533028,-4.613687,1 (Pop + Groove + Rock + Hip-Hop),rwc___rwc_popular_CD7_04
3623,9.410753,-5.5090456,1 (Pop + Groove + Rock + Hip-Hop),rwc___rwc_popular_CD7_05
3624,7.077421,-1.9041649,1 (Pop + Groove + Rock + Hip-Hop),rwc___rwc_popular_CD7_06
3625,6.2558737,-1.318367,1 (Pop + Groove + Rock + Hip-Hop),rwc___rwc_popular_CD7_07
3626,8.469497,-11.467044,1 (Pop + Groove + Rock + Hip-Hop),rwc___rwc_popular_CD7_08
3627,-3.2730255,-3.6207347,2 (Classical + Jazz),rwc___rwc_popular_CD7_09
3628,6.712993,-2.639213,1 (Pop + Groove + Rock + Hip-Hop),rwc___rwc_popular_CD7_10
3629,0.082929574,-5.7037435,1 (Pop + Groove + Rock + Hip-Hop),rwc___rwc_royalty-free_CD1_01
3630,-2.6500387,5.0939093,2 (Classical + Jazz),rwc___rwc_royalty-free_CD1_02
3631,-3.3572993,-6.446543,2 (Classical + Jazz),rwc___rwc_royalty-free_CD1_03
3632,-5.626372,-4.697234,2 (Classical + Jazz),rwc___rwc_royalty-free_CD1_04
3633,2.0425906,-0.63377863,1 (Pop + Groove + Rock + Hip-Hop),rwc___rwc_royalty-free_CD1_05
3634,-5.2667327,-5.669359,2 (Classical + Jazz),rwc___rwc_royalty-free_CD1_06
3635,-3.134402,4.9555864,2 (Classical + Jazz),rwc___rwc_royalty-free_CD1_07
3636,0.29040912,-2.1481311,1 (Pop + Groove + Rock + Hip-Hop),rwc___rwc_royalty-free_CD1_08
3637,-1.1896005,-5.2031436,2 (Classical + Jazz),rwc___rwc_royalty-free_CD1_09
3638,3.6911292,6.2923255,1 (Pop + Groove + Rock + Hip-Hop),rwc___rwc_royalty-free_CD1_10
3639,-1.4262449,-5.161801,2 (Classical + Jazz),rwc___rwc_royalty-free_CD1_11
3640,-0.40477386,6.9141293,1 (Pop + Groove + Rock + Hip-Hop),rwc___rwc_royalty-free_CD1_12
3641,-4.713896,-6.380246,2 (Classical + Jazz),rwc___rwc_royalty-free_CD1_13
3642,5.4616714,-1.8905634,1 (Pop + Groove + Rock + Hip-Hop),rwc___rwc_royalty-free_CD1_14
3643,-4.1899295,-6.0046806,2 (Classical + Jazz),rwc___rwc_royalty-free_CD1_15
3644,-12.671881,10.602589,2 (Classical + Jazz),simac___simac_A_vida_me_fez_assim_01-Acalanto
3645,-12.848285,13.873028,2 (Classical + Jazz),simac___simac_A_vida_me_fez_assim_02-Viver
3646,-12.834243,14.217268,2 (Classical + Jazz),simac___simac_A_vida_me_fez_assim_03-candeeiro
3647,-12.94943,13.131665,2 (Classical + Jazz),simac___simac_A_vida_me_fez_assim_04-O_passar_dos_anos
3648,-13.205881,13.895256,2 (Classical + Jazz),simac___simac_A_vida_me_fez_assim_05-Ja_era_(Palavra)
3649,-12.911601,13.550666,2 (Classical + Jazz),simac___simac_A_vida_me_fez_assim_06-Peito_sangrando
3650,-11.546654,9.852651,2 (Classical + Jazz),simac___simac_A_vida_me_fez_assim_07-A_borboleta_e_o_passarinho
3651,-13.002663,13.477042,2 (Classical + Jazz),simac___simac_A_vida_me_fez_assim_08-Pedro_e_Tereza
3652,-12.854216,13.943495,2 (Classical + Jazz),simac___simac_A_vida_me_fez_assim_09-Um_calo_de_estimacao
3653,-13.028401,14.0642,2 (Classical + Jazz),simac___simac_A_vida_me_fez_assim_10-Sorri
3654,-13.082925,13.547743,2 (Classical + Jazz),simac___simac_A_vida_me_fez_assim_11-Quantas_lagrimas
3655,-13.043906,13.369527,2 (Classical + Jazz),simac___simac_A_vida_me_fez_assim_12-Lavoura
3656,-12.841095,13.523983,2 (Classical + Jazz),simac___simac_A_vida_me_fez_assim_13-Ana_agua_do_rio_A_vida_me_fez_assim
3657,-12.874734,14.322478,2 (Classical + Jazz),simac___simac_A_vida_me_fez_assim_14-Embala_eu_Samba_de_roda
3658,-13.729131,13.026989,2 (Classical + Jazz),simac___simac_A_vida_me_fez_assim_15-Portela
3659,-14.801164,10.999979,2 (Classical + Jazz),simac___simac_Albedo_0.39_01-Pulstar
3660,-11.261907,12.310922,2 (Classical + Jazz),simac___simac_Albedo_0.39_04-Main_Sequence
3661,-10.930217,12.075719,2 (Classical + Jazz),simac___simac_Albedo_0.39_06-Alpha
3662,-11.24656,14.063044,2 (Classical + Jazz),simac___simac_Alfagamabetizado_02-Pandeiro-Deiro
3663,-11.302852,12.815166,2 (Classical + Jazz),simac___simac_Alfagamabetizado_03-Covered_Saints
3664,-10.821381,13.260154,2 (Classical + Jazz),simac___simac_Alfagamabetizado_04-Cumplicidade_de_Armario
3665,-11.581402,11.641161,2 (Classical + Jazz),simac___simac_Alfagamabetizado_05-Argila
3666,-10.896868,13.499836,2 (Classical + Jazz),simac___simac_Alfagamabetizado_06-Tour
3667,-11.17002,14.112532,2 (Classical + Jazz),simac___simac_Alfagamabetizado_07-Bog_La_Bag
3668,-11.402823,13.908833,2 (Classical + Jazz),simac___simac_Alfagamabetizado_08-O_Bode
3669,-12.2424755,13.394505,2 (Classical + Jazz),simac___simac_Alfagamabetizado_09-Comunidade-Lobos
3670,-11.715354,11.84441,2 (Classical + Jazz),simac___simac_Alfagamabetizado_10-Frases_Ventias
3671,-11.611567,13.741871,2 (Classical + Jazz),simac___simac_Alfagamabetizado_11-Quixabeira
3672,-11.674737,13.762806,2 (Classical + Jazz),simac___simac_Alfagamabetizado_12-Seo_Ze
3673,-11.330846,12.800354,2 (Classical + Jazz),simac___simac_Alfagamabetizado_13-Mares_de_Ti
3674,-11.906069,14.135102,2 (Classical + Jazz),simac___simac_Alfagamabetizado_14-Zanza
3675,-11.008109,13.559344,2 (Classical + Jazz),simac___simac_Alfagamabetizado_15-A_Namorada
3676,-11.998563,13.488299,2 (Classical + Jazz),simac___simac_Alfagamabetizado_16-Vanju_Concessa
3677,-9.870876,7.590553,2 (Classical + Jazz),simac___simac_Amber_01-Foil
3678,-10.059773,14.291305,2 (Classical + Jazz),simac___simac_Amber_02-Montreal
3679,-10.599789,11.603223,2 (Classical + Jazz),simac___simac_Amber_03-Silverside
3680,-9.355175,12.185759,2 (Classical + Jazz),simac___simac_Amber_04-Slip
3681,-8.1585,12.518688,2 (Classical + Jazz),simac___simac_Amber_05-Glitch
3682,-9.239769,14.102999,2 (Classical + Jazz),simac___simac_Amber_06-Piezo
3683,-9.773976,12.424516,2 (Classical + Jazz),simac___simac_Amber_08-Further
3684,-10.720339,12.649949,2 (Classical + Jazz),simac___simac_Amber_10-Nil
3685,-10.426448,12.843703,2 (Classical + Jazz),simac___simac_Amber_11-Teartear
3686,-12.027937,9.713667,2 (Classical + Jazz),simac___simac_As_Time_Goes_By_01-as_time_goes_by
3687,-11.681309,9.017399,2 (Classical + Jazz),simac___simac_As_Time_Goes_By_02-manhattan
3688,-5.9368753,0.23398222,2 (Classical + Jazz),simac___simac_As_Time_Goes_By_03-blue_moon
3689,-5.745137,0.18764398,2 (Classical + Jazz),simac___simac_As_Time_Goes_By_04-theres_a_small_hotel
3690,-5.171803,0.38387206,2 (Classical + Jazz),simac___simac_As_Time_Goes_By_06-therell_be_some_changes_made
3691,-6.3376603,0.3008293,2 (Classical + Jazz),simac___simac_As_Time_Goes_By_09-this_funny_world
3692,-13.012556,9.565116,2 (Classical + Jazz),simac___simac_As_Time_Goes_By_10-i_used_to_be_colourblind
3693,-6.1504593,0.08163299,2 (Classical + Jazz),simac___simac_As_Time_Goes_By_11-spring_is_here
3694,-6.227551,0.31588703,2 (Classical + Jazz),simac___simac_As_Time_Goes_By_12-i_could_write_a_book
3695,-6.1304765,0.48712042,2 (Classical + Jazz),simac___simac_As_time_goes_by_disk_2_01-The_lady_is_a_tramp
3696,-5.611499,0.57242215,2 (Classical + Jazz),simac___simac_As_time_goes_by_disk_2_02-Ive_got_five_dollars
3697,-12.719563,9.969891,2 (Classical + Jazz),simac___simac_As_time_goes_by_disk_2_04-Life_is_beautiful
3698,-6.120571,0.82975185,2 (Classical + Jazz),simac___simac_As_time_goes_by_disk_2_06-You_took_advantage_on_me
3699,-6.0007534,0.04338474,2 (Classical + Jazz),simac___simac_As_time_goes_by_disk_2_08-My_romance
3700,-6.048097,0.41699022,2 (Classical + Jazz),simac___simac_As_time_goes_by_disk_2_11-Mountain_greenery
3701,-11.938142,9.736729,2 (Classical + Jazz),simac___simac_As_time_goes_by_disk_2_13-Experiment
3702,-6.1042724,0.2682899,2 (Classical + Jazz),simac___simac_As_time_goes_by_disk_2_14-Isntit_romantic
3703,-11.213226,10.16815,2 (Classical + Jazz),simac___simac_As_time_goes_by_disk_3_01-One
3704,-6.325614,0.65975785,2 (Classical + Jazz),simac___simac_As_time_goes_by_disk_3_02-I_wish_I_were_in_love_again
3705,-6.192364,0.57147723,2 (Classical + Jazz),simac___simac_As_time_goes_by_disk_3_05-This_cant_be_love
3706,-12.235437,9.716752,2 (Classical + Jazz),simac___simac_As_time_goes_by_disk_3_06-Mr._Magic
3707,-6.1703343,-0.022966467,2 (Classical + Jazz),simac___simac_As_time_goes_by_disk_3_07-Lover
3708,-6.4433155,-0.035505764,2 (Classical + Jazz),simac___simac_As_time_goes_by_disk_3_08-Have_you_et_Miss_Jones
3709,-12.177597,9.693772,2 (Classical + Jazz),simac___simac_As_time_goes_by_disk_3_09-All_mine
3710,-12.9865055,9.88438,2 (Classical + Jazz),simac___simac_As_time_goes_by_disk_3_10-Bridges
3711,-6.00778,0.60074306,2 (Classical + Jazz),simac___simac_As_time_goes_by_disk_3_11-You_swell
3712,-6.173943,0.19769272,2 (Classical + Jazz),simac___simac_As_time_goes_by_disk_3_12-My_heart_stood_still
3713,-6.0658903,0.30288997,2 (Classical + Jazz),simac___simac_As_time_goes_by_disk_3_13-The_most_beautiful_girl_in_the_world
3714,-18.066715,7.0636196,2 (Classical + Jazz),simac___simac_BACH_WTC_01-Prelude_and_Fugue_No._1_in_C_major_BWV_870_-_1._Praeludium
3715,-18.736332,7.384596,2 (Classical + Jazz),simac___simac_BACH_WTC_02-Prelude_and_Fugue_No._1_in_C_major_BWV_870_-_2._Fuga
3716,-18.225304,7.9818835,2 (Classical + Jazz),simac___simac_BACH_WTC_03-Prelude_and_Fugue_No._2_in_C_minor_BWV_871_-_1._Praeludium
3717,-18.594978,6.6776342,2 (Classical + Jazz),simac___simac_BACH_WTC_04-Prelude_and_Fugue_No._2_in_C_minor_BWV_871_-_2._Fuga
3718,-18.165047,7.6332784,2 (Classical + Jazz),simac___simac_BACH_WTC_05-Prelude_and_Fugue_No._3_in_C-sharp_major_BWV_872_-_1._Praeludium
3719,-17.866858,-2.3460784,2 (Classical + Jazz),simac___simac_BACH_WTC_06-Prelude_and_Fugue_No._3_in_C-sharp_major_BWV_872_-_2._Fuga
3720,-14.3687525,8.220147,2 (Classical + Jazz),simac___simac_Bach_Bach_-_BWV_639_-_Ich_ruf_zu_dir_Herr_Jesu_Christ
3721,-16.715803,8.557497,2 (Classical + Jazz),simac___simac_Bach_Bach_-_Cello_suite_1_G_-_01_Prelude
3722,-16.707636,8.382913,2 (Classical + Jazz),simac___simac_Bach_Bach_-_Cello_suite_1_G_-_03_Courante
3723,-16.665695,8.525844,2 (Classical + Jazz),simac___simac_Bach_Bach_-_Cello_suite_2_d_-_01_Prelude
3724,-18.117252,8.030508,2 (Classical + Jazz),simac___simac_Bach_The_Well-Tempered_Clavier_II_(Disc_1)_08-Prelude_and_Fugue_No._4_in_C-sharp_minor_BWV_873_-_2._Fuga
3725,-18.360817,-2.0222788,2 (Classical + Jazz),simac___simac_Bach_The_Well-Tempered_Clavier_II_(Disc_1)_09-Prelude_and_Fugue_No._5_in_D_major_BWV_874_-_1._Praeludium
3726,-18.130362,6.7566094,2 (Classical + Jazz),simac___simac_Bach_The_Well-Tempered_Clavier_II_(Disc_1)_10-Prelude_and_Fugue_No._5_in_D_major_BWV_874_-_2._Fuga
3727,-18.177458,8.015794,2 (Classical + Jazz),simac___simac_Bach_The_Well-Tempered_Clavier_II_(Disc_1)_11-Prelude_and_Fugue_No._6_in_D_minor_BWV_875_-_1._Praeludium
3728,-17.969503,7.9117436,2 (Classical + Jazz),simac___simac_Bach_The_Well-Tempered_Clavier_II_(Disc_1)_12-Prelude_and_Fugue_No._6_in_D_minor_BWV_875_-_2._Fuga
3729,-17.946705,7.521667,2 (Classical + Jazz),simac___simac_Bach_The_Well-Tempered_Clavier_II_(Disc_1)_14-Prelude_and_Fugue_No._7_in_E-flat_major_BWV_876_-_2._Fuga
3730,-18.160645,8.040361,2 (Classical + Jazz),simac___simac_Bach_The_Well-Tempered_Clavier_II_(Disc_1)_15-Prelude_and_Fugue_No._8_in_D-sharp_minor_BWV_877_-_1._Praeludium
3731,-18.13631,7.668552,2 (Classical + Jazz),simac___simac_Bach_The_Well-Tempered_Clavier_II_(Disc_1)_16-Prelude_and_Fugue_No._8_in_D-sharp_minor_BWV_877_-_2._Fuga
3732,-18.32389,7.7650642,2 (Classical + Jazz),simac___simac_Bach_The_Well-Tempered_Clavier_II_(Disc_1)_17-Prelude_and_Fugue_No._9_in_E_major_BWV_878_-_1._Praeludium
3733,-17.935394,7.4770236,2 (Classical + Jazz),simac___simac_Bach_The_Well-Tempered_Clavier_II_(Disc_1)_18-Prelude_and_Fugue_No._9_in_E_major_BWV_878_-_2._Fuga
3734,-18.112118,8.124402,2 (Classical + Jazz),simac___simac_Bach_The_Well-Tempered_Clavier_II_(Disc_1)_19-Prelude_and_Fugue_No._10_in_E_minor_BWV_879_-_1._Praeludium
3735,-18.306448,7.8609796,2 (Classical + Jazz),simac___simac_Bach_The_Well-Tempered_Clavier_II_(Disc_1)_20-Prelude_and_Fugue_No._10_in_E_minor_BWV_879_-_2._Fuga
3736,-18.035696,8.048089,2 (Classical + Jazz),simac___simac_Bach_The_Well-Tempered_Clavier_II_(Disc_1)_21-Prelude_and_Fugue_No._11_in_F_major_BWV_880_-_1._Praeludium
3737,-18.32867,7.7214994,2 (Classical + Jazz),simac___simac_Bach_The_Well-Tempered_Clavier_II_(Disc_1)_22-Prelude_and_Fugue_No._11_in_F_major_BWV_880_-_2._Fuga
3738,-18.202063,7.2441683,2 (Classical + Jazz),simac___simac_Bach_The_Well-Tempered_Clavier_II_(Disc_1)_23-Prelude_and_Fugue_No._12_in_F_minor_BWV_881_-_1._Praeludium
3739,-18.085577,8.050236,2 (Classical + Jazz),simac___simac_Bach_The_Well-Tempered_Clavier_II_(Disc_1)_24-Prelude_and_Fugue_No._12_in_F_minor_BWV_881_-_2._Fuga
3740,-18.383451,7.7335453,2 (Classical + Jazz),simac___simac_Bach_The_Well-Tempered_Clavier_II_(Disc_2)_01-Prelude_and_Fugue_No._13_F-sharp_major_BWV_882_-_1._Praeludium
3741,-18.20223,7.847819,2 (Classical + Jazz),simac___simac_Bach_The_Well-Tempered_Clavier_II_(Disc_2)_02-Prelude_and_Fugue_No._13_F-sharp_major_BWV_882_-_2._Fuga
3742,-18.222475,-1.4802692,2 (Classical + Jazz),simac___simac_Bach_The_Well-Tempered_Clavier_II_(Disc_2)_03-Prelude_and_Fugue_No._14_F-sharp_minor_BWV_883_-_1._Praeludium
3743,-17.949087,7.656667,2 (Classical + Jazz),simac___simac_Bach_The_Well-Tempered_Clavier_II_(Disc_2)_04-Prelude_and_Fugue_No._14_F-sharp_minor_BWV_883_-_2._Fuga
3744,-17.92909,8.236962,2 (Classical + Jazz),simac___simac_Bach_The_Well-Tempered_Clavier_II_(Disc_2)_05-Prelude_and_Fugue_No._15_G_major_BWV_884_-_1._Praeludium
3745,-18.226562,-3.8549254,2 (Classical + Jazz),simac___simac_Bach_The_Well-Tempered_Clavier_II_(Disc_2)_07-Prelude_and_Fugue_No._16_G_minor_BWV_885_-_1._Praeludium
3746,-18.111057,8.012334,2 (Classical + Jazz),simac___simac_Bach_The_Well-Tempered_Clavier_II_(Disc_2)_08-Prelude_and_Fugue_No._16_G_minor_BWV_885_-_2._Fuga
3747,-17.920149,7.9390793,2 (Classical + Jazz),simac___simac_Bach_The_Well-Tempered_Clavier_II_(Disc_2)_09-Prelude_and_Fugue_No._17_A-flat_major_BWV_886_-_1._Praeludium
3748,-18.02409,8.042249,2 (Classical + Jazz),simac___simac_Bach_The_Well-Tempered_Clavier_II_(Disc_2)_10-Prelude_and_Fugue_No._17_A-flats_major_BWV_886_-_2._Fuga
3749,-18.065918,7.078317,2 (Classical + Jazz),simac___simac_Bach_The_Well-Tempered_Clavier_II_(Disc_2)_12-Prelude_and_Fugue_No._18_G-sharp_minor_BWV_887_-_2._Fuga
3750,-18.094172,7.811762,2 (Classical + Jazz),simac___simac_Bach_The_Well-Tempered_Clavier_II_(Disc_2)_13-Prelude_and_Fugue_No._19_A_major_BWV_888_-_1._Praeludium
3751,-18.141687,8.011604,2 (Classical + Jazz),simac___simac_Bach_The_Well-Tempered_Clavier_II_(Disc_2)_14-Prelude_and_Fugue_No._19_A_major_BWV_888_-_2._Fuga
3752,-18.090405,7.20773,2 (Classical + Jazz),simac___simac_Bach_The_Well-Tempered_Clavier_II_(Disc_2)_15-Prelude_and_Fugue_No._20_A_minor_BWV_889_-_1._Praeludium
3753,-17.94516,7.958782,2 (Classical + Jazz),simac___simac_Bach_The_Well-Tempered_Clavier_II_(Disc_2)_16-Prelude_and_Fugue_No._20_A_minor_BWV_889_-_2._Fuga
3754,-17.951096,8.002069,2 (Classical + Jazz),simac___simac_Bach_The_Well-Tempered_Clavier_II_(Disc_2)_18-Prelude_and_Fugue_No._21_B-flat_major_BWV_890_-_2._Fuga
3755,-18.150593,7.8670735,2 (Classical + Jazz),simac___simac_Bach_The_Well-Tempered_Clavier_II_(Disc_2)_19-Prelude_and_Fugue_No._22_B-flat_minor_BWV_891_-_1._Praeludium
3756,-18.439814,7.109283,2 (Classical + Jazz),simac___simac_Bach_The_Well-Tempered_Clavier_II_(Disc_2)_20-Prelude_and_Fugue_No._22_B-flat_minor_BWV_891_-_2._Fuga
3757,-18.094582,7.9273496,2 (Classical + Jazz),simac___simac_Bach_The_Well-Tempered_Clavier_II_(Disc_2)_21-Prelude_and_Fugue_No._23_B_major_BWV_892_-_1._Praeludium
3758,-17.981049,7.954997,2 (Classical + Jazz),simac___simac_Bach_The_Well-Tempered_Clavier_II_(Disc_2)_22-Prelude_and_Fugue_No._23_B_major_BWV_892_-_2._Fuga
3759,-17.902609,8.012217,2 (Classical + Jazz),simac___simac_Bach_The_Well-Tempered_Clavier_II_(Disc_2)_23-Prelude_and_Fugue_No._24_B_minor_BWV_893_-_1._Praeludium
3760,-16.84673,9.199497,2 (Classical + Jazz),simac___simac_Beethoven_-_The_String_Quartets_#1_01-F_major_op._18_no._1_-_Allegro_con_brio
3761,-16.870625,9.38617,2 (Classical + Jazz),simac___simac_Beethoven_-_The_String_Quartets_#1_03-F_major_op._18_no._1_-_Scherzo._Allegro_molto
3762,-16.601791,9.361946,2 (Classical + Jazz),simac___simac_Beethoven_-_The_String_Quartets_#1_04-F_major_op._18_no._1_-_Allegro
3763,-16.450335,6.7591205,2 (Classical + Jazz),simac___simac_Beethoven_-_The_String_Quartets_#1_05-G_major_op._18_no._2_-_Allegro
3764,-17.029224,9.387757,2 (Classical + Jazz),simac___simac_Beethoven_-_The_String_Quartets_#1_07-G_major_op._18_no._2_-_Scherzo._Allegro
3765,-17.042654,9.5666275,2 (Classical + Jazz),simac___simac_Beethoven_-_The_String_Quartets_#1_08-G_major_op._18_no._2_-_Allegro_molto_quasi_Presto
3766,-16.531485,7.2538238,2 (Classical + Jazz),simac___simac_Beethoven_-_The_String_Quartets_#1_09-D_major_op._18_no._3_-_Allegro
3767,-16.261326,7.2101064,2 (Classical + Jazz),simac___simac_Beethoven_-_The_String_Quartets_#1_10-D_major_op._18_no._3_-_Andante_con_moto
3768,-16.849691,9.33843,2 (Classical + Jazz),simac___simac_Beethoven_-_The_String_Quartets_#1_12-D_major_op._18_no._3_-_Presto
3769,-15.954439,9.105361,2 (Classical + Jazz),simac___simac_Beethoven_The_String_Quartets_-_CD_3_01-String_Quartet_No_7_Op_59_No_1_-_I_Allegro
3770,-16.236752,7.9047427,2 (Classical + Jazz),simac___simac_Beethoven_The_String_Quartets_-_CD_3_02-II_Allegretto_vivace_e_sempre_scherzando
3771,-16.31994,10.029866,2 (Classical + Jazz),simac___simac_Beethoven_The_String_Quartets_-_CD_3_04-IV_Theme_russe-_Allegro
3772,-16.4201,8.314619,2 (Classical + Jazz),simac___simac_Beethoven_The_String_Quartets_-_CD_3_07-III_Allegretto_-_Maggiore_(Theme_russe)
3773,-16.252438,10.229569,2 (Classical + Jazz),simac___simac_Beethoven_The_String_Quartets_-_CD_3_08-IV_Finale-_Presto
3774,-14.305562,7.535533,2 (Classical + Jazz),simac___simac_Bela_Bartok_01-The_Miraculous_Mandarin_1.1_Allegro_1.2_Curtain
3775,-13.410799,-6.174726,2 (Classical + Jazz),simac___simac_Bela_Bartok_02-The_Miraculous_Mandarin_2_1st_Decoy_Game
3776,-13.545986,-7.7319245,2 (Classical + Jazz),simac___simac_Bela_Bartok_03-The_Miraculous_Mandarin_3_2nd_Decoy_Game
3777,-15.427362,8.124066,2 (Classical + Jazz),simac___simac_Bela_Bartok_05-The_Miraculous_Mandarin_5.1_Maestoso_5.2_Allegro
3778,-13.142627,-5.905247,2 (Classical + Jazz),simac___simac_Bela_Bartok_06-The_Miraculous_Mandarin_6.1_Sempre_vivo_6.2_Adagio
3779,-13.23114,-6.4355464,2 (Classical + Jazz),simac___simac_Bela_Bartok_07-The_Miraculous_Mandarin_7.1_Agitato_7.2_Molto_moderato
3780,-14.974517,9.77564,2 (Classical + Jazz),simac___simac_Bela_Bartok_09-Music_for_Strings_Percussion_and_Celesta_I_Andante_tranquillo
3781,-15.105627,9.765973,2 (Classical + Jazz),simac___simac_Bela_Bartok_11-Music_for_Strings_Percussion_and_Celesta_III_Adagio
3782,-13.202201,-5.8765187,2 (Classical + Jazz),simac___simac_Bernstein_conducts_Stravinsky_01-Introduction_Part_1-_The_adoration_of_the_earth_
3783,-13.405311,-5.716977,2 (Classical + Jazz),simac___simac_Bernstein_conducts_Stravinsky_02-The_augurs_of_spring
3784,-15.01804,8.101629,2 (Classical + Jazz),simac___simac_Bernstein_conducts_Stravinsky_04-Spring_round_dances
3785,-15.958508,11.183439,2 (Classical + Jazz),simac___simac_Bernstein_conducts_Stravinsky_05-Games_of_the_rival_tribes
3786,-14.419705,-12.264228,2 (Classical + Jazz),simac___simac_Bernstein_conducts_Stravinsky_06-Procession_of_the_wise_elder
3787,-15.4788,10.483983,2 (Classical + Jazz),simac___simac_Bernstein_conducts_Stravinsky_08-Dance_of_the_earth
3788,-13.57905,-6.380559,2 (Classical + Jazz),simac___simac_Bernstein_conducts_Stravinsky_10-Mystical_circles_of_the_young_girls
3789,-16.162197,11.29467,2 (Classical + Jazz),simac___simac_Bernstein_conducts_Stravinsky_11-Glorfication_of_the_chosen_victim
3790,-13.432587,-5.224027,2 (Classical + Jazz),simac___simac_Bernstein_conducts_Stravinsky_12-Summoning_of_the_ancestors
3791,-15.402803,11.319163,2 (Classical + Jazz),simac___simac_Bernstein_conducts_Stravinsky_14-Sacrifical_dance-_the_chosen_victim
3792,-15.874491,10.841556,2 (Classical + Jazz),simac___simac_Bernstein_conducts_Stravinsky_15-Petrouchka_scene_1_-_The_shrovetide_fair
3793,-15.547718,-6.5159626,2 (Classical + Jazz),simac___simac_Bernstein_conducts_Stravinsky_16-Legerdemain_scene-_Russian_danse
3794,-13.347654,-5.9424553,2 (Classical + Jazz),simac___simac_Bernstein_conducts_Stravinsky_17-Scene_2-_Petrushka_s_room
3795,-13.670338,-6.266177,2 (Classical + Jazz),simac___simac_Bernstein_conducts_Stravinsky_19-Waltz_ballerina_and_the_moor
3796,-16.058153,10.252716,2 (Classical + Jazz),simac___simac_Bernstein_conducts_Stravinsky_20-Scene_4-_The_Shrovetie_fair_toward_evening_
3797,-13.282459,-5.4631214,2 (Classical + Jazz),simac___simac_Bernstein_conducts_Stravinsky_21-Danse_of_the_nursemaids
3798,-13.462165,-5.399993,2 (Classical + Jazz),simac___simac_Bernstein_conducts_Stravinsky_22-The_bear_and_the_peasant
3799,-15.993407,10.437847,2 (Classical + Jazz),simac___simac_Bernstein_conducts_Stravinsky_23-The_jovial_merchant_with_two_gypsy_girls
3800,-15.500214,9.842379,2 (Classical + Jazz),simac___simac_Bernstein_conducts_Stravinsky_24-Danse_of_the_coachmen_and_grooms
3801,-16.410934,10.286935,2 (Classical + Jazz),simac___simac_Bernstein_conducts_Stravinsky_25-The_masqueraders
3802,-11.127649,6.224241,2 (Classical + Jazz),simac___simac_Billie_Holiday_CD1_01-Summertime
3803,-11.297203,6.5012236,2 (Classical + Jazz),simac___simac_Billie_Holiday_CD1_02-Carelessly
3804,-8.869808,2.720182,2 (Classical + Jazz),simac___simac_Billie_Holiday_CD1_06-Who_loves_you
3805,-11.192205,6.344873,2 (Classical + Jazz),simac___simac_Billie_Holiday_CD1_09-Lets_call_a_heart_to_heart
3806,-7.5254636,0.6407808,2 (Classical + Jazz),simac___simac_Billie_Holiday_CD1_14-Loverman
3807,-16.08374,10.531231,2 (Classical + Jazz),simac___simac_Cafe_Zimmermann_01-3e_Concert_Brandebourgeois_en_sol_majeur_BWV_1048_-_Allegro_-_Adagio
3808,-15.975796,10.6625,2 (Classical + Jazz),simac___simac_Cafe_Zimmermann_02-3e_Concert_Brandebourgeois_en_sol_majeur_BWV_1048_-_Allegro
3809,-16.047482,10.595468,2 (Classical + Jazz),simac___simac_Cafe_Zimmermann_03-Concerto_pour_deux_violons_&_cordes_en_r_mineur_BWV_1043_-_Vivace
3810,-15.365599,9.778196,2 (Classical + Jazz),simac___simac_Cafe_Zimmermann_04-Concerto_pour_deux_violons_&_cordes_en_r_mineur_BWV_1043_-_Largo_ma_non_tanto
3811,-15.757445,10.731521,2 (Classical + Jazz),simac___simac_Cafe_Zimmermann_05-Concerto_pour_deux_violons_&_cordes_en_r_mineur_BWV_1043_-_Allegro
3812,-15.538168,10.061727,2 (Classical + Jazz),simac___simac_Cafe_Zimmermann_06-Suite_en_ut_majeur_BWV_1066_-_Ouverture
3813,-15.883852,10.162416,2 (Classical + Jazz),simac___simac_Cafe_Zimmermann_07-Suite_en_ut_majeur_BWV_1066_-_Courante
3814,-15.948856,10.843205,2 (Classical + Jazz),simac___simac_Cafe_Zimmermann_08-Suite_en_ut_majeur_BWV_1066_-_OuvertureGavottes_I_&_II
3815,-16.001705,10.738564,2 (Classical + Jazz),simac___simac_Cafe_Zimmermann_09-Suite_en_ut_majeur_BWV_1066_-_Forlane
3816,-15.951322,10.245417,2 (Classical + Jazz),simac___simac_Cafe_Zimmermann_10-Suite_en_ut_majeur_BWV_1066_-_Menuets_I_&_II
3817,-16.145428,10.792204,2 (Classical + Jazz),simac___simac_Cafe_Zimmermann_11-Suite_en_ut_majeur_BWV_1066_-_Bourres_I_&_II
3818,-15.811725,10.421931,2 (Classical + Jazz),simac___simac_Cafe_Zimmermann_13-Concerto_pour_hautbois_&_violon_en_ut_mineur_BWV_1060_-_Allegro
3819,-15.354551,9.940316,2 (Classical + Jazz),simac___simac_Cafe_Zimmermann_14-Concerto_pour_hautbois_&_violon_en_ut_mineur_BWV_1060_-_Adagio
3820,-15.936251,10.503384,2 (Classical + Jazz),simac___simac_Cafe_Zimmermann_15-Concerto_pour_hautbois_&_violon_en_ut_mineur_BWV_1060_-_Allegro
3821,-15.739704,8.282133,2 (Classical + Jazz),simac___simac_Chopin_Piano_Concerto_No._1_etc_01-I_Allegro_maestoso_risoluto
3822,-15.420385,9.787974,2 (Classical + Jazz),simac___simac_Chopin_Piano_Concerto_No._1_etc_03-III_Rondo_(Vivace)
3823,-12.886837,13.078853,2 (Classical + Jazz),simac___simac_Clandestino_-_esperando_la_ultima_ola_01-Clandestino
3824,-12.540596,13.520122,2 (Classical + Jazz),simac___simac_Clandestino_-_esperando_la_ultima_ola_02-Desaparecido
3825,-11.946932,13.554596,2 (Classical + Jazz),simac___simac_Clandestino_-_esperando_la_ultima_ola_03-Bongo_bong
3826,-11.786901,13.428041,2 (Classical + Jazz),simac___simac_Clandestino_-_esperando_la_ultima_ola_04-Je_ne_t_aime_plus
3827,-12.410055,12.809069,2 (Classical + Jazz),simac___simac_Clandestino_-_esperando_la_ultima_ola_05-Mentira
3828,-12.123034,14.271035,2 (Classical + Jazz),simac___simac_Clandestino_-_esperando_la_ultima_ola_06-Lagrimas_de_oro
3829,-16.555109,8.353544,2 (Classical + Jazz),simac___simac_Classic_Borodin_-_String_quartet_2_D_01
3830,-14.941829,9.441276,2 (Classical + Jazz),simac___simac_Classic_Pergolesi_-_Stabat_Mater_01
3831,-15.570711,9.187208,2 (Classical + Jazz),simac___simac_Classic_Pergolesi_-_Stabat_Mater_02
3832,-14.491705,7.5710545,2 (Classical + Jazz),simac___simac_Classic_Track_01
3833,-14.423531,9.374709,2 (Classical + Jazz),simac___simac_Classic_Track_04
3834,-14.845507,9.617581,2 (Classical + Jazz),simac___simac_Classic_Vivaldi_-_Stabat_Mater_01
3835,-13.918294,9.653915,2 (Classical + Jazz),simac___simac_Classic_Vivaldi_-_Stabat_Mater_09
3836,-15.376238,9.037426,2 (Classical + Jazz),simac___simac_Concert_01-Concerto_en_La_Majeur_pour_deux_Violons_A_Scordatura_et_basse_continue._Affetuoso
3837,-16.241972,9.861832,2 (Classical + Jazz),simac___simac_Concert_02-2._Vivace
3838,-16.20091,9.958554,2 (Classical + Jazz),simac___simac_Concert_04-4._Bourre
3839,-16.56108,9.923789,2 (Classical + Jazz),simac___simac_Concert_06-2._Allegro
3840,-16.676035,9.388575,2 (Classical + Jazz),simac___simac_Concert_08-4._Allegro
3841,-16.207523,8.929404,2 (Classical + Jazz),simac___simac_Concert_11-3._Dolce
3842,-16.476166,9.365716,2 (Classical + Jazz),simac___simac_Concert_12-4._Allegro
3843,-16.313313,9.8465805,2 (Classical + Jazz),simac___simac_Concert_13-Concero_en_Sol_Mineur_pour_flute_a_bec_violons_et_basse_continue._Allegro
3844,-16.40283,9.820302,2 (Classical + Jazz),simac___simac_Concert_15-3._Bourre
3845,-16.506653,9.363513,2 (Classical + Jazz),simac___simac_Concert_16-4._Menuet
3846,-16.018902,10.017766,2 (Classical + Jazz),simac___simac_Concert_18-2._Allegro
3847,-16.141891,7.2979255,2 (Classical + Jazz),simac___simac_Concert_19-3._Largo_e_staccato
3848,-16.538328,9.867515,2 (Classical + Jazz),simac___simac_Concert_22-2._Allegro
3849,-16.468864,9.834417,2 (Classical + Jazz),simac___simac_Concert_24-4._Presto
3850,-15.061421,9.808536,2 (Classical + Jazz),simac___simac_DGG_419_047-2_02-Toccata_u._Fuge_d-moll_BWV_565_-_II_Fuge
3851,-14.866868,9.755563,2 (Classical + Jazz),simac___simac_DGG_419_047-2_03-Praludium_u._Fuge_f-moll_BWV_534_-_I_Praludium
3852,-14.830564,9.725408,2 (Classical + Jazz),simac___simac_DGG_419_047-2_04-Praludium_u._Fuge_f-moll_BWV_534_-_II_Fuge
3853,-15.070657,9.844286,2 (Classical + Jazz),simac___simac_DGG_419_047-2_06-Fantasie_u._Fuge_g-moll_BWV_542_-_II_Fuge
3854,-14.600514,9.194016,2 (Classical + Jazz),simac___simac_DGG_419_047-2_08-Toccata_Adagio_u._Fuge_C-dur_BWV_564_-_II_Adagio
3855,-15.262839,9.892913,2 (Classical + Jazz),simac___simac_DGG_419_047-2_09-Toccata_Adagio_u._Fuge_C-dur_BWV_564_-_III_Fuge
3856,-14.75606,9.592755,2 (Classical + Jazz),simac___simac_DGG_419_047-2_10-Triosonate_Nr._1_Es-Dur_BWV_525_-_I_(Allegro)
3857,-14.835917,9.385241,2 (Classical + Jazz),simac___simac_DGG_419_047-2_11-Triosonate_Nr._1_Es-Dur_BWV_525_-_II_Adagio
3858,-14.876977,9.814113,2 (Classical + Jazz),simac___simac_DGG_419_047-2_12-Triosonate_Nr._1_Es-Dur_BWV_525_-_III_Allegro
3859,-11.010819,6.1585298,2 (Classical + Jazz),simac___simac_Ella_&_Louis_01-Its_Only_A_Paper_Moon
3860,-11.206355,6.6350355,2 (Classical + Jazz),simac___simac_Ella_&_Louis_02-We_Cant_Go_On_This_Way
3861,-11.070317,6.5134673,2 (Classical + Jazz),simac___simac_Ella_&_Louis_03-A_Tisket-A_Tasket
3862,-11.046567,6.347172,2 (Classical + Jazz),simac___simac_Ella_&_Louis_04-Sing_Song_Swing
3863,-11.156503,6.264848,2 (Classical + Jazz),simac___simac_Ella_&_Louis_05-Youll_Have_To_Swing_It
3864,-11.969173,6.6312604,2 (Classical + Jazz),simac___simac_Ella_&_Louis_07-Taking_A_Chance_On_Love
3865,-11.936397,7.644612,2 (Classical + Jazz),simac___simac_Ella_&_Louis_08-Flying_Home
3866,-11.867293,7.4398165,2 (Classical + Jazz),simac___simac_Ella_&_Louis_09-Oh_Lady_Be_Good
3867,-8.336348,1.2922357,2 (Classical + Jazz),simac___simac_Ella_&_Louis_10-Cow_Cow_Boogie
3868,-11.2822895,6.7403593,2 (Classical + Jazz),simac___simac_Ella_&_Louis_11-Oh_Johnny
3869,-11.738266,7.5924625,2 (Classical + Jazz),simac___simac_Ella_&_Louis_12-Lover_Come_Back_To_Me
3870,-11.064655,6.323886,2 (Classical + Jazz),simac___simac_Ella_&_Louis_13-Holiday_In_Harlem
3871,-10.757636,5.8037815,2 (Classical + Jazz),simac___simac_Ella_&_Louis_14-Coochi_Coochi_Coo
3872,-10.424476,5.2834744,2 (Classical + Jazz),simac___simac_Ella_&_Louis_15-Billy
3873,-10.78791,5.7596684,2 (Classical + Jazz),simac___simac_Ella_&_Louis_16-If_You_Ever_Change_Your_Mind
3874,-8.671791,3.0943532,2 (Classical + Jazz),simac___simac_Ella_&_Louis_17-Three_Little_Words
3875,-12.336739,14.455298,2 (Classical + Jazz),simac___simac_Eres_luz_01-Eres_luz_(Rumba)
3876,-12.243526,14.13249,2 (Classical + Jazz),simac___simac_Eres_luz_04-Como_tu_ninguna_(Rumba)
3877,-12.427692,12.974902,2 (Classical + Jazz),simac___simac_Eres_luz_07-En_una_canasta_(Rumba-Tango)
3878,-12.040987,13.169954,2 (Classical + Jazz),simac___simac_Eres_luz_12-Genios_(Rumba-Cancion)
3879,-18.565916,-0.82060546,2 (Classical + Jazz),simac___simac_Eventail_05-Fandango
3880,-17.603182,-3.3232594,2 (Classical + Jazz),simac___simac_Eventail_07_Romanza_Del_Pescador
3881,-17.346205,8.604208,2 (Classical + Jazz),simac___simac_Eventail_09-Asturias
3882,-18.332891,0.07738351,2 (Classical + Jazz),simac___simac_Eventail_10-Prld1
3883,-18.204811,-0.06955653,2 (Classical + Jazz),simac___simac_Eventail_14-Prld5
3884,-13.586188,8.904859,2 (Classical + Jazz),simac___simac_Fado_01-AudioTrack_01
3885,-11.572965,7.1694107,2 (Classical + Jazz),simac___simac_Fado_02-AudioTrack_02
3886,-12.827313,9.176325,2 (Classical + Jazz),simac___simac_Fado_03-AudioTrack_03
3887,-12.380446,11.664237,2 (Classical + Jazz),simac___simac_Fado_04-AudioTrack_04
3888,-12.354655,12.165952,2 (Classical + Jazz),simac___simac_Fado_05-AudioTrack_05
3889,-12.73775,9.819209,2 (Classical + Jazz),simac___simac_Fado_07-AudioTrack_07
3890,-12.61429,10.003312,2 (Classical + Jazz),simac___simac_Fado_08-AudioTrack_08
3891,-12.430037,10.504364,2 (Classical + Jazz),simac___simac_Fado_09-AudioTrack_09
3892,-13.669612,12.067171,2 (Classical + Jazz),simac___simac_Fado_10-AudioTrack_10
3893,-12.363209,9.568658,2 (Classical + Jazz),simac___simac_Fado_11-AudioTrack_11
3894,-11.670972,12.488645,2 (Classical + Jazz),simac___simac_Family_Tree_-_Greatest_Hits_As_Chosen_By_Bjork_01-Venus_As_A_Boy
3895,-11.200428,11.687769,2 (Classical + Jazz),simac___simac_Family_Tree_-_Greatest_Hits_As_Chosen_By_Bjork_02-Hyperballad
3896,-14.725323,9.498111,2 (Classical + Jazz),simac___simac_Family_Tree_-_Greatest_Hits_As_Chosen_By_Bjork_03-You_ve_Been_Flirting_Again
3897,-11.591608,14.250145,2 (Classical + Jazz),simac___simac_Family_Tree_-_Greatest_Hits_As_Chosen_By_Bjork_04-Isobel
3898,-9.11537,10.595414,2 (Classical + Jazz),simac___simac_Family_Tree_-_Greatest_Hits_As_Chosen_By_Bjork_05-Joga
3899,-11.512402,10.712194,2 (Classical + Jazz),simac___simac_Family_Tree_-_Greatest_Hits_As_Chosen_By_Bjork_06-Unravel
3900,-11.071444,11.850565,2 (Classical + Jazz),simac___simac_Family_Tree_-_Greatest_Hits_As_Chosen_By_Bjork_07-Bachelorette
3901,-11.013039,11.773287,2 (Classical + Jazz),simac___simac_Family_Tree_-_Greatest_Hits_As_Chosen_By_Bjork_08-All_Is_Full_Of_Love
3902,-10.371201,11.6963215,2 (Classical + Jazz),simac___simac_Family_Tree_-_Greatest_Hits_As_Chosen_By_Bjork_09-Scatterheart
3903,-11.572006,10.938441,2 (Classical + Jazz),simac___simac_Family_Tree_-_Greatest_Hits_As_Chosen_By_Bjork_10-I_ve_Seen_It_All
3904,-11.739452,10.93464,2 (Classical + Jazz),simac___simac_Family_Tree_-_Greatest_Hits_As_Chosen_By_Bjork_11-Pagan_Poetry
3905,-11.585461,10.60432,2 (Classical + Jazz),simac___simac_Family_Tree_-_Greatest_Hits_As_Chosen_By_Bjork_12-It_s_Not_Up_To_You
3906,-12.03909,14.239797,2 (Classical + Jazz),simac___simac_Fight_To_Win_01-Do_your_best
3907,-11.511673,14.0770235,2 (Classical + Jazz),simac___simac_Fight_To_Win_02-Walk_on_the_right_side
3908,-11.898119,14.204355,2 (Classical + Jazz),simac___simac_Fight_To_Win_03-Traitors_of_Africa
3909,-15.143362,12.785355,2 (Classical + Jazz),simac___simac_Gold_-_Greatest_Hits_01-Dancing_Queen
3910,-11.628605,11.600554,2 (Classical + Jazz),simac___simac_Gold_-_Greatest_Hits_02-Knowing_Me_Knowing_You
3911,-15.041219,12.827791,2 (Classical + Jazz),simac___simac_Gold_-_Greatest_Hits_03-Take_A_Chance_On_Me
3912,-12.348154,13.297316,2 (Classical + Jazz),simac___simac_Gold_-_Greatest_Hits_04-Mamma_Mia
3913,-11.764833,12.805017,2 (Classical + Jazz),simac___simac_Gold_-_Greatest_Hits_05-Lay_All_Your_Love_On_Me
3914,-12.147374,11.890525,2 (Classical + Jazz),simac___simac_Gold_-_Greatest_Hits_06-Super_Trouper
3915,-13.084638,10.542651,2 (Classical + Jazz),simac___simac_Gold_-_Greatest_Hits_07-I_Have_A_Dream
3916,-13.357878,10.284143,2 (Classical + Jazz),simac___simac_Gold_-_Greatest_Hits_08-The_Winner_Takes_It_All
3917,-14.395647,11.432418,2 (Classical + Jazz),simac___simac_Gold_-_Greatest_Hits_09-Money_Money_Money
3918,-15.1208315,12.649669,2 (Classical + Jazz),simac___simac_Gold_-_Greatest_Hits_10-S._O._S
3919,-13.716959,9.976581,2 (Classical + Jazz),simac___simac_Gold_-_Greatest_Hits_11-Chiquitita
3920,-14.405101,10.71986,2 (Classical + Jazz),simac___simac_Gold_-_Greatest_Hits_12-Fernando
3921,-12.061113,12.124848,2 (Classical + Jazz),simac___simac_Gold_-_Greatest_Hits_13-Voulez_Vous
3922,-12.063737,12.729402,2 (Classical + Jazz),simac___simac_Gold_-_Greatest_Hits_14-Gimme_Gimme_Gimme_(A_Man_After_Midnight)
3923,-11.757271,12.65,2 (Classical + Jazz),simac___simac_Gold_-_Greatest_Hits_15-Does_Your_Mother_Know
3924,-12.131712,11.962488,2 (Classical + Jazz),simac___simac_Gold_-_Greatest_Hits_16-One_Of_Us
3925,-12.069201,10.927526,2 (Classical + Jazz),simac___simac_Gold_-_Greatest_Hits_17-The_Name_Of_The_Game
3926,-11.547796,11.773131,2 (Classical + Jazz),simac___simac_Gold_-_Greatest_Hits_19-Waterloo
3927,-15.829397,11.983102,2 (Classical + Jazz),simac___simac_Kocani_Orkester_03._Romski_Cocek
3928,-15.605278,12.351838,2 (Classical + Jazz),simac___simac_Kocani_Orkester_Kocani_Orkestar_-_Burkan_Cocek
3929,-14.377411,14.110621,2 (Classical + Jazz),simac___simac_Kocani_Orkester_Trubaci_-_Nikol
3930,-15.608716,11.730232,2 (Classical + Jazz),simac___simac_Kocani_Orkester_Trubaci_-_Solo_tapan
3931,-14.869403,9.350412,2 (Classical + Jazz),simac___simac_Ludwid_van_Beethoven_02-II._Adagio_ma_non_troppo_e_molto_cantabile_-_Andante_con_moto_-_Adagio_molto_espressivo
3932,-16.819246,9.52116,2 (Classical + Jazz),simac___simac_Ludwid_van_Beethoven_04-IV._Finale
3933,-14.707816,9.410486,2 (Classical + Jazz),simac___simac_Ludwid_van_Beethoven_05-Quartet_in_C-sharp_major_Op._131_I._Adagio_ma_non_troppo_e_molto_espressivo_-_attacca
3934,-15.434685,8.322681,2 (Classical + Jazz),simac___simac_Ludwid_van_Beethoven_08-IV._Andante_ma_non_troppo_e_molto_cantabile_-_Andante_moderato_e_lusinghiero
3935,-14.993861,9.176737,2 (Classical + Jazz),simac___simac_Ludwid_van_Beethoven_10-VI._Adagio_quasi_un_poco_andante_-_attacca
3936,-13.919328,11.01415,2 (Classical + Jazz),simac___simac_Niandra_LaDes_and_Usually_Just_a_T-Shirt_01-As_Can_Be
3937,-13.157929,8.620202,2 (Classical + Jazz),simac___simac_Niandra_LaDes_and_Usually_Just_a_T-Shirt_03-Head_(Beach_Arab)
3938,-12.825223,11.908454,2 (Classical + Jazz),simac___simac_Niandra_LaDes_and_Usually_Just_a_T-Shirt_04-Big_Takeover
3939,-13.360339,9.920307,2 (Classical + Jazz),simac___simac_Niandra_LaDes_and_Usually_Just_a_T-Shirt_05-Curtains
3940,-13.196377,10.459087,2 (Classical + Jazz),simac___simac_Niandra_LaDes_and_Usually_Just_a_T-Shirt_06-Running_Away_Into_You
3941,-12.681566,9.290997,2 (Classical + Jazz),simac___simac_Niandra_LaDes_and_Usually_Just_a_T-Shirt_07-Mascara
3942,-12.582014,12.001561,2 (Classical + Jazz),simac___simac_Niandra_LaDes_and_Usually_Just_a_T-Shirt_08-Been_Insane
3943,-13.488293,13.874297,2 (Classical + Jazz),simac___simac_Niandra_LaDes_and_Usually_Just_a_T-Shirt_09-Skin_Blues
3944,-12.902627,9.543685,2 (Classical + Jazz),simac___simac_Niandra_LaDes_and_Usually_Just_a_T-Shirt_10-Your_Pussys_Glued_to_a_Building_on_Fire
3945,-12.412899,9.262775,2 (Classical + Jazz),simac___simac_Niandra_LaDes_and_Usually_Just_a_T-Shirt_11-Blood_on_My_Neck_From_Success
3946,-13.119688,9.184627,2 (Classical + Jazz),simac___simac_Niandra_LaDes_and_Usually_Just_a_T-Shirt_12-Ten_to_Butter_Blood_Voodoo
3947,-12.967671,8.622248,2 (Classical + Jazz),simac___simac_Niandra_LaDes_and_Usually_Just_a_T-Shirt_14-Usually_Just_a_T-Shirt_Untitled_2
3948,-12.7651005,8.735098,2 (Classical + Jazz),simac___simac_Niandra_LaDes_and_Usually_Just_a_T-Shirt_15-Usually_Just_a_T-Shirt_Untitled_3
3949,-13.050761,8.492165,2 (Classical + Jazz),simac___simac_Niandra_LaDes_and_Usually_Just_a_T-Shirt_16-Usually_Just_a_T-Shirt_Untitled_4
3950,-13.141427,8.552192,2 (Classical + Jazz),simac___simac_Niandra_LaDes_and_Usually_Just_a_T-Shirt_18-Usually_Just_a_T-Shirt_Untitled_6
3951,-13.101676,8.538625,2 (Classical + Jazz),simac___simac_Niandra_LaDes_and_Usually_Just_a_T-Shirt_19-Usually_Just_a_T-Shirt_Untitled_7
3952,-12.530107,7.692836,2 (Classical + Jazz),simac___simac_Niandra_LaDes_and_Usually_Just_a_T-Shirt_20-Usually_Just_a_T-Shirt_Untitled_8
3953,-13.19521,8.35027,2 (Classical + Jazz),simac___simac_Niandra_LaDes_and_Usually_Just_a_T-Shirt_21-Usually_Just_a_T-Shirt_Untitled_9
3954,-12.684035,10.97263,2 (Classical + Jazz),simac___simac_Papakonstantinou_01-AudioTrack_01
3955,-12.959925,11.739636,2 (Classical + Jazz),simac___simac_Papakonstantinou_02-AudioTrack_02
3956,-12.109822,10.486187,2 (Classical + Jazz),simac___simac_Papakonstantinou_03-AudioTrack_03
3957,-13.012477,10.973676,2 (Classical + Jazz),simac___simac_Papakonstantinou_04-AudioTrack_04
3958,-12.57935,10.2734995,2 (Classical + Jazz),simac___simac_Papakonstantinou_05-AudioTrack_05
3959,-12.816283,10.6264,2 (Classical + Jazz),simac___simac_Papakonstantinou_06-AudioTrack_06
3960,-11.790365,12.639102,2 (Classical + Jazz),simac___simac_Papakonstantinou_07-AudioTrack_07
3961,-11.919253,10.179601,2 (Classical + Jazz),simac___simac_Papakonstantinou_09-AudioTrack_09
3962,-12.963285,11.018521,2 (Classical + Jazz),simac___simac_Papakonstantinou_10-AudioTrack_10
3963,-12.402546,10.529399,2 (Classical + Jazz),simac___simac_Papakonstantinou_12-AudioTrack_12
3964,-12.653425,9.830757,2 (Classical + Jazz),simac___simac_Papakonstantinou_13-AudioTrack_13
3965,-13.403418,10.318375,2 (Classical + Jazz),simac___simac_Papakonstantinou_14-AudioTrack_14
3966,-13.466371,9.529928,2 (Classical + Jazz),simac___simac_Papakonstantinou_15-AudioTrack_15
3967,-12.8668165,12.278185,2 (Classical + Jazz),simac___simac_Papakonstantinou_16-AudioTrack_16
3968,-12.445821,9.640628,2 (Classical + Jazz),simac___simac_Papakonstantinou_17-AudioTrack_17
3969,-12.104575,11.4198065,2 (Classical + Jazz),simac___simac_Papakonstantinou_18-AudioTrack_18
3970,-11.617432,9.76787,2 (Classical + Jazz),simac___simac_Papakonstantinou_19-AudioTrack_19
3971,-12.028055,10.883106,2 (Classical + Jazz),simac___simac_Papakonstantinou_20-AudioTrack_20
3972,-12.222938,10.540048,2 (Classical + Jazz),simac___simac_Papakonstantinou_21-AudioTrack_21
3973,-10.400623,12.26935,2 (Classical + Jazz),simac___simac_Primer_Aliento_01-Sintonia_del_refugio_atomico
3974,-11.135934,12.354865,2 (Classical + Jazz),simac___simac_Primer_Aliento_02-Nuclear_si_por_supuesto_
3975,-10.709203,12.311398,2 (Classical + Jazz),simac___simac_Primer_Aliento_03-El_retorno_de_Godzilla
3976,-9.941351,11.346107,2 (Classical + Jazz),simac___simac_Primer_Aliento_04-Varsovia_en_llamas
3977,-10.261699,11.612067,2 (Classical + Jazz),simac___simac_Primer_Aliento_05-Programa_en_espiral
3978,-10.994192,11.023071,2 (Classical + Jazz),simac___simac_Primer_Aliento_06-La_persecucion
3979,-10.329263,12.012748,2 (Classical + Jazz),simac___simac_Primer_Aliento_07-Telepatia
3980,-10.525,11.754688,2 (Classical + Jazz),simac___simac_Primer_Aliento_08-El_ultimo_asalto_a_la_Bastilla
3981,-10.733005,12.027871,2 (Classical + Jazz),simac___simac_Primer_Aliento_09-Brigada_de_demolicion
3982,-10.742947,11.568457,2 (Classical + Jazz),simac___simac_Primer_Aliento_10-Ondina
3983,-10.228463,11.348583,2 (Classical + Jazz),simac___simac_Primer_Aliento_11-La_television_es_nutritiva
3984,-10.572847,11.811008,2 (Classical + Jazz),simac___simac_Primer_Aliento_12-Cita_en_el_asteroide_Eden
3985,-10.73461,11.642395,2 (Classical + Jazz),simac___simac_Primer_Aliento_13-Obsesion
3986,-10.27675,11.713571,2 (Classical + Jazz),simac___simac_Primer_Aliento_14-Sintonia_de_la_moda_estandarizada
3987,-10.5124655,11.96076,2 (Classical + Jazz),simac___simac_Primer_Aliento_15-El_laberinto_del_nuevo_Minotauro
3988,-10.996506,12.8600235,2 (Classical + Jazz),simac___simac_Primer_Aliento_16-Kraken
3989,-10.416062,11.473684,2 (Classical + Jazz),simac___simac_Primer_Aliento_17-Selector_de_frecuencias
3990,-10.165547,11.606398,2 (Classical + Jazz),simac___simac_Primer_Aliento_18-La_cicatriz_en_la_fabrica_roja
3991,-11.338739,12.316227,2 (Classical + Jazz),simac___simac_Primer_Aliento_19-El_nacimiento_de_la_industria
3992,-11.041527,14.274667,2 (Classical + Jazz),simac___simac_R.A.F.I_01-Assassin
3993,-10.92622,14.378481,2 (Classical + Jazz),simac___simac_R.A.F.I_02-Change
3994,-11.044996,13.83193,2 (Classical + Jazz),simac___simac_R.A.F.I_03-Black_White
3995,-11.6783085,14.159299,2 (Classical + Jazz),simac___simac_R.A.F.I_04-Buzzing
3996,-10.772743,14.911093,2 (Classical + Jazz),simac___simac_R.A.F.I_05-Free_Satpal_Ram
3997,16.494797,0.11524304,1 (Pop + Groove + Rock + Hip-Hop),simac___simac_R.A.F.I_06-Modern_Apprentice
3998,-8.6518955,11.102529,2 (Classical + Jazz),simac___simac_R.A.F.I_07-Operation_Eagle_Lie
3999,-9.986837,10.0746,2 (Classical + Jazz),simac___simac_R.A.F.I_08-Hypocrite
4000,-9.428111,13.356495,2 (Classical + Jazz),simac___simac_R.A.F.I_09-Naxalite
4001,-11.176499,14.2491455,2 (Classical + Jazz),simac___simac_R.A.F.I_10-Loot
4002,-11.173215,14.215057,2 (Classical + Jazz),simac___simac_R.A.F.I_11-Dub_Mentality
4003,16.236958,0.21751526,1 (Pop + Groove + Rock + Hip-Hop),simac___simac_R.A.F.I_12-Culture_Move
4004,-10.141164,7.7120867,2 (Classical + Jazz),simac___simac_R.A.F.I_13-Real_Areas_For_Investigation
4005,-12.127748,12.263565,2 (Classical + Jazz),simac___simac_Samba_na_Madrugada_01-Arvoredo
4006,-13.12142,12.539697,2 (Classical + Jazz),simac___simac_Samba_na_Madrugada_02-Maioria_sem_Nenhum
4007,-12.809808,13.347472,2 (Classical + Jazz),simac___simac_Samba_na_Madrugada_03-14_Anos
4008,-12.944776,13.661097,2 (Classical + Jazz),simac___simac_Samba_na_Madrugada_04-Sofreguidao
4009,-13.431878,13.46152,2 (Classical + Jazz),simac___simac_Samba_na_Madrugada_05-Momento_de_Fraqueza
4010,-13.191281,13.100244,2 (Classical + Jazz),simac___simac_Samba_na_Madrugada_06-Minha_Cofissao
4011,-13.026011,13.060806,2 (Classical + Jazz),simac___simac_Samba_na_Madrugada_07-Perfeito_Amor
4012,-12.884437,13.335142,2 (Classical + Jazz),simac___simac_Samba_na_Madrugada_08-Mascarada
4013,-12.7121,12.7161665,2 (Classical + Jazz),simac___simac_Samba_na_Madrugada_09-Depois_de_Tanto_Amor
4014,-13.155627,13.745801,2 (Classical + Jazz),simac___simac_Samba_na_Madrugada_10-Samba_Original
4015,-12.960954,13.544899,2 (Classical + Jazz),simac___simac_Samba_na_Madrugada_11-Alo_Alo
4016,-9.985703,7.7099566,2 (Classical + Jazz),simac___simac_Santana_01-Jingo
4017,-12.33894,8.168841,2 (Classical + Jazz),simac___simac_Santana_02-El_Corazon_Manada
4018,-12.718111,8.260839,2 (Classical + Jazz),simac___simac_Santana_03-La_Puesta_De_Sol
4019,-11.75266,11.164759,2 (Classical + Jazz),simac___simac_Selling_England_By_The_Pound_01-Dancing_with_the_Moonlit_Knight
4020,-11.582342,11.547408,2 (Classical + Jazz),simac___simac_Selling_England_By_The_Pound_02-I_Know_What_I_Like_In_Your_Wardrobe_
4021,-11.598515,9.197978,2 (Classical + Jazz),simac___simac_So_Cartola_01-Quem_me_Ve_Sorrindo_Sei_Chorar_Alegria
4022,-12.865693,13.7970495,2 (Classical + Jazz),simac___simac_So_Cartola_02-Alvorada_Ao_Amanhecer
4023,-5.3793225,0.255497,2 (Classical + Jazz),simac___simac_So_Cartola_03-Sala_de_Recepcao
4024,-11.710636,9.097444,2 (Classical + Jazz),simac___simac_So_Cartola_05-Fiz_por_Voce_o_que_Pude
4025,-12.586645,10.334665,2 (Classical + Jazz),simac___simac_So_Cartola_06-O_Inverno_do_Meu_Tempo
4026,-12.942086,13.346477,2 (Classical + Jazz),simac___simac_So_Cartola_07-Tive_Sim
4027,-12.085956,9.529012,2 (Classical + Jazz),simac___simac_So_Cartola_08-Amor_Proibido
4028,-13.3350725,12.482868,2 (Classical + Jazz),simac___simac_So_Cartola_11-O_Que_e_Feito_de_Voce_
4029,-13.374772,14.268105,2 (Classical + Jazz),simac___simac_So_Cartola_12-Divina_Dama
4030,-12.881105,13.988841,2 (Classical + Jazz),simac___simac_So_Cartola_13-Velho_Estacio
4031,-12.973729,13.822884,2 (Classical + Jazz),simac___simac_So_Cartola_14-Ciume_Doentio
4032,-13.1976795,12.746593,2 (Classical + Jazz),simac___simac_So_Cartola_16-Sofreguidao
4033,-4.8772635,0.09724159,2 (Classical + Jazz),simac___simac_So_Cartola_17-A_Mesma_Historia
4034,-13.186425,13.145799,2 (Classical + Jazz),simac___simac_So_Cartola_18-Peito_Vazio
4035,-12.940104,13.701024,2 (Classical + Jazz),simac___simac_So_Cartola_19-Injuria_O_Sol_Nascera
4036,-13.992991,12.789827,2 (Classical + Jazz),simac___simac_So_Cartola_20-As_Rosas_Nao_Falam
4037,-12.874407,13.393781,2 (Classical + Jazz),simac___simac_Songs_Adalberto_(Adalberto_Alvarez_y_su_son)_-_Pura_imagen
4038,-12.958766,13.251655,2 (Classical + Jazz),simac___simac_Songs_Adalberto_(Adalberto_Alvarez_y_su_son)_-_Sobre_tu_piel
4039,-12.343255,11.996597,2 (Classical + Jazz),simac___simac_Songs_Afrocuba_-_A_Luisa
4040,-13.037065,13.906464,2 (Classical + Jazz),simac___simac_Songs_Afrocuba_-_Cambio_de_Clima
4041,-13.392822,14.230038,2 (Classical + Jazz),simac___simac_Songs_Afrocuba_-_Mezquinidad
4042,-12.550868,14.043908,2 (Classical + Jazz),simac___simac_Songs_Alejandro_(Alex_Benson)_-_Golondrina
4043,-12.408972,14.833115,2 (Classical + Jazz),simac___simac_Songs_Alejandro_(Alex_Benson)_-_Tengo_una_penita
4044,-12.143874,11.873712,2 (Classical + Jazz),simac___simac_Songs_Alfredo_-_Ahora_somos_felices
4045,-12.404222,13.520399,2 (Classical + Jazz),simac___simac_Songs_Alfredo_-_La_rumba_de_Alfredo
4046,-10.57243,8.512068,2 (Classical + Jazz),simac___simac_Songs_Caledonia_Blues_Band_-_Burning_Heart
4047,-13.091318,14.414369,2 (Classical + Jazz),simac___simac_Songs_Caracas_Latin_Brothers_-_El_espectaculo
4048,-12.365702,14.00788,2 (Classical + Jazz),simac___simac_Songs_Caracas_Latin_Brothers_-_Los_hombres_tambien_lo_mueven
4049,-11.633325,12.7315235,2 (Classical + Jazz),simac___simac_Songs_Pastora_-_Lola
4050,26.547089,11.226736,1 (Pop + Groove + Rock + Hip-Hop),simac___simac_Tales_Of_Mystery_And_Imagination_01-A_Dream_Within_A_Dream
4051,-11.567056,8.585632,2 (Classical + Jazz),simac___simac_Tales_Of_Mystery_And_Imagination_02-The_Raven
4052,-10.478398,11.3099985,2 (Classical + Jazz),simac___simac_Tales_Of_Mystery_And_Imagination_03-The_Tell-tale_Heart
4053,-12.751327,9.899084,2 (Classical + Jazz),simac___simac_Tales_Of_Mystery_And_Imagination_04-The_Cask_Of_Amontillado
4054,-11.955451,12.015877,2 (Classical + Jazz),simac___simac_Tales_Of_Mystery_And_Imagination_05-_The_System_Of_Doctor_Tarr_And_Professor_Fether
4055,-10.976986,12.33963,2 (Classical + Jazz),simac___simac_Tales_Of_Mystery_And_Imagination_07-The_Fall_Of_The_House_Of_Usher_II_Arrival
4056,-15.46564,11.574731,2 (Classical + Jazz),simac___simac_Tales_Of_Mystery_And_Imagination_09-The_Fall_Of_The_House_Of_Usher_IV_Pavane
4057,-11.411923,11.089769,2 (Classical + Jazz),simac___simac_Tales_Of_Mystery_And_Imagination_11-To_One_In_Paradise
4058,2.5393016,5.8785744,1 (Pop + Groove + Rock + Hip-Hop),simac___simac_Tanto_Tempo_01-Samba_da_Bencao
4059,-11.583975,12.53143,2 (Classical + Jazz),simac___simac_Tanto_Tempo_02-August_Day_Song
4060,-12.107747,13.769926,2 (Classical + Jazz),simac___simac_Tanto_Tempo_04-Sem_Contencao
4061,-11.285491,10.852046,2 (Classical + Jazz),simac___simac_Tanto_Tempo_05-Mais_Feliz
4062,-11.389256,12.7694025,2 (Classical + Jazz),simac___simac_Tanto_Tempo_06-Alguem
4063,-11.820327,12.469074,2 (Classical + Jazz),simac___simac_Tanto_Tempo_07-So_Nice_Summer_Samba_
4064,-11.306285,12.677195,2 (Classical + Jazz),simac___simac_Tanto_Tempo_08-Lonely
4065,-11.863111,13.653425,2 (Classical + Jazz),simac___simac_Tanto_Tempo_09-Bananeira
4066,-4.835198,-0.38178065,2 (Classical + Jazz),simac___simac_Tanto_Tempo_10-Samba_e_Amor
4067,-12.046021,14.090932,2 (Classical + Jazz),simac___simac_Tanto_Tempo_11-Close_Your_Eyes
4068,-14.1318035,8.821963,2 (Classical + Jazz),simac___simac_The_Art_of_Spanish_Guitar_01-Tarrega_Recuerdos_de_la_Alhambra
4069,-17.412941,8.00729,2 (Classical + Jazz),simac___simac_The_Art_of_Spanish_Guitar_02-Lauro_Dos_Valses_Venezolanos_-_Uno
4070,-14.316095,8.746129,2 (Classical + Jazz),simac___simac_The_Art_of_Spanish_Guitar_04-Sojo_Guaso
4071,-17.566008,-1.9724679,2 (Classical + Jazz),simac___simac_The_Art_of_Spanish_Guitar_05-Sojo_Cancion
4072,-9.01198,13.188047,2 (Classical + Jazz),simac___simac_The_Crackdown_01-24-24
4073,-8.86169,12.953418,2 (Classical + Jazz),simac___simac_The_Crackdown_02-In_the_Shadows
4074,-9.059936,13.182877,2 (Classical + Jazz),simac___simac_The_Crackdown_03-Talking_Time
4075,-9.84664,13.455702,2 (Classical + Jazz),simac___simac_The_Crackdown_04-Animation
4076,-9.394853,12.912612,2 (Classical + Jazz),simac___simac_The_Crackdown_05-Over_and_Over
4077,-9.817501,13.122874,2 (Classical + Jazz),simac___simac_The_Crackdown_06-Just_Fascination
4078,-9.3401985,12.829038,2 (Classical + Jazz),simac___simac_The_Crackdown_07-Why_Kill_Time_When_You_Can_Kill_Yourself_
4079,-9.138128,12.584682,2 (Classical + Jazz),simac___simac_The_Crackdown_08-Haiti
4080,15.4705105,2.917785,1 (Pop + Groove + Rock + Hip-Hop),simac___simac_The_Crackdown_09-Crackdown
4081,-9.588656,13.378859,2 (Classical + Jazz),simac___simac_The_Crackdown_10-Diskono
4082,-10.807012,7.355042,2 (Classical + Jazz),simac___simac_The_Crackdown_13-Moscow
4083,-13.83077,14.1923685,2 (Classical + Jazz),simac___simac_Tomatito_Tomatito-01.Barrio_negro
4084,-13.012421,11.295467,2 (Classical + Jazz),simac___simac_Tomatito_Tomatito-02.La_voz_del_tiempo
4085,-13.58396,14.535984,2 (Classical + Jazz),simac___simac_Tomatito_Tomatito-04.Armonias_del_Romane
4086,-13.5520525,14.541862,2 (Classical + Jazz),simac___simac_Tomatito_Tomatito-05.A_mi_tao_El_Nino_Miguel
4087,-12.615376,12.70969,2 (Classical + Jazz),simac___simac_Tomatito_Tomatito-06.Caminillo_viejo
4088,-13.27432,9.66018,2 (Classical + Jazz),simac___simac_VOL.3_Musiques_pour_guitare_et_violoncelle_01-M._Baumann_Duo_pour_guitare_et_violoncelle_op.62_-_1._Prelude_(Lento_rubato)
4089,-17.712597,-3.076052,2 (Classical + Jazz),simac___simac_VOL.3_Musiques_pour_guitare_et_violoncelle_03-3._Berceuse_(Lento_molto)
4090,-19.376968,-0.9800199,2 (Classical + Jazz),simac___simac_VOL.3_Musiques_pour_guitare_et_violoncelle_04-4._Hommage_ade_Falla_(Allegro)
4091,-15.29666,8.788351,2 (Classical + Jazz),simac___simac_VOL.3_Musiques_pour_guitare_et_violoncelle_06-E._Granados_Intermezzo_(de_Goyescas_)
4092,-15.183616,8.879471,2 (Classical + Jazz),simac___simac_VOL.3_Musiques_pour_guitare_et_violoncelle_07-H._Villa-lobos_Bachianas_Brasileiras_No.5_(Aria)
4093,-16.161077,8.31503,2 (Classical + Jazz),simac___simac_VOL.3_Musiques_pour_guitare_et_violoncelle_09-M._de_Falla_7_chansons_populaires_espagnoles_(extraits)_-_El_pano_moruno
4094,-15.5650625,7.277445,2 (Classical + Jazz),simac___simac_VOL.3_Musiques_pour_guitare_et_violoncelle_11-Nana
4095,-16.087378,8.281786,2 (Classical + Jazz),simac___simac_VOL.3_Musiques_pour_guitare_et_violoncelle_12-Cancion
4096,-14.547585,10.33241,2 (Classical + Jazz),simac___simac_Xatzidakis_01-AudioTrack_01
4097,-14.32417,9.978394,2 (Classical + Jazz),simac___simac_Xatzidakis_02-AudioTrack_02
4098,-15.143838,10.768712,2 (Classical + Jazz),simac___simac_Xatzidakis_03-AudioTrack_03
4099,-14.642126,9.882289,2 (Classical + Jazz),simac___simac_Xatzidakis_05-AudioTrack_05
4100,-14.98475,11.230614,2 (Classical + Jazz),simac___simac_Xatzidakis_06-AudioTrack_06
4101,-14.575613,11.399853,2 (Classical + Jazz),simac___simac_Xatzidakis_08-AudioTrack_08
4102,-14.91833,10.986684,2 (Classical + Jazz),simac___simac_Xatzidakis_09-AudioTrack_09
4103,-13.301245,8.557987,2 (Classical + Jazz),simac___simac_Xatzidakis_10-AudioTrack_10
4104,-13.741649,12.889771,2 (Classical + Jazz),simac___simac_Xatzidakis_11-AudioTrack_11
4105,-13.00884,11.9735775,2 (Classical + Jazz),simac___simac_Xatzidakis_12-AudioTrack_12
4106,-12.51088,9.943647,2 (Classical + Jazz),simac___simac_Xatzidakis_13-AudioTrack_13
4107,-11.928842,9.414429,2 (Classical + Jazz),simac___simac_Xatzidakis_15-AudioTrack_15
4108,-12.390152,9.718057,2 (Classical + Jazz),simac___simac_Xatzidakis_16-AudioTrack_16
4109,-12.438313,10.099061,2 (Classical + Jazz),simac___simac_Xatzidakis_17-AudioTrack_17
4110,-13.126976,11.043025,2 (Classical + Jazz),simac___simac_Xatzidakis_19-AudioTrack_19
4111,-12.62525,10.715308,2 (Classical + Jazz),simac___simac_Xatzidakis_22-AudioTrack_22
4112,-14.405005,12.407785,2 (Classical + Jazz),simac___simac_a_love_supreme_part_1_acknowledgement
4113,-11.881933,13.7985115,2 (Classical + Jazz),simac___simac_aire_01-Aire
4114,-12.352134,13.783651,2 (Classical + Jazz),simac___simac_aire_04-La_Vida_Sale
4115,-11.118515,10.711801,2 (Classical + Jazz),simac___simac_aire_06-Arrengao
4116,-12.587175,12.63655,2 (Classical + Jazz),simac___simac_aire_07-La_Alcoba_y_la_mosca
4117,-4.2177124,7.015721,2 (Classical + Jazz),simac___simac_blues_roots_cryin_blues
4118,-14.675486,12.513906,2 (Classical + Jazz),simac___simac_blues_roots_es_flat_ahs_flat_too
4119,-9.075711,8.642823,2 (Classical + Jazz),simac___simac_blues_roots_moanin
4120,-8.989209,8.529061,2 (Classical + Jazz),simac___simac_blues_roots_my_jelly_roll_soul
4121,-8.983711,8.547224,2 (Classical + Jazz),simac___simac_blues_roots_tensions
4122,-8.7639885,8.335712,2 (Classical + Jazz),simac___simac_blues_roots_wednesday_night_prayer_meeting
4123,-11.764455,9.184127,2 (Classical + Jazz),simac___simac_greek_01_H_mikri_Rallou
4124,-11.960948,11.13675,2 (Classical + Jazz),simac___simac_greek_07_Pikrodafni
4125,-15.061895,10.848916,2 (Classical + Jazz),simac___simac_greek_12_evzwnakia
4126,-12.46755,11.464832,2 (Classical + Jazz),simac___simac_greek_Asteriadi_-_Mia_giorti
4127,-13.865626,12.294156,2 (Classical + Jazz),simac___simac_greek_Gkoles_-_Atimi_tyxi
4128,-14.23703,12.10461,2 (Classical + Jazz),simac___simac_greek_Gkoles_-_Mou_fages_ta_daxtylidia
4129,-13.543164,12.217165,2 (Classical + Jazz),simac___simac_greek_Gkoles_-_S_ena_apokrimno_akrogiali
4130,-13.5765915,12.180892,2 (Classical + Jazz),simac___simac_greek_Gkoles_-_Zwi_mou_farmakw8ikes
4131,-12.632814,12.040288,2 (Classical + Jazz),simac___simac_greek_Mavili_-_Afto_t_agori
4132,-13.205144,11.126714,2 (Classical + Jazz),simac___simac_greek_Mpellou_-_Nyxtwse_xwris_feggari
4133,-13.910356,12.033877,2 (Classical + Jazz),simac___simac_greek_Paisa_sti_vrysi_-_Velvento
4134,-14.721665,10.490076,2 (Classical + Jazz),simac___simac_greek_Perdika(xwris_logia)
4135,-12.762826,11.606339,2 (Classical + Jazz),simac___simac_greek_To_pasoumi_-_Smyrni
4136,-12.788568,9.619891,2 (Classical + Jazz),simac___simac_more_greek_03_Efriksen_i_gi
4137,-13.333808,10.5091915,2 (Classical + Jazz),simac___simac_more_greek_03_Virginouda
4138,-12.763714,10.878639,2 (Classical + Jazz),simac___simac_more_greek_04_H_Stamoula
4139,-6.117501,-1.5372334,2 (Classical + Jazz),simac___simac_more_greek_05_Odysseas
4140,-11.551054,12.732575,2 (Classical + Jazz),simac___simac_more_greek_07_Psevdoixos
4141,-12.0186205,12.466264,2 (Classical + Jazz),simac___simac_more_greek_08_Hlios
4142,-9.214579,8.788303,2 (Classical + Jazz),simac___simac_more_greek_08_Kapoios_peftei...
4143,-14.300832,12.041071,2 (Classical + Jazz),simac___simac_more_greek_Anagnwstopoulos_-_Hr8a_ki_apopse_sta_skalopatia_sou
4144,-14.067899,12.23808,2 (Classical + Jazz),simac___simac_more_greek_Dionysiou_-_Na_eixa_to_kouragio
4145,-13.9046545,9.4464245,2 (Classical + Jazz),simac___simac_more_greek_Giannakopoulou_-_Marina
4146,-13.274023,9.852269,2 (Classical + Jazz),simac___simac_more_greek_Giannakopoulou_-_O_kipos_empaine_sti_8alassa
4147,-13.802745,11.989379,2 (Classical + Jazz),simac___simac_more_greek_Gkoles_-_Filenaditsa_mou
4148,-13.896404,12.647131,2 (Classical + Jazz),simac___simac_more_greek_Gkoles_-_H_tsigkouna
4149,-13.963168,11.40315,2 (Classical + Jazz),simac___simac_more_greek_Gkoles_-_Keravnoi_ki_astropelekia
4150,-14.259881,12.651597,2 (Classical + Jazz),simac___simac_more_greek_Gkoles_-_Kori_paraxaidemeni
4151,-13.60149,13.1928005,2 (Classical + Jazz),simac___simac_more_greek_Gkoles_-_Ksaveriwtissa
4152,-13.548148,12.051616,2 (Classical + Jazz),simac___simac_more_greek_Gkoles_-_Mortissa_ki_alanis
4153,-14.007773,12.55869,2 (Classical + Jazz),simac___simac_more_greek_Gkoles_-_O_8ermastis
4154,-13.459939,12.498229,2 (Classical + Jazz),simac___simac_more_greek_Gkoles_-_O_pasatempos
4155,-13.790724,12.686941,2 (Classical + Jazz),simac___simac_more_greek_Gkoles_-_Peristeriwtissa
4156,-13.653887,12.242696,2 (Classical + Jazz),simac___simac_more_greek_Gkoles_-_Rimakse_to_spitiko_mas
4157,-13.705926,13.065707,2 (Classical + Jazz),simac___simac_more_greek_Gkoles_-_Xatzikyriakeio
4158,-13.639976,10.610299,2 (Classical + Jazz),simac___simac_more_greek_Glykeria_-_Den_les_kouventa
4159,-12.082627,10.789188,2 (Classical + Jazz),simac___simac_more_greek_Glykeria_-_Odos_Aristotelous
4160,-11.89346,10.528824,2 (Classical + Jazz),simac___simac_more_greek_Glykeria_-_To_agalma
4161,-12.957723,11.24561,2 (Classical + Jazz),simac___simac_more_greek_Kazantzidis_-_Oti_agapaw_egw_pe8ainei
4162,-12.437669,11.537983,2 (Classical + Jazz),simac___simac_more_greek_Ksylouris_-_Afton_ton_kosmo_ton_kalo
4163,-12.932383,11.340981,2 (Classical + Jazz),simac___simac_more_greek_Ksylouris_-_Erwtiko_tragoudi_(Palikarou_palikarou)
4164,-13.636734,10.135399,2 (Classical + Jazz),simac___simac_more_greek_Ksylouris_-_Evale_o_8eos_simadi
4165,-14.093466,11.305774,2 (Classical + Jazz),simac___simac_more_greek_Ksylouris_-_Filentem
4166,-12.343313,9.654703,2 (Classical + Jazz),simac___simac_more_greek_Ksylouris_-_Htane_mia_fora
4167,-12.491613,9.458694,2 (Classical + Jazz),simac___simac_more_greek_Ksylouris_-_Pote_8a_kanei_ksasteria
4168,-12.515551,11.063907,2 (Classical + Jazz),simac___simac_more_greek_Ksylouris_-_Xilia_myria_kymata
4169,-12.634507,11.448173,2 (Classical + Jazz),simac___simac_more_greek_Makedonas_-_Ena_deilino
4170,-13.920276,10.973504,2 (Classical + Jazz),simac___simac_more_greek_Makedonas_-_Savvatovrado_stin_Kaisariani
4171,-12.654965,10.013687,2 (Classical + Jazz),simac___simac_more_greek_Marinella_-_Agapi_pou_gines_dikopo_maxairi
4172,-13.337127,10.023016,2 (Classical + Jazz),simac___simac_more_greek_Marinella_-_Kane_ligaki_ypomoni
4173,-12.732152,11.47804,2 (Classical + Jazz),simac___simac_more_greek_Marinella_-_Koita_me_sta_matia
4174,-12.797191,9.349968,2 (Classical + Jazz),simac___simac_more_greek_Marinella_-_Omorfi_poli
4175,-13.304268,11.05836,2 (Classical + Jazz),simac___simac_more_greek_Marinella_-_Pes_pws_m_antamwses
4176,-12.809419,10.813107,2 (Classical + Jazz),simac___simac_more_greek_Marinella_-_Prin_to_xarama
4177,-12.727033,11.067784,2 (Classical + Jazz),simac___simac_more_greek_Marinella_-_Stalia_stalia
4178,-13.819282,12.322081,2 (Classical + Jazz),simac___simac_more_greek_Mitropanos_-_8essaloniki
4179,-12.909996,11.006402,2 (Classical + Jazz),simac___simac_more_greek_Mitropanos_-_Brexei_sti_ftwxogeitonia
4180,-12.759478,11.000198,2 (Classical + Jazz),simac___simac_more_greek_Mitsias_-_Apopse_f8inopwriase
4181,-13.824178,11.6967745,2 (Classical + Jazz),simac___simac_more_greek_Mosxoliou_-_Eipa_na_svisw_ta_palia
4182,-14.056509,10.708407,2 (Classical + Jazz),simac___simac_more_greek_Mosxoliou_-_Koimisou_palikari
4183,-13.01153,10.28093,2 (Classical + Jazz),simac___simac_more_greek_Mosxoliou_-_Ta_deilina
4184,-13.341752,12.658886,2 (Classical + Jazz),simac___simac_more_greek_Mosxoliou_-_Xwrismos
4185,-13.267855,11.405047,2 (Classical + Jazz),simac___simac_more_greek_Mosxoliou_Gkika_-_Den_klaiw_gia_twra
4186,-13.604715,12.809324,2 (Classical + Jazz),simac___simac_more_greek_Mosxoliou_Gkika_-_Pira_ap_to_xeri_sou_nero
4187,-13.309295,11.839986,2 (Classical + Jazz),simac___simac_more_greek_Mpellou_-_Anastenazw_kai_ponw
4188,-13.214718,11.688057,2 (Classical + Jazz),simac___simac_more_greek_Mpellou_-_Antilaloune_ta_vouna
4189,-14.48362,13.522919,2 (Classical + Jazz),simac___simac_more_greek_Mpellou_-_Apopse_kaneis_mpam
4190,-13.617241,10.475963,2 (Classical + Jazz),simac___simac_more_greek_Mpellou_-_De_les_kouventa
4191,-14.020942,10.357832,2 (Classical + Jazz),simac___simac_more_greek_Mpellou_-_Kane_ligaki_ypomoni
4192,-12.510155,10.459283,2 (Classical + Jazz),simac___simac_more_greek_Mpellou_-_Kapoio_vrady_t_oneiro_mou
4193,-14.072834,13.479245,2 (Classical + Jazz),simac___simac_more_greek_Mpellou_-_Kardia_paraponiara
4194,-13.382659,12.816368,2 (Classical + Jazz),simac___simac_more_greek_Mpellou_-_Ksimerwnei_kai_vradiazei
4195,-13.084471,11.637837,2 (Classical + Jazz),simac___simac_more_greek_Mpellou_-_Liga_psixoula_agapis_sou_gyrevw
4196,-12.837562,10.029975,2 (Classical + Jazz),simac___simac_more_greek_Mpellou_-_Min_klais
4197,-12.836177,10.879066,2 (Classical + Jazz),simac___simac_more_greek_Mpellou_-_O_kosmos_einai_san_mpakses
4198,-13.467851,12.178716,2 (Classical + Jazz),simac___simac_more_greek_Mpellou_-_Peftoun_tis_vroxis_oi_stales
4199,-13.102166,11.533665,2 (Classical + Jazz),simac___simac_more_greek_Mpellou_-_Prin_to_xarama_monaxos
4200,-14.714427,11.873923,2 (Classical + Jazz),simac___simac_more_greek_Mpellou_-_To_minore_tis_avgis
4201,-14.129435,13.295118,2 (Classical + Jazz),simac___simac_more_greek_Mpellou_-_To_teleftaio_gramma_sou
4202,-13.400513,12.411826,2 (Classical + Jazz),simac___simac_more_greek_Mpellou_-_Xwrisame_ena_deilino
4203,-12.012076,10.356129,2 (Classical + Jazz),simac___simac_more_greek_Mpellou_-_Zeimpekiko
4204,-14.566312,9.604606,2 (Classical + Jazz),simac___simac_more_greek_Mpi8ikwtsis_-_Aspri_mera
4205,-13.633394,10.618067,2 (Classical + Jazz),simac___simac_more_greek_Mpi8ikwtsis_-_Brexei_sti_ftwxogeitonia
4206,-12.707374,11.862848,2 (Classical + Jazz),simac___simac_more_greek_Mpi8ikwtsis_-_Drapetswna
4207,-13.70675,11.386233,2 (Classical + Jazz),simac___simac_more_greek_Mpi8ikwtsis_-_Eimai_aitos_xwris_ftera
4208,-13.969023,10.906395,2 (Classical + Jazz),simac___simac_more_greek_Mpi8ikwtsis_-_Gwnia_gwnia
4209,-12.450323,10.081211,2 (Classical + Jazz),simac___simac_more_greek_Mpi8ikwtsis_-_H_kyra
4210,-13.329481,12.326258,2 (Classical + Jazz),simac___simac_more_greek_Mpi8ikwtsis_-_H_mpalanta_tou_Antrikou
4211,-13.843093,9.078514,2 (Classical + Jazz),simac___simac_more_greek_Mpi8ikwtsis_-_Kokotas_-_Stou_O8wna_ta_xronia
4212,-13.230773,11.094008,2 (Classical + Jazz),simac___simac_more_greek_Mpi8ikwtsis_-_Mana_mou_kai_Panagia
4213,-13.653004,10.764325,2 (Classical + Jazz),simac___simac_more_greek_Mpi8ikwtsis_-_Matia_vourkwmena
4214,-13.380176,11.120554,2 (Classical + Jazz),simac___simac_more_greek_Mpi8ikwtsis_-_Mia_Kyriaki
4215,-13.000678,10.805451,2 (Classical + Jazz),simac___simac_more_greek_Mpi8ikwtsis_-_Paei_o_kairos
4216,-12.899505,11.164573,2 (Classical + Jazz),simac___simac_more_greek_Mpi8ikwtsis_-_Sta_xeria_sou_megalwsan
4217,-12.593947,9.427606,2 (Classical + Jazz),simac___simac_more_greek_Mpi8ikwtsis_-_Sto_perigiali_to_kryfo
4218,-13.446388,10.152407,2 (Classical + Jazz),simac___simac_more_greek_Mpi8ikwtsis_-_Xrysoprasino_fyllo
4219,-13.463484,11.380991,2 (Classical + Jazz),simac___simac_more_greek_Mpi8ikwtsis_Xiwtis_-_Myrtia
4220,-13.568292,10.860952,2 (Classical + Jazz),simac___simac_more_greek_NinouTsitsanis_-_Synnefiasmeni_Kyriaki
4221,-13.882383,11.172408,2 (Classical + Jazz),simac___simac_more_greek_Ninou_-_Apopse_kaneis_mpam
4222,-13.417848,12.66468,2 (Classical + Jazz),simac___simac_more_greek_Ntalaras_-_Ta_matoklada_sou_lampoun
4223,-13.499872,11.163366,2 (Classical + Jazz),simac___simac_more_greek_Panou_Dionysiou_Tsitsanis_-_Axaristi
4224,-12.436361,11.372022,2 (Classical + Jazz),simac___simac_more_greek_Poulopoulos_-_Kamaroula_mia_stalia
4225,-12.925872,10.414434,2 (Classical + Jazz),simac___simac_more_greek_Smokovitis_-_Mi_mou_8ymwneis_matia_mou
4226,-13.420206,8.245337,2 (Classical + Jazz),simac___simac_more_greek_Smokovitis_-_Prwino_tsigaro
4227,-11.185617,6.31105,2 (Classical + Jazz),simac___simac_more_greek_Vamvakaris_-_Fragkosyriani
4228,-8.174139,12.514523,2 (Classical + Jazz),simac___simac_selected_ambient_works_8592_actium
4229,20.045046,5.770482,1 (Pop + Groove + Rock + Hip-Hop),simac___simac_selected_ambient_works_8592_ageispolis
4230,16.961426,2.8984354,1 (Pop + Groove + Rock + Hip-Hop),simac___simac_selected_ambient_works_8592_delphium
4231,16.096027,-0.816187,1 (Pop + Groove + Rock + Hip-Hop),simac___simac_selected_ambient_works_8592_green_calx
4232,-9.117786,11.922109,2 (Classical + Jazz),simac___simac_selected_ambient_works_8592_hedphelym
4233,-11.06167,13.13357,2 (Classical + Jazz),simac___simac_selected_ambient_works_8592_heliosphan
4234,-8.571841,13.551627,2 (Classical + Jazz),simac___simac_selected_ambient_works_8592_ptolemy
4235,-8.4033575,13.541354,2 (Classical + Jazz),simac___simac_selected_ambient_works_8592_pulsewidth
4236,-10.238155,12.807476,2 (Classical + Jazz),simac___simac_selected_ambient_works_8592_schottkey_7th_path
4237,16.671923,3.262699,1 (Pop + Groove + Rock + Hip-Hop),simac___simac_selected_ambient_works_8592_we_are_the_music_makers
4238,-9.056238,12.084573,2 (Classical + Jazz),simac___simac_selected_ambient_works_8592_xtal
4239,-14.211823,-10.422121,2 (Classical + Jazz),smc___smc_001
4240,-15.503124,-9.161737,2 (Classical + Jazz),smc___smc_002
4241,-20.016897,-10.331504,2 (Classical + Jazz),smc___smc_003
4242,-17.47099,-3.6078024,2 (Classical + Jazz),smc___smc_004
4243,-13.622781,-8.484054,2 (Classical + Jazz),smc___smc_005
4244,-17.770031,-4.022359,2 (Classical + Jazz),smc___smc_006
4245,-11.045394,-8.926472,2 (Classical + Jazz),smc___smc_007
4246,-14.928916,-8.511511,2 (Classical + Jazz),smc___smc_008
4247,-3.6939511,-0.9323345,2 (Classical + Jazz),smc___smc_009
4248,-12.472088,-8.6580515,2 (Classical + Jazz),smc___smc_010
4249,-19.860502,-4.0538507,2 (Classical + Jazz),smc___smc_011
4250,-4.9865227,-1.3829253,2 (Classical + Jazz),smc___smc_012
4251,-13.897142,-9.492235,2 (Classical + Jazz),smc___smc_013
4252,-18.56566,-3.394304,2 (Classical + Jazz),smc___smc_014
4253,-19.888132,-3.768824,2 (Classical + Jazz),smc___smc_015
4254,-10.905443,-7.035744,2 (Classical + Jazz),smc___smc_016
4255,-8.05099,0.18988869,2 (Classical + Jazz),smc___smc_017
4256,-19.74168,-7.5990915,2 (Classical + Jazz),smc___smc_018
4257,-11.938935,-8.603597,2 (Classical + Jazz),smc___smc_019
4258,-8.721747,-0.7691864,2 (Classical + Jazz),smc___smc_021
4259,-19.608917,-4.008023,2 (Classical + Jazz),smc___smc_022
4260,-18.43925,-4.3593507,2 (Classical + Jazz),smc___smc_023
4261,-19.580067,-6.46149,2 (Classical + Jazz),smc___smc_024
4262,-11.332774,-2.8240526,2 (Classical + Jazz),smc___smc_026
4263,-4.5879583,-1.3795707,2 (Classical + Jazz),smc___smc_027
4264,-19.23668,-4.021032,2 (Classical + Jazz),smc___smc_028
4265,-5.4922605,-3.5831137,2 (Classical + Jazz),smc___smc_030
4266,-9.526872,-3.8249962,2 (Classical + Jazz),smc___smc_032
4267,-18.576733,-3.2345135,2 (Classical + Jazz),smc___smc_033
4268,-12.857152,-10.012377,2 (Classical + Jazz),smc___smc_034
4269,-14.242835,-6.783183,2 (Classical + Jazz),smc___smc_035
4270,-13.592168,-9.167412,2 (Classical + Jazz),smc___smc_036
4271,-16.642483,-3.9295793,2 (Classical + Jazz),smc___smc_037
4272,-19.256197,-4.037909,2 (Classical + Jazz),smc___smc_038
4273,-5.4547048,-1.2195631,2 (Classical + Jazz),smc___smc_041
4274,-12.636014,-9.273166,2 (Classical + Jazz),smc___smc_042
4275,-19.497585,-4.072958,2 (Classical + Jazz),smc___smc_043
4276,-18.651953,-4.6883135,2 (Classical + Jazz),smc___smc_044
4277,-5.052545,-1.2422748,2 (Classical + Jazz),smc___smc_046
4278,-12.844517,-8.682549,2 (Classical + Jazz),smc___smc_047
4279,-13.501185,-7.3694763,2 (Classical + Jazz),smc___smc_048
4280,-4.6854777,-1.2491386,2 (Classical + Jazz),smc___smc_051
4281,-4.6918736,-1.2478131,2 (Classical + Jazz),smc___smc_052
4282,-5.157158,-0.75573933,2 (Classical + Jazz),smc___smc_054
4283,-10.630354,-8.844422,2 (Classical + Jazz),smc___smc_055
4284,-19.834333,-8.052038,2 (Classical + Jazz),smc___smc_056
4285,-8.657104,-2.9094539,2 (Classical + Jazz),smc___smc_057
4286,-13.998549,-8.913022,2 (Classical + Jazz),smc___smc_058
4287,-14.55099,-10.131929,2 (Classical + Jazz),smc___smc_059
4288,-13.689826,-6.7349753,2 (Classical + Jazz),smc___smc_060
4289,-11.319516,-8.617519,2 (Classical + Jazz),smc___smc_061
4290,-11.748008,-6.1634707,2 (Classical + Jazz),smc___smc_063
4291,-11.679585,-5.8580484,2 (Classical + Jazz),smc___smc_064
4292,-19.638636,-3.9407055,2 (Classical + Jazz),smc___smc_065
4293,-10.095298,-9.100071,2 (Classical + Jazz),smc___smc_066
4294,-4.614487,-1.6107419,2 (Classical + Jazz),smc___smc_067
4295,-13.8151245,-9.639976,2 (Classical + Jazz),smc___smc_068
4296,-20.35978,-4.306901,2 (Classical + Jazz),smc___smc_069
4297,-12.897332,-9.22874,2 (Classical + Jazz),smc___smc_071
4298,-4.549244,-1.4216828,2 (Classical + Jazz),smc___smc_072
4299,-4.7596574,-1.0835972,2 (Classical + Jazz),smc___smc_073
4300,-18.02525,-4.8446913,2 (Classical + Jazz),smc___smc_074
4301,-11.17724,-2.6943607,2 (Classical + Jazz),smc___smc_075
4302,-19.74682,-6.1804557,2 (Classical + Jazz),smc___smc_076
4303,-20.94567,-7.3063903,2 (Classical + Jazz),smc___smc_079
4304,-19.092268,-3.8956475,2 (Classical + Jazz),smc___smc_080
4305,-11.12419,-6.6526604,2 (Classical + Jazz),smc___smc_082
4306,-12.783791,-5.4780664,2 (Classical + Jazz),smc___smc_084
4307,-13.585942,-9.301394,2 (Classical + Jazz),smc___smc_085
4308,-4.653331,-1.1588359,2 (Classical + Jazz),smc___smc_086
4309,-12.067147,-9.665398,2 (Classical + Jazz),smc___smc_087
4310,-8.118062,-0.3642315,2 (Classical + Jazz),smc___smc_088
4311,-10.46972,-9.477952,2 (Classical + Jazz),smc___smc_089
4312,-14.180237,-9.421717,2 (Classical + Jazz),smc___smc_092
4313,-21.745115,-9.267904,2 (Classical + Jazz),smc___smc_093
4314,-13.943416,-9.555792,2 (Classical + Jazz),smc___smc_095
4315,-14.237667,-9.669815,2 (Classical + Jazz),smc___smc_096
4316,-13.639645,-9.99317,2 (Classical + Jazz),smc___smc_098
4317,-11.094102,-9.163398,2 (Classical + Jazz),smc___smc_099
4318,-17.9596,-1.595897,2 (Classical + Jazz),smc___smc_100
4319,-17.407068,-4.3930655,2 (Classical + Jazz),smc___smc_101
4320,-19.948795,-4.1304045,2 (Classical + Jazz),smc___smc_103
4321,-14.114629,-8.013645,2 (Classical + Jazz),smc___smc_104
4322,-20.047108,-6.9309216,2 (Classical + Jazz),smc___smc_105
4323,-20.092627,-7.163797,2 (Classical + Jazz),smc___smc_106
4324,-4.4965086,-5.403512,2 (Classical + Jazz),smc___smc_109
4325,-18.544867,-3.2687604,2 (Classical + Jazz),smc___smc_111
4326,-12.45258,-9.311508,2 (Classical + Jazz),smc___smc_113
4327,-10.3226595,-9.449555,2 (Classical + Jazz),smc___smc_114
4328,-16.715284,-9.463115,2 (Classical + Jazz),smc___smc_116
4329,-18.860186,-2.9570503,2 (Classical + Jazz),smc___smc_117
4330,-17.269363,-3.5546389,2 (Classical + Jazz),smc___smc_118
4331,-7.630196,-1.1990615,2 (Classical + Jazz),smc___smc_119
4332,-12.769614,-9.793782,2 (Classical + Jazz),smc___smc_120
4333,-12.308085,-8.994466,2 (Classical + Jazz),smc___smc_121
4334,-8.072741,-2.732894,2 (Classical + Jazz),smc___smc_124
4335,-12.426052,-7.6374555,2 (Classical + Jazz),smc___smc_126
4336,-19.287352,-3.424832,2 (Classical + Jazz),smc___smc_127
4337,-19.611523,-4.7587976,2 (Classical + Jazz),smc___smc_130
4338,-7.5595946,-1.5804642,2 (Classical + Jazz),smc___smc_133
4339,-18.590445,-3.7910087,2 (Classical + Jazz),smc___smc_135
4340,-14.941874,-7.718106,2 (Classical + Jazz),smc___smc_137
4341,-3.2986062,-0.17191179,2 (Classical + Jazz),smc___smc_139
4342,-8.007658,0.8908035,2 (Classical + Jazz),smc___smc_140
4343,-13.111378,-9.458137,2 (Classical + Jazz),smc___smc_142
4344,-4.0300345,-2.3574781,2 (Classical + Jazz),smc___smc_143
4345,-13.551491,-8.822542,2 (Classical + Jazz),smc___smc_146
4346,-11.924395,-6.8422847,2 (Classical + Jazz),smc___smc_147
4347,-6.5551615,-1.3268073,2 (Classical + Jazz),smc___smc_148
4348,-11.312775,-1.4181904,2 (Classical + Jazz),smc___smc_149
4349,-14.357101,-10.288029,2 (Classical + Jazz),smc___smc_150
4350,-7.7343335,0.33950666,2 (Classical + Jazz),smc___smc_151
4351,-18.678686,-5.2175393,2 (Classical + Jazz),smc___smc_152
4352,-13.080098,-8.859098,2 (Classical + Jazz),smc___smc_153
4353,-13.736493,-8.805065,2 (Classical + Jazz),smc___smc_154
4354,-6.2426305,-0.9442978,2 (Classical + Jazz),smc___smc_157
4355,-18.027016,-3.8876472,2 (Classical + Jazz),smc___smc_158
4356,-13.954878,-8.59415,2 (Classical + Jazz),smc___smc_159
4357,-13.613531,-9.2607355,2 (Classical + Jazz),smc___smc_161
4358,-12.987089,-9.007126,2 (Classical + Jazz),smc___smc_166
4359,-18.00187,-3.751136,2 (Classical + Jazz),smc___smc_167
4360,-13.443951,-8.995469,2 (Classical + Jazz),smc___smc_168
4361,-19.904541,-4.511755,2 (Classical + Jazz),smc___smc_169
4362,-7.6976404,-0.13679099,2 (Classical + Jazz),smc___smc_170
4363,-4.889451,-0.50237375,2 (Classical + Jazz),smc___smc_171
4364,-15.31504,-6.987763,2 (Classical + Jazz),smc___smc_172
4365,-3.89715,-1.1491703,2 (Classical + Jazz),smc___smc_173
4366,-20.157986,-6.6576586,2 (Classical + Jazz),smc___smc_174
4367,-11.79706,-9.044729,2 (Classical + Jazz),smc___smc_175
4368,-11.351511,-8.81399,2 (Classical + Jazz),smc___smc_176
4369,-13.458052,-9.029679,2 (Classical + Jazz),smc___smc_178
4370,-13.275813,-8.489784,2 (Classical + Jazz),smc___smc_179
4371,-7.658649,-0.4042582,2 (Classical + Jazz),smc___smc_181
4372,-8.361481,-0.59516597,2 (Classical + Jazz),smc___smc_182
4373,-10.768343,-9.310241,2 (Classical + Jazz),smc___smc_184
4374,-12.569024,-8.35963,2 (Classical + Jazz),smc___smc_187
4375,-15.81217,-4.6010323,2 (Classical + Jazz),smc___smc_188
4376,-14.467601,-11.465462,2 (Classical + Jazz),smc___smc_190
4377,-13.668231,-7.964048,2 (Classical + Jazz),smc___smc_192
4378,-7.645297,-1.116109,2 (Classical + Jazz),smc___smc_193
4379,-10.533725,-9.257338,2 (Classical + Jazz),smc___smc_194
4380,-19.305653,-6.2330093,2 (Classical + Jazz),smc___smc_195
4381,-13.495697,-8.984822,2 (Classical + Jazz),smc___smc_197
4382,-7.7493176,-0.76243937,2 (Classical + Jazz),smc___smc_198
4383,-7.424766,0.63585895,2 (Classical + Jazz),smc___smc_199
4384,-7.040835,-2.9433997,2 (Classical + Jazz),smc___smc_202
4385,-18.19253,-2.7496095,2 (Classical + Jazz),smc___smc_203
4386,-7.4522724,-0.63422245,2 (Classical + Jazz),smc___smc_204
4387,-7.4904947,1.3449731,2 (Classical + Jazz),smc___smc_205
4388,-19.550909,-4.663403,2 (Classical + Jazz),smc___smc_206
4389,-4.8950734,-1.0435245,2 (Classical + Jazz),smc___smc_207
4390,-13.8976345,-9.091037,2 (Classical + Jazz),smc___smc_208
4391,-11.852407,-9.21887,2 (Classical + Jazz),smc___smc_209
4392,-16.584732,-3.2164154,2 (Classical + Jazz),smc___smc_211
4393,-10.618174,-9.23626,2 (Classical + Jazz),smc___smc_212
4394,-13.913611,-9.100634,2 (Classical + Jazz),smc___smc_213
4395,-11.099956,-8.98714,2 (Classical + Jazz),smc___smc_214
4396,-19.481285,-5.588153,2 (Classical + Jazz),smc___smc_215
4397,-8.56993,-0.53950953,2 (Classical + Jazz),smc___smc_216
4398,-13.578229,-8.140114,2 (Classical + Jazz),smc___smc_217
4399,-14.325697,-10.552249,2 (Classical + Jazz),smc___smc_219
4400,-7.685068,-1.384733,2 (Classical + Jazz),smc___smc_220
4401,-8.194605,-0.21942909,2 (Classical + Jazz),smc___smc_221
4402,-8.119903,-0.9189237,2 (Classical + Jazz),smc___smc_222
4403,-7.6667147,0.20198567,2 (Classical + Jazz),smc___smc_223
4404,-8.094305,-0.51335317,2 (Classical + Jazz),smc___smc_224
4405,-8.273494,-0.48261178,2 (Classical + Jazz),smc___smc_225
4406,-12.797114,-8.488739,2 (Classical + Jazz),smc___smc_226
4407,-13.928943,-7.2549305,2 (Classical + Jazz),smc___smc_227
4408,-5.5865803,-1.0236661,2 (Classical + Jazz),smc___smc_229
4409,-13.397177,-9.268776,2 (Classical + Jazz),smc___smc_232
4410,-7.6410103,0.27591032,2 (Classical + Jazz),smc___smc_235
4411,-8.0566025,-0.6637278,2 (Classical + Jazz),smc___smc_236
4412,-8.428534,-0.5315097,2 (Classical + Jazz),smc___smc_237
4413,-13.5759115,-8.323034,2 (Classical + Jazz),smc___smc_239
4414,-8.487907,0.77928245,2 (Classical + Jazz),smc___smc_241
4415,-9.688882,-8.9619055,2 (Classical + Jazz),smc___smc_242
4416,-5.454858,-0.98201233,2 (Classical + Jazz),smc___smc_243
4417,-11.005537,-8.131199,2 (Classical + Jazz),smc___smc_244
4418,-12.008203,-5.8762994,2 (Classical + Jazz),smc___smc_248
4419,-7.349475,-1.3322877,2 (Classical + Jazz),smc___smc_249
4420,-14.783866,-9.496904,2 (Classical + Jazz),smc___smc_251
4421,-4.115387,-0.46730942,2 (Classical + Jazz),smc___smc_252
4422,-4.8587875,-1.0245105,2 (Classical + Jazz),smc___smc_253
4423,-16.147758,-4.2011876,2 (Classical + Jazz),smc___smc_254
4424,-17.496256,-3.768305,2 (Classical + Jazz),smc___smc_255
4425,-19.26248,-5.3839235,2 (Classical + Jazz),smc___smc_256
4426,-19.652447,-4.476425,2 (Classical + Jazz),smc___smc_257
4427,-20.364689,-7.204115,2 (Classical + Jazz),smc___smc_258
4428,-7.622581,-1.1075246,2 (Classical + Jazz),smc___smc_259
4429,-18.573675,-4.2794013,2 (Classical + Jazz),smc___smc_260
4430,-19.67399,-3.9968514,2 (Classical + Jazz),smc___smc_261
4431,-16.634905,-3.9129105,2 (Classical + Jazz),smc___smc_262
4432,-5.234008,-0.7722906,2 (Classical + Jazz),smc___smc_263
4433,-16.938068,-8.040149,2 (Classical + Jazz),smc___smc_264
4434,-7.483083,-0.8288033,2 (Classical + Jazz),smc___smc_265
4435,-19.169363,-3.4997969,2 (Classical + Jazz),smc___smc_266
4436,-18.46212,-5.292142,2 (Classical + Jazz),smc___smc_269
4437,11.551791,5.866261,1 (Pop + Groove + Rock + Hip-Hop),smc___smc_271
4438,14.725318,2.6885488,1 (Pop + Groove + Rock + Hip-Hop),smc___smc_272
4439,10.3719425,3.5844169,1 (Pop + Groove + Rock + Hip-Hop),smc___smc_273
4440,15.81735,2.2437153,1 (Pop + Groove + Rock + Hip-Hop),smc___smc_274
4441,9.620401,8.658859,1 (Pop + Groove + Rock + Hip-Hop),smc___smc_275
4442,20.302357,3.2058737,1 (Pop + Groove + Rock + Hip-Hop),smc___smc_276
4443,-13.039404,6.461159,2 (Classical + Jazz),smc___smc_277
4444,8.805326,3.661475,1 (Pop + Groove + Rock + Hip-Hop),smc___smc_278
4445,12.697703,5.6640377,1 (Pop + Groove + Rock + Hip-Hop),smc___smc_279
4446,9.904638,3.3199244,1 (Pop + Groove + Rock + Hip-Hop),smc___smc_280
4447,7.4443464,1.798783,1 (Pop + Groove + Rock + Hip-Hop),smc___smc_281
4448,6.9373465,2.0550656,1 (Pop + Groove + Rock + Hip-Hop),smc___smc_282
4449,18.057434,1.9344796,1 (Pop + Groove + Rock + Hip-Hop),smc___smc_283
4450,2.915534,-1.7368362,1 (Pop + Groove + Rock + Hip-Hop),smc___smc_284
4451,16.931572,-1.3171926,1 (Pop + Groove + Rock + Hip-Hop),smc___smc_285
4452,10.505275,6.279667,1 (Pop + Groove + Rock + Hip-Hop),smc___smc_286
4453,9.422582,2.7293115,1 (Pop + Groove + Rock + Hip-Hop),smc___smc_287
4454,12.091356,5.174028,1 (Pop + Groove + Rock + Hip-Hop),smc___smc_288
4455,-4.225605,-1.7711377,2 (Classical + Jazz),smc___smc_289
4456,6.5556574,-6.2900763,1 (Pop + Groove + Rock + Hip-Hop),tapcorrect___001_youtube_fV4DiAyExN0
4457,-1.4650716,0.44274953,2 (Classical + Jazz),tapcorrect___002_youtube_CvMfvuJsYmE
4458,8.101826,-2.196617,1 (Pop + Groove + Rock + Hip-Hop),tapcorrect___003_youtube_tXjqKzX28LI
4459,0.9143455,-3.7612438,1 (Pop + Groove + Rock + Hip-Hop),tapcorrect___004_youtube_IwOfCgkyEj0
4460,0.55157286,-4.4425955,1 (Pop + Groove + Rock + Hip-Hop),tapcorrect___005_youtube_RB-RcX5DS5A
4461,-2.0166185,-4.8443394,2 (Classical + Jazz),tapcorrect___006_youtube_I3gHugP6bPE
4462,4.8212886,-5.823891,1 (Pop + Groove + Rock + Hip-Hop),tapcorrect___007_youtube_9QnUOrTsxXA
4463,8.23854,4.229923,1 (Pop + Groove + Rock + Hip-Hop),tapcorrect___008_youtube_bg7RjxsghNY
4464,2.6355066,1.965035,1 (Pop + Groove + Rock + Hip-Hop),tapcorrect___009_youtube_hRFLv29K__o
4465,1.9652812,-3.8101854,1 (Pop + Groove + Rock + Hip-Hop),tapcorrect___010_youtube_80tX5MLX8QY
4466,3.1259217,1.1718042,1 (Pop + Groove + Rock + Hip-Hop),tapcorrect___011_youtube_M7u5SdjDSQQ
4467,1.7192209,-2.8501916,1 (Pop + Groove + Rock + Hip-Hop),tapcorrect___012_youtube_Va0vs1fhhNI
4468,5.9232874,-2.7619827,1 (Pop + Groove + Rock + Hip-Hop),tapcorrect___013_youtube_6iGpdkgr57g
4469,5.2096963,2.700306,1 (Pop + Groove + Rock + Hip-Hop),tapcorrect___014_youtube_53FGAgfYVsw
4470,11.87713,-4.7720633,1 (Pop + Groove + Rock + Hip-Hop),tapcorrect___015_youtube_ltRgb4SJ1uk
4471,5.118528,-2.5284097,1 (Pop + Groove + Rock + Hip-Hop),tapcorrect___016_youtube_eelfrHtmk68
4472,5.6051393,1.1654603,1 (Pop + Groove + Rock + Hip-Hop),tapcorrect___017_youtube_S6Nt1ssPLBA
4473,-4.0171223,-1.4726557,2 (Classical + Jazz),tapcorrect___018_youtube_wVyggTKDcOE
4474,-2.8132005,-7.52847,2 (Classical + Jazz),tapcorrect___019_youtube_jSDukB1pc30
4475,2.0892217,-6.6103673,1 (Pop + Groove + Rock + Hip-Hop),tapcorrect___020_youtube_0WrjMeHsfgM
4476,4.7259994,-3.8399851,1 (Pop + Groove + Rock + Hip-Hop),tapcorrect___021_youtube_lzdGpNGH9BI
4477,13.622268,-2.851988,1 (Pop + Groove + Rock + Hip-Hop),tapcorrect___022_youtube_Z4z0LjchwOo
4478,-4.9347014,-2.0052617,2 (Classical + Jazz),tapcorrect___024_youtube_S4X_l8PIobc
4479,11.678195,3.4250417,1 (Pop + Groove + Rock + Hip-Hop),tapcorrect___025_youtube_8jsFGdeWNPo
4480,5.5555587,-6.791478,1 (Pop + Groove + Rock + Hip-Hop),tapcorrect___026_youtube__X6DCz3pkYA
4481,3.3154874,-3.191162,1 (Pop + Groove + Rock + Hip-Hop),tapcorrect___027_youtube_iYYRH4apXDo
4482,6.3767524,-4.451367,1 (Pop + Groove + Rock + Hip-Hop),tapcorrect___028_youtube_StFfXP4eAgU
4483,-5.465469,-8.5272455,2 (Classical + Jazz),tapcorrect___029_youtube_41TNDPn9x2Y
4484,5.2250223,-7.4667277,1 (Pop + Groove + Rock + Hip-Hop),tapcorrect___030_youtube_U8EDgciZZFc
4485,0.6857789,-0.7137322,1 (Pop + Groove + Rock + Hip-Hop),tapcorrect___031_youtube_Y8R9ZPT2T-I
4486,10.865004,-0.39743963,1 (Pop + Groove + Rock + Hip-Hop),tapcorrect___032_youtube_zsmUOdmm02A
4487,7.131511,2.4656065,1 (Pop + Groove + Rock + Hip-Hop),tapcorrect___033_youtube_0Jj9rOwkfLM
4488,3.59305,-1.9353617,1 (Pop + Groove + Rock + Hip-Hop),tapcorrect___034_youtube_F6Dw6ZFmM4c
4489,-3.5760882,-1.8335059,2 (Classical + Jazz),tapcorrect___035_youtube_NCnT_grZvLE
4490,3.6013556,6.9718,1 (Pop + Groove + Rock + Hip-Hop),tapcorrect___036_youtube__-xZYhm6QgQ
4491,-15.309881,-5.4603086,2 (Classical + Jazz),tapcorrect___037_youtube_VYCOg-yglNM
4492,8.611561,-5.942977,1 (Pop + Groove + Rock + Hip-Hop),tapcorrect___038_youtube_eVTXPUF4Oz4
4493,4.2239676,-4.3894134,1 (Pop + Groove + Rock + Hip-Hop),tapcorrect___039_youtube_ph9NQ8ASmX4
4494,2.0773907,5.1869164,1 (Pop + Groove + Rock + Hip-Hop),tapcorrect___040_youtube_1zrxnqejwCk
4495,-5.3662786,-1.481774,2 (Classical + Jazz),tapcorrect___041_youtube_Eh44QPT1mPE
4496,6.618897,-6.9979377,1 (Pop + Groove + Rock + Hip-Hop),tapcorrect___042_youtube_uBMtdaRhDMY
4497,-15.822847,-5.3524423,2 (Classical + Jazz),tapcorrect___043_youtube_CWEqbuJ6DlQ
4498,8.73813,8.842113,1 (Pop + Groove + Rock + Hip-Hop),tapcorrect___044_youtube_BwKPJJxSnOE
4499,-0.17863984,-1.1581626,1 (Pop + Groove + Rock + Hip-Hop),tapcorrect___045_youtube_SYUgGs9IStY
4500,-3.1243434,0.20927283,2 (Classical + Jazz),tapcorrect___046_youtube_ebZZpVFUQDY
4501,9.747235,-0.14341262,1 (Pop + Groove + Rock + Hip-Hop),tapcorrect___047_youtube_WNa60w5HOB4
4502,2.1122847,-6.9116783,1 (Pop + Groove + Rock + Hip-Hop),tapcorrect___048_youtube_B_e7QbWc5mI
4503,-14.206549,-4.14809,2 (Classical + Jazz),tapcorrect___049_youtube_rSktfVJc_IM
4504,6.33405,-9.651027,1 (Pop + Groove + Rock + Hip-Hop),tapcorrect___050_youtube_vx2u5uUu3DE
4505,5.7480245,0.79070497,1 (Pop + Groove + Rock + Hip-Hop),tapcorrect___051_youtube_InYVlCCEqFc
4506,7.9801874,-6.7552495,1 (Pop + Groove + Rock + Hip-Hop),tapcorrect___052_youtube_LjffPO71TJs
4507,-0.434917,0.020021982,1 (Pop + Groove + Rock + Hip-Hop),tapcorrect___053_youtube_yuxchcK5Gek
4508,9.173669,-3.3891602,1 (Pop + Groove + Rock + Hip-Hop),tapcorrect___054_youtube_UgL4N4Hf1dk
4509,-2.7021964,-3.4169035,2 (Classical + Jazz),tapcorrect___055_youtube_LzLt9X4hoIE
4510,-1.6493208,-6.4885817,2 (Classical + Jazz),tapcorrect___056_youtube_alYFdNGVL1E
4511,6.4911203,-5.4570947,1 (Pop + Groove + Rock + Hip-Hop),tapcorrect___057_youtube_UrN3-lDk9Rs
4512,-1.8858463,0.8848466,2 (Classical + Jazz),tapcorrect___058_youtube_c5dwksSbD34
4513,-3.1048646,2.4129708,2 (Classical + Jazz),tapcorrect___059_youtube_-tJYN-eG1zk
4514,8.489179,-1.6199348,1 (Pop + Groove + Rock + Hip-Hop),tapcorrect___060_youtube_FY9v147BZuE
4515,9.40069,6.58658,1 (Pop + Groove + Rock + Hip-Hop),tapcorrect___061_youtube_KlujizeNNQM
4516,2.6007516,3.5272884,1 (Pop + Groove + Rock + Hip-Hop),tapcorrect___062_youtube_Yi3GJEEMX4s
4517,-2.9773376,-5.443496,2 (Classical + Jazz),tapcorrect___063_youtube_uFEK4fpYOS4
4518,-1.0179914,-4.1933727,2 (Classical + Jazz),tapcorrect___064_youtube_Xlv1tm2h7pY
4519,-1.7702177,-6.282604,2 (Classical + Jazz),tapcorrect___065_youtube_u9Dg-g7t2l4
4520,5.7400284,-3.0209684,1 (Pop + Groove + Rock + Hip-Hop),tapcorrect___066_youtube_H4BB9eGUEaE
4521,-2.7759678,-5.572742,2 (Classical + Jazz),tapcorrect___067_youtube_MbmFqUtK2aw
4522,3.195524,-4.835838,1 (Pop + Groove + Rock + Hip-Hop),tapcorrect___068_youtube_a8LcePfI6Hs
4523,3.782915,-6.4539475,1 (Pop + Groove + Rock + Hip-Hop),tapcorrect___069_youtube_8kl6q_9qZOs
4524,10.010989,2.406018,1 (Pop + Groove + Rock + Hip-Hop),tapcorrect___070_youtube_m-M1AtrxztU
4525,8.817187,-1.2925448,1 (Pop + Groove + Rock + Hip-Hop),tapcorrect___071_youtube_WBQ03PXMpqY
4526,3.0814953,-4.788388,1 (Pop + Groove + Rock + Hip-Hop),tapcorrect___072_youtube_sABVieMgwlA
4527,5.711148,4.872992,1 (Pop + Groove + Rock + Hip-Hop),tapcorrect___073_youtube_qZuH-5St80A
4528,6.7594676,5.5793533,1 (Pop + Groove + Rock + Hip-Hop),tapcorrect___074_youtube_aBqT2qWxDL8
4529,-1.2967846,-3.2480214,2 (Classical + Jazz),tapcorrect___075_youtube_p_6F5K_xP6Q
4530,4.7880645,3.150977,1 (Pop + Groove + Rock + Hip-Hop),tapcorrect___076_youtube_pjcOzqxu4JQ
4531,6.323944,-6.745682,1 (Pop + Groove + Rock + Hip-Hop),tapcorrect___077_youtube_g6FU3s6mbGI
4532,5.587257,9.590213,1 (Pop + Groove + Rock + Hip-Hop),tapcorrect___078_youtube_DL_uU76w5eQ
4533,-0.73732984,-1.5052065,2 (Classical + Jazz),tapcorrect___079_youtube_aEW001GcS9s
4534,1.8591402,-5.8988323,1 (Pop + Groove + Rock + Hip-Hop),tapcorrect___080_youtube_9z1A1R8RQZs
4535,2.7205963,1.6894171,1 (Pop + Groove + Rock + Hip-Hop),tapcorrect___081_youtube_pSdUOTuQzWQ
4536,5.2092714,3.3013208,1 (Pop + Groove + Rock + Hip-Hop),tapcorrect___082_youtube_M84S81FL5FY
4537,-3.6014771,-5.5327,2 (Classical + Jazz),tapcorrect___083_youtube_HfUoCF3dmbU
4538,3.8831422,-9.877673,1 (Pop + Groove + Rock + Hip-Hop),tapcorrect___084_youtube_zH9sXggRlxc
4539,-3.8382525,-2.8268385,2 (Classical + Jazz),tapcorrect___085_youtube_KEl7WjfbnSA
4540,5.005168,-3.7052402,1 (Pop + Groove + Rock + Hip-Hop),tapcorrect___086_youtube_-2WQ_caqBiY
4541,3.3369997,-5.7302866,1 (Pop + Groove + Rock + Hip-Hop),tapcorrect___087_youtube_ej93qIAlhXs
4542,9.0663185,9.314614,1 (Pop + Groove + Rock + Hip-Hop),tapcorrect___088_youtube_D1ACUFvxAGQ
4543,9.239137,5.625075,1 (Pop + Groove + Rock + Hip-Hop),tapcorrect___089_youtube_Ghg70fI6HLI
4544,7.4569373,-7.8605657,1 (Pop + Groove + Rock + Hip-Hop),tapcorrect___090_youtube_2tmc8rJgxUI
4545,4.7219086,-3.996546,1 (Pop + Groove + Rock + Hip-Hop),tapcorrect___091_youtube_NCtzkaL2t_Y
4546,7.6260915,-2.97564,1 (Pop + Groove + Rock + Hip-Hop),tapcorrect___092_youtube_oh2LWWORoiM
4547,4.683321,-7.0979285,1 (Pop + Groove + Rock + Hip-Hop),tapcorrect___093_youtube_C1lbOgBtE3w
4548,-13.224434,12.393778,2 (Classical + Jazz),tapcorrect___094_youtube_FrGARptU-kQ
4549,1.6114427,-5.5184083,1 (Pop + Groove + Rock + Hip-Hop),tapcorrect___095_youtube_zO6D_BAuYCI
4550,2.8335037,-10.505556,1 (Pop + Groove + Rock + Hip-Hop),tapcorrect___096_youtube_XAYhNHhxN0A
4551,8.200985,-3.9847908,1 (Pop + Groove + Rock + Hip-Hop),tapcorrect___097_youtube_Nco69szMp0Y
4552,3.477812,-2.1841338,1 (Pop + Groove + Rock + Hip-Hop),tapcorrect___098_youtube_MsduHmjQlgI
4553,-12.489492,-7.421536,2 (Classical + Jazz),tapcorrect___099_youtube_WHWqj6gKS9g
4554,0.054405957,-1.1165097,1 (Pop + Groove + Rock + Hip-Hop),tapcorrect___100_youtube_QinABEXzutY
4555,-8.047524,-8.892415,2 (Classical + Jazz),tapcorrect___101_youtube_O64IDCVI3eM
4556,-0.57765144,-5.3774633,2 (Classical + Jazz),tapcorrect___102_youtube_4aiWPx8RU7I
4557,1.5687646,-1.1725651,1 (Pop + Groove + Rock + Hip-Hop),gtzan___gtzan_blues_00000
4558,-1.0770324,-0.6892242,2 (Classical + Jazz),gtzan___gtzan_blues_00001
4559,3.1630485,0.8125236,1 (Pop + Groove + Rock + Hip-Hop),gtzan___gtzan_blues_00002
4560,-1.1984074,-1.6139445,2 (Classical + Jazz),gtzan___gtzan_blues_00003
4561,-1.794007,2.5502915,2 (Classical + Jazz),gtzan___gtzan_blues_00004
4562,-3.2718935,0.4037229,2 (Classical + Jazz),gtzan___gtzan_blues_00005
4563,-5.1953855,1.3637635,2 (Classical + Jazz),gtzan___gtzan_blues_00006
4564,-3.5323358,0.31204265,2 (Classical + Jazz),gtzan___gtzan_blues_00007
4565,-0.2362183,3.6485832,1 (Pop + Groove + Rock + Hip-Hop),gtzan___gtzan_blues_00008
4566,-4.193448,-0.17379177,2 (Classical + Jazz),gtzan___gtzan_blues_00009
4567,-3.4407725,1.8331124,2 (Classical + Jazz),gtzan___gtzan_blues_00010
4568,-4.5908213,-0.1429489,2 (Classical + Jazz),gtzan___gtzan_blues_00011
4569,-7.1740074,1.6651328,2 (Classical + Jazz),gtzan___gtzan_blues_00012
4570,-7.1131697,1.6546139,2 (Classical + Jazz),gtzan___gtzan_blues_00013
4571,-6.6268415,0.9070279,2 (Classical + Jazz),gtzan___gtzan_blues_00014
4572,-7.162164,1.2896631,2 (Classical + Jazz),gtzan___gtzan_blues_00015
4573,-7.0221176,1.3358036,2 (Classical + Jazz),gtzan___gtzan_blues_00016
4574,-7.1273212,1.8070941,2 (Classical + Jazz),gtzan___gtzan_blues_00017
4575,-6.160445,0.97414017,2 (Classical + Jazz),gtzan___gtzan_blues_00018
4576,-7.474303,2.104758,2 (Classical + Jazz),gtzan___gtzan_blues_00019
4577,-7.387735,1.853797,2 (Classical + Jazz),gtzan___gtzan_blues_00020
4578,-7.0995994,1.6841636,2 (Classical + Jazz),gtzan___gtzan_blues_00021
4579,-7.003663,1.8764997,2 (Classical + Jazz),gtzan___gtzan_blues_00022
4580,-7.580494,1.8989238,2 (Classical + Jazz),gtzan___gtzan_blues_00023
4581,-7.43515,1.826444,2 (Classical + Jazz),gtzan___gtzan_blues_00024
4582,-7.2884035,1.5742651,2 (Classical + Jazz),gtzan___gtzan_blues_00025
4583,-6.3996305,1.1302327,2 (Classical + Jazz),gtzan___gtzan_blues_00026
4584,-6.6220818,0.92171526,2 (Classical + Jazz),gtzan___gtzan_blues_00027
4585,-7.371264,1.6156018,2 (Classical + Jazz),gtzan___gtzan_blues_00028
4586,-3.694343,-0.08927352,2 (Classical + Jazz),gtzan___gtzan_blues_00029
4587,-2.5017831,-0.68933165,2 (Classical + Jazz),gtzan___gtzan_blues_00030
4588,-3.0157025,-0.9684295,2 (Classical + Jazz),gtzan___gtzan_blues_00031
4589,-3.9094756,-0.57074064,2 (Classical + Jazz),gtzan___gtzan_blues_00032
4590,-3.2438393,-0.70887077,2 (Classical + Jazz),gtzan___gtzan_blues_00033
4591,-3.078322,-0.6787184,2 (Classical + Jazz),gtzan___gtzan_blues_00034
4592,-2.6556034,-1.0882134,2 (Classical + Jazz),gtzan___gtzan_blues_00035
4593,-2.8618586,-1.0343636,2 (Classical + Jazz),gtzan___gtzan_blues_00036
4594,-4.870148,1.0191989,2 (Classical + Jazz),gtzan___gtzan_blues_00037
4595,-2.990717,-0.83596754,2 (Classical + Jazz),gtzan___gtzan_blues_00038
4596,-4.0026813,-0.67840713,2 (Classical + Jazz),gtzan___gtzan_blues_00039
4597,3.589374,3.1063256,1 (Pop + Groove + Rock + Hip-Hop),gtzan___gtzan_blues_00040
4598,1.4024746,-1.5911912,1 (Pop + Groove + Rock + Hip-Hop),gtzan___gtzan_blues_00041
4599,-0.6147034,-6.231764,2 (Classical + Jazz),gtzan___gtzan_blues_00042
4600,1.9119564,-1.3989693,1 (Pop + Groove + Rock + Hip-Hop),gtzan___gtzan_blues_00043
4601,15.677262,-5.4367313,1 (Pop + Groove + Rock + Hip-Hop),gtzan___gtzan_blues_00044
4602,13.313662,9.372383,1 (Pop + Groove + Rock + Hip-Hop),gtzan___gtzan_blues_00045
4603,-0.5342958,-0.15161465,1 (Pop + Groove + Rock + Hip-Hop),gtzan___gtzan_blues_00046
4604,-0.5243425,-6.547752,2 (Classical + Jazz),gtzan___gtzan_blues_00047
4605,1.5452828,-1.4908409,1 (Pop + Groove + Rock + Hip-Hop),gtzan___gtzan_blues_00048
4606,-0.7340656,-6.348908,2 (Classical + Jazz),gtzan___gtzan_blues_00049
4607,1.8029749,-1.3944147,1 (Pop + Groove + Rock + Hip-Hop),gtzan___gtzan_blues_00050
4608,1.9793719,-1.5569025,1 (Pop + Groove + Rock + Hip-Hop),gtzan___gtzan_blues_00051
4609,-1.1131394,-2.6122243,2 (Classical + Jazz),gtzan___gtzan_blues_00052
4610,1.8104562,-1.3851943,1 (Pop + Groove + Rock + Hip-Hop),gtzan___gtzan_blues_00053
4611,2.0718682,-0.30897132,1 (Pop + Groove + Rock + Hip-Hop),gtzan___gtzan_blues_00054
4612,1.7612811,-0.99319726,1 (Pop + Groove + Rock + Hip-Hop),gtzan___gtzan_blues_00055
4613,-0.8358996,-2.8637097,2 (Classical + Jazz),gtzan___gtzan_blues_00056
4614,1.6246717,-1.2949555,1 (Pop + Groove + Rock + Hip-Hop),gtzan___gtzan_blues_00057
4615,1.1724051,-1.7939435,1 (Pop + Groove + Rock + Hip-Hop),gtzan___gtzan_blues_00058
4616,1.861359,-1.5114267,1 (Pop + Groove + Rock + Hip-Hop),gtzan___gtzan_blues_00059
4617,1.9549688,-1.2293798,1 (Pop + Groove + Rock + Hip-Hop),gtzan___gtzan_blues_00060
4618,0.84861356,5.2433915,1 (Pop + Groove + Rock + Hip-Hop),gtzan___gtzan_blues_00061
4619,1.3849095,0.018157046,1 (Pop + Groove + Rock + Hip-Hop),gtzan___gtzan_blues_00062
4620,1.3144048,-0.9027661,1 (Pop + Groove + Rock + Hip-Hop),gtzan___gtzan_blues_00063
4621,0.78946626,5.197914,1 (Pop + Groove + Rock + Hip-Hop),gtzan___gtzan_blues_00064
4622,1.37908,-0.2903389,1 (Pop + Groove + Rock + Hip-Hop),gtzan___gtzan_blues_00065
4623,1.586633,0.07929742,1 (Pop + Groove + Rock + Hip-Hop),gtzan___gtzan_blues_00066
4624,1.4640775,-0.30866167,1 (Pop + Groove + Rock + Hip-Hop),gtzan___gtzan_blues_00067
4625,0.8147038,5.26608,1 (Pop + Groove + Rock + Hip-Hop),gtzan___gtzan_blues_00068
4626,1.1173149,-0.6525835,1 (Pop + Groove + Rock + Hip-Hop),gtzan___gtzan_blues_00069
4627,1.3590996,-0.041653395,1 (Pop + Groove + Rock + Hip-Hop),gtzan___gtzan_blues_00070
4628,0.7655591,5.1928596,1 (Pop + Groove + Rock + Hip-Hop),gtzan___gtzan_blues_00071
4629,1.2550126,-6.8887606,1 (Pop + Groove + Rock + Hip-Hop),gtzan___gtzan_blues_00072
4630,4.6251597,-1.5536377,1 (Pop + Groove + Rock + Hip-Hop),gtzan___gtzan_blues_00073
4631,3.7721143,0.82665664,1 (Pop + Groove + Rock + Hip-Hop),gtzan___gtzan_blues_00074
4632,4.6221223,1.7873961,1 (Pop + Groove + Rock + Hip-Hop),gtzan___gtzan_blues_00075
4633,2.5106318,1.0636921,1 (Pop + Groove + Rock + Hip-Hop),gtzan___gtzan_blues_00076
4634,4.477274,2.0470638,1 (Pop + Groove + Rock + Hip-Hop),gtzan___gtzan_blues_00077
4635,14.108885,-4.4317827,1 (Pop + Groove + Rock + Hip-Hop),gtzan___gtzan_blues_00078
4636,7.971875,-2.4255955,1 (Pop + Groove + Rock + Hip-Hop),gtzan___gtzan_blues_00079
4637,3.4781177,2.1972585,1 (Pop + Groove + Rock + Hip-Hop),gtzan___gtzan_blues_00080
4638,1.204591,9.002121,1 (Pop + Groove + Rock + Hip-Hop),gtzan___gtzan_blues_00081
4639,5.121611,-1.763519,1 (Pop + Groove + Rock + Hip-Hop),gtzan___gtzan_blues_00082
4640,14.146189,-4.068247,1 (Pop + Groove + Rock + Hip-Hop),gtzan___gtzan_blues_00083
4641,4.330458,8.879452,1 (Pop + Groove + Rock + Hip-Hop),gtzan___gtzan_blues_00084
4642,-3.199638,-0.42818505,2 (Classical + Jazz),gtzan___gtzan_blues_00085
4643,-2.950601,0.113633126,2 (Classical + Jazz),gtzan___gtzan_blues_00086
4644,-2.677662,-0.22995661,2 (Classical + Jazz),gtzan___gtzan_blues_00087
4645,1.066703,1.1699749,1 (Pop + Groove + Rock + Hip-Hop),gtzan___gtzan_blues_00088
4646,-5.6451907,-0.37524858,2 (Classical + Jazz),gtzan___gtzan_blues_00089
4647,-2.8366153,0.43155962,2 (Classical + Jazz),gtzan___gtzan_blues_00090
4648,-3.0167205,0.29884732,2 (Classical + Jazz),gtzan___gtzan_blues_00091
4649,-5.058726,-0.70748705,2 (Classical + Jazz),gtzan___gtzan_blues_00092
4650,-5.9746447,-1.2352852,2 (Classical + Jazz),gtzan___gtzan_blues_00093
4651,-2.934163,-0.28210074,2 (Classical + Jazz),gtzan___gtzan_blues_00094
4652,-2.0062685,-0.08238745,2 (Classical + Jazz),gtzan___gtzan_blues_00095
4653,-4.821335,-1.5092576,2 (Classical + Jazz),gtzan___gtzan_blues_00096
4654,-0.0010332714,-0.20072006,1 (Pop + Groove + Rock + Hip-Hop),gtzan___gtzan_blues_00097
4655,2.5976288,-2.0306659,1 (Pop + Groove + Rock + Hip-Hop),gtzan___gtzan_blues_00098
4656,-2.0067086,-3.9618847,2 (Classical + Jazz),gtzan___gtzan_blues_00099
4657,-13.831419,-10.49058,2 (Classical + Jazz),gtzan___gtzan_classical_00000
4658,-13.152488,-10.179932,2 (Classical + Jazz),gtzan___gtzan_classical_00001
4659,-16.87204,-10.562105,2 (Classical + Jazz),gtzan___gtzan_classical_00002
4660,-12.894707,-9.4554205,2 (Classical + Jazz),gtzan___gtzan_classical_00003
4661,-13.2106495,-10.928338,2 (Classical + Jazz),gtzan___gtzan_classical_00004
4662,-14.132746,-10.324856,2 (Classical + Jazz),gtzan___gtzan_classical_00005
4663,-13.467163,-9.659662,2 (Classical + Jazz),gtzan___gtzan_classical_00006
4664,-14.51825,-10.073786,2 (Classical + Jazz),gtzan___gtzan_classical_00007
4665,-13.900376,-9.949679,2 (Classical + Jazz),gtzan___gtzan_classical_00008
4666,-13.405809,-8.632381,2 (Classical + Jazz),gtzan___gtzan_classical_00009
4667,-14.243515,-10.226154,2 (Classical + Jazz),gtzan___gtzan_classical_00010
4668,-13.436992,-8.966811,2 (Classical + Jazz),gtzan___gtzan_classical_00011
4669,-13.478261,-9.458902,2 (Classical + Jazz),gtzan___gtzan_classical_00012
4670,-13.974724,-10.095999,2 (Classical + Jazz),gtzan___gtzan_classical_00013
4671,-13.135825,-9.80548,2 (Classical + Jazz),gtzan___gtzan_classical_00014
4672,-11.720388,-9.063293,2 (Classical + Jazz),gtzan___gtzan_classical_00015
4673,-12.885187,-8.622805,2 (Classical + Jazz),gtzan___gtzan_classical_00016
4674,-12.582544,-10.331385,2 (Classical + Jazz),gtzan___gtzan_classical_00017
4675,-12.716306,-8.943673,2 (Classical + Jazz),gtzan___gtzan_classical_00018
4676,-13.490936,-8.8799925,2 (Classical + Jazz),gtzan___gtzan_classical_00019
4677,-14.129896,-10.246112,2 (Classical + Jazz),gtzan___gtzan_classical_00020
4678,-14.359574,-10.094241,2 (Classical + Jazz),gtzan___gtzan_classical_00021
4679,-14.162545,-9.982429,2 (Classical + Jazz),gtzan___gtzan_classical_00022
4680,-13.076187,-9.229546,2 (Classical + Jazz),gtzan___gtzan_classical_00023
4681,-14.913473,-11.060598,2 (Classical + Jazz),gtzan___gtzan_classical_00024
4682,-15.574364,-11.063869,2 (Classical + Jazz),gtzan___gtzan_classical_00025
4683,-13.920003,-9.927343,2 (Classical + Jazz),gtzan___gtzan_classical_00026
4684,-11.712738,-9.14543,2 (Classical + Jazz),gtzan___gtzan_classical_00027
4685,-14.175852,-10.123091,2 (Classical + Jazz),gtzan___gtzan_classical_00028
4686,-13.141857,-10.315425,2 (Classical + Jazz),gtzan___gtzan_classical_00029
4687,-16.162674,-9.592799,2 (Classical + Jazz),gtzan___gtzan_classical_00030
4688,-20.18881,-10.80093,2 (Classical + Jazz),gtzan___gtzan_classical_00031
4689,-13.263384,-6.9582195,2 (Classical + Jazz),gtzan___gtzan_classical_00032
4690,-13.306482,-8.360369,2 (Classical + Jazz),gtzan___gtzan_classical_00033
4691,-13.072246,-9.33876,2 (Classical + Jazz),gtzan___gtzan_classical_00034
4692,-10.593354,-3.7186344,2 (Classical + Jazz),gtzan___gtzan_classical_00035
4693,-12.6985855,-8.728184,2 (Classical + Jazz),gtzan___gtzan_classical_00036
4694,-15.230298,-9.618113,2 (Classical + Jazz),gtzan___gtzan_classical_00037
4695,-14.880908,-8.266729,2 (Classical + Jazz),gtzan___gtzan_classical_00038
4696,-11.7404175,-8.620431,2 (Classical + Jazz),gtzan___gtzan_classical_00039
4697,-12.3598175,-8.456991,2 (Classical + Jazz),gtzan___gtzan_classical_00040
4698,-12.955949,-8.13863,2 (Classical + Jazz),gtzan___gtzan_classical_00041
4699,-14.889681,-11.199659,2 (Classical + Jazz),gtzan___gtzan_classical_00042
4700,-15.381288,-7.66769,2 (Classical + Jazz),gtzan___gtzan_classical_00043
4701,-12.879986,-9.317277,2 (Classical + Jazz),gtzan___gtzan_classical_00044
4702,-17.274221,-7.9644256,2 (Classical + Jazz),gtzan___gtzan_classical_00045
4703,-13.934162,-12.231625,2 (Classical + Jazz),gtzan___gtzan_classical_00046
4704,-13.44676,-8.599245,2 (Classical + Jazz),gtzan___gtzan_classical_00047
4705,-15.987839,-10.564672,2 (Classical + Jazz),gtzan___gtzan_classical_00048
4706,-14.289904,-11.852233,2 (Classical + Jazz),gtzan___gtzan_classical_00049
4707,-11.039339,-9.000447,2 (Classical + Jazz),gtzan___gtzan_classical_00050
4708,-9.535854,-3.4406464,2 (Classical + Jazz),gtzan___gtzan_classical_00051
4709,-9.54175,-4.5249767,2 (Classical + Jazz),gtzan___gtzan_classical_00052
4710,-8.595283,-4.0654044,2 (Classical + Jazz),gtzan___gtzan_classical_00053
4711,-7.236448,-3.1930246,2 (Classical + Jazz),gtzan___gtzan_classical_00054
4712,-13.277405,-6.868182,2 (Classical + Jazz),gtzan___gtzan_classical_00055
4713,-6.845547,-4.197435,2 (Classical + Jazz),gtzan___gtzan_classical_00056
4714,-14.309389,-7.1593213,2 (Classical + Jazz),gtzan___gtzan_classical_00057
4715,-12.304486,-8.799458,2 (Classical + Jazz),gtzan___gtzan_classical_00058
4716,-15.227752,-11.681465,2 (Classical + Jazz),gtzan___gtzan_classical_00059
4717,-15.2442,-11.700871,2 (Classical + Jazz),gtzan___gtzan_classical_00060
4718,-15.224527,-10.822224,2 (Classical + Jazz),gtzan___gtzan_classical_00061
4719,-14.787954,-8.382247,2 (Classical + Jazz),gtzan___gtzan_classical_00062
4720,-17.110235,-4.9316096,2 (Classical + Jazz),gtzan___gtzan_classical_00063
4721,-16.628904,-4.179629,2 (Classical + Jazz),gtzan___gtzan_classical_00064
4722,-19.118015,-4.954055,2 (Classical + Jazz),gtzan___gtzan_classical_00065
4723,-19.365099,-5.2497787,2 (Classical + Jazz),gtzan___gtzan_classical_00066
4724,-16.98311,-4.1256576,2 (Classical + Jazz),gtzan___gtzan_classical_00067
4725,-12.919328,-10.91708,2 (Classical + Jazz),gtzan___gtzan_classical_00068
4726,-12.218472,-9.168307,2 (Classical + Jazz),gtzan___gtzan_classical_00069
4727,-14.445194,-10.727489,2 (Classical + Jazz),gtzan___gtzan_classical_00070
4728,-13.656834,-9.979157,2 (Classical + Jazz),gtzan___gtzan_classical_00071
4729,-14.209467,-10.064392,2 (Classical + Jazz),gtzan___gtzan_classical_00072
4730,-14.350567,-10.557111,2 (Classical + Jazz),gtzan___gtzan_classical_00073
4731,-13.966362,-10.482324,2 (Classical + Jazz),gtzan___gtzan_classical_00074
4732,-13.832889,-9.2878685,2 (Classical + Jazz),gtzan___gtzan_classical_00075
4733,-14.613324,-10.484982,2 (Classical + Jazz),gtzan___gtzan_classical_00076
4734,-17.383698,-4.0573044,2 (Classical + Jazz),gtzan___gtzan_classical_00077
4735,-17.296291,-4.244931,2 (Classical + Jazz),gtzan___gtzan_classical_00078
4736,-21.012362,-7.3933215,2 (Classical + Jazz),gtzan___gtzan_classical_00079
4737,-14.138464,-4.484666,2 (Classical + Jazz),gtzan___gtzan_classical_00080
4738,-14.355811,-9.038666,2 (Classical + Jazz),gtzan___gtzan_classical_00081
4739,-14.579144,-9.61651,2 (Classical + Jazz),gtzan___gtzan_classical_00082
4740,-13.225506,-8.722031,2 (Classical + Jazz),gtzan___gtzan_classical_00083
4741,-14.196066,-8.459083,2 (Classical + Jazz),gtzan___gtzan_classical_00084
4742,-15.33365,-11.201393,2 (Classical + Jazz),gtzan___gtzan_classical_00085
4743,-15.465973,-11.283683,2 (Classical + Jazz),gtzan___gtzan_classical_00086
4744,-13.48263,-7.8480773,2 (Classical + Jazz),gtzan___gtzan_classical_00087
4745,-16.058222,-10.22367,2 (Classical + Jazz),gtzan___gtzan_classical_00088
4746,-11.77453,-10.799613,2 (Classical + Jazz),gtzan___gtzan_classical_00089
4747,-11.862349,-9.560131,2 (Classical + Jazz),gtzan___gtzan_classical_00090
4748,-12.96916,-10.487755,2 (Classical + Jazz),gtzan___gtzan_classical_00091
4749,-10.687735,-9.840997,2 (Classical + Jazz),gtzan___gtzan_classical_00092
4750,-17.32217,-10.37625,2 (Classical + Jazz),gtzan___gtzan_classical_00093
4751,-13.514782,-8.92797,2 (Classical + Jazz),gtzan___gtzan_classical_00094
4752,-12.569919,-8.914923,2 (Classical + Jazz),gtzan___gtzan_classical_00095
4753,-13.67894,-10.385675,2 (Classical + Jazz),gtzan___gtzan_classical_00096
4754,-13.247384,-10.749154,2 (Classical + Jazz),gtzan___gtzan_classical_00097
4755,-14.216306,-11.008919,2 (Classical + Jazz),gtzan___gtzan_classical_00098
4756,-9.765387,-9.682465,2 (Classical + Jazz),gtzan___gtzan_classical_00099
4757,3.8495069,-4.917003,1 (Pop + Groove + Rock + Hip-Hop),gtzan___gtzan_country_00000
4758,5.3824134,-5.8953466,1 (Pop + Groove + Rock + Hip-Hop),gtzan___gtzan_country_00001
4759,-3.0867858,3.5092208,2 (Classical + Jazz),gtzan___gtzan_country_00002
4760,-0.23138212,-3.2217627,1 (Pop + Groove + Rock + Hip-Hop),gtzan___gtzan_country_00003
4761,5.2704754,-6.0782237,1 (Pop + Groove + Rock + Hip-Hop),gtzan___gtzan_country_00004
4762,9.263712,-3.4494445,1 (Pop + Groove + Rock + Hip-Hop),gtzan___gtzan_country_00005
4763,3.5386255,-5.1834984,1 (Pop + Groove + Rock + Hip-Hop),gtzan___gtzan_country_00006
4764,4.83624,-5.0879936,1 (Pop + Groove + Rock + Hip-Hop),gtzan___gtzan_country_00007
4765,3.1737535,-6.0335393,1 (Pop + Groove + Rock + Hip-Hop),gtzan___gtzan_country_00008
4766,7.6895256,-6.0593925,1 (Pop + Groove + Rock + Hip-Hop),gtzan___gtzan_country_00009
4767,-4.363587,-2.3781397,2 (Classical + Jazz),gtzan___gtzan_country_00010
4768,-4.4244275,0.43765417,2 (Classical + Jazz),gtzan___gtzan_country_00011
4769,0.09767556,-2.721109,1 (Pop + Groove + Rock + Hip-Hop),gtzan___gtzan_country_00012
4770,1.198442,-2.9391594,1 (Pop + Groove + Rock + Hip-Hop),gtzan___gtzan_country_00013
4771,3.463489,-3.4438927,1 (Pop + Groove + Rock + Hip-Hop),gtzan___gtzan_country_00014
4772,-2.0659168,0.6682493,2 (Classical + Jazz),gtzan___gtzan_country_00015
4773,-4.872029,0.744808,2 (Classical + Jazz),gtzan___gtzan_country_00016
4774,-3.102843,-8.304812,2 (Classical + Jazz),gtzan___gtzan_country_00017
4775,0.1966915,-3.0421197,1 (Pop + Groove + Rock + Hip-Hop),gtzan___gtzan_country_00018
4776,-4.860525,-1.7419642,2 (Classical + Jazz),gtzan___gtzan_country_00019
4777,-3.8990872,-2.296006,2 (Classical + Jazz),gtzan___gtzan_country_00020
4778,-3.7801647,-1.4601996,2 (Classical + Jazz),gtzan___gtzan_country_00021
4779,-4.568803,-2.5504005,2 (Classical + Jazz),gtzan___gtzan_country_00022
4780,-4.7505274,-1.9172149,2 (Classical + Jazz),gtzan___gtzan_country_00023
4781,-2.1453986,-2.397008,2 (Classical + Jazz),gtzan___gtzan_country_00024
4782,-1.4796216,-3.8019464,2 (Classical + Jazz),gtzan___gtzan_country_00025
4783,-2.5010023,-2.5592043,2 (Classical + Jazz),gtzan___gtzan_country_00026
4784,0.6905056,-0.70528734,1 (Pop + Groove + Rock + Hip-Hop),gtzan___gtzan_country_00027
4785,-1.5132369,-3.0785937,2 (Classical + Jazz),gtzan___gtzan_country_00028
4786,-1.1459785,-2.1827729,2 (Classical + Jazz),gtzan___gtzan_country_00029
4787,-15.246482,-4.160791,2 (Classical + Jazz),gtzan___gtzan_country_00030
4788,-0.18242635,-3.3114073,1 (Pop + Groove + Rock + Hip-Hop),gtzan___gtzan_country_00031
4789,-1.9032632,-2.409612,2 (Classical + Jazz),gtzan___gtzan_country_00032
4790,0.52834797,-2.8216362,1 (Pop + Groove + Rock + Hip-Hop),gtzan___gtzan_country_00033
4791,4.61927,3.3104577,1 (Pop + Groove + Rock + Hip-Hop),gtzan___gtzan_country_00034
4792,0.1952311,-2.4351242,1 (Pop + Groove + Rock + Hip-Hop),gtzan___gtzan_country_00035
4793,-4.659955,-1.5619447,2 (Classical + Jazz),gtzan___gtzan_country_00036
4794,-1.2338027,-3.1943727,2 (Classical + Jazz),gtzan___gtzan_country_00037
4795,1.6212828,-3.01085,1 (Pop + Groove + Rock + Hip-Hop),gtzan___gtzan_country_00038
4796,7.8345237,8.542634,1 (Pop + Groove + Rock + Hip-Hop),gtzan___gtzan_country_00039
4797,1.3190377,-2.9661446,1 (Pop + Groove + Rock + Hip-Hop),gtzan___gtzan_country_00040
4798,-0.14364697,-2.5978205,1 (Pop + Groove + Rock + Hip-Hop),gtzan___gtzan_country_00041
4799,1.0111204,-3.2712667,1 (Pop + Groove + Rock + Hip-Hop),gtzan___gtzan_country_00042
4800,0.7314941,-3.2456884,1 (Pop + Groove + Rock + Hip-Hop),gtzan___gtzan_country_00043
4801,-1.3674457,-3.192613,2 (Classical + Jazz),gtzan___gtzan_country_00044
4802,3.7481163,-4.4065514,1 (Pop + Groove + Rock + Hip-Hop),gtzan___gtzan_country_00045
4803,-0.58319473,-1.9872804,1 (Pop + Groove + Rock + Hip-Hop),gtzan___gtzan_country_00046
4804,-1.9705427,-2.2880826,2 (Classical + Jazz),gtzan___gtzan_country_00047
4805,-0.4950337,0.9275048,1 (Pop + Groove + Rock + Hip-Hop),gtzan___gtzan_country_00048
4806,0.33731255,-4.2535057,1 (Pop + Groove + Rock + Hip-Hop),gtzan___gtzan_country_00049
4807,0.35127184,-5.087136,1 (Pop + Groove + Rock + Hip-Hop),gtzan___gtzan_country_00050
4808,-1.9494412,-3.190207,2 (Classical + Jazz),gtzan___gtzan_country_00051
4809,-2.2754788,-2.9125674,2 (Classical + Jazz),gtzan___gtzan_country_00052
4810,2.0918732,-1.7537837,1 (Pop + Groove + Rock + Hip-Hop),gtzan___gtzan_country_00053
4811,-0.90141857,-3.954983,2 (Classical + Jazz),gtzan___gtzan_country_00054
4812,2.2727423,-5.2042255,1 (Pop + Groove + Rock + Hip-Hop),gtzan___gtzan_country_00055
4813,-1.7900993,-3.6675045,2 (Classical + Jazz),gtzan___gtzan_country_00056
4814,-2.4525857,-3.4319224,2 (Classical + Jazz),gtzan___gtzan_country_00057
4815,0.74842024,-5.1016507,1 (Pop + Groove + Rock + Hip-Hop),gtzan___gtzan_country_00058
4816,-2.405351,-3.831319,2 (Classical + Jazz),gtzan___gtzan_country_00059
4817,-1.2523552,-3.763352,2 (Classical + Jazz),gtzan___gtzan_country_00060
4818,-1.1793046,-3.4175136,2 (Classical + Jazz),gtzan___gtzan_country_00061
4819,2.1289043,-1.4189504,1 (Pop + Groove + Rock + Hip-Hop),gtzan___gtzan_country_00062
4820,-1.4480897,-4.281924,2 (Classical + Jazz),gtzan___gtzan_country_00063
4821,-3.0189888,-4.457378,2 (Classical + Jazz),gtzan___gtzan_country_00064
4822,-4.3770523,-1.213991,2 (Classical + Jazz),gtzan___gtzan_country_00065
4823,2.546132,-6.717443,1 (Pop + Groove + Rock + Hip-Hop),gtzan___gtzan_country_00066
4824,-5.048148,-0.84246206,2 (Classical + Jazz),gtzan___gtzan_country_00067
4825,-3.1125278,-2.1605346,2 (Classical + Jazz),gtzan___gtzan_country_00068
4826,-3.6109905,-4.513166,2 (Classical + Jazz),gtzan___gtzan_country_00069
4827,1.1293955,-2.2766843,1 (Pop + Groove + Rock + Hip-Hop),gtzan___gtzan_country_00070
4828,-3.9774132,-2.2344162,2 (Classical + Jazz),gtzan___gtzan_country_00071
4829,0.07233291,-3.7082715,1 (Pop + Groove + Rock + Hip-Hop),gtzan___gtzan_country_00072
4830,-0.6793506,-2.9415283,2 (Classical + Jazz),gtzan___gtzan_country_00073
4831,-3.6913605,-1.4569719,2 (Classical + Jazz),gtzan___gtzan_country_00074
4832,4.468179,-2.942432,1 (Pop + Groove + Rock + Hip-Hop),gtzan___gtzan_country_00075
4833,-2.6166089,-1.1148669,2 (Classical + Jazz),gtzan___gtzan_country_00076
4834,-0.42176384,-1.2001683,1 (Pop + Groove + Rock + Hip-Hop),gtzan___gtzan_country_00077
4835,-5.3861055,-1.3340344,2 (Classical + Jazz),gtzan___gtzan_country_00078
4836,-3.5211143,-2.4353445,2 (Classical + Jazz),gtzan___gtzan_country_00079
4837,0.62053937,-2.9335256,1 (Pop + Groove + Rock + Hip-Hop),gtzan___gtzan_country_00080
4838,2.1958652,-1.9451832,1 (Pop + Groove + Rock + Hip-Hop),gtzan___gtzan_country_00081
4839,1.2269269,-1.9892441,1 (Pop + Groove + Rock + Hip-Hop),gtzan___gtzan_country_00082
4840,-2.074373,-2.8234806,2 (Classical + Jazz),gtzan___gtzan_country_00083
4841,0.79116696,-2.4261298,1 (Pop + Groove + Rock + Hip-Hop),gtzan___gtzan_country_00084
4842,-0.82310814,-2.803424,2 (Classical + Jazz),gtzan___gtzan_country_00085
4843,0.7521646,-1.1616422,1 (Pop + Groove + Rock + Hip-Hop),gtzan___gtzan_country_00086
4844,-1.8344264,-2.8557274,2 (Classical + Jazz),gtzan___gtzan_country_00087
4845,-0.37975523,-2.815524,1 (Pop + Groove + Rock + Hip-Hop),gtzan___gtzan_country_00088
4846,-2.1839166,-3.0137582,2 (Classical + Jazz),gtzan___gtzan_country_00089
4847,0.7520367,-3.3265736,1 (Pop + Groove + Rock + Hip-Hop),gtzan___gtzan_country_00090
4848,-3.5841534,-1.4537408,2 (Classical + Jazz),gtzan___gtzan_country_00091
4849,3.2617908,-7.484649,1 (Pop + Groove + Rock + Hip-Hop),gtzan___gtzan_country_00092
4850,-3.8423722,-1.7916013,2 (Classical + Jazz),gtzan___gtzan_country_00093
4851,0.4063304,-3.3436604,1 (Pop + Groove + Rock + Hip-Hop),gtzan___gtzan_country_00094
4852,-0.18886799,-3.2049868,1 (Pop + Groove + Rock + Hip-Hop),gtzan___gtzan_country_00095
4853,0.6402867,-3.2878594,1 (Pop + Groove + Rock + Hip-Hop),gtzan___gtzan_country_00096
4854,-1.0238299,-3.177003,2 (Classical + Jazz),gtzan___gtzan_country_00097
4855,-0.9254479,-3.6320994,2 (Classical + Jazz),gtzan___gtzan_country_00098
4856,3.2006626,-3.1896574,1 (Pop + Groove + Rock + Hip-Hop),gtzan___gtzan_country_00099
4857,15.27583,3.6459932,1 (Pop + Groove + Rock + Hip-Hop),gtzan___gtzan_disco_00000
4858,13.011527,-4.118368,1 (Pop + Groove + Rock + Hip-Hop),gtzan___gtzan_disco_00001
4859,4.8613544,-0.3876772,1 (Pop + Groove + Rock + Hip-Hop),gtzan___gtzan_disco_00002
4860,12.171761,0.5060801,1 (Pop + Groove + Rock + Hip-Hop),gtzan___gtzan_disco_00003
4861,2.5418465,-2.3460848,1 (Pop + Groove + Rock + Hip-Hop),gtzan___gtzan_disco_00004
4862,8.327273,-0.49538416,1 (Pop + Groove + Rock + Hip-Hop),gtzan___gtzan_disco_00005
4863,11.330517,-4.2393265,1 (Pop + Groove + Rock + Hip-Hop),gtzan___gtzan_disco_00006
4864,6.476666,-1.8528051,1 (Pop + Groove + Rock + Hip-Hop),gtzan___gtzan_disco_00007
4865,8.58783,-3.6395853,1 (Pop + Groove + Rock + Hip-Hop),gtzan___gtzan_disco_00008
4866,12.388701,-0.32541552,1 (Pop + Groove + Rock + Hip-Hop),gtzan___gtzan_disco_00009
4867,8.4015465,-3.9489489,1 (Pop + Groove + Rock + Hip-Hop),gtzan___gtzan_disco_00010
4868,11.779903,0.19988622,1 (Pop + Groove + Rock + Hip-Hop),gtzan___gtzan_disco_00011
4869,7.822314,-0.16376384,1 (Pop + Groove + Rock + Hip-Hop),gtzan___gtzan_disco_00012
4870,10.81829,-5.219925,1 (Pop + Groove + Rock + Hip-Hop),gtzan___gtzan_disco_00013
4871,10.016823,-3.6753755,1 (Pop + Groove + Rock + Hip-Hop),gtzan___gtzan_disco_00014
4872,5.213984,-5.858691,1 (Pop + Groove + Rock + Hip-Hop),gtzan___gtzan_disco_00015
4873,8.182406,-0.46123245,1 (Pop + Groove + Rock + Hip-Hop),gtzan___gtzan_disco_00016
4874,9.743204,1.2650851,1 (Pop + Groove + Rock + Hip-Hop),gtzan___gtzan_disco_00017
4875,13.548203,-0.31205857,1 (Pop + Groove + Rock + Hip-Hop),gtzan___gtzan_disco_00018
4876,2.2908125,0.3490323,1 (Pop + Groove + Rock + Hip-Hop),gtzan___gtzan_disco_00019
4877,2.2547028,-5.867858,1 (Pop + Groove + Rock + Hip-Hop),gtzan___gtzan_disco_00020
4878,19.359844,2.6903582,1 (Pop + Groove + Rock + Hip-Hop),gtzan___gtzan_disco_00021
4879,5.187054,-0.7561499,1 (Pop + Groove + Rock + Hip-Hop),gtzan___gtzan_disco_00022
4880,9.452125,-2.2768812,1 (Pop + Groove + Rock + Hip-Hop),gtzan___gtzan_disco_00023
4881,8.720787,-2.1280901,1 (Pop + Groove + Rock + Hip-Hop),gtzan___gtzan_disco_00024
4882,4.519778,3.4241223,1 (Pop + Groove + Rock + Hip-Hop),gtzan___gtzan_disco_00025
4883,14.100092,-1.8827547,1 (Pop + Groove + Rock + Hip-Hop),gtzan___gtzan_disco_00026
4884,12.134669,5.6798577,1 (Pop + Groove + Rock + Hip-Hop),gtzan___gtzan_disco_00027
4885,11.47271,-0.07944971,1 (Pop + Groove + Rock + Hip-Hop),gtzan___gtzan_disco_00028
4886,7.1811333,-1.1270334,1 (Pop + Groove + Rock + Hip-Hop),gtzan___gtzan_disco_00029
4887,16.285852,-2.0513053,1 (Pop + Groove + Rock + Hip-Hop),gtzan___gtzan_disco_00030
4888,2.4847739,-2.2220335,1 (Pop + Groove + Rock + Hip-Hop),gtzan___gtzan_disco_00031
4889,4.3798404,2.6374233,1 (Pop + Groove + Rock + Hip-Hop),gtzan___gtzan_disco_00032
4890,9.087253,-2.8812478,1 (Pop + Groove + Rock + Hip-Hop),gtzan___gtzan_disco_00033
4891,4.0117,-3.88395,1 (Pop + Groove + Rock + Hip-Hop),gtzan___gtzan_disco_00034
4892,13.937558,-2.5018218,1 (Pop + Groove + Rock + Hip-Hop),gtzan___gtzan_disco_00035
4893,8.803968,-2.8811767,1 (Pop + Groove + Rock + Hip-Hop),gtzan___gtzan_disco_00036
4894,11.318402,0.17312387,1 (Pop + Groove + Rock + Hip-Hop),gtzan___gtzan_disco_00037
4895,3.6148477,-2.277318,1 (Pop + Groove + Rock + Hip-Hop),gtzan___gtzan_disco_00038
4896,5.2433543,-2.3470483,1 (Pop + Groove + Rock + Hip-Hop),gtzan___gtzan_disco_00039
4897,7.1429863,-0.91680926,1 (Pop + Groove + Rock + Hip-Hop),gtzan___gtzan_disco_00040
4898,-0.33183062,-3.9319444,1 (Pop + Groove + Rock + Hip-Hop),gtzan___gtzan_disco_00041
4899,2.9762595,0.0076294905,1 (Pop + Groove + Rock + Hip-Hop),gtzan___gtzan_disco_00042
4900,5.772194,-3.1802123,1 (Pop + Groove + Rock + Hip-Hop),gtzan___gtzan_disco_00043
4901,5.4895806,6.740984,1 (Pop + Groove + Rock + Hip-Hop),gtzan___gtzan_disco_00044
4902,9.825232,-1.6013001,1 (Pop + Groove + Rock + Hip-Hop),gtzan___gtzan_disco_00045
4903,6.392681,0.38885936,1 (Pop + Groove + Rock + Hip-Hop),gtzan___gtzan_disco_00046
4904,-5.5350547,-4.248104,2 (Classical + Jazz),gtzan___gtzan_disco_00047
4905,5.7376294,0.58684564,1 (Pop + Groove + Rock + Hip-Hop),gtzan___gtzan_disco_00048
4906,2.7684634,0.88985384,1 (Pop + Groove + Rock + Hip-Hop),gtzan___gtzan_disco_00049
4907,4.814945,-0.606206,1 (Pop + Groove + Rock + Hip-Hop),gtzan___gtzan_disco_00050
4908,4.793865,-0.5709693,1 (Pop + Groove + Rock + Hip-Hop),gtzan___gtzan_disco_00051
4909,6.2265773,-0.52572554,1 (Pop + Groove + Rock + Hip-Hop),gtzan___gtzan_disco_00052
4910,16.217691,0.3871294,1 (Pop + Groove + Rock + Hip-Hop),gtzan___gtzan_disco_00053
4911,14.6126375,3.2275732,1 (Pop + Groove + Rock + Hip-Hop),gtzan___gtzan_disco_00054
4912,3.4753973,1.4450021,1 (Pop + Groove + Rock + Hip-Hop),gtzan___gtzan_disco_00055
4913,4.137606,3.3073063,1 (Pop + Groove + Rock + Hip-Hop),gtzan___gtzan_disco_00056
4914,3.0489695,-2.849303,1 (Pop + Groove + Rock + Hip-Hop),gtzan___gtzan_disco_00057
4915,9.498775,1.0829046,1 (Pop + Groove + Rock + Hip-Hop),gtzan___gtzan_disco_00058
4916,7.014129,-0.6166475,1 (Pop + Groove + Rock + Hip-Hop),gtzan___gtzan_disco_00059
4917,3.4000869,1.3041314,1 (Pop + Groove + Rock + Hip-Hop),gtzan___gtzan_disco_00060
4918,10.595546,2.9426105,1 (Pop + Groove + Rock + Hip-Hop),gtzan___gtzan_disco_00061
4919,2.866287,1.1341186,1 (Pop + Groove + Rock + Hip-Hop),gtzan___gtzan_disco_00062
4920,15.794627,0.98948896,1 (Pop + Groove + Rock + Hip-Hop),gtzan___gtzan_disco_00063
4921,4.6268873,4.393938,1 (Pop + Groove + Rock + Hip-Hop),gtzan___gtzan_disco_00064
4922,3.4538753,-1.4301586,1 (Pop + Groove + Rock + Hip-Hop),gtzan___gtzan_disco_00065
4923,9.297733,1.9539902,1 (Pop + Groove + Rock + Hip-Hop),gtzan___gtzan_disco_00066
4924,5.787684,0.23231754,1 (Pop + Groove + Rock + Hip-Hop),gtzan___gtzan_disco_00067
4925,6.204013,-0.2211653,1 (Pop + Groove + Rock + Hip-Hop),gtzan___gtzan_disco_00068
4926,10.063634,-6.2837896,1 (Pop + Groove + Rock + Hip-Hop),gtzan___gtzan_disco_00069
4927,4.7551856,-0.58673483,1 (Pop + Groove + Rock + Hip-Hop),gtzan___gtzan_disco_00070
4928,5.653935,-0.52097064,1 (Pop + Groove + Rock + Hip-Hop),gtzan___gtzan_disco_00071
4929,3.3030577,2.1457684,1 (Pop + Groove + Rock + Hip-Hop),gtzan___gtzan_disco_00072
4930,4.663078,-0.31624517,1 (Pop + Groove + Rock + Hip-Hop),gtzan___gtzan_disco_00073
4931,5.8634734,-0.6224811,1 (Pop + Groove + Rock + Hip-Hop),gtzan___gtzan_disco_00074
4932,9.720624,-2.8738382,1 (Pop + Groove + Rock + Hip-Hop),gtzan___gtzan_disco_00075
4933,1.4742664,-7.614908,1 (Pop + Groove + Rock + Hip-Hop),gtzan___gtzan_disco_00076
4934,2.6544561,1.681117,1 (Pop + Groove + Rock + Hip-Hop),gtzan___gtzan_disco_00077
4935,-3.9987998,1.1244233,2 (Classical + Jazz),gtzan___gtzan_disco_00078
4936,15.947352,-1.9358078,1 (Pop + Groove + Rock + Hip-Hop),gtzan___gtzan_disco_00079
4937,-0.28775454,-1.8768599,1 (Pop + Groove + Rock + Hip-Hop),gtzan___gtzan_disco_00080
4938,-0.6735513,1.4716629,1 (Pop + Groove + Rock + Hip-Hop),gtzan___gtzan_disco_00081
4939,4.323748,1.9899232,1 (Pop + Groove + Rock + Hip-Hop),gtzan___gtzan_disco_00082
4940,-0.18021064,1.2755936,1 (Pop + Groove + Rock + Hip-Hop),gtzan___gtzan_disco_00083
4941,16.865398,5.9663773,1 (Pop + Groove + Rock + Hip-Hop),gtzan___gtzan_disco_00084
4942,18.427923,2.280321,1 (Pop + Groove + Rock + Hip-Hop),gtzan___gtzan_disco_00085
4943,1.7867925,-0.40174025,1 (Pop + Groove + Rock + Hip-Hop),gtzan___gtzan_disco_00086
4944,5.043119,-1.3027058,1 (Pop + Groove + Rock + Hip-Hop),gtzan___gtzan_disco_00087
4945,5.024258,-8.938015,1 (Pop + Groove + Rock + Hip-Hop),gtzan___gtzan_disco_00088
4946,3.4878564,1.3858422,1 (Pop + Groove + Rock + Hip-Hop),gtzan___gtzan_disco_00089
4947,14.596506,-1.602727,1 (Pop + Groove + Rock + Hip-Hop),gtzan___gtzan_disco_00090
4948,3.087459,6.40946,1 (Pop + Groove + Rock + Hip-Hop),gtzan___gtzan_disco_00091
4949,6.3311095,-1.8902134,1 (Pop + Groove + Rock + Hip-Hop),gtzan___gtzan_disco_00092
4950,4.0432997,2.1138144,1 (Pop + Groove + Rock + Hip-Hop),gtzan___gtzan_disco_00093
4951,2.7725132,-7.951243,1 (Pop + Groove + Rock + Hip-Hop),gtzan___gtzan_disco_00094
4952,5.995616,0.5178322,1 (Pop + Groove + Rock + Hip-Hop),gtzan___gtzan_disco_00095
4953,2.8068666,1.7759045,1 (Pop + Groove + Rock + Hip-Hop),gtzan___gtzan_disco_00096
4954,15.143915,-0.66745543,1 (Pop + Groove + Rock + Hip-Hop),gtzan___gtzan_disco_00097
4955,15.360193,-2.0519252,1 (Pop + Groove + Rock + Hip-Hop),gtzan___gtzan_disco_00098
4956,15.360201,-2.0519211,1 (Pop + Groove + Rock + Hip-Hop),gtzan___gtzan_disco_00099
4957,16.358435,0.818546,1 (Pop + Groove + Rock + Hip-Hop),gtzan___gtzan_hiphop_00000
4958,13.25535,6.486366,1 (Pop + Groove + Rock + Hip-Hop),gtzan___gtzan_hiphop_00001
4959,13.371351,5.200996,1 (Pop + Groove + Rock + Hip-Hop),gtzan___gtzan_hiphop_00002
4960,13.346657,5.234431,1 (Pop + Groove + Rock + Hip-Hop),gtzan___gtzan_hiphop_00003
4961,9.326396,5.9936953,1 (Pop + Groove + Rock + Hip-Hop),gtzan___gtzan_hiphop_00004
4962,14.229382,5.3852444,1 (Pop + Groove + Rock + Hip-Hop),gtzan___gtzan_hiphop_00005
4963,12.27403,4.1135488,1 (Pop + Groove + Rock + Hip-Hop),gtzan___gtzan_hiphop_00006
4964,12.434117,4.6361713,1 (Pop + Groove + Rock + Hip-Hop),gtzan___gtzan_hiphop_00007
4965,13.547684,5.6558805,1 (Pop + Groove + Rock + Hip-Hop),gtzan___gtzan_hiphop_00008
4966,15.515397,2.655972,1 (Pop + Groove + Rock + Hip-Hop),gtzan___gtzan_hiphop_00009
4967,13.164417,-4.4037566,1 (Pop + Groove + Rock + Hip-Hop),gtzan___gtzan_hiphop_00010
4968,12.042815,3.1950815,1 (Pop + Groove + Rock + Hip-Hop),gtzan___gtzan_hiphop_00011
4969,13.897701,6.236951,1 (Pop + Groove + Rock + Hip-Hop),gtzan___gtzan_hiphop_00012
4970,13.492319,-6.318323,1 (Pop + Groove + Rock + Hip-Hop),gtzan___gtzan_hiphop_00013
4971,9.12173,-10.622504,1 (Pop + Groove + Rock + Hip-Hop),gtzan___gtzan_hiphop_00014
4972,14.472353,6.296013,1 (Pop + Groove + Rock + Hip-Hop),gtzan___gtzan_hiphop_00015
4973,13.3486595,4.4562645,1 (Pop + Groove + Rock + Hip-Hop),gtzan___gtzan_hiphop_00016
4974,13.419186,1.2133791,1 (Pop + Groove + Rock + Hip-Hop),gtzan___gtzan_hiphop_00017
4975,11.350255,4.42095,1 (Pop + Groove + Rock + Hip-Hop),gtzan___gtzan_hiphop_00018
4976,12.602666,3.8115888,1 (Pop + Groove + Rock + Hip-Hop),gtzan___gtzan_hiphop_00019
4977,8.719067,4.939129,1 (Pop + Groove + Rock + Hip-Hop),gtzan___gtzan_hiphop_00020
4978,14.156308,5.0777593,1 (Pop + Groove + Rock + Hip-Hop),gtzan___gtzan_hiphop_00021
4979,-8.084282,11.499216,2 (Classical + Jazz),gtzan___gtzan_hiphop_00022
4980,4.0231533,-7.024879,1 (Pop + Groove + Rock + Hip-Hop),gtzan___gtzan_hiphop_00023
4981,12.311629,3.1245642,1 (Pop + Groove + Rock + Hip-Hop),gtzan___gtzan_hiphop_00024
4982,13.947699,5.173705,1 (Pop + Groove + Rock + Hip-Hop),gtzan___gtzan_hiphop_00025
4983,12.045037,4.8781033,1 (Pop + Groove + Rock + Hip-Hop),gtzan___gtzan_hiphop_00026
4984,12.833566,5.592003,1 (Pop + Groove + Rock + Hip-Hop),gtzan___gtzan_hiphop_00027
4985,13.203492,6.1979084,1 (Pop + Groove + Rock + Hip-Hop),gtzan___gtzan_hiphop_00028
4986,11.130466,3.046953,1 (Pop + Groove + Rock + Hip-Hop),gtzan___gtzan_hiphop_00029
4987,18.19387,1.3026628,1 (Pop + Groove + Rock + Hip-Hop),gtzan___gtzan_hiphop_00030
4988,9.227108,1.331254,1 (Pop + Groove + Rock + Hip-Hop),gtzan___gtzan_hiphop_00031
4989,14.264352,4.056402,1 (Pop + Groove + Rock + Hip-Hop),gtzan___gtzan_hiphop_00032
4990,12.164869,-5.107307,1 (Pop + Groove + Rock + Hip-Hop),gtzan___gtzan_hiphop_00033
4991,13.860157,5.712526,1 (Pop + Groove + Rock + Hip-Hop),gtzan___gtzan_hiphop_00034
4992,12.737782,5.842841,1 (Pop + Groove + Rock + Hip-Hop),gtzan___gtzan_hiphop_00035
4993,8.998339,7.9599404,1 (Pop + Groove + Rock + Hip-Hop),gtzan___gtzan_hiphop_00036
4994,14.4621725,4.7893376,1 (Pop + Groove + Rock + Hip-Hop),gtzan___gtzan_hiphop_00037
4995,13.852614,4.9759293,1 (Pop + Groove + Rock + Hip-Hop),gtzan___gtzan_hiphop_00038
4996,11.880983,7.094549,1 (Pop + Groove + Rock + Hip-Hop),gtzan___gtzan_hiphop_00039
4997,6.3991156,2.2642965,1 (Pop + Groove + Rock + Hip-Hop),gtzan___gtzan_hiphop_00040
4998,12.403279,5.6972756,1 (Pop + Groove + Rock + Hip-Hop),gtzan___gtzan_hiphop_00041
4999,13.177836,6.334289,1 (Pop + Groove + Rock + Hip-Hop),gtzan___gtzan_hiphop_00042
5000,6.767684,3.2986248,1 (Pop + Groove + Rock + Hip-Hop),gtzan___gtzan_hiphop_00043
5001,-3.5527918,-0.8008248,2 (Classical + Jazz),gtzan___gtzan_hiphop_00044
5002,11.880983,7.094549,1 (Pop + Groove + Rock + Hip-Hop),gtzan___gtzan_hiphop_00045
5003,11.668977,4.4043403,1 (Pop + Groove + Rock + Hip-Hop),gtzan___gtzan_hiphop_00046
5004,13.268816,3.4294178,1 (Pop + Groove + Rock + Hip-Hop),gtzan___gtzan_hiphop_00047
5005,14.263023,2.6935952,1 (Pop + Groove + Rock + Hip-Hop),gtzan___gtzan_hiphop_00048
5006,13.788357,4.548246,1 (Pop + Groove + Rock + Hip-Hop),gtzan___gtzan_hiphop_00049
5007,12.419243,4.919409,1 (Pop + Groove + Rock + Hip-Hop),gtzan___gtzan_hiphop_00050
5008,9.884171,3.417496,1 (Pop + Groove + Rock + Hip-Hop),gtzan___gtzan_hiphop_00051
5009,15.041607,2.972229,1 (Pop + Groove + Rock + Hip-Hop),gtzan___gtzan_hiphop_00052
5010,12.657433,1.1771343,1 (Pop + Groove + Rock + Hip-Hop),gtzan___gtzan_hiphop_00053
5011,14.317245,4.7952566,1 (Pop + Groove + Rock + Hip-Hop),gtzan___gtzan_hiphop_00054
5012,4.895911,2.8302205,1 (Pop + Groove + Rock + Hip-Hop),gtzan___gtzan_hiphop_00055
5013,14.537665,0.5932649,1 (Pop + Groove + Rock + Hip-Hop),gtzan___gtzan_hiphop_00056
5014,13.842166,3.483789,1 (Pop + Groove + Rock + Hip-Hop),gtzan___gtzan_hiphop_00057
5015,13.632916,3.6703324,1 (Pop + Groove + Rock + Hip-Hop),gtzan___gtzan_hiphop_00058
5016,13.524178,3.8586533,1 (Pop + Groove + Rock + Hip-Hop),gtzan___gtzan_hiphop_00059
5017,13.625938,3.7125127,1 (Pop + Groove + Rock + Hip-Hop),gtzan___gtzan_hiphop_00060
5018,5.169335,4.694794,1 (Pop + Groove + Rock + Hip-Hop),gtzan___gtzan_hiphop_00061
5019,11.249692,5.724073,1 (Pop + Groove + Rock + Hip-Hop),gtzan___gtzan_hiphop_00062
5020,12.125692,5.8990307,1 (Pop + Groove + Rock + Hip-Hop),gtzan___gtzan_hiphop_00063
5021,12.655476,5.116736,1 (Pop + Groove + Rock + Hip-Hop),gtzan___gtzan_hiphop_00064
5022,11.606681,5.8084984,1 (Pop + Groove + Rock + Hip-Hop),gtzan___gtzan_hiphop_00065
5023,12.635897,4.584408,1 (Pop + Groove + Rock + Hip-Hop),gtzan___gtzan_hiphop_00066
5024,13.165907,3.3893795,1 (Pop + Groove + Rock + Hip-Hop),gtzan___gtzan_hiphop_00067
5025,13.357122,4.138031,1 (Pop + Groove + Rock + Hip-Hop),gtzan___gtzan_hiphop_00068
5026,11.76893,4.1230397,1 (Pop + Groove + Rock + Hip-Hop),gtzan___gtzan_hiphop_00069
5027,13.55631,3.16587,1 (Pop + Groove + Rock + Hip-Hop),gtzan___gtzan_hiphop_00070
5028,13.001752,4.463344,1 (Pop + Groove + Rock + Hip-Hop),gtzan___gtzan_hiphop_00071
5029,12.473023,4.804849,1 (Pop + Groove + Rock + Hip-Hop),gtzan___gtzan_hiphop_00072
5030,13.035099,2.825233,1 (Pop + Groove + Rock + Hip-Hop),gtzan___gtzan_hiphop_00073
5031,13.762931,3.5515563,1 (Pop + Groove + Rock + Hip-Hop),gtzan___gtzan_hiphop_00074
5032,11.914238,5.7404685,1 (Pop + Groove + Rock + Hip-Hop),gtzan___gtzan_hiphop_00075
5033,11.423311,5.2617598,1 (Pop + Groove + Rock + Hip-Hop),gtzan___gtzan_hiphop_00076
5034,12.119447,3.879905,1 (Pop + Groove + Rock + Hip-Hop),gtzan___gtzan_hiphop_00077
5035,11.423314,5.2617917,1 (Pop + Groove + Rock + Hip-Hop),gtzan___gtzan_hiphop_00078
5036,11.297469,4.0448303,1 (Pop + Groove + Rock + Hip-Hop),gtzan___gtzan_hiphop_00079
5037,11.892281,4.2635355,1 (Pop + Groove + Rock + Hip-Hop),gtzan___gtzan_hiphop_00080
5038,14.682671,4.067878,1 (Pop + Groove + Rock + Hip-Hop),gtzan___gtzan_hiphop_00081
5039,14.535218,5.8374314,1 (Pop + Groove + Rock + Hip-Hop),gtzan___gtzan_hiphop_00082
5040,13.942106,6.3975277,1 (Pop + Groove + Rock + Hip-Hop),gtzan___gtzan_hiphop_00083
5041,15.143902,3.7398841,1 (Pop + Groove + Rock + Hip-Hop),gtzan___gtzan_hiphop_00084
5042,13.886789,6.303486,1 (Pop + Groove + Rock + Hip-Hop),gtzan___gtzan_hiphop_00085
5043,13.971852,4.366873,1 (Pop + Groove + Rock + Hip-Hop),gtzan___gtzan_hiphop_00086
5044,19.892994,2.0484684,1 (Pop + Groove + Rock + Hip-Hop),gtzan___gtzan_hiphop_00087
5045,13.990596,6.4526467,1 (Pop + Groove + Rock + Hip-Hop),gtzan___gtzan_hiphop_00088
5046,14.103808,6.2607813,1 (Pop + Groove + Rock + Hip-Hop),gtzan___gtzan_hiphop_00089
5047,14.059972,6.360508,1 (Pop + Groove + Rock + Hip-Hop),gtzan___gtzan_hiphop_00090
5048,14.11089,5.227021,1 (Pop + Groove + Rock + Hip-Hop),gtzan___gtzan_hiphop_00091
5049,14.401395,5.743454,1 (Pop + Groove + Rock + Hip-Hop),gtzan___gtzan_hiphop_00092
5050,14.265641,5.9542994,1 (Pop + Groove + Rock + Hip-Hop),gtzan___gtzan_hiphop_00093
5051,13.307387,6.245696,1 (Pop + Groove + Rock + Hip-Hop),gtzan___gtzan_hiphop_00094
5052,14.567726,5.6277304,1 (Pop + Groove + Rock + Hip-Hop),gtzan___gtzan_hiphop_00095
5053,14.2206545,6.3739367,1 (Pop + Groove + Rock + Hip-Hop),gtzan___gtzan_hiphop_00096
5054,14.372167,5.825338,1 (Pop + Groove + Rock + Hip-Hop),gtzan___gtzan_hiphop_00097
5055,14.24617,6.100685,1 (Pop + Groove + Rock + Hip-Hop),gtzan___gtzan_hiphop_00098
5056,10.784326,6.4700727,1 (Pop + Groove + Rock + Hip-Hop),gtzan___gtzan_hiphop_00099
5057,-15.4045725,-11.546287,2 (Classical + Jazz),gtzan___gtzan_jazz_00000
5058,-14.983928,-9.900981,2 (Classical + Jazz),gtzan___gtzan_jazz_00001
5059,-6.6186323,-0.8978479,2 (Classical + Jazz),gtzan___gtzan_jazz_00002
5060,-16.70193,-6.110361,2 (Classical + Jazz),gtzan___gtzan_jazz_00003
5061,-9.423284,-2.626637,2 (Classical + Jazz),gtzan___gtzan_jazz_00004
5062,-5.7361636,3.3714724,2 (Classical + Jazz),gtzan___gtzan_jazz_00005
5063,-5.579923,3.178906,2 (Classical + Jazz),gtzan___gtzan_jazz_00006
5064,-5.4490643,2.8650508,2 (Classical + Jazz),gtzan___gtzan_jazz_00007
5065,-5.1884785,3.6587102,2 (Classical + Jazz),gtzan___gtzan_jazz_00008
5066,-8.61889,-2.613926,2 (Classical + Jazz),gtzan___gtzan_jazz_00009
5067,-6.2711034,-0.81126726,2 (Classical + Jazz),gtzan___gtzan_jazz_00010
5068,-4.8860483,5.0378094,2 (Classical + Jazz),gtzan___gtzan_jazz_00011
5069,-4.932223,4.618901,2 (Classical + Jazz),gtzan___gtzan_jazz_00012
5070,-4.584272,7.577343,2 (Classical + Jazz),gtzan___gtzan_jazz_00013
5071,-10.371943,-1.4057735,2 (Classical + Jazz),gtzan___gtzan_jazz_00014
5072,-5.131373,5.310211,2 (Classical + Jazz),gtzan___gtzan_jazz_00015
5073,-10.242206,-1.7428393,2 (Classical + Jazz),gtzan___gtzan_jazz_00016
5074,-1.8148167,5.9352484,2 (Classical + Jazz),gtzan___gtzan_jazz_00017
5075,-5.1151276,5.2964115,2 (Classical + Jazz),gtzan___gtzan_jazz_00018
5076,-5.349518,4.0388236,2 (Classical + Jazz),gtzan___gtzan_jazz_00019
5077,-6.326997,2.1620085,2 (Classical + Jazz),gtzan___gtzan_jazz_00020
5078,-5.6411576,4.474779,2 (Classical + Jazz),gtzan___gtzan_jazz_00021
5079,-4.0386105,3.2680776,2 (Classical + Jazz),gtzan___gtzan_jazz_00022
5080,-4.600672,3.6868353,2 (Classical + Jazz),gtzan___gtzan_jazz_00023
5081,-5.522853,4.3680296,2 (Classical + Jazz),gtzan___gtzan_jazz_00024
5082,-5.3082733,4.73417,2 (Classical + Jazz),gtzan___gtzan_jazz_00025
5083,-10.855059,-1.8486764,2 (Classical + Jazz),gtzan___gtzan_jazz_00026
5084,-5.591067,5.090747,2 (Classical + Jazz),gtzan___gtzan_jazz_00027
5085,-5.514739,4.957534,2 (Classical + Jazz),gtzan___gtzan_jazz_00028
5086,-6.0294404,5.0183997,2 (Classical + Jazz),gtzan___gtzan_jazz_00029
5087,-9.917962,-1.4090562,2 (Classical + Jazz),gtzan___gtzan_jazz_00030
5088,-6.2104626,4.8916535,2 (Classical + Jazz),gtzan___gtzan_jazz_00031
5089,-4.684962,3.3133795,2 (Classical + Jazz),gtzan___gtzan_jazz_00032
5090,-6.733564,2.549225,2 (Classical + Jazz),gtzan___gtzan_jazz_00033
5091,-7.0181737,4.771469,2 (Classical + Jazz),gtzan___gtzan_jazz_00034
5092,-8.453564,0.34318146,2 (Classical + Jazz),gtzan___gtzan_jazz_00035
5093,-7.956165,3.8427072,2 (Classical + Jazz),gtzan___gtzan_jazz_00036
5094,-5.0218015,2.14828,2 (Classical + Jazz),gtzan___gtzan_jazz_00037
5095,-5.36922,3.7227514,2 (Classical + Jazz),gtzan___gtzan_jazz_00038
5096,-6.8728633,3.107095,2 (Classical + Jazz),gtzan___gtzan_jazz_00039
5097,-7.5293818,0.14137736,2 (Classical + Jazz),gtzan___gtzan_jazz_00040
5098,-7.856373,3.6693943,2 (Classical + Jazz),gtzan___gtzan_jazz_00041
5099,-8.008302,0.9333008,2 (Classical + Jazz),gtzan___gtzan_jazz_00042
5100,-5.013352,4.685448,2 (Classical + Jazz),gtzan___gtzan_jazz_00043
5101,-9.1004715,1.1524742,2 (Classical + Jazz),gtzan___gtzan_jazz_00044
5102,-8.895249,0.24577585,2 (Classical + Jazz),gtzan___gtzan_jazz_00045
5103,-7.494047,3.641251,2 (Classical + Jazz),gtzan___gtzan_jazz_00046
5104,-4.2747464,5.3771877,2 (Classical + Jazz),gtzan___gtzan_jazz_00047
5105,-4.2201996,5.648695,2 (Classical + Jazz),gtzan___gtzan_jazz_00048
5106,-6.403024,-1.680018,2 (Classical + Jazz),gtzan___gtzan_jazz_00049
5107,1.9030143,3.1441526,1 (Pop + Groove + Rock + Hip-Hop),gtzan___gtzan_jazz_00050
5108,-6.830927,2.5169952,2 (Classical + Jazz),gtzan___gtzan_jazz_00051
5109,-3.077944,3.9161868,2 (Classical + Jazz),gtzan___gtzan_jazz_00052
5110,-7.130804,4.6938653,2 (Classical + Jazz),gtzan___gtzan_jazz_00053
5111,-3.6889784,7.155315,2 (Classical + Jazz),gtzan___gtzan_jazz_00054
5112,-8.473976,0.37065023,2 (Classical + Jazz),gtzan___gtzan_jazz_00055
5113,0.3979257,6.480892,1 (Pop + Groove + Rock + Hip-Hop),gtzan___gtzan_jazz_00056
5114,-9.569743,-1.8514701,2 (Classical + Jazz),gtzan___gtzan_jazz_00057
5115,-7.984144,3.8529124,2 (Classical + Jazz),gtzan___gtzan_jazz_00058
5116,-2.745648,3.9931312,2 (Classical + Jazz),gtzan___gtzan_jazz_00059
5117,-4.9882393,2.160866,2 (Classical + Jazz),gtzan___gtzan_jazz_00060
5118,-0.6665752,6.9258523,1 (Pop + Groove + Rock + Hip-Hop),gtzan___gtzan_jazz_00061
5119,-5.3331923,3.753376,2 (Classical + Jazz),gtzan___gtzan_jazz_00062
5120,-4.985521,5.4817142,2 (Classical + Jazz),gtzan___gtzan_jazz_00063
5121,-1.0711095,6.5997734,2 (Classical + Jazz),gtzan___gtzan_jazz_00064
5122,-6.892626,3.1014192,2 (Classical + Jazz),gtzan___gtzan_jazz_00065
5123,-9.983472,-2.3533838,2 (Classical + Jazz),gtzan___gtzan_jazz_00066
5124,-7.551729,0.17011872,2 (Classical + Jazz),gtzan___gtzan_jazz_00067
5125,-8.012769,0.9519205,2 (Classical + Jazz),gtzan___gtzan_jazz_00068
5126,-4.8551097,4.7524805,2 (Classical + Jazz),gtzan___gtzan_jazz_00069
5127,-9.133651,1.1500096,2 (Classical + Jazz),gtzan___gtzan_jazz_00070
5128,-8.91026,0.25063398,2 (Classical + Jazz),gtzan___gtzan_jazz_00071
5129,-7.538056,3.5889137,2 (Classical + Jazz),gtzan___gtzan_jazz_00072
5130,-4.989927,4.969567,2 (Classical + Jazz),gtzan___gtzan_jazz_00073
5131,-4.5955215,4.3968315,2 (Classical + Jazz),gtzan___gtzan_jazz_00074
5132,-5.014177,5.0581107,2 (Classical + Jazz),gtzan___gtzan_jazz_00075
5133,-4.3347697,4.2350125,2 (Classical + Jazz),gtzan___gtzan_jazz_00076
5134,-5.39303,4.9753833,2 (Classical + Jazz),gtzan___gtzan_jazz_00077
5135,-5.064634,4.8346415,2 (Classical + Jazz),gtzan___gtzan_jazz_00078
5136,-1.6348329,4.4793277,2 (Classical + Jazz),gtzan___gtzan_jazz_00079
5137,-3.2477295,5.168807,2 (Classical + Jazz),gtzan___gtzan_jazz_00080
5138,18.991808,10.522134,1 (Pop + Groove + Rock + Hip-Hop),gtzan___gtzan_jazz_00081
5139,-2.087371,6.4684277,2 (Classical + Jazz),gtzan___gtzan_jazz_00082
5140,-1.8780117,6.360631,2 (Classical + Jazz),gtzan___gtzan_jazz_00083
5141,-3.4509149,5.5197477,2 (Classical + Jazz),gtzan___gtzan_jazz_00084
5142,-4.0919976,5.2281656,2 (Classical + Jazz),gtzan___gtzan_jazz_00085
5143,-3.9176512,5.096131,2 (Classical + Jazz),gtzan___gtzan_jazz_00086
5144,-2.4686408,8.759059,2 (Classical + Jazz),gtzan___gtzan_jazz_00087
5145,-3.2573404,7.284129,2 (Classical + Jazz),gtzan___gtzan_jazz_00088
5146,-11.76236,-2.6737702,2 (Classical + Jazz),gtzan___gtzan_jazz_00089
5147,-4.360197,2.7050579,2 (Classical + Jazz),gtzan___gtzan_jazz_00090
5148,-11.321689,-2.538882,2 (Classical + Jazz),gtzan___gtzan_jazz_00091
5149,-11.78348,-2.672663,2 (Classical + Jazz),gtzan___gtzan_jazz_00092
5150,-4.0584126,5.3078537,2 (Classical + Jazz),gtzan___gtzan_jazz_00093
5151,-5.4202437,2.8772495,2 (Classical + Jazz),gtzan___gtzan_jazz_00094
5152,-4.941631,4.6852093,2 (Classical + Jazz),gtzan___gtzan_jazz_00095
5153,-4.591908,3.548004,2 (Classical + Jazz),gtzan___gtzan_jazz_00096
5154,-11.887021,-2.4859807,2 (Classical + Jazz),gtzan___gtzan_jazz_00097
5155,-5.0342107,4.758172,2 (Classical + Jazz),gtzan___gtzan_jazz_00098
5156,-4.479278,3.704433,2 (Classical + Jazz),gtzan___gtzan_jazz_00099
5157,9.469269,-7.648331,1 (Pop + Groove + Rock + Hip-Hop),gtzan___gtzan_metal_00000
5158,8.661165,-8.306631,1 (Pop + Groove + Rock + Hip-Hop),gtzan___gtzan_metal_00001
5159,8.972622,-8.814493,1 (Pop + Groove + Rock + Hip-Hop),gtzan___gtzan_metal_00002
5160,10.075879,-8.274332,1 (Pop + Groove + Rock + Hip-Hop),gtzan___gtzan_metal_00003
5161,11.949621,-10.015481,1 (Pop + Groove + Rock + Hip-Hop),gtzan___gtzan_metal_00004
5162,9.6209,-8.447798,1 (Pop + Groove + Rock + Hip-Hop),gtzan___gtzan_metal_00005
5163,9.155875,-8.412011,1 (Pop + Groove + Rock + Hip-Hop),gtzan___gtzan_metal_00006
5164,9.716333,-9.202608,1 (Pop + Groove + Rock + Hip-Hop),gtzan___gtzan_metal_00007
5165,3.1323402,-4.3992634,1 (Pop + Groove + Rock + Hip-Hop),gtzan___gtzan_metal_00008
5166,11.126903,-8.8326025,1 (Pop + Groove + Rock + Hip-Hop),gtzan___gtzan_metal_00009
5167,11.339988,-9.250605,1 (Pop + Groove + Rock + Hip-Hop),gtzan___gtzan_metal_00010
5168,10.77574,-8.910465,1 (Pop + Groove + Rock + Hip-Hop),gtzan___gtzan_metal_00011
5169,11.267764,-9.005455,1 (Pop + Groove + Rock + Hip-Hop),gtzan___gtzan_metal_00012
5170,11.8433275,-9.976873,1 (Pop + Groove + Rock + Hip-Hop),gtzan___gtzan_metal_00013
5171,-10.015864,9.676806,2 (Classical + Jazz),gtzan___gtzan_metal_00014
5172,11.433502,-9.232874,1 (Pop + Groove + Rock + Hip-Hop),gtzan___gtzan_metal_00015
5173,10.626754,-8.422392,1 (Pop + Groove + Rock + Hip-Hop),gtzan___gtzan_metal_00016
5174,11.462466,-8.403306,1 (Pop + Groove + Rock + Hip-Hop),gtzan___gtzan_metal_00017
5175,10.339307,-8.992636,1 (Pop + Groove + Rock + Hip-Hop),gtzan___gtzan_metal_00018
5176,11.170097,-10.239885,1 (Pop + Groove + Rock + Hip-Hop),gtzan___gtzan_metal_00019
5177,11.018568,-8.546982,1 (Pop + Groove + Rock + Hip-Hop),gtzan___gtzan_metal_00020
5178,9.279377,-8.578985,1 (Pop + Groove + Rock + Hip-Hop),gtzan___gtzan_metal_00021
5179,9.351071,-8.488642,1 (Pop + Groove + Rock + Hip-Hop),gtzan___gtzan_metal_00022
5180,10.546001,-9.298724,1 (Pop + Groove + Rock + Hip-Hop),gtzan___gtzan_metal_00023
5181,10.042824,-8.252798,1 (Pop + Groove + Rock + Hip-Hop),gtzan___gtzan_metal_00024
5182,8.3740225,-9.341754,1 (Pop + Groove + Rock + Hip-Hop),gtzan___gtzan_metal_00025
5183,8.6721735,-9.644492,1 (Pop + Groove + Rock + Hip-Hop),gtzan___gtzan_metal_00026
5184,10.653373,-8.183258,1 (Pop + Groove + Rock + Hip-Hop),gtzan___gtzan_metal_00027
5185,9.161148,-7.6584134,1 (Pop + Groove + Rock + Hip-Hop),gtzan___gtzan_metal_00028
5186,4.6060877,-1.447746,1 (Pop + Groove + Rock + Hip-Hop),gtzan___gtzan_metal_00029
5187,4.5839305,-9.00454,1 (Pop + Groove + Rock + Hip-Hop),gtzan___gtzan_metal_00030
5188,9.564377,-7.7153974,1 (Pop + Groove + Rock + Hip-Hop),gtzan___gtzan_metal_00031
5189,8.867693,-9.738346,1 (Pop + Groove + Rock + Hip-Hop),gtzan___gtzan_metal_00032
5190,9.874555,-9.735996,1 (Pop + Groove + Rock + Hip-Hop),gtzan___gtzan_metal_00033
5191,12.957479,-6.0472255,1 (Pop + Groove + Rock + Hip-Hop),gtzan___gtzan_metal_00034
5192,10.081626,-9.092449,1 (Pop + Groove + Rock + Hip-Hop),gtzan___gtzan_metal_00035
5193,10.360889,-8.816336,1 (Pop + Groove + Rock + Hip-Hop),gtzan___gtzan_metal_00036
5194,8.700441,-8.195885,1 (Pop + Groove + Rock + Hip-Hop),gtzan___gtzan_metal_00037
5195,6.997538,-11.267855,1 (Pop + Groove + Rock + Hip-Hop),gtzan___gtzan_metal_00038
5196,6.2317824,-10.539395,1 (Pop + Groove + Rock + Hip-Hop),gtzan___gtzan_metal_00039
5197,11.169903,-8.275836,1 (Pop + Groove + Rock + Hip-Hop),gtzan___gtzan_metal_00040
5198,7.591569,-9.706017,1 (Pop + Groove + Rock + Hip-Hop),gtzan___gtzan_metal_00041
5199,7.288363,-9.541435,1 (Pop + Groove + Rock + Hip-Hop),gtzan___gtzan_metal_00042
5200,7.5075097,-10.299161,1 (Pop + Groove + Rock + Hip-Hop),gtzan___gtzan_metal_00043
5201,7.571017,-9.441735,1 (Pop + Groove + Rock + Hip-Hop),gtzan___gtzan_metal_00044
5202,-1.5383133,0.72572815,2 (Classical + Jazz),gtzan___gtzan_metal_00045
5203,10.091904,-8.2759695,1 (Pop + Groove + Rock + Hip-Hop),gtzan___gtzan_metal_00046
5204,9.928372,-8.246892,1 (Pop + Groove + Rock + Hip-Hop),gtzan___gtzan_metal_00047
5205,9.826672,-8.2001095,1 (Pop + Groove + Rock + Hip-Hop),gtzan___gtzan_metal_00048
5206,10.109046,-8.227685,1 (Pop + Groove + Rock + Hip-Hop),gtzan___gtzan_metal_00049
5207,10.027512,-8.247983,1 (Pop + Groove + Rock + Hip-Hop),gtzan___gtzan_metal_00050
5208,9.791573,-8.033284,1 (Pop + Groove + Rock + Hip-Hop),gtzan___gtzan_metal_00051
5209,9.853823,-10.703653,1 (Pop + Groove + Rock + Hip-Hop),gtzan___gtzan_metal_00052
5210,9.943163,-8.068992,1 (Pop + Groove + Rock + Hip-Hop),gtzan___gtzan_metal_00053
5211,10.041969,-8.278494,1 (Pop + Groove + Rock + Hip-Hop),gtzan___gtzan_metal_00054
5212,10.069152,-8.155911,1 (Pop + Groove + Rock + Hip-Hop),gtzan___gtzan_metal_00055
5213,9.939493,-8.13662,1 (Pop + Groove + Rock + Hip-Hop),gtzan___gtzan_metal_00056
5214,9.653733,-8.112799,1 (Pop + Groove + Rock + Hip-Hop),gtzan___gtzan_metal_00057
5215,9.76565,-8.101461,1 (Pop + Groove + Rock + Hip-Hop),gtzan___gtzan_metal_00058
5216,9.688181,-8.6096945,1 (Pop + Groove + Rock + Hip-Hop),gtzan___gtzan_metal_00059
5217,8.091036,-9.393658,1 (Pop + Groove + Rock + Hip-Hop),gtzan___gtzan_metal_00060
5218,11.16992,-8.275833,1 (Pop + Groove + Rock + Hip-Hop),gtzan___gtzan_metal_00061
5219,7.591569,-9.706017,1 (Pop + Groove + Rock + Hip-Hop),gtzan___gtzan_metal_00062
5220,7.2883673,-9.541431,1 (Pop + Groove + Rock + Hip-Hop),gtzan___gtzan_metal_00063
5221,7.507523,-10.29915,1 (Pop + Groove + Rock + Hip-Hop),gtzan___gtzan_metal_00064
5222,7.5710196,-9.441729,1 (Pop + Groove + Rock + Hip-Hop),gtzan___gtzan_metal_00065
5223,-1.5382915,0.72573483,2 (Classical + Jazz),gtzan___gtzan_metal_00066
5224,9.289687,-8.5431185,1 (Pop + Groove + Rock + Hip-Hop),gtzan___gtzan_metal_00067
5225,10.143578,-9.742823,1 (Pop + Groove + Rock + Hip-Hop),gtzan___gtzan_metal_00068
5226,6.949281,-9.343591,1 (Pop + Groove + Rock + Hip-Hop),gtzan___gtzan_metal_00069
5227,-0.15150228,0.82453495,1 (Pop + Groove + Rock + Hip-Hop),gtzan___gtzan_metal_00070
5228,8.499835,-10.894255,1 (Pop + Groove + Rock + Hip-Hop),gtzan___gtzan_metal_00071
5229,9.860344,-8.306194,1 (Pop + Groove + Rock + Hip-Hop),gtzan___gtzan_metal_00072
5230,8.66279,-8.528466,1 (Pop + Groove + Rock + Hip-Hop),gtzan___gtzan_metal_00073
5231,7.747502,-9.843175,1 (Pop + Groove + Rock + Hip-Hop),gtzan___gtzan_metal_00074
5232,8.269776,-8.810189,1 (Pop + Groove + Rock + Hip-Hop),gtzan___gtzan_metal_00075
5233,9.703136,-9.43723,1 (Pop + Groove + Rock + Hip-Hop),gtzan___gtzan_metal_00076
5234,10.368008,-9.033729,1 (Pop + Groove + Rock + Hip-Hop),gtzan___gtzan_metal_00077
5235,10.099742,-7.7535996,1 (Pop + Groove + Rock + Hip-Hop),gtzan___gtzan_metal_00078
5236,8.689671,-9.7142105,1 (Pop + Groove + Rock + Hip-Hop),gtzan___gtzan_metal_00079
5237,13.18362,1.0644096,1 (Pop + Groove + Rock + Hip-Hop),gtzan___gtzan_metal_00080
5238,8.206154,-9.212489,1 (Pop + Groove + Rock + Hip-Hop),gtzan___gtzan_metal_00081
5239,9.651167,-8.427529,1 (Pop + Groove + Rock + Hip-Hop),gtzan___gtzan_metal_00082
5240,9.691055,-10.566256,1 (Pop + Groove + Rock + Hip-Hop),gtzan___gtzan_metal_00083
5241,9.189405,-8.137482,1 (Pop + Groove + Rock + Hip-Hop),gtzan___gtzan_metal_00084
5242,9.153543,-7.074534,1 (Pop + Groove + Rock + Hip-Hop),gtzan___gtzan_metal_00085
5243,8.3645735,-9.264065,1 (Pop + Groove + Rock + Hip-Hop),gtzan___gtzan_metal_00086
5244,10.603247,-8.347828,1 (Pop + Groove + Rock + Hip-Hop),gtzan___gtzan_metal_00087
5245,-0.78238034,0.9160872,2 (Classical + Jazz),gtzan___gtzan_metal_00088
5246,6.740681,-9.96119,1 (Pop + Groove + Rock + Hip-Hop),gtzan___gtzan_metal_00089
5247,7.8484206,-8.849059,1 (Pop + Groove + Rock + Hip-Hop),gtzan___gtzan_metal_00090
5248,2.3437252,-1.9068944,1 (Pop + Groove + Rock + Hip-Hop),gtzan___gtzan_metal_00091
5249,9.25651,-8.214686,1 (Pop + Groove + Rock + Hip-Hop),gtzan___gtzan_metal_00092
5250,18.595795,-2.8256142,1 (Pop + Groove + Rock + Hip-Hop),gtzan___gtzan_metal_00093
5251,12.95748,-6.0472326,1 (Pop + Groove + Rock + Hip-Hop),gtzan___gtzan_metal_00094
5252,9.2121,-9.59136,1 (Pop + Groove + Rock + Hip-Hop),gtzan___gtzan_metal_00095
5253,9.793372,-10.745747,1 (Pop + Groove + Rock + Hip-Hop),gtzan___gtzan_metal_00096
5254,7.5180945,-9.352598,1 (Pop + Groove + Rock + Hip-Hop),gtzan___gtzan_metal_00097
5255,9.8119335,-10.883798,1 (Pop + Groove + Rock + Hip-Hop),gtzan___gtzan_metal_00098
5256,9.804307,-10.781989,1 (Pop + Groove + Rock + Hip-Hop),gtzan___gtzan_metal_00099
5257,7.2286057,1.7240081,1 (Pop + Groove + Rock + Hip-Hop),gtzan___gtzan_pop_00000
5258,10.257014,3.6486685,1 (Pop + Groove + Rock + Hip-Hop),gtzan___gtzan_pop_00001
5259,8.405513,0.18581447,1 (Pop + Groove + Rock + Hip-Hop),gtzan___gtzan_pop_00002
5260,1.2769585,-1.6697948,1 (Pop + Groove + Rock + Hip-Hop),gtzan___gtzan_pop_00003
5261,7.019487,-5.07769,1 (Pop + Groove + Rock + Hip-Hop),gtzan___gtzan_pop_00004
5262,8.85311,-5.0391946,1 (Pop + Groove + Rock + Hip-Hop),gtzan___gtzan_pop_00005
5263,0.066624835,-6.5731807,1 (Pop + Groove + Rock + Hip-Hop),gtzan___gtzan_pop_00006
5264,-3.7317007,-3.436469,2 (Classical + Jazz),gtzan___gtzan_pop_00007
5265,4.8866334,-4.699772,1 (Pop + Groove + Rock + Hip-Hop),gtzan___gtzan_pop_00008
5266,7.893464,-0.5064289,1 (Pop + Groove + Rock + Hip-Hop),gtzan___gtzan_pop_00009
5267,0.40135252,-3.3229365,1 (Pop + Groove + Rock + Hip-Hop),gtzan___gtzan_pop_00010
5268,-5.25183,-5.089837,2 (Classical + Jazz),gtzan___gtzan_pop_00011
5269,3.7790594,-4.150436,1 (Pop + Groove + Rock + Hip-Hop),gtzan___gtzan_pop_00012
5270,5.376017,2.4056282,1 (Pop + Groove + Rock + Hip-Hop),gtzan___gtzan_pop_00013
5271,-0.8922752,-4.9771733,2 (Classical + Jazz),gtzan___gtzan_pop_00014
5272,6.414394,-0.034974176,1 (Pop + Groove + Rock + Hip-Hop),gtzan___gtzan_pop_00015
5273,7.8260384,2.266226,1 (Pop + Groove + Rock + Hip-Hop),gtzan___gtzan_pop_00016
5274,5.4267197,-7.545386,1 (Pop + Groove + Rock + Hip-Hop),gtzan___gtzan_pop_00017
5275,7.1655693,-1.1152307,1 (Pop + Groove + Rock + Hip-Hop),gtzan___gtzan_pop_00018
5276,6.5109363,-0.6491938,1 (Pop + Groove + Rock + Hip-Hop),gtzan___gtzan_pop_00019
5277,9.336448,-1.092649,1 (Pop + Groove + Rock + Hip-Hop),gtzan___gtzan_pop_00020
5278,6.066871,-1.0172606,1 (Pop + Groove + Rock + Hip-Hop),gtzan___gtzan_pop_00021
5279,6.493908,0.021112958,1 (Pop + Groove + Rock + Hip-Hop),gtzan___gtzan_pop_00022
5280,8.021609,2.0373547,1 (Pop + Groove + Rock + Hip-Hop),gtzan___gtzan_pop_00023
5281,7.185163,-0.85951453,1 (Pop + Groove + Rock + Hip-Hop),gtzan___gtzan_pop_00024
5282,6.7546988,1.7707137,1 (Pop + Groove + Rock + Hip-Hop),gtzan___gtzan_pop_00025
5283,5.818737,1.468739,1 (Pop + Groove + Rock + Hip-Hop),gtzan___gtzan_pop_00026
5284,13.937698,-0.55221593,1 (Pop + Groove + Rock + Hip-Hop),gtzan___gtzan_pop_00027
5285,6.0323434,-1.0010067,1 (Pop + Groove + Rock + Hip-Hop),gtzan___gtzan_pop_00028
5286,7.596731,-0.8622893,1 (Pop + Groove + Rock + Hip-Hop),gtzan___gtzan_pop_00029
5287,6.4489594,-1.6772757,1 (Pop + Groove + Rock + Hip-Hop),gtzan___gtzan_pop_00030
5288,6.524799,-1.6590022,1 (Pop + Groove + Rock + Hip-Hop),gtzan___gtzan_pop_00031
5289,7.764471,1.9548522,1 (Pop + Groove + Rock + Hip-Hop),gtzan___gtzan_pop_00032
5290,-10.312919,10.044782,2 (Classical + Jazz),gtzan___gtzan_pop_00033
5291,7.435739,1.7980311,1 (Pop + Groove + Rock + Hip-Hop),gtzan___gtzan_pop_00034
5292,7.3589177,-2.7592146,1 (Pop + Groove + Rock + Hip-Hop),gtzan___gtzan_pop_00035
5293,6.6851773,0.1551944,1 (Pop + Groove + Rock + Hip-Hop),gtzan___gtzan_pop_00036
5294,12.349721,2.2140677,1 (Pop + Groove + Rock + Hip-Hop),gtzan___gtzan_pop_00037
5295,6.4558597,-0.71185875,1 (Pop + Groove + Rock + Hip-Hop),gtzan___gtzan_pop_00038
5296,5.571349,-2.960261,1 (Pop + Groove + Rock + Hip-Hop),gtzan___gtzan_pop_00039
5297,4.1930623,-5.063364,1 (Pop + Groove + Rock + Hip-Hop),gtzan___gtzan_pop_00040
5298,-3.39801,-2.6480317,2 (Classical + Jazz),gtzan___gtzan_pop_00041
5299,8.00524,2.1573687,1 (Pop + Groove + Rock + Hip-Hop),gtzan___gtzan_pop_00042
5300,10.50455,-1.213072,1 (Pop + Groove + Rock + Hip-Hop),gtzan___gtzan_pop_00043
5301,6.110676,0.14239484,1 (Pop + Groove + Rock + Hip-Hop),gtzan___gtzan_pop_00044
5302,9.663528,2.6232078,1 (Pop + Groove + Rock + Hip-Hop),gtzan___gtzan_pop_00045
5303,9.638048,2.5992308,1 (Pop + Groove + Rock + Hip-Hop),gtzan___gtzan_pop_00046
5304,8.729946,2.1848626,1 (Pop + Groove + Rock + Hip-Hop),gtzan___gtzan_pop_00047
5305,8.3511505,2.1453433,1 (Pop + Groove + Rock + Hip-Hop),gtzan___gtzan_pop_00048
5306,5.399791,2.4921875,1 (Pop + Groove + Rock + Hip-Hop),gtzan___gtzan_pop_00049
5307,8.680705,2.5650938,1 (Pop + Groove + Rock + Hip-Hop),gtzan___gtzan_pop_00050
5308,8.965952,1.8574592,1 (Pop + Groove + Rock + Hip-Hop),gtzan___gtzan_pop_00051
5309,11.72224,3.515503,1 (Pop + Groove + Rock + Hip-Hop),gtzan___gtzan_pop_00052
5310,-6.6048527,-1.5756594,2 (Classical + Jazz),gtzan___gtzan_pop_00053
5311,8.816233,2.7464447,1 (Pop + Groove + Rock + Hip-Hop),gtzan___gtzan_pop_00054
5312,11.258736,3.47908,1 (Pop + Groove + Rock + Hip-Hop),gtzan___gtzan_pop_00055
5313,9.3952055,5.477875,1 (Pop + Groove + Rock + Hip-Hop),gtzan___gtzan_pop_00056
5314,11.713469,3.5042198,1 (Pop + Groove + Rock + Hip-Hop),gtzan___gtzan_pop_00057
5315,9.703742,3.7561483,1 (Pop + Groove + Rock + Hip-Hop),gtzan___gtzan_pop_00058
5316,9.458115,5.4476404,1 (Pop + Groove + Rock + Hip-Hop),gtzan___gtzan_pop_00059
5317,8.816231,2.746446,1 (Pop + Groove + Rock + Hip-Hop),gtzan___gtzan_pop_00060
5318,10.953449,3.604751,1 (Pop + Groove + Rock + Hip-Hop),gtzan___gtzan_pop_00061
5319,8.132377,5.763164,1 (Pop + Groove + Rock + Hip-Hop),gtzan___gtzan_pop_00062
5320,0.7131633,-1.0057192,1 (Pop + Groove + Rock + Hip-Hop),gtzan___gtzan_pop_00063
5321,10.237745,6.1005716,1 (Pop + Groove + Rock + Hip-Hop),gtzan___gtzan_pop_00064
5322,1.0538101,-3.8347294,1 (Pop + Groove + Rock + Hip-Hop),gtzan___gtzan_pop_00065
5323,6.4051266,1.5018443,1 (Pop + Groove + Rock + Hip-Hop),gtzan___gtzan_pop_00066
5324,9.906757,2.1814713,1 (Pop + Groove + Rock + Hip-Hop),gtzan___gtzan_pop_00067
5325,11.213881,1.951584,1 (Pop + Groove + Rock + Hip-Hop),gtzan___gtzan_pop_00068
5326,13.462718,0.32563114,1 (Pop + Groove + Rock + Hip-Hop),gtzan___gtzan_pop_00069
5327,8.398362,2.0221581,1 (Pop + Groove + Rock + Hip-Hop),gtzan___gtzan_pop_00070
5328,9.906762,2.1814728,1 (Pop + Groove + Rock + Hip-Hop),gtzan___gtzan_pop_00071
5329,9.710362,-10.360452,1 (Pop + Groove + Rock + Hip-Hop),gtzan___gtzan_pop_00072
5330,8.468684,0.05982894,1 (Pop + Groove + Rock + Hip-Hop),gtzan___gtzan_pop_00073
5331,8.391559,2.4717922,1 (Pop + Groove + Rock + Hip-Hop),gtzan___gtzan_pop_00074
5332,7.763761,2.0039244,1 (Pop + Groove + Rock + Hip-Hop),gtzan___gtzan_pop_00075
5333,11.78904,-0.9436541,1 (Pop + Groove + Rock + Hip-Hop),gtzan___gtzan_pop_00076
5334,9.964503,2.5024204,1 (Pop + Groove + Rock + Hip-Hop),gtzan___gtzan_pop_00077
5335,9.81452,2.5741503,1 (Pop + Groove + Rock + Hip-Hop),gtzan___gtzan_pop_00078
5336,-5.223633,1.0894744,2 (Classical + Jazz),gtzan___gtzan_pop_00079
5337,8.848462,2.0262654,1 (Pop + Groove + Rock + Hip-Hop),gtzan___gtzan_pop_00080
5338,1.5620304,1.9467909,1 (Pop + Groove + Rock + Hip-Hop),gtzan___gtzan_pop_00081
5339,14.690413,-2.1152484,1 (Pop + Groove + Rock + Hip-Hop),gtzan___gtzan_pop_00082
5340,5.981618,-1.7763239,1 (Pop + Groove + Rock + Hip-Hop),gtzan___gtzan_pop_00083
5341,7.573528,2.8042798,1 (Pop + Groove + Rock + Hip-Hop),gtzan___gtzan_pop_00084
5342,11.116906,1.9517637,1 (Pop + Groove + Rock + Hip-Hop),gtzan___gtzan_pop_00085
5343,5.5339656,-1.7460996,1 (Pop + Groove + Rock + Hip-Hop),gtzan___gtzan_pop_00086
5344,7.171906,0.86036986,1 (Pop + Groove + Rock + Hip-Hop),gtzan___gtzan_pop_00087
5345,9.879374,2.1857917,1 (Pop + Groove + Rock + Hip-Hop),gtzan___gtzan_pop_00088
5346,8.124982,2.3489082,1 (Pop + Groove + Rock + Hip-Hop),gtzan___gtzan_pop_00089
5347,7.0804815,0.90146935,1 (Pop + Groove + Rock + Hip-Hop),gtzan___gtzan_pop_00090
5348,10.637316,2.5513375,1 (Pop + Groove + Rock + Hip-Hop),gtzan___gtzan_pop_00091
5349,12.653218,-0.87585634,1 (Pop + Groove + Rock + Hip-Hop),gtzan___gtzan_pop_00092
5350,14.072112,-1.4474267,1 (Pop + Groove + Rock + Hip-Hop),gtzan___gtzan_pop_00093
5351,1.6639103,-7.1102796,1 (Pop + Groove + Rock + Hip-Hop),gtzan___gtzan_pop_00094
5352,6.8308277,0.95585,1 (Pop + Groove + Rock + Hip-Hop),gtzan___gtzan_pop_00095
5353,6.533834,1.0945462,1 (Pop + Groove + Rock + Hip-Hop),gtzan___gtzan_pop_00096
5354,7.550455,2.487711,1 (Pop + Groove + Rock + Hip-Hop),gtzan___gtzan_pop_00097
5355,12.720653,0.7734138,1 (Pop + Groove + Rock + Hip-Hop),gtzan___gtzan_pop_00098
5356,2.6415138,-2.1518059,1 (Pop + Groove + Rock + Hip-Hop),gtzan___gtzan_pop_00099
5357,2.548871,4.2697024,1 (Pop + Groove + Rock + Hip-Hop),gtzan___gtzan_reggae_00000
5358,0.21710347,-6.5967436,1 (Pop + Groove + Rock + Hip-Hop),gtzan___gtzan_reggae_00001
5359,3.966596,4.349649,1 (Pop + Groove + Rock + Hip-Hop),gtzan___gtzan_reggae_00002
5360,3.11884,4.56544,1 (Pop + Groove + Rock + Hip-Hop),gtzan___gtzan_reggae_00003
5361,3.246097,4.688769,1 (Pop + Groove + Rock + Hip-Hop),gtzan___gtzan_reggae_00004
5362,3.9565296,4.575421,1 (Pop + Groove + Rock + Hip-Hop),gtzan___gtzan_reggae_00005
5363,2.4267094,3.723794,1 (Pop + Groove + Rock + Hip-Hop),gtzan___gtzan_reggae_00006
5364,3.1943827,4.5254116,1 (Pop + Groove + Rock + Hip-Hop),gtzan___gtzan_reggae_00007
5365,3.5391505,4.3465376,1 (Pop + Groove + Rock + Hip-Hop),gtzan___gtzan_reggae_00008
5366,3.4247935,5.1085973,1 (Pop + Groove + Rock + Hip-Hop),gtzan___gtzan_reggae_00009
5367,-3.796481,-0.5473758,2 (Classical + Jazz),gtzan___gtzan_reggae_00010
5368,2.7546968,4.3644876,1 (Pop + Groove + Rock + Hip-Hop),gtzan___gtzan_reggae_00011
5369,3.3022182,4.7852817,1 (Pop + Groove + Rock + Hip-Hop),gtzan___gtzan_reggae_00012
5370,3.242417,5.097019,1 (Pop + Groove + Rock + Hip-Hop),gtzan___gtzan_reggae_00013
5371,3.2284997,4.728681,1 (Pop + Groove + Rock + Hip-Hop),gtzan___gtzan_reggae_00014
5372,2.689599,3.8689349,1 (Pop + Groove + Rock + Hip-Hop),gtzan___gtzan_reggae_00015
5373,3.9096105,1.3129028,1 (Pop + Groove + Rock + Hip-Hop),gtzan___gtzan_reggae_00016
5374,3.4492543,4.8318458,1 (Pop + Groove + Rock + Hip-Hop),gtzan___gtzan_reggae_00017
5375,4.024713,4.596733,1 (Pop + Groove + Rock + Hip-Hop),gtzan___gtzan_reggae_00018
5376,3.3192117,4.8185754,1 (Pop + Groove + Rock + Hip-Hop),gtzan___gtzan_reggae_00019
5377,3.4483607,4.266528,1 (Pop + Groove + Rock + Hip-Hop),gtzan___gtzan_reggae_00020
5378,2.5130062,-1.306669,1 (Pop + Groove + Rock + Hip-Hop),gtzan___gtzan_reggae_00021
5379,3.6714535,2.0506282,1 (Pop + Groove + Rock + Hip-Hop),gtzan___gtzan_reggae_00022
5380,18.613369,7.549025,1 (Pop + Groove + Rock + Hip-Hop),gtzan___gtzan_reggae_00023
5381,2.9873078,4.114974,1 (Pop + Groove + Rock + Hip-Hop),gtzan___gtzan_reggae_00024
5382,3.213859,4.7674136,1 (Pop + Groove + Rock + Hip-Hop),gtzan___gtzan_reggae_00025
5383,2.945482,4.145963,1 (Pop + Groove + Rock + Hip-Hop),gtzan___gtzan_reggae_00026
5384,3.395273,4.754933,1 (Pop + Groove + Rock + Hip-Hop),gtzan___gtzan_reggae_00027
5385,19.66152,6.7565584,1 (Pop + Groove + Rock + Hip-Hop),gtzan___gtzan_reggae_00028
5386,19.52206,6.523226,1 (Pop + Groove + Rock + Hip-Hop),gtzan___gtzan_reggae_00029
5387,20.219545,7.0352855,1 (Pop + Groove + Rock + Hip-Hop),gtzan___gtzan_reggae_00030
5388,20.170826,7.1383734,1 (Pop + Groove + Rock + Hip-Hop),gtzan___gtzan_reggae_00031
5389,19.655386,6.5936885,1 (Pop + Groove + Rock + Hip-Hop),gtzan___gtzan_reggae_00032
5390,19.980293,7.059927,1 (Pop + Groove + Rock + Hip-Hop),gtzan___gtzan_reggae_00033
5391,20.155802,7.274228,1 (Pop + Groove + Rock + Hip-Hop),gtzan___gtzan_reggae_00034
5392,20.097971,7.078013,1 (Pop + Groove + Rock + Hip-Hop),gtzan___gtzan_reggae_00035
5393,19.967232,7.305577,1 (Pop + Groove + Rock + Hip-Hop),gtzan___gtzan_reggae_00036
5394,20.127964,7.0799875,1 (Pop + Groove + Rock + Hip-Hop),gtzan___gtzan_reggae_00037
5395,19.707432,8.118158,1 (Pop + Groove + Rock + Hip-Hop),gtzan___gtzan_reggae_00038
5396,21.190098,6.9226336,1 (Pop + Groove + Rock + Hip-Hop),gtzan___gtzan_reggae_00039
5397,-4.4870596,0.010872723,2 (Classical + Jazz),gtzan___gtzan_reggae_00040
5398,3.6777058,4.8511634,1 (Pop + Groove + Rock + Hip-Hop),gtzan___gtzan_reggae_00041
5399,2.534921,3.918707,1 (Pop + Groove + Rock + Hip-Hop),gtzan___gtzan_reggae_00042
5400,1.5108198,2.72183,1 (Pop + Groove + Rock + Hip-Hop),gtzan___gtzan_reggae_00043
5401,3.409581,4.052967,1 (Pop + Groove + Rock + Hip-Hop),gtzan___gtzan_reggae_00044
5402,9.530493,6.9085307,1 (Pop + Groove + Rock + Hip-Hop),gtzan___gtzan_reggae_00045
5403,2.4664803,4.7023454,1 (Pop + Groove + Rock + Hip-Hop),gtzan___gtzan_reggae_00046
5404,3.9686503,4.7763057,1 (Pop + Groove + Rock + Hip-Hop),gtzan___gtzan_reggae_00047
5405,4.705878,5.2780075,1 (Pop + Groove + Rock + Hip-Hop),gtzan___gtzan_reggae_00048
5406,1.9190139,0.96816856,1 (Pop + Groove + Rock + Hip-Hop),gtzan___gtzan_reggae_00049
5407,9.4176445,7.3725276,1 (Pop + Groove + Rock + Hip-Hop),gtzan___gtzan_reggae_00050
5408,17.008146,2.0052295,1 (Pop + Groove + Rock + Hip-Hop),gtzan___gtzan_reggae_00051
5409,12.331081,4.966193,1 (Pop + Groove + Rock + Hip-Hop),gtzan___gtzan_reggae_00052
5410,19.02093,7.1103287,1 (Pop + Groove + Rock + Hip-Hop),gtzan___gtzan_reggae_00053
5411,3.2509387,4.54702,1 (Pop + Groove + Rock + Hip-Hop),gtzan___gtzan_reggae_00054
5412,17.45261,-0.96638817,1 (Pop + Groove + Rock + Hip-Hop),gtzan___gtzan_reggae_00055
5413,4.23807,4.611211,1 (Pop + Groove + Rock + Hip-Hop),gtzan___gtzan_reggae_00056
5414,3.7149286,4.3412223,1 (Pop + Groove + Rock + Hip-Hop),gtzan___gtzan_reggae_00057
5415,3.2950366,4.8775434,1 (Pop + Groove + Rock + Hip-Hop),gtzan___gtzan_reggae_00058
5416,3.1990697,3.874571,1 (Pop + Groove + Rock + Hip-Hop),gtzan___gtzan_reggae_00059
5417,-3.9688969,-0.5261409,2 (Classical + Jazz),gtzan___gtzan_reggae_00060
5418,8.607629,1.7261816,1 (Pop + Groove + Rock + Hip-Hop),gtzan___gtzan_reggae_00061
5419,3.3645096,5.117596,1 (Pop + Groove + Rock + Hip-Hop),gtzan___gtzan_reggae_00062
5420,3.5330968,4.0492077,1 (Pop + Groove + Rock + Hip-Hop),gtzan___gtzan_reggae_00063
5421,4.513281,4.632062,1 (Pop + Groove + Rock + Hip-Hop),gtzan___gtzan_reggae_00064
5422,9.499378,7.261852,1 (Pop + Groove + Rock + Hip-Hop),gtzan___gtzan_reggae_00065
5423,4.732467,2.626114,1 (Pop + Groove + Rock + Hip-Hop),gtzan___gtzan_reggae_00066
5424,-0.28507915,3.7326345,1 (Pop + Groove + Rock + Hip-Hop),gtzan___gtzan_reggae_00067
5425,3.0167918,4.6169395,1 (Pop + Groove + Rock + Hip-Hop),gtzan___gtzan_reggae_00068
5426,3.9237475,4.883878,1 (Pop + Groove + Rock + Hip-Hop),gtzan___gtzan_reggae_00069
5427,5.538414,3.3871343,1 (Pop + Groove + Rock + Hip-Hop),gtzan___gtzan_reggae_00070
5428,9.5740385,7.1201057,1 (Pop + Groove + Rock + Hip-Hop),gtzan___gtzan_reggae_00071
5429,5.3766446,3.8795385,1 (Pop + Groove + Rock + Hip-Hop),gtzan___gtzan_reggae_00072
5430,13.054704,6.3019524,1 (Pop + Groove + Rock + Hip-Hop),gtzan___gtzan_reggae_00073
5431,13.0185,6.2668676,1 (Pop + Groove + Rock + Hip-Hop),gtzan___gtzan_reggae_00074
5432,1.066866,1.1330806,1 (Pop + Groove + Rock + Hip-Hop),gtzan___gtzan_reggae_00075
5433,9.924118,6.952941,1 (Pop + Groove + Rock + Hip-Hop),gtzan___gtzan_reggae_00076
5434,0.74220455,3.1527588,1 (Pop + Groove + Rock + Hip-Hop),gtzan___gtzan_reggae_00077
5435,3.6399233,4.8252873,1 (Pop + Groove + Rock + Hip-Hop),gtzan___gtzan_reggae_00078
5436,20.14219,6.6063776,1 (Pop + Groove + Rock + Hip-Hop),gtzan___gtzan_reggae_00079
5437,10.903552,7.306089,1 (Pop + Groove + Rock + Hip-Hop),gtzan___gtzan_reggae_00080
5438,11.002388,7.1411705,1 (Pop + Groove + Rock + Hip-Hop),gtzan___gtzan_reggae_00081
5439,11.002388,7.1411705,1 (Pop + Groove + Rock + Hip-Hop),gtzan___gtzan_reggae_00082
5440,-5.576927,-2.4952414,2 (Classical + Jazz),gtzan___gtzan_reggae_00083
5441,3.8176205,2.392368,1 (Pop + Groove + Rock + Hip-Hop),gtzan___gtzan_reggae_00084
5442,-2.3172712,2.9398234,2 (Classical + Jazz),gtzan___gtzan_reggae_00085
5443,7.3180323,2.7739036,1 (Pop + Groove + Rock + Hip-Hop),gtzan___gtzan_reggae_00087
5444,14.614959,0.098295525,1 (Pop + Groove + Rock + Hip-Hop),gtzan___gtzan_reggae_00088
5445,-7.016334,2.3884106,2 (Classical + Jazz),gtzan___gtzan_reggae_00089
5446,4.9244967,4.3347726,1 (Pop + Groove + Rock + Hip-Hop),gtzan___gtzan_reggae_00090
5447,0.5593526,1.0600177,1 (Pop + Groove + Rock + Hip-Hop),gtzan___gtzan_reggae_00091
5448,0.6218393,1.055162,1 (Pop + Groove + Rock + Hip-Hop),gtzan___gtzan_reggae_00092
5449,4.218401,3.8498914,1 (Pop + Groove + Rock + Hip-Hop),gtzan___gtzan_reggae_00093
5450,0.71556276,0.6987232,1 (Pop + Groove + Rock + Hip-Hop),gtzan___gtzan_reggae_00094
5451,9.414305,4.077297,1 (Pop + Groove + Rock + Hip-Hop),gtzan___gtzan_reggae_00095
5452,-2.4024112,3.005768,2 (Classical + Jazz),gtzan___gtzan_reggae_00096
5453,-3.960138,-2.923588,2 (Classical + Jazz),gtzan___gtzan_reggae_00097
5454,2.7496037,6.481815,1 (Pop + Groove + Rock + Hip-Hop),gtzan___gtzan_reggae_00098
5455,2.1842387,1.6984338,1 (Pop + Groove + Rock + Hip-Hop),gtzan___gtzan_reggae_00099
5456,-1.8113326,-2.1470673,2 (Classical + Jazz),gtzan___gtzan_rock_00000
5457,-0.5399404,-3.413095,1 (Pop + Groove + Rock + Hip-Hop),gtzan___gtzan_rock_00001
5458,-0.024539473,-1.5791254,1 (Pop + Groove + Rock + Hip-Hop),gtzan___gtzan_rock_00002
5459,-0.728207,-2.4668195,2 (Classical + Jazz),gtzan___gtzan_rock_00003
5460,-0.7270666,-3.452356,2 (Classical + Jazz),gtzan___gtzan_rock_00004
5461,5.691188,-9.924451,1 (Pop + Groove + Rock + Hip-Hop),gtzan___gtzan_rock_00005
5462,-2.376169,0.88573384,2 (Classical + Jazz),gtzan___gtzan_rock_00006
5463,-0.6898196,-3.2518113,2 (Classical + Jazz),gtzan___gtzan_rock_00007
5464,7.584096,-8.340924,1 (Pop + Groove + Rock + Hip-Hop),gtzan___gtzan_rock_00008
5465,0.45419657,-6.6229563,1 (Pop + Groove + Rock + Hip-Hop),gtzan___gtzan_rock_00009
5466,1.6578827,-2.6768222,1 (Pop + Groove + Rock + Hip-Hop),gtzan___gtzan_rock_00010
5467,-0.36149344,0.65904737,1 (Pop + Groove + Rock + Hip-Hop),gtzan___gtzan_rock_00011
5468,-2.9884753,0.6789364,2 (Classical + Jazz),gtzan___gtzan_rock_00012
5469,4.6660647,2.4969416,1 (Pop + Groove + Rock + Hip-Hop),gtzan___gtzan_rock_00013
5470,-3.5592382,0.40496087,2 (Classical + Jazz),gtzan___gtzan_rock_00014
5471,13.777313,4.2265806,1 (Pop + Groove + Rock + Hip-Hop),gtzan___gtzan_rock_00015
5472,9.76565,-8.101461,1 (Pop + Groove + Rock + Hip-Hop),gtzan___gtzan_rock_00016
5473,4.1170597,-7.059131,1 (Pop + Groove + Rock + Hip-Hop),gtzan___gtzan_rock_00017
5474,7.354432,-10.124284,1 (Pop + Groove + Rock + Hip-Hop),gtzan___gtzan_rock_00018
5475,6.719731,-9.778567,1 (Pop + Groove + Rock + Hip-Hop),gtzan___gtzan_rock_00019
5476,4.2853246,-7.859571,1 (Pop + Groove + Rock + Hip-Hop),gtzan___gtzan_rock_00020
5477,4.2936788,-7.798947,1 (Pop + Groove + Rock + Hip-Hop),gtzan___gtzan_rock_00021
5478,4.5528383,-7.924511,1 (Pop + Groove + Rock + Hip-Hop),gtzan___gtzan_rock_00022
5479,3.5406516,-7.572623,1 (Pop + Groove + Rock + Hip-Hop),gtzan___gtzan_rock_00023
5480,3.688502,-7.3083186,1 (Pop + Groove + Rock + Hip-Hop),gtzan___gtzan_rock_00024
5481,4.038625,-7.9331226,1 (Pop + Groove + Rock + Hip-Hop),gtzan___gtzan_rock_00025
5482,3.9676645,-7.399655,1 (Pop + Groove + Rock + Hip-Hop),gtzan___gtzan_rock_00026
5483,-1.3908057,1.9064698,2 (Classical + Jazz),gtzan___gtzan_rock_00027
5484,3.0151792,-8.931874,1 (Pop + Groove + Rock + Hip-Hop),gtzan___gtzan_rock_00028
5485,4.1565847,-4.319915,1 (Pop + Groove + Rock + Hip-Hop),gtzan___gtzan_rock_00029
5486,15.701864,-2.3253767,1 (Pop + Groove + Rock + Hip-Hop),gtzan___gtzan_rock_00030
5487,2.1611114,-0.23946774,1 (Pop + Groove + Rock + Hip-Hop),gtzan___gtzan_rock_00031
5488,3.08814,-5.3547187,1 (Pop + Groove + Rock + Hip-Hop),gtzan___gtzan_rock_00032
5489,2.203288,-5.412068,1 (Pop + Groove + Rock + Hip-Hop),gtzan___gtzan_rock_00033
5490,7.7645445,-5.722899,1 (Pop + Groove + Rock + Hip-Hop),gtzan___gtzan_rock_00034
5491,2.9647188,-0.57114154,1 (Pop + Groove + Rock + Hip-Hop),gtzan___gtzan_rock_00035
5492,9.308446,-4.850131,1 (Pop + Groove + Rock + Hip-Hop),gtzan___gtzan_rock_00036
5493,3.6065319,0.008833761,1 (Pop + Groove + Rock + Hip-Hop),gtzan___gtzan_rock_00037
5494,9.177927,-4.1459613,1 (Pop + Groove + Rock + Hip-Hop),gtzan___gtzan_rock_00038
5495,3.6353674,-1.1256217,1 (Pop + Groove + Rock + Hip-Hop),gtzan___gtzan_rock_00039
5496,3.942364,0.31811553,1 (Pop + Groove + Rock + Hip-Hop),gtzan___gtzan_rock_00040
5497,3.3991456,-0.21914496,1 (Pop + Groove + Rock + Hip-Hop),gtzan___gtzan_rock_00041
5498,3.621323,-0.4111665,1 (Pop + Groove + Rock + Hip-Hop),gtzan___gtzan_rock_00042
5499,3.1349833,-0.38290948,1 (Pop + Groove + Rock + Hip-Hop),gtzan___gtzan_rock_00043
5500,1.6227515,-5.1967673,1 (Pop + Groove + Rock + Hip-Hop),gtzan___gtzan_rock_00044
5501,-9.398632,3.3517723,2 (Classical + Jazz),gtzan___gtzan_rock_00045
5502,1.8772067,-9.023421,1 (Pop + Groove + Rock + Hip-Hop),gtzan___gtzan_rock_00046
5503,6.657119,-3.5024118,1 (Pop + Groove + Rock + Hip-Hop),gtzan___gtzan_rock_00047
5504,3.4294658,-8.489521,1 (Pop + Groove + Rock + Hip-Hop),gtzan___gtzan_rock_00048
5505,-3.017591,-8.639251,2 (Classical + Jazz),gtzan___gtzan_rock_00049
5506,0.42741016,-6.126693,1 (Pop + Groove + Rock + Hip-Hop),gtzan___gtzan_rock_00050
5507,5.901919,-1.2770708,1 (Pop + Groove + Rock + Hip-Hop),gtzan___gtzan_rock_00051
5508,9.459061,8.642365,1 (Pop + Groove + Rock + Hip-Hop),gtzan___gtzan_rock_00052
5509,4.787129,-6.7105284,1 (Pop + Groove + Rock + Hip-Hop),gtzan___gtzan_rock_00053
5510,-3.2281394,-6.578339,2 (Classical + Jazz),gtzan___gtzan_rock_00054
5511,18.07811,-3.1913068,1 (Pop + Groove + Rock + Hip-Hop),gtzan___gtzan_rock_00055
5512,5.875991,-9.224095,1 (Pop + Groove + Rock + Hip-Hop),gtzan___gtzan_rock_00056
5513,3.962928,-4.499589,1 (Pop + Groove + Rock + Hip-Hop),gtzan___gtzan_rock_00057
5514,-3.5398912,-5.1660304,2 (Classical + Jazz),gtzan___gtzan_rock_00058
5515,-1.6318576,-3.7042305,2 (Classical + Jazz),gtzan___gtzan_rock_00059
5516,3.1877022,-4.567274,1 (Pop + Groove + Rock + Hip-Hop),gtzan___gtzan_rock_00060
5517,-0.92233026,-5.7306585,2 (Classical + Jazz),gtzan___gtzan_rock_00061
5518,-2.7849228,4.641991,2 (Classical + Jazz),gtzan___gtzan_rock_00062
5519,-5.2319098,-1.1955322,2 (Classical + Jazz),gtzan___gtzan_rock_00063
5520,3.5007877,1.4503086,1 (Pop + Groove + Rock + Hip-Hop),gtzan___gtzan_rock_00064
5521,-1.8883084,1.2830893,2 (Classical + Jazz),gtzan___gtzan_rock_00065
5522,-1.5222471,-1.7220588,2 (Classical + Jazz),gtzan___gtzan_rock_00066
5523,-0.23527314,0.7530895,1 (Pop + Groove + Rock + Hip-Hop),gtzan___gtzan_rock_00067
5524,-0.61242616,0.8537687,1 (Pop + Groove + Rock + Hip-Hop),gtzan___gtzan_rock_00068
5525,-2.8747783,-0.8798886,2 (Classical + Jazz),gtzan___gtzan_rock_00069
5526,-2.2952387,-0.81170505,2 (Classical + Jazz),gtzan___gtzan_rock_00070
5527,4.574589,-0.6332559,1 (Pop + Groove + Rock + Hip-Hop),gtzan___gtzan_rock_00071
5528,1.3503419,-2.7627313,1 (Pop + Groove + Rock + Hip-Hop),gtzan___gtzan_rock_00072
5529,4.999156,-1.4017028,1 (Pop + Groove + Rock + Hip-Hop),gtzan___gtzan_rock_00073
5530,2.799034,-7.8854237,1 (Pop + Groove + Rock + Hip-Hop),gtzan___gtzan_rock_00074
5531,5.387291,0.34606662,1 (Pop + Groove + Rock + Hip-Hop),gtzan___gtzan_rock_00075
5532,-0.19882068,-2.8632421,1 (Pop + Groove + Rock + Hip-Hop),gtzan___gtzan_rock_00076
5533,3.0071082,-1.7557489,1 (Pop + Groove + Rock + Hip-Hop),gtzan___gtzan_rock_00077
5534,0.37522715,-2.8458757,1 (Pop + Groove + Rock + Hip-Hop),gtzan___gtzan_rock_00078
5535,2.9901404,-2.1880012,1 (Pop + Groove + Rock + Hip-Hop),gtzan___gtzan_rock_00079
5536,3.5619156,-5.8757224,1 (Pop + Groove + Rock + Hip-Hop),gtzan___gtzan_rock_00080
5537,2.5288079,-0.5841474,1 (Pop + Groove + Rock + Hip-Hop),gtzan___gtzan_rock_00081
5538,1.99033,-4.2035766,1 (Pop + Groove + Rock + Hip-Hop),gtzan___gtzan_rock_00082
5539,0.34386382,-5.375927,1 (Pop + Groove + Rock + Hip-Hop),gtzan___gtzan_rock_00083
5540,3.7654426,-5.6283107,1 (Pop + Groove + Rock + Hip-Hop),gtzan___gtzan_rock_00084
5541,-2.3347802,-3.3637698,2 (Classical + Jazz),gtzan___gtzan_rock_00085
5542,-0.8199441,1.0542744,2 (Classical + Jazz),gtzan___gtzan_rock_00086
5543,4.8637204,-7.13623,1 (Pop + Groove + Rock + Hip-Hop),gtzan___gtzan_rock_00087
5544,3.0461242,0.35426733,1 (Pop + Groove + Rock + Hip-Hop),gtzan___gtzan_rock_00088
5545,1.0416889,-3.3873887,1 (Pop + Groove + Rock + Hip-Hop),gtzan___gtzan_rock_00089
5546,1.795292,0.5202881,1 (Pop + Groove + Rock + Hip-Hop),gtzan___gtzan_rock_00090
5547,3.6621542,-6.621777,1 (Pop + Groove + Rock + Hip-Hop),gtzan___gtzan_rock_00091
5548,4.4924645,-7.5229735,1 (Pop + Groove + Rock + Hip-Hop),gtzan___gtzan_rock_00092
5549,2.7905252,-6.575678,1 (Pop + Groove + Rock + Hip-Hop),gtzan___gtzan_rock_00093
5550,4.397616,-8.805467,1 (Pop + Groove + Rock + Hip-Hop),gtzan___gtzan_rock_00094
5551,0.7669409,-2.413784,1 (Pop + Groove + Rock + Hip-Hop),gtzan___gtzan_rock_00095
5552,2.8917136,-7.0954823,1 (Pop + Groove + Rock + Hip-Hop),gtzan___gtzan_rock_00096
5553,3.0517743,-6.5588355,1 (Pop + Groove + Rock + Hip-Hop),gtzan___gtzan_rock_00097
5554,-3.703618,-1.5396419,2 (Classical + Jazz),gtzan___gtzan_rock_00098
5555,-3.1218545,-3.4804924,2 (Classical + Jazz),gtzan___gtzan_rock_00099
