,t-SNE dimension 1,t-SNE dimension 2,label,file
0,-11.465402,3.781425,3 (Classical + Groove + Jazz),asap___Bach_Fugue_bwv_846_Shi05M
1,-13.569225,4.5602527,3 (Classical + Groove + Jazz),asap___Bach_Fugue_bwv_848_Denisova06M
2,-9.930101,4.924012,3 (Classical + Groove + Jazz),asap___Bach_Fugue_bwv_848_Lee01M
3,-14.1536875,3.3399732,3 (Classical + Groove + Jazz),asap___Bach_Fugue_bwv_848_LeeSH01M
4,-13.667788,4.0687027,3 (Classical + Groove + Jazz),asap___Bach_Fugue_bwv_848_Lin04M
5,-10.789097,4.6973057,3 (Classical + Groove + Jazz),asap___Bach_Fugue_bwv_848_Lou01M
6,-13.61132,1.8954362,3 (Classical + Groove + Jazz),asap___Bach_Fugue_bwv_848_MiyashitaM01M
7,-10.213003,4.7431455,3 (Classical + Groove + Jazz),asap___Bach_Fugue_bwv_848_Mizumoto03M
8,-12.232251,3.7098076,3 (Classical + Groove + Jazz),asap___Bach_Fugue_bwv_848_SunY01M
9,-10.879718,4.6808767,3 (Classical + Groove + Jazz),asap___Bach_Fugue_bwv_848_Zhou01M
10,-14.508022,1.6248065,3 (Classical + Groove + Jazz),asap___Bach_Fugue_bwv_854_LuA01M
11,-12.6255245,3.6673126,3 (Classical + Groove + Jazz),asap___Bach_Fugue_bwv_854_MiyashitaM01M
12,-10.326298,4.782775,3 (Classical + Groove + Jazz),asap___Bach_Fugue_bwv_854_Ozaki01M
13,-15.581487,2.9345646,3 (Classical + Groove + Jazz),asap___Bach_Fugue_bwv_854_Richardson01M
14,-13.045498,3.461924,3 (Classical + Groove + Jazz),asap___Bach_Fugue_bwv_854_WangA01M
15,-14.3010435,1.7839518,3 (Classical + Groove + Jazz),asap___Bach_Fugue_bwv_856_LuoJ01M
16,-13.888718,2.7267766,3 (Classical + Groove + Jazz),asap___Bach_Fugue_bwv_857_Bult-ItoS02M
17,-15.25355,3.224788,3 (Classical + Groove + Jazz),asap___Bach_Fugue_bwv_857_Lisiecki04M
18,-13.678612,3.492048,3 (Classical + Groove + Jazz),asap___Bach_Fugue_bwv_857_ToA01M
19,-14.787511,2.7188044,3 (Classical + Groove + Jazz),asap___Bach_Fugue_bwv_857_WangA01M
20,-13.457428,3.1245706,3 (Classical + Groove + Jazz),asap___Bach_Fugue_bwv_857_YuP01M
21,-16.868624,2.435261,3 (Classical + Groove + Jazz),asap___Bach_Fugue_bwv_858_VuV01M
22,-11.398049,4.5651054,3 (Classical + Groove + Jazz),asap___Bach_Fugue_bwv_858_Zhang01M
23,-13.466713,3.9687374,3 (Classical + Groove + Jazz),asap___Bach_Fugue_bwv_860_Ko04M
24,-12.763971,4.165693,3 (Classical + Groove + Jazz),asap___Bach_Fugue_bwv_860_Nikiforov05M
25,-12.799097,3.5160084,3 (Classical + Groove + Jazz),asap___Bach_Fugue_bwv_860_Tetzloff04M
26,-12.859959,2.6570458,3 (Classical + Groove + Jazz),asap___Bach_Fugue_bwv_860_TuanS01M
27,-14.684942,1.2640482,3 (Classical + Groove + Jazz),asap___Bach_Fugue_bwv_860_YoungS01M
28,-14.267478,3.4823818,3 (Classical + Groove + Jazz),asap___Bach_Fugue_bwv_860_ZhangH04M
29,-15.4628,3.1583784,3 (Classical + Groove + Jazz),asap___Bach_Fugue_bwv_862_Song04M
30,-15.691511,2.434122,3 (Classical + Groove + Jazz),asap___Bach_Fugue_bwv_863_LeeN01M
31,-12.421288,3.3868065,3 (Classical + Groove + Jazz),asap___Bach_Fugue_bwv_863_Shychko01M
32,-14.742849,3.197992,3 (Classical + Groove + Jazz),asap___Bach_Fugue_bwv_863_TongB01M
33,-13.506112,1.6010675,3 (Classical + Groove + Jazz),asap___Bach_Fugue_bwv_864_SunD01M
34,-10.423663,4.7421956,3 (Classical + Groove + Jazz),asap___Bach_Fugue_bwv_865_Teo01M
35,-14.393699,3.1682446,3 (Classical + Groove + Jazz),asap___Bach_Fugue_bwv_865_ZhangE01M
36,-15.900367,2.193056,3 (Classical + Groove + Jazz),asap___Bach_Fugue_bwv_867_HuNY01M
37,-12.0216675,3.6661315,3 (Classical + Groove + Jazz),asap___Bach_Fugue_bwv_867_Sham01M
38,-14.371627,3.1828358,3 (Classical + Groove + Jazz),asap___Bach_Fugue_bwv_868_GonzalezJ05M
39,-11.147052,2.043187,3 (Classical + Groove + Jazz),asap___Bach_Fugue_bwv_870_ChenW01M
40,-13.246525,2.02309,3 (Classical + Groove + Jazz),asap___Bach_Fugue_bwv_870_LeeE01M
41,-13.015313,4.4170556,3 (Classical + Groove + Jazz),asap___Bach_Fugue_bwv_870_MaximovI01M
42,-14.312817,3.9917493,3 (Classical + Groove + Jazz),asap___Bach_Fugue_bwv_873_Lisiecki13M
43,-16.5143,3.4198155,3 (Classical + Groove + Jazz),asap___Bach_Fugue_bwv_874_BianF01
44,-12.755953,4.108384,3 (Classical + Groove + Jazz),asap___Bach_Fugue_bwv_874_Kurz01M
45,-13.742517,2.1635458,3 (Classical + Groove + Jazz),asap___Bach_Fugue_bwv_874_WongWY01M
46,-10.531101,4.177582,3 (Classical + Groove + Jazz),asap___Bach_Fugue_bwv_875_Ahfat01M
47,-14.92706,2.739788,3 (Classical + Groove + Jazz),asap___Bach_Fugue_bwv_875_CaoJ01M
48,-14.056259,3.1209016,3 (Classical + Groove + Jazz),asap___Bach_Fugue_bwv_876_SirajA01M
49,-10.762162,4.260588,3 (Classical + Groove + Jazz),asap___Bach_Fugue_bwv_876_Song01M
50,-13.151011,3.4671474,3 (Classical + Groove + Jazz),asap___Bach_Fugue_bwv_880_LeungR01M
51,-13.0090065,4.278498,3 (Classical + Groove + Jazz),asap___Bach_Fugue_bwv_880_WangA04M
52,-16.214565,2.5335612,3 (Classical + Groove + Jazz),asap___Bach_Fugue_bwv_883_GuoE01M
53,-16.164007,2.6245198,3 (Classical + Groove + Jazz),asap___Bach_Fugue_bwv_883_Herbert02
54,-12.057524,3.1446736,3 (Classical + Groove + Jazz),asap___Bach_Fugue_bwv_883_KaiRuiR03
55,-16.670506,3.2580628,3 (Classical + Groove + Jazz),asap___Bach_Fugue_bwv_883_Khmara04
56,-14.300575,1.1739548,3 (Classical + Groove + Jazz),asap___Bach_Fugue_bwv_883_LuM01M
57,-13.731587,3.1766567,3 (Classical + Groove + Jazz),asap___Bach_Fugue_bwv_884_LiA01M
58,-10.194266,4.5329957,3 (Classical + Groove + Jazz),asap___Bach_Fugue_bwv_885_Guo01M
59,-13.136393,3.8603616,3 (Classical + Groove + Jazz),asap___Bach_Fugue_bwv_885_Huang04M
60,-12.372862,1.7655847,3 (Classical + Groove + Jazz),asap___Bach_Fugue_bwv_885_JeonH01M
61,-10.4813175,4.587917,3 (Classical + Groove + Jazz),asap___Bach_Fugue_bwv_885_SINKEV06
62,-16.961779,2.2476425,3 (Classical + Groove + Jazz),asap___Bach_Fugue_bwv_887_LiYZ01M
63,-13.903907,1.3602711,3 (Classical + Groove + Jazz),asap___Bach_Fugue_bwv_888_ZhaoK01M
64,-9.430028,4.4295874,3 (Classical + Groove + Jazz),asap___Bach_Fugue_bwv_889_Giesbrecht01M
65,-12.7702675,2.9089587,3 (Classical + Groove + Jazz),asap___Bach_Fugue_bwv_889_LiuY01M
66,-12.566656,0.7224559,3 (Classical + Groove + Jazz),asap___Bach_Fugue_bwv_889_MunA01M
67,-9.590144,4.646653,3 (Classical + Groove + Jazz),asap___Bach_Fugue_bwv_889_Wang01M
68,-13.013486,2.3053057,3 (Classical + Groove + Jazz),asap___Bach_Fugue_bwv_889_YangY02M
69,-12.598709,2.7611063,3 (Classical + Groove + Jazz),asap___Bach_Fugue_bwv_889_ZhangW02M
70,-12.938729,4.4118886,3 (Classical + Groove + Jazz),asap___Bach_Fugue_bwv_891_Duepree06M
71,-10.989438,4.237349,3 (Classical + Groove + Jazz),asap___Bach_Fugue_bwv_892_Hou01M
72,-14.267649,3.4008021,3 (Classical + Groove + Jazz),asap___Bach_Fugue_bwv_892_KabuliL01M
73,-13.50579,4.3935623,3 (Classical + Groove + Jazz),asap___Bach_Fugue_bwv_893_Kleisen04M
74,-11.8682785,4.588653,3 (Classical + Groove + Jazz),asap___Bach_Fugue_bwv_893_Levitsky04M
75,-15.154846,2.8955073,3 (Classical + Groove + Jazz),asap___Bach_Fugue_bwv_893_Wong01M
76,-13.325053,4.9106913,3 (Classical + Groove + Jazz),asap___Bach_Prelude_bwv_846_Shi05M
77,-14.390355,4.234579,3 (Classical + Groove + Jazz),asap___Bach_Prelude_bwv_848_Denisova06M
78,-12.376743,4.6345835,3 (Classical + Groove + Jazz),asap___Bach_Prelude_bwv_848_Lee01M
79,-14.654709,3.0726416,3 (Classical + Groove + Jazz),asap___Bach_Prelude_bwv_848_LeeSH01M
80,-15.246567,3.9483025,3 (Classical + Groove + Jazz),asap___Bach_Prelude_bwv_848_Lin04M
81,-12.560125,4.5130396,3 (Classical + Groove + Jazz),asap___Bach_Prelude_bwv_848_Lou01M
82,-14.208619,1.7440943,3 (Classical + Groove + Jazz),asap___Bach_Prelude_bwv_848_MiyashitaM01M
83,-12.051075,4.3625865,3 (Classical + Groove + Jazz),asap___Bach_Prelude_bwv_848_Mizumoto03M
84,-14.437206,3.3570328,3 (Classical + Groove + Jazz),asap___Bach_Prelude_bwv_848_SunY01M
85,-11.150503,4.565511,3 (Classical + Groove + Jazz),asap___Bach_Prelude_bwv_848_Zhou01M
86,-16.799696,2.2141583,3 (Classical + Groove + Jazz),asap___Bach_Prelude_bwv_854_LuA01M
87,-14.97163,3.194097,3 (Classical + Groove + Jazz),asap___Bach_Prelude_bwv_854_MiyashitaM01M
88,-11.6887865,4.282025,3 (Classical + Groove + Jazz),asap___Bach_Prelude_bwv_854_Ozaki01M
89,-16.997574,2.6868956,3 (Classical + Groove + Jazz),asap___Bach_Prelude_bwv_854_Richardson01M
90,-15.615571,2.9313462,3 (Classical + Groove + Jazz),asap___Bach_Prelude_bwv_854_WangA01M
91,-14.33337,2.3601553,3 (Classical + Groove + Jazz),asap___Bach_Prelude_bwv_856_LuoJ01M
92,-15.619289,2.00332,3 (Classical + Groove + Jazz),asap___Bach_Prelude_bwv_857_Bult-ItoS02M
93,-11.917711,4.4558926,3 (Classical + Groove + Jazz),asap___Bach_Prelude_bwv_857_Lan01M
94,-16.795647,3.0091512,3 (Classical + Groove + Jazz),asap___Bach_Prelude_bwv_857_Lisiecki04M
95,-16.354609,2.984031,3 (Classical + Groove + Jazz),asap___Bach_Prelude_bwv_857_ToA01M
96,-16.96449,2.3637865,3 (Classical + Groove + Jazz),asap___Bach_Prelude_bwv_857_WangA01M
97,-15.317318,3.035504,3 (Classical + Groove + Jazz),asap___Bach_Prelude_bwv_857_YuP01M
98,-17.265188,2.3476636,3 (Classical + Groove + Jazz),asap___Bach_Prelude_bwv_858_VuV01M
99,-11.115552,4.021792,3 (Classical + Groove + Jazz),asap___Bach_Prelude_bwv_858_Zhang01M
100,-12.455714,4.4528637,3 (Classical + Groove + Jazz),asap___Bach_Prelude_bwv_860_Ko04M
101,-13.310115,4.1804204,3 (Classical + Groove + Jazz),asap___Bach_Prelude_bwv_860_Nikiforov05M
102,-13.053426,3.812745,3 (Classical + Groove + Jazz),asap___Bach_Prelude_bwv_860_Tetzloff04M
103,-12.205807,3.2716904,3 (Classical + Groove + Jazz),asap___Bach_Prelude_bwv_860_TuanS01M
104,-14.6480465,1.5695964,3 (Classical + Groove + Jazz),asap___Bach_Prelude_bwv_860_YoungS01M
105,-13.700565,4.0264225,3 (Classical + Groove + Jazz),asap___Bach_Prelude_bwv_860_ZhangH04M
106,-13.930264,3.81424,3 (Classical + Groove + Jazz),asap___Bach_Prelude_bwv_862_Song04M
107,-15.267987,2.6060376,3 (Classical + Groove + Jazz),asap___Bach_Prelude_bwv_863_LeeN01M
108,-10.507554,4.65144,3 (Classical + Groove + Jazz),asap___Bach_Prelude_bwv_863_Shychko01M
109,-14.299138,3.7231495,3 (Classical + Groove + Jazz),asap___Bach_Prelude_bwv_863_TongB01M
110,-14.607892,1.5539497,3 (Classical + Groove + Jazz),asap___Bach_Prelude_bwv_864_SunD01M
111,-9.831658,4.554926,3 (Classical + Groove + Jazz),asap___Bach_Prelude_bwv_865_Rizikov01M
112,-10.315927,4.5092425,3 (Classical + Groove + Jazz),asap___Bach_Prelude_bwv_865_Teo01M
113,-13.370603,3.1007476,3 (Classical + Groove + Jazz),asap___Bach_Prelude_bwv_865_ZhangE01M
114,-16.511362,1.9507898,3 (Classical + Groove + Jazz),asap___Bach_Prelude_bwv_867_HuNY01M
115,-14.83882,2.3355265,3 (Classical + Groove + Jazz),asap___Bach_Prelude_bwv_867_Sham01M
116,-14.704873,3.726168,3 (Classical + Groove + Jazz),asap___Bach_Prelude_bwv_868_GonzalezJ05M
117,-13.819101,2.0196545,3 (Classical + Groove + Jazz),asap___Bach_Prelude_bwv_870_ChenW01M
118,-15.985389,2.2883005,3 (Classical + Groove + Jazz),asap___Bach_Prelude_bwv_870_LeeE01M
119,-16.55819,3.3033555,3 (Classical + Groove + Jazz),asap___Bach_Prelude_bwv_870_MaximovI01M
120,-16.934675,2.701973,3 (Classical + Groove + Jazz),asap___Bach_Prelude_bwv_873_Lisiecki13M
121,-9.69538,4.566521,3 (Classical + Groove + Jazz),asap___Bach_Prelude_bwv_874_BianF01M
122,-11.8902645,1.4247179,3 (Classical + Groove + Jazz),asap___Bach_Prelude_bwv_874_WongWY01M
123,-10.149543,4.184456,3 (Classical + Groove + Jazz),asap___Bach_Prelude_bwv_875_Ahfat01M
124,-15.047217,3.132498,3 (Classical + Groove + Jazz),asap___Bach_Prelude_bwv_875_CaoJ01M
125,-10.202317,4.433656,3 (Classical + Groove + Jazz),asap___Bach_Prelude_bwv_875_HONG04M
126,-13.653937,2.8126237,3 (Classical + Groove + Jazz),asap___Bach_Prelude_bwv_876_SirajA01M
127,-11.147666,4.1563663,3 (Classical + Groove + Jazz),asap___Bach_Prelude_bwv_876_Song01M
128,-16.062716,3.6014147,3 (Classical + Groove + Jazz),asap___Bach_Prelude_bwv_880_LeungR01M
129,-15.093002,4.1891885,3 (Classical + Groove + Jazz),asap___Bach_Prelude_bwv_880_WangA04M
130,-17.037153,2.7112677,3 (Classical + Groove + Jazz),asap___Bach_Prelude_bwv_883_GuoE01M
131,-16.6963,2.1786551,3 (Classical + Groove + Jazz),asap___Bach_Prelude_bwv_883_LuM01M
132,-13.923301,3.232823,3 (Classical + Groove + Jazz),asap___Bach_Prelude_bwv_884_LiA01M
133,-11.886518,3.7336602,3 (Classical + Groove + Jazz),asap___Bach_Prelude_bwv_885_Guo01M
134,-15.578067,3.448715,3 (Classical + Groove + Jazz),asap___Bach_Prelude_bwv_885_Huang04M
135,-17.349924,2.6946971,3 (Classical + Groove + Jazz),asap___Bach_Prelude_bwv_885_JeonH01M
136,-15.087462,3.5473964,3 (Classical + Groove + Jazz),asap___Bach_Prelude_bwv_885_SINKEV06
137,-14.28608,1.7720618,3 (Classical + Groove + Jazz),asap___Bach_Prelude_bwv_887_LiYZ01M
138,-16.717894,1.9347904,3 (Classical + Groove + Jazz),asap___Bach_Prelude_bwv_888_ZhaoK01M
139,-11.248569,3.7436028,3 (Classical + Groove + Jazz),asap___Bach_Prelude_bwv_889_Giesbrecht01M
140,-16.321148,2.7503858,3 (Classical + Groove + Jazz),asap___Bach_Prelude_bwv_889_LiuY01M
141,-14.239537,1.4476734,3 (Classical + Groove + Jazz),asap___Bach_Prelude_bwv_889_MunA01M
142,-11.452365,3.8666553,3 (Classical + Groove + Jazz),asap___Bach_Prelude_bwv_889_Wang01M
143,-14.631047,2.2521043,3 (Classical + Groove + Jazz),asap___Bach_Prelude_bwv_889_YangY02M
144,-14.142498,2.588998,3 (Classical + Groove + Jazz),asap___Bach_Prelude_bwv_889_ZhangW02M
145,-11.141596,4.6095223,3 (Classical + Groove + Jazz),asap___Bach_Prelude_bwv_891_BLINOV04M
146,-14.267033,4.32751,3 (Classical + Groove + Jazz),asap___Bach_Prelude_bwv_891_Duepree06M
147,-11.358041,4.182857,3 (Classical + Groove + Jazz),asap___Bach_Prelude_bwv_892_Hou01M
148,-14.343276,3.363555,3 (Classical + Groove + Jazz),asap___Bach_Prelude_bwv_892_KabuliL01M
149,-15.222839,3.607846,3 (Classical + Groove + Jazz),asap___Bach_Prelude_bwv_893_Kleisen04M
150,-15.40016,3.6493933,3 (Classical + Groove + Jazz),asap___Bach_Prelude_bwv_893_Levitsky04M
151,-16.37034,2.5382397,3 (Classical + Groove + Jazz),asap___Bach_Prelude_bwv_893_Wong01M
152,-9.249898,4.9228563,3 (Classical + Groove + Jazz),asap___Balakirev_Islamey_CHEN10M
153,-9.427112,4.426112,3 (Classical + Groove + Jazz),asap___Balakirev_Islamey_Na08M
154,-10.52081,3.742013,3 (Classical + Groove + Jazz),asap___Balakirev_Islamey_Yi04M
155,-11.650736,-1.717563,3 (Classical + Groove + Jazz),asap___Beethoven_Piano_Sonatas_10-1_Hou02M
156,-13.31702,4.331228,3 (Classical + Groove + Jazz),asap___Beethoven_Piano_Sonatas_11-1_LiC03M
157,-12.739559,3.1580775,3 (Classical + Groove + Jazz),asap___Beethoven_Piano_Sonatas_11-1_LiYZ03M
158,-13.765629,4.632379,3 (Classical + Groove + Jazz),asap___Beethoven_Piano_Sonatas_11-1_MaximovI02M
159,-13.160577,3.042069,3 (Classical + Groove + Jazz),asap___Beethoven_Piano_Sonatas_11-1_ZhaoK02M
160,-14.580097,3.5084815,3 (Classical + Groove + Jazz),asap___Beethoven_Piano_Sonatas_12-1_Kleisen05M
161,-9.693646,4.8596773,3 (Classical + Groove + Jazz),asap___Beethoven_Piano_Sonatas_16-1_BuiJL02M
162,-9.531919,4.7521844,3 (Classical + Groove + Jazz),asap___Beethoven_Piano_Sonatas_16-1_Khmara05M
163,-9.893113,3.2298706,3 (Classical + Groove + Jazz),asap___Beethoven_Piano_Sonatas_16-1_LeeSH02M
164,-12.484891,3.4505994,3 (Classical + Groove + Jazz),asap___Beethoven_Piano_Sonatas_16-1_LuoJ03M
165,-11.710331,4.0743527,3 (Classical + Groove + Jazz),asap___Beethoven_Piano_Sonatas_16-1_Woo05M
166,-16.119791,3.2786272,3 (Classical + Groove + Jazz),asap___Beethoven_Piano_Sonatas_17-1_KaszoS09M
167,-9.732417,3.8765988,3 (Classical + Groove + Jazz),asap___Beethoven_Piano_Sonatas_17-1_no_repeat_GuoE02M
168,-9.214207,4.729111,3 (Classical + Groove + Jazz),asap___Beethoven_Piano_Sonatas_17-1_no_repeat_KabuliL02M
169,-10.253955,4.7089963,3 (Classical + Groove + Jazz),asap___Beethoven_Piano_Sonatas_17-1_no_repeat_Richardson02M
170,-8.94922,4.57531,3 (Classical + Groove + Jazz),asap___Beethoven_Piano_Sonatas_17-1_no_repeat_TuanS02M
171,-9.089248,4.8248553,3 (Classical + Groove + Jazz),asap___Beethoven_Piano_Sonatas_17-1_no_repeat_WangH03M
172,-16.4883,3.2715285,3 (Classical + Groove + Jazz),asap___Beethoven_Piano_Sonatas_17-2_USHIKI05M
173,-12.743585,3.8461034,3 (Classical + Groove + Jazz),asap___Beethoven_Piano_Sonatas_17-3_KaszoS11M
174,-10.205009,3.7255416,3 (Classical + Groove + Jazz),asap___Beethoven_Piano_Sonatas_17-3_USHIKI05M
175,-14.507564,1.7084088,3 (Classical + Groove + Jazz),asap___Beethoven_Piano_Sonatas_18-1_ChenGuang03M
176,-12.272156,3.0030363,3 (Classical + Groove + Jazz),asap___Beethoven_Piano_Sonatas_18-1_KOLESO06M
177,-12.906419,2.110955,3 (Classical + Groove + Jazz),asap___Beethoven_Piano_Sonatas_18-1_LeungR02M
178,-13.51443,3.70492,3 (Classical + Groove + Jazz),asap___Beethoven_Piano_Sonatas_18-1_Levitsky05M
179,-13.554158,4.0368557,3 (Classical + Groove + Jazz),asap___Beethoven_Piano_Sonatas_18-1_ZhangH05M
180,-11.636506,3.2324712,3 (Classical + Groove + Jazz),asap___Beethoven_Piano_Sonatas_18-4_ChenGuang06M
181,-11.229066,3.2623854,3 (Classical + Groove + Jazz),asap___Beethoven_Piano_Sonatas_18-4_KOLESO06M
182,-9.543241,4.764058,3 (Classical + Groove + Jazz),asap___Beethoven_Piano_Sonatas_21-1_KaiRuiR02M
183,-10.424222,2.1306772,3 (Classical + Groove + Jazz),asap___Beethoven_Piano_Sonatas_21-1_Sekino05M
184,-11.333392,3.5366385,3 (Classical + Groove + Jazz),asap___Beethoven_Piano_Sonatas_21-1_no_repeat_GonzalezJ06M
185,-12.143164,3.510064,3 (Classical + Groove + Jazz),asap___Beethoven_Piano_Sonatas_21-1_no_repeat_KimSY02M
186,-13.039996,1.8474872,3 (Classical + Groove + Jazz),asap___Beethoven_Piano_Sonatas_21-1_no_repeat_LeeN02M
187,-12.501653,0.6436584,3 (Classical + Groove + Jazz),asap___Beethoven_Piano_Sonatas_21-1_no_repeat_RichardsonC02M
188,-10.151677,3.666571,3 (Classical + Groove + Jazz),asap___Beethoven_Piano_Sonatas_21-1_no_repeat_Shychko02M
189,-10.315816,4.825319,3 (Classical + Groove + Jazz),asap___Beethoven_Piano_Sonatas_21-1_no_repeat_Sladek02M
190,-11.695682,3.7427633,3 (Classical + Groove + Jazz),asap___Beethoven_Piano_Sonatas_21-1_no_repeat_Song03M
191,-10.2911415,1.5407099,3 (Classical + Groove + Jazz),asap___Beethoven_Piano_Sonatas_21-1_no_repeat_SunY02M
192,-10.958995,2.4277222,3 (Classical + Groove + Jazz),asap___Beethoven_Piano_Sonatas_21-1_no_repeat_Tetzloff05M
193,-12.382588,3.017503,3 (Classical + Groove + Jazz),asap___Beethoven_Piano_Sonatas_21-1_no_repeat_ToA02M
194,-10.070382,2.7727358,3 (Classical + Groove + Jazz),asap___Beethoven_Piano_Sonatas_21-1_no_repeat_TongB03M
195,-10.758141,2.0068917,3 (Classical + Groove + Jazz),asap___Beethoven_Piano_Sonatas_21-1_no_repeat_WangA02M
196,-13.255365,0.996382,3 (Classical + Groove + Jazz),asap___Beethoven_Piano_Sonatas_21-1_no_repeat_YeZ02M
197,-9.976612,1.9163581,3 (Classical + Groove + Jazz),asap___Beethoven_Piano_Sonatas_21-1_no_repeat_ZhangW01M
198,-17.02977,2.9832811,3 (Classical + Groove + Jazz),asap___Beethoven_Piano_Sonatas_21-2_YOO05M
199,-16.1861,3.5401466,3 (Classical + Groove + Jazz),asap___Beethoven_Piano_Sonatas_21-3_KimSY04M
200,-16.887243,3.454807,3 (Classical + Groove + Jazz),asap___Beethoven_Piano_Sonatas_21-3_Sekino05M
201,-15.7542715,3.3772714,3 (Classical + Groove + Jazz),asap___Beethoven_Piano_Sonatas_21-3_YOO05M
202,-13.221361,3.5130167,3 (Classical + Groove + Jazz),asap___Beethoven_Piano_Sonatas_22-2_KOLESO04M
203,-10.508457,1.36818,3 (Classical + Groove + Jazz),asap___Beethoven_Piano_Sonatas_23-1_Duepree05M
204,-8.364241,4.9384356,3 (Classical + Groove + Jazz),asap___Beethoven_Piano_Sonatas_23-1_Guo03M
205,-9.219642,4.7091584,3 (Classical + Groove + Jazz),asap___Beethoven_Piano_Sonatas_23-1_LiuC02M
206,-8.4231,5.237251,3 (Classical + Groove + Jazz),asap___Beethoven_Piano_Sonatas_23-1_Mizumoto06M
207,-9.550541,3.1785064,3 (Classical + Groove + Jazz),asap___Beethoven_Piano_Sonatas_23-1_Teo02M
208,-8.693208,5.1745224,3 (Classical + Groove + Jazz),asap___Beethoven_Piano_Sonatas_23-1_Yi02M
209,-14.679811,-0.56378484,3 (Classical + Groove + Jazz),asap___Beethoven_Piano_Sonatas_24-1_Lisiecki05M
210,-13.462496,3.6273599,3 (Classical + Groove + Jazz),asap___Beethoven_Piano_Sonatas_24-1_no_2_repeat_Cui06M
211,-13.263883,3.3027487,3 (Classical + Groove + Jazz),asap___Beethoven_Piano_Sonatas_24-1_no_2_repeat_DeTurck06M
212,-12.504507,3.9975214,3 (Classical + Groove + Jazz),asap___Beethoven_Piano_Sonatas_24-1_no_repeat_Lou02M
213,-13.502349,0.016688239,3 (Classical + Groove + Jazz),asap___Beethoven_Piano_Sonatas_24-2_Lisiecki05M
214,-16.84355,0.5915398,3 (Classical + Groove + Jazz),asap___Beethoven_Piano_Sonatas_26-1_HuNY02M
215,-12.009852,0.8982919,3 (Classical + Groove + Jazz),asap___Beethoven_Piano_Sonatas_26-1_Sham03M
216,-14.399421,-0.61797947,3 (Classical + Groove + Jazz),asap___Beethoven_Piano_Sonatas_26-1_Zhdanov05M
217,-12.915265,2.5560598,3 (Classical + Groove + Jazz),asap___Beethoven_Piano_Sonatas_26-1_no_repeat_Kim02M
218,-17.066206,2.4675882,3 (Classical + Groove + Jazz),asap___Beethoven_Piano_Sonatas_26-2_HONG05M
219,-18.109695,3.055617,3 (Classical + Groove + Jazz),asap___Beethoven_Piano_Sonatas_26-2_LEE_K05M
220,-13.254538,4.0385923,3 (Classical + Groove + Jazz),asap___Beethoven_Piano_Sonatas_26-3_HONG05M
221,-9.086512,3.156452,3 (Classical + Groove + Jazz),asap___Beethoven_Piano_Sonatas_26-3_Zhdanov05M
222,-12.973037,-1.0432069,3 (Classical + Groove + Jazz),asap___Beethoven_Piano_Sonatas_27-1_GiacomelliN04M
223,-12.237038,-0.9610581,3 (Classical + Groove + Jazz),asap___Beethoven_Piano_Sonatas_27-1_Ko05M
224,-11.535384,1.517598,3 (Classical + Groove + Jazz),asap___Beethoven_Piano_Sonatas_27-1_MiyashitaM02M
225,-15.6811285,3.944908,3 (Classical + Groove + Jazz),asap___Beethoven_Piano_Sonatas_27-2_GiacomelliN05M
226,-13.643504,1.4839556,3 (Classical + Groove + Jazz),asap___Beethoven_Piano_Sonatas_28-1_KimHJ02M
227,-14.334657,1.9321853,3 (Classical + Groove + Jazz),asap___Beethoven_Piano_Sonatas_28-1_KyykhynenT06M
228,-13.784132,1.8345081,3 (Classical + Groove + Jazz),asap___Beethoven_Piano_Sonatas_28-1_WangY04M
229,-17.419123,2.3070552,3 (Classical + Groove + Jazz),asap___Beethoven_Piano_Sonatas_3-2_MiyashitaM04M
230,-12.763651,4.4497375,3 (Classical + Groove + Jazz),asap___Beethoven_Piano_Sonatas_31-1_ADIG05M
231,-14.092016,3.7347941,3 (Classical + Groove + Jazz),asap___Beethoven_Piano_Sonatas_31-1_AbdelmoulaJS03M
232,-12.187847,4.585997,3 (Classical + Groove + Jazz),asap___Beethoven_Piano_Sonatas_31-1_Ahfat02M
233,-13.421464,3.9649065,3 (Classical + Groove + Jazz),asap___Beethoven_Piano_Sonatas_31-1_BrendleA03M
234,-14.953881,3.4202566,3 (Classical + Groove + Jazz),asap___Beethoven_Piano_Sonatas_31-1_HuangSW08M
235,-14.851177,4.028005,3 (Classical + Groove + Jazz),asap___Beethoven_Piano_Sonatas_31-1_LeungM03M
236,-12.61044,3.921514,3 (Classical + Groove + Jazz),asap___Beethoven_Piano_Sonatas_31-1_Na06M
237,-12.316836,3.5773823,3 (Classical + Groove + Jazz),asap___Beethoven_Piano_Sonatas_31-1_Zuber04M
238,-12.901537,-0.5926028,3 (Classical + Groove + Jazz),asap___Beethoven_Piano_Sonatas_31-2_ADIG05M
239,-12.737853,4.7324314,3 (Classical + Groove + Jazz),asap___Beethoven_Piano_Sonatas_32-1_DupreeF03M
240,-10.316382,4.619134,3 (Classical + Groove + Jazz),asap___Beethoven_Piano_Sonatas_32-1_HouY04M
241,-9.936617,3.2263656,3 (Classical + Groove + Jazz),asap___Beethoven_Piano_Sonatas_32-1_Jussow06M
242,-11.94611,1.877258,3 (Classical + Groove + Jazz),asap___Beethoven_Piano_Sonatas_4-1_Chon03M
243,-14.377248,0.117543794,3 (Classical + Groove + Jazz),asap___Beethoven_Piano_Sonatas_4-1_LeeE02M
244,-12.755,-0.93794215,3 (Classical + Groove + Jazz),asap___Beethoven_Piano_Sonatas_4-1_LiA04M
245,-12.797585,1.9042146,3 (Classical + Groove + Jazz),asap___Beethoven_Piano_Sonatas_4-1_SirajA02M
246,-13.519791,3.3370526,3 (Classical + Groove + Jazz),asap___Beethoven_Piano_Sonatas_5-1_Colafelice02M
247,-13.562144,1.7244031,3 (Classical + Groove + Jazz),asap___Beethoven_Piano_Sonatas_5-1_SunD02M
248,-12.107106,4.53806,3 (Classical + Groove + Jazz),asap___Beethoven_Piano_Sonatas_7-1_Hebert01M
249,-10.088729,4.652389,3 (Classical + Groove + Jazz),asap___Beethoven_Piano_Sonatas_7-1_Larionova04M
250,-11.190211,4.5921626,3 (Classical + Groove + Jazz),asap___Beethoven_Piano_Sonatas_7-1_LeeS02M
251,-9.655871,4.59237,3 (Classical + Groove + Jazz),asap___Beethoven_Piano_Sonatas_7-1_Wang02M
252,-11.475647,3.770987,3 (Classical + Groove + Jazz),asap___Beethoven_Piano_Sonatas_7-1_WangY01M
253,-10.7776575,3.3461065,3 (Classical + Groove + Jazz),asap___Beethoven_Piano_Sonatas_7-1_ZhangE02M
254,-13.42119,0.16223142,3 (Classical + Groove + Jazz),asap___Beethoven_Piano_Sonatas_7-4_Larionova04M
255,-16.132488,2.363553,3 (Classical + Groove + Jazz),asap___Beethoven_Piano_Sonatas_7-4_LeeS05M
256,-15.823696,1.0631833,3 (Classical + Groove + Jazz),asap___Beethoven_Piano_Sonatas_8-1_Na06M
257,-10.1934595,4.2333755,3 (Classical + Groove + Jazz),asap___Beethoven_Piano_Sonatas_8-3_Na06M
258,-13.316404,3.8402889,3 (Classical + Groove + Jazz),asap___Beethoven_Piano_Sonatas_9-1_Tysman05M
259,-10.964661,1.4374288,3 (Classical + Groove + Jazz),asap___Beethoven_Piano_Sonatas_9-3_Tysman05M
260,-16.097416,2.2081323,3 (Classical + Groove + Jazz),asap___Chopin_Ballades_1_BuiJL04M
261,-11.764084,1.8134474,3 (Classical + Groove + Jazz),asap___Chopin_Ballades_1_JIA06M
262,-9.814403,3.13668,3 (Classical + Groove + Jazz),asap___Chopin_Ballades_1_KimSuyeon04M
263,-13.551221,0.9453346,3 (Classical + Groove + Jazz),asap___Chopin_Ballades_1_Mo07M
264,-10.286348,1.6086818,3 (Classical + Groove + Jazz),asap___Chopin_Ballades_1_MunA19M
265,-12.731222,1.3396686,3 (Classical + Groove + Jazz),asap___Chopin_Ballades_1_Richardson13M
266,-11.953306,3.1895938,3 (Classical + Groove + Jazz),asap___Chopin_Ballades_1_Sladek04M
267,-8.950882,5.312265,3 (Classical + Groove + Jazz),asap___Chopin_Ballades_1_Zhou06M
268,-16.756199,3.48605,3 (Classical + Groove + Jazz),asap___Chopin_Ballades_3_Ko11M
269,-16.809952,3.4965045,3 (Classical + Groove + Jazz),asap___Chopin_Ballades_3_LinPeng06M
270,-11.425675,3.8290818,3 (Classical + Groove + Jazz),asap___Chopin_Ballades_4_ChenC04M
271,-11.650675,3.4520996,3 (Classical + Groove + Jazz),asap___Chopin_Ballades_4_Kociuban07M
272,-14.459986,3.4819365,3 (Classical + Groove + Jazz),asap___Chopin_Ballades_4_Levitsky18M
273,-13.967207,3.0445733,3 (Classical + Groove + Jazz),asap___Chopin_Ballades_4_LuEric04M
274,-11.273882,3.8172812,3 (Classical + Groove + Jazz),asap___Chopin_Ballades_4_MiyashitaM04M
275,-12.898805,3.186268,3 (Classical + Groove + Jazz),asap___Chopin_Ballades_4_Mizumoto02M
276,-13.647761,3.4960375,3 (Classical + Groove + Jazz),asap___Chopin_Ballades_4_Nikiforov13M
277,-14.593997,3.8478782,3 (Classical + Groove + Jazz),asap___Chopin_Barcarolle_LeeSH05M
278,-9.736194,2.462851,3 (Classical + Groove + Jazz),asap___Chopin_Barcarolle_Na09M
279,-14.238251,3.5899003,3 (Classical + Groove + Jazz),asap___Chopin_Barcarolle_Ozel10M
280,-16.133778,3.3682442,3 (Classical + Groove + Jazz),asap___Chopin_Barcarolle_Park10M
281,-10.488067,4.968843,3 (Classical + Groove + Jazz),asap___Chopin_Barcarolle_Rozanski07M
282,-15.387619,3.682074,3 (Classical + Groove + Jazz),asap___Chopin_Berceuse_op_57_LeungM07M
283,-14.609989,3.438007,3 (Classical + Groove + Jazz),asap___Chopin_Berceuse_op_57_MiyashitaM06M
284,-15.541052,3.919523,3 (Classical + Groove + Jazz),asap___Chopin_Berceuse_op_57_Tario07M
285,-12.428391,4.861666,3 (Classical + Groove + Jazz),asap___Chopin_Berceuse_op_57_Teo11M
286,-15.714289,3.483857,3 (Classical + Groove + Jazz),asap___Chopin_Berceuse_op_57_ZhangE09M
287,-9.735981,4.7565517,3 (Classical + Groove + Jazz),asap___Chopin_Etudes_op_10_10_WangH02M
288,-8.885939,4.644779,3 (Classical + Groove + Jazz),asap___Chopin_Etudes_op_10_12_Bult-ItoS04M
289,-9.5978,3.575966,3 (Classical + Groove + Jazz),asap___Chopin_Etudes_op_10_12_HuNY03M
290,-8.708822,4.907689,3 (Classical + Groove + Jazz),asap___Chopin_Etudes_op_10_12_LuoJ08M
291,-8.953751,4.134101,3 (Classical + Groove + Jazz),asap___Chopin_Etudes_op_10_12_WuuE06M
292,-9.062987,5.3175373,3 (Classical + Groove + Jazz),asap___Chopin_Etudes_op_10_12_ZhangYunling02M
293,-8.611061,3.7695928,3 (Classical + Groove + Jazz),asap___Chopin_Etudes_op_10_1_ChenW03M
294,-9.096382,5.0599527,3 (Classical + Groove + Jazz),asap___Chopin_Etudes_op_10_1_KaiRuiR03M
295,-8.627098,4.5733247,3 (Classical + Groove + Jazz),asap___Chopin_Etudes_op_10_1_LiYZ02M
296,-9.318233,2.07591,3 (Classical + Groove + Jazz),asap___Chopin_Etudes_op_10_1_LuM02M
297,-9.248715,3.7718756,3 (Classical + Groove + Jazz),asap___Chopin_Etudes_op_10_1_MunA07M
298,-9.270824,4.5596232,3 (Classical + Groove + Jazz),asap___Chopin_Etudes_op_10_1_SunY03M
299,-10.347482,4.851951,3 (Classical + Groove + Jazz),asap___Chopin_Etudes_op_10_1_YeF03M
300,-9.312166,4.568059,3 (Classical + Groove + Jazz),asap___Chopin_Etudes_op_10_1_YuP02M
301,-13.982615,3.1249197,3 (Classical + Groove + Jazz),asap___Chopin_Etudes_op_10_2_Hebert03M
302,-12.126763,1.3875701,3 (Classical + Groove + Jazz),asap___Chopin_Etudes_op_10_2_JeonH02M
303,-10.197013,4.0706754,3 (Classical + Groove + Jazz),asap___Chopin_Etudes_op_10_4_Duepree06M
304,-12.006789,2.3466969,3 (Classical + Groove + Jazz),asap___Chopin_Etudes_op_10_4_Knoll03M
305,-10.169517,3.8823168,3 (Classical + Groove + Jazz),asap___Chopin_Etudes_op_10_4_Kurz03M
306,-9.963541,3.077323,3 (Classical + Groove + Jazz),asap___Chopin_Etudes_op_10_4_LeeSH03M
307,-12.16713,3.343404,3 (Classical + Groove + Jazz),asap___Chopin_Etudes_op_10_4_Richardson_2013_03M
308,-10.0523405,4.459319,3 (Classical + Groove + Jazz),asap___Chopin_Etudes_op_10_4_Sladek03M
309,-10.217297,4.3704276,3 (Classical + Groove + Jazz),asap___Chopin_Etudes_op_10_4_Yi03M
310,-10.915704,3.4743993,3 (Classical + Groove + Jazz),asap___Chopin_Etudes_op_10_4_ZhangE03M
311,-10.209334,3.563776,3 (Classical + Groove + Jazz),asap___Chopin_Etudes_op_10_4_ZhaoA03M
312,-12.51968,3.8075092,3 (Classical + Groove + Jazz),asap___Chopin_Etudes_op_10_5_LiA03M
313,-11.857109,4.1436796,3 (Classical + Groove + Jazz),asap___Chopin_Etudes_op_10_5_LiC02M
314,-12.933402,3.6227925,3 (Classical + Groove + Jazz),asap___Chopin_Etudes_op_10_5_ZhangW03M
315,-11.170377,4.5582204,3 (Classical + Groove + Jazz),asap___Chopin_Etudes_op_10_8_KyykhynenT09M
316,-9.974228,4.497845,3 (Classical + Groove + Jazz),asap___Chopin_Etudes_op_10_8_Lou03M
317,-12.6526785,2.5086727,3 (Classical + Groove + Jazz),asap___Chopin_Etudes_op_10_8_LuEric03M
318,-11.329779,3.317683,3 (Classical + Groove + Jazz),asap___Chopin_Etudes_op_10_8_MiyashitaM05M
319,-9.968497,4.5537596,3 (Classical + Groove + Jazz),asap___Chopin_Etudes_op_10_8_Rizikov03M
320,-11.687389,4.5187793,3 (Classical + Groove + Jazz),asap___Chopin_Etudes_op_10_8_Tetzloff07M
321,-10.2675905,4.741637,3 (Classical + Groove + Jazz),asap___Chopin_Etudes_op_10_8_Zhou03M
322,-15.033772,4.010207,3 (Classical + Groove + Jazz),asap___Chopin_Etudes_op_25_10_Guo02M
323,-15.731571,2.9736633,3 (Classical + Groove + Jazz),asap___Chopin_Etudes_op_25_10_Ozel05M
324,-14.100049,3.5456529,3 (Classical + Groove + Jazz),asap___Chopin_Etudes_op_25_10_WangA03M
325,-9.540352,4.0505867,3 (Classical + Groove + Jazz),asap___Chopin_Etudes_op_25_11_KimSuyeon03M
326,-10.1767235,4.308823,3 (Classical + Groove + Jazz),asap___Chopin_Etudes_op_25_11_KyykhynenT10M
327,-11.222097,4.0498266,3 (Classical + Groove + Jazz),asap___Chopin_Etudes_op_25_11_Lisiecki07M
328,-9.855528,3.3690655,3 (Classical + Groove + Jazz),asap___Chopin_Etudes_op_25_11_MiyashitaM03M
329,-11.242213,4.5252295,3 (Classical + Groove + Jazz),asap___Chopin_Etudes_op_25_11_Richardson_2013_08M
330,-10.346806,3.038328,3 (Classical + Groove + Jazz),asap___Chopin_Etudes_op_25_11_Richardson_2015_03M
331,-9.560031,4.384681,3 (Classical + Groove + Jazz),asap___Chopin_Etudes_op_25_11_Sham02M
332,-9.302166,4.9702396,3 (Classical + Groove + Jazz),asap___Chopin_Etudes_op_25_11_Shychko03M
333,-9.314862,5.06605,3 (Classical + Groove + Jazz),asap___Chopin_Etudes_op_25_11_Song02M
334,-10.0053005,3.3518488,3 (Classical + Groove + Jazz),asap___Chopin_Etudes_op_25_11_WangA02M
335,-8.793896,5.0616574,3 (Classical + Groove + Jazz),asap___Chopin_Etudes_op_25_12_BorickC04M
336,-8.78413,5.4324646,3 (Classical + Groove + Jazz),asap___Chopin_Etudes_op_25_12_HouKimberly03M
337,-8.599509,5.3248363,3 (Classical + Groove + Jazz),asap___Chopin_Etudes_op_25_12_LuA04M
338,-12.417478,3.4075463,3 (Classical + Groove + Jazz),asap___Chopin_Etudes_op_25_1_LeeN03M
339,-10.94143,4.8233485,3 (Classical + Groove + Jazz),asap___Chopin_Etudes_op_25_1_TongB02M
340,-12.413855,4.0597982,3 (Classical + Groove + Jazz),asap___Chopin_Etudes_op_25_1_TuanS04M
341,-14.442504,4.344105,3 (Classical + Groove + Jazz),asap___Chopin_Etudes_op_25_1_Wong03M
342,-17.275604,3.4932206,3 (Classical + Groove + Jazz),asap___Chopin_Scherzos_20_Kurz04M
343,-17.14062,3.1057665,3 (Classical + Groove + Jazz),asap___Chopin_Scherzos_20_Wong04M
344,-16.355232,4.100387,3 (Classical + Groove + Jazz),asap___Chopin_Scherzos_20_ZhangYunling04M
345,-16.350489,0.5408069,3 (Classical + Groove + Jazz),asap___Chopin_Scherzos_31_ChenW04M
346,-17.158192,2.3844762,3 (Classical + Groove + Jazz),asap___Chopin_Scherzos_31_HuNY08M
347,-17.415897,2.887495,3 (Classical + Groove + Jazz),asap___Chopin_Scherzos_31_Jussow11M
348,-17.244143,2.3055177,3 (Classical + Groove + Jazz),asap___Chopin_Scherzos_31_LeeN04M
349,-16.201843,2.29772,3 (Classical + Groove + Jazz),asap___Chopin_Scherzos_31_LinTami06M
350,-15.39865,1.9517922,3 (Classical + Groove + Jazz),asap___Chopin_Scherzos_31_LuoJ12M
351,-17.01043,2.2544928,3 (Classical + Groove + Jazz),asap___Chopin_Scherzos_31_SunD04M
352,-16.38815,2.3847485,3 (Classical + Groove + Jazz),asap___Chopin_Scherzos_31_TongB04M
353,-16.343489,2.741126,3 (Classical + Groove + Jazz),asap___Chopin_Scherzos_31_TuanS05M
354,-16.022179,2.5925083,3 (Classical + Groove + Jazz),asap___Chopin_Scherzos_31_ZhangW04M
355,-12.242123,3.3356616,3 (Classical + Groove + Jazz),asap___Chopin_Scherzos_39_Arciglione13M
356,-13.070622,1.8098254,3 (Classical + Groove + Jazz),asap___Chopin_Scherzos_39_Bult-ItoS05M
357,-12.5574665,5.2141647,3 (Classical + Groove + Jazz),asap___Chopin_Sonata_2_4th_KaszoS16M
358,-10.586088,4.8615656,3 (Classical + Groove + Jazz),asap___Chopin_Sonata_3_4th_GarritsonL11M
359,-11.9452095,3.5254717,3 (Classical + Groove + Jazz),asap___Chopin_Sonata_3_4th_HuangSW06M
360,-9.805582,4.5597706,3 (Classical + Groove + Jazz),asap___Chopin_Sonata_3_4th_KimSJ10M
361,-11.608834,4.505788,3 (Classical + Groove + Jazz),asap___Chopin_Sonata_3_4th_KimSY23M
362,-11.734955,3.6356378,3 (Classical + Groove + Jazz),asap___Debussy_Images_Book_1_1_Reflets_dans_lEau_Kleisen11M
363,-12.334635,2.3664138,3 (Classical + Groove + Jazz),asap___Debussy_Images_Book_1_1_Reflets_dans_lEau_ParkJH13M
364,-15.009372,2.851981,3 (Classical + Groove + Jazz),asap___Haydn_Keyboard_Sonatas_31-1_Song05M
365,-11.660224,2.8437824,3 (Classical + Groove + Jazz),asap___Haydn_Keyboard_Sonatas_39-1_Yarden07M
366,-11.1342,3.4022355,3 (Classical + Groove + Jazz),asap___Haydn_Keyboard_Sonatas_39-3_Yarden07M
367,-15.137435,-0.8682929,3 (Classical + Groove + Jazz),asap___Haydn_Keyboard_Sonatas_46-1_WongWY02M
368,-13.822253,1.0732236,3 (Classical + Groove + Jazz),asap___Haydn_Keyboard_Sonatas_46-1_YuP03M
369,-16.628708,2.3773904,3 (Classical + Groove + Jazz),asap___Haydn_Keyboard_Sonatas_48-1_GarritsonL02M
370,-17.241537,2.7009075,3 (Classical + Groove + Jazz),asap___Haydn_Keyboard_Sonatas_48-1_PrjevalskayaM02M
371,-14.208936,3.397393,3 (Classical + Groove + Jazz),asap___Haydn_Keyboard_Sonatas_48-2_GarritsonL03M
372,-13.834019,3.630896,3 (Classical + Groove + Jazz),asap___Haydn_Keyboard_Sonatas_48-2_PrjevalskayaM03M
373,-16.251556,2.947294,3 (Classical + Groove + Jazz),asap___Haydn_Keyboard_Sonatas_50-1_no_repeat_GalantM02M
374,-16.829071,2.9259048,3 (Classical + Groove + Jazz),asap___Haydn_Keyboard_Sonatas_50-1_no_repeat_HamSY02M
375,-13.058454,1.3371918,3 (Classical + Groove + Jazz),asap___Haydn_Keyboard_Sonatas_50-1_no_repeat_Huang05M
376,-14.2355585,-0.9616496,3 (Classical + Groove + Jazz),asap___Haydn_Keyboard_Sonatas_50-1_no_repeat_JeonH03M
377,-13.65546,2.8583412,3 (Classical + Groove + Jazz),asap___Haydn_Keyboard_Sonatas_50-1_no_repeat_KARYAG06M
378,-13.988628,1.3375931,3 (Classical + Groove + Jazz),asap___Haydn_Keyboard_Sonatas_50-1_no_repeat_Shi07M
379,-15.524163,0.021893233,3 (Classical + Groove + Jazz),asap___Haydn_Keyboard_Sonatas_50-1_no_repeat_YoungS02M
380,-16.172615,2.5613043,3 (Classical + Groove + Jazz),asap___Liszt_Annees_de_pelerinage_2_1_Gondoliera_LeungM08M
381,-16.515177,2.2123032,3 (Classical + Groove + Jazz),asap___Liszt_Annees_de_pelerinage_2_1_Gondoliera_LeungM12M
382,-17.619194,3.3346288,3 (Classical + Groove + Jazz),asap___Liszt_Ballade_2_GarritsonL04M
383,-15.583346,3.8362057,3 (Classical + Groove + Jazz),asap___Liszt_Ballade_2_Jin07M
384,-14.758378,4.2293153,3 (Classical + Groove + Jazz),asap___Liszt_Ballade_2_Min06M
385,-9.088903,5.3696766,3 (Classical + Groove + Jazz),asap___Liszt_Concert_Etude_S145_1_Kleisen06M
386,-8.805928,5.1277146,3 (Classical + Groove + Jazz),asap___Liszt_Concert_Etude_S145_1_Woo06M
387,-11.422028,3.5668657,3 (Classical + Groove + Jazz),asap___Liszt_Concert_Etude_S145_2_Lu03M
388,-12.778888,3.3008838,3 (Classical + Groove + Jazz),asap___Liszt_Concert_Etude_S145_2_Tario06M
389,-13.885942,1.9665499,3 (Classical + Groove + Jazz),asap___Liszt_Gran_Etudes_de_Paganini_2_La_campanella_BuiJL03M
390,-14.422504,2.3777316,3 (Classical + Groove + Jazz),asap___Liszt_Gran_Etudes_de_Paganini_2_La_campanella_LeungR04M
391,-15.3676405,3.162408,3 (Classical + Groove + Jazz),asap___Liszt_Gran_Etudes_de_Paganini_2_La_campanella_Levitsky06M
392,-14.27556,2.9630702,3 (Classical + Groove + Jazz),asap___Liszt_Gran_Etudes_de_Paganini_2_La_campanella_Lin07M
393,-15.83695,0.57344335,3 (Classical + Groove + Jazz),asap___Liszt_Gran_Etudes_de_Paganini_2_La_campanella_LiuC05M
394,-13.485263,2.0717416,3 (Classical + Groove + Jazz),asap___Liszt_Gran_Etudes_de_Paganini_2_La_campanella_LiuY03M
395,-13.853025,1.5593925,3 (Classical + Groove + Jazz),asap___Liszt_Gran_Etudes_de_Paganini_2_La_campanella_MunA08M
396,-14.404383,1.375312,3 (Classical + Groove + Jazz),asap___Liszt_Gran_Etudes_de_Paganini_2_La_campanella_VuV06M
397,-16.328493,1.6383764,3 (Classical + Groove + Jazz),asap___Liszt_Gran_Etudes_de_Paganini_2_La_campanella_Yang05M
398,-13.315018,2.5218592,3 (Classical + Groove + Jazz),asap___Liszt_Gran_Etudes_de_Paganini_2_La_campanella_ZhangH07M
399,-12.625627,3.249726,3 (Classical + Groove + Jazz),asap___Liszt_Gran_Etudes_de_Paganini_6_Theme_and_Variations_WangA07M
400,-15.619786,3.0909998,3 (Classical + Groove + Jazz),asap___Liszt_Gran_Etudes_de_Paganini_6_Theme_and_Variations_repeat_KanM09M
401,-15.117629,3.5232368,3 (Classical + Groove + Jazz),asap___Liszt_Transcendental_Etudes_3_Huang14M
402,-15.125581,2.4838605,3 (Classical + Groove + Jazz),asap___Liszt_Transcendental_Etudes_5_Huang16M
403,-15.749937,2.6896122,3 (Classical + Groove + Jazz),asap___Liszt_Transcendental_Etudes_5_LiuY06M
404,-16.336672,1.7405978,3 (Classical + Groove + Jazz),asap___Liszt_Transcendental_Etudes_5_Min03M
405,-16.76471,2.0227225,3 (Classical + Groove + Jazz),asap___Liszt_Transcendental_Etudes_5_Park03M
406,-12.470396,3.1977139,3 (Classical + Groove + Jazz),asap___Liszt_Transcendental_Etudes_5_Wang06M
407,-13.051945,1.3596638,3 (Classical + Groove + Jazz),asap___Liszt_Transcendental_Etudes_5_WangY02M
408,-12.916466,-0.33830312,3 (Classical + Groove + Jazz),asap___Mozart_Piano_Sonatas_12-1_MunA03M
409,-14.051852,0.5404525,3 (Classical + Groove + Jazz),asap___Mozart_Piano_Sonatas_12-1_WuuE02M
410,-13.618333,1.5420239,3 (Classical + Groove + Jazz),asap___Mozart_Piano_Sonatas_12-3_MunA05M
411,-12.9625635,1.6517699,3 (Classical + Groove + Jazz),asap___Mozart_Piano_Sonatas_12-3_WuuE04M
412,-16.56973,3.3814142,3 (Classical + Groove + Jazz),asap___Rachmaninoff_Preludes_op_23_4_ChenGuang12M
413,-14.256649,2.5646214,3 (Classical + Groove + Jazz),asap___Rachmaninoff_Preludes_op_23_4_WuuE07M
414,-15.32891,3.4809246,3 (Classical + Groove + Jazz),asap___Rachmaninoff_Preludes_op_23_6_Nikiforov14M
415,-12.109807,2.2624736,3 (Classical + Groove + Jazz),asap___Schubert_Impromptu_op.90_D.899_1_Duepree08M
416,-13.629336,2.7481616,3 (Classical + Groove + Jazz),asap___Schubert_Impromptu_op.90_D.899_1_Jin05M
417,-11.641595,2.1634026,3 (Classical + Groove + Jazz),asap___Schubert_Impromptu_op.90_D.899_1_Teo06M
418,-12.157408,4.6639566,3 (Classical + Groove + Jazz),asap___Schubert_Impromptu_op.90_D.899_2_Denisova11M
419,-14.073422,3.1377451,3 (Classical + Groove + Jazz),asap___Schubert_Impromptu_op.90_D.899_2_FaB06M
420,-13.296871,2.3155367,3 (Classical + Groove + Jazz),asap___Schubert_Impromptu_op.90_D.899_2_HuNY06M
421,-11.952766,2.654419,3 (Classical + Groove + Jazz),asap___Schubert_Impromptu_op.90_D.899_2_KaiRuiR05M
422,-13.653597,3.8326883,3 (Classical + Groove + Jazz),asap___Schubert_Impromptu_op.90_D.899_2_Levitsky09M
423,-13.422791,3.9022963,3 (Classical + Groove + Jazz),asap___Schubert_Impromptu_op.90_D.899_2_Nikiforov09M
424,-10.914301,4.8020835,3 (Classical + Groove + Jazz),asap___Schubert_Impromptu_op.90_D.899_3_Hou06M
425,-13.049908,4.3360453,3 (Classical + Groove + Jazz),asap___Schubert_Impromptu_op.90_D.899_3_JeonH06M
426,-12.721706,4.063255,3 (Classical + Groove + Jazz),asap___Schubert_Impromptu_op.90_D.899_3_Ko08M
427,-12.2675905,4.354522,3 (Classical + Groove + Jazz),asap___Schubert_Impromptu_op.90_D.899_3_Kociuban10M
428,-13.390129,4.3377724,3 (Classical + Groove + Jazz),asap___Schubert_Impromptu_op.90_D.899_3_LEE_K04M
429,-11.967898,4.5285554,3 (Classical + Groove + Jazz),asap___Schubert_Impromptu_op.90_D.899_3_LeeSH08M
430,-9.962434,5.042735,3 (Classical + Groove + Jazz),asap___Schubert_Impromptu_op.90_D.899_3_Mizumoto07M
431,-14.79328,3.6716168,3 (Classical + Groove + Jazz),asap___Schubert_Impromptu_op.90_D.899_3_Woo10M
432,-13.429454,2.3738852,3 (Classical + Groove + Jazz),asap___Schubert_Impromptu_op.90_D.899_3_WuuE10M
433,-12.94744,3.6513767,3 (Classical + Groove + Jazz),asap___Schubert_Impromptu_op.90_D.899_3_ZhangW07M
434,-14.286546,2.5275335,3 (Classical + Groove + Jazz),asap___Schubert_Impromptu_op.90_D.899_3_ZhaoK10M
435,-15.1978035,3.603372,3 (Classical + Groove + Jazz),asap___Schubert_Impromptu_op.90_D.899_4_no_repeat_Huang10M
436,-15.221648,3.7196794,3 (Classical + Groove + Jazz),asap___Schubert_Impromptu_op.90_D.899_4_no_repeat_Lin11M
437,-15.0741625,2.7342045,3 (Classical + Groove + Jazz),asap___Schubert_Impromptu_op.90_D.899_4_no_repeat_LuoJ09M
438,-10.757668,4.710922,3 (Classical + Groove + Jazz),asap___Schubert_Impromptu_op.90_D.899_4_no_repeat_WongWY08M
439,-13.690311,4.3478208,3 (Classical + Groove + Jazz),asap___Schubert_Impromptu_op142_1_Kleisen10M
440,-16.224382,3.884812,3 (Classical + Groove + Jazz),asap___Schubert_Impromptu_op142_1_Lisiecki10M
441,-11.199355,4.8967457,3 (Classical + Groove + Jazz),asap___Schubert_Impromptu_op142_1_Ozaki07M
442,-15.902847,3.540732,3 (Classical + Groove + Jazz),asap___Schubert_Impromptu_op142_3_Richardson07M
443,-14.288318,2.3345714,3 (Classical + Groove + Jazz),asap___Schubert_Impromptu_op142_3_RichardsonC06M
444,-12.690738,3.0447605,3 (Classical + Groove + Jazz),asap___Schubert_Impromptu_op142_3_SunY08M
445,-15.5733385,3.7105048,3 (Classical + Groove + Jazz),asap___Schubert_Impromptu_op142_3_WangH06M
446,-15.619585,2.4200246,3 (Classical + Groove + Jazz),asap___Schubert_Impromptu_op142_3_YoungS06M
447,-17.47066,3.2186465,3 (Classical + Groove + Jazz),asap___Schubert_Moment_Musical_no_1_MunA10M
448,-13.645206,3.309243,3 (Classical + Groove + Jazz),asap___Schubert_Moment_musical_no_3_Tetzloff09M
449,-17.840584,3.0057776,3 (Classical + Groove + Jazz),asap___Schubert_Piano_Sonatas_664-1_BuiJL06M
450,-14.636672,1.33277,3 (Classical + Groove + Jazz),asap___Schubert_Piano_Sonatas_664-1_KabuliL10M
451,-17.756624,2.9162216,3 (Classical + Groove + Jazz),asap___Schubert_Piano_Sonatas_664-1_Mo10M
452,-11.658944,3.0780451,3 (Classical + Groove + Jazz),asap___Schubert_Piano_Sonatas_664-3_KabuliL12M
453,-16.959602,2.632622,3 (Classical + Groove + Jazz),asap___Schubert_Piano_Sonatas_894-2_Yeletskiy08M
454,-17.084223,2.5599103,3 (Classical + Groove + Jazz),asap___Schubert_Piano_Sonatas_894-2_no_repeat_CHEN11M
455,-14.82774,2.2413957,3 (Classical + Groove + Jazz),asap___Schubert_Piano_Sonatas_894-2_no_repeat_Lee10M
456,-15.6142,2.4896817,3 (Classical + Groove + Jazz),asap___Schubert_Piano_Sonatas_894-2_no_repeat_SINKEV12M
457,-16.50284,3.7832267,3 (Classical + Groove + Jazz),asap___Schubert_Wanderer_fantasie_Larionova05M
458,-15.555388,3.9945734,3 (Classical + Groove + Jazz),asap___Schubert_Wanderer_fantasie_SunY10M
459,-16.39666,3.3268168,3 (Classical + Groove + Jazz),asap___Schumann_Arabeske_Min09M
460,-15.496501,3.9967165,3 (Classical + Groove + Jazz),asap___Schumann_Arabeske_ParkS15M
461,-16.496914,3.4416993,3 (Classical + Groove + Jazz),asap___Schumann_Kreisleriana_1_ParkJH04M
462,-15.674452,3.979417,3 (Classical + Groove + Jazz),asap___Schumann_Kreisleriana_1_Yarden09M
463,-16.78158,3.3813279,3 (Classical + Groove + Jazz),asap___Schumann_Kreisleriana_1_no_first_repeat_JohannsonP02M
464,-12.45764,4.6175117,3 (Classical + Groove + Jazz),asap___Schumann_Toccata_WangY07M
465,-9.905763,4.6047378,3 (Classical + Groove + Jazz),asap___Schumann_Toccata_no_repeat_DupreeF13M
466,-16.897976,3.4175634,3 (Classical + Groove + Jazz),asap___Scriabin_Etudes_op_8_11_Shi08M
467,-9.63091,4.4920006,3 (Classical + Groove + Jazz),asap___Scriabin_Sonatas_5_ChernovA06M
468,-9.3709345,4.7786465,3 (Classical + Groove + Jazz),asap___Scriabin_Sonatas_5_FaB05M
469,-9.523567,4.4265304,3 (Classical + Groove + Jazz),asap___Scriabin_Sonatas_5_GarritsonL06M
470,-8.431765,3.1794043,3 (Classical + Groove + Jazz),asap___Scriabin_Sonatas_5_Ko07M
471,-8.311926,3.686905,3 (Classical + Groove + Jazz),asap___Scriabin_Sonatas_5_Na07M
472,-9.603063,4.181382,3 (Classical + Groove + Jazz),asap___Scriabin_Sonatas_5_Yeletskiy07M
473,-2.220154,-1.7770029,1 (Jazz + Pop),ballroom___ballroom_Albums-AnaBelen_Veneo-01
474,10.012527,2.5996487,2 (Pop + Rock + HJDB + Hip-Hop),ballroom___ballroom_Albums-AnaBelen_Veneo-02
475,-1.6729084,-1.2885677,1 (Jazz + Pop),ballroom___ballroom_Albums-AnaBelen_Veneo-03
476,5.216056,3.28601,1 (Jazz + Pop),ballroom___ballroom_Albums-AnaBelen_Veneo-11
477,-2.9660785,-0.7059447,1 (Jazz + Pop),ballroom___ballroom_Albums-AnaBelen_Veneo-13
478,-0.8821999,3.6909764,1 (Jazz + Pop),ballroom___ballroom_Albums-Ballroom_Classics4-01
479,1.3286269,2.235152,1 (Jazz + Pop),ballroom___ballroom_Albums-Ballroom_Classics4-02
480,-5.7304106,-0.80119103,3 (Classical + Groove + Jazz),ballroom___ballroom_Albums-Ballroom_Classics4-03
481,-3.5018067,-1.9486107,1 (Jazz + Pop),ballroom___ballroom_Albums-Ballroom_Classics4-04
482,0.13447517,2.3824022,1 (Jazz + Pop),ballroom___ballroom_Albums-Ballroom_Classics4-05
483,0.79940486,1.3535314,1 (Jazz + Pop),ballroom___ballroom_Albums-Ballroom_Classics4-06
484,9.492561,-4.4241033,2 (Pop + Rock + HJDB + Hip-Hop),ballroom___ballroom_Albums-Ballroom_Classics4-07
485,5.3188243,5.825537,2 (Pop + Rock + HJDB + Hip-Hop),ballroom___ballroom_Albums-Ballroom_Classics4-08
486,2.965702,4.0589876,1 (Jazz + Pop),ballroom___ballroom_Albums-Ballroom_Classics4-09
487,-3.1834998,-0.5856421,1 (Jazz + Pop),ballroom___ballroom_Albums-Ballroom_Classics4-10
488,1.3255485,2.9916155,1 (Jazz + Pop),ballroom___ballroom_Albums-Ballroom_Classics4-11
489,-1.7419286,2.061457,1 (Jazz + Pop),ballroom___ballroom_Albums-Ballroom_Classics4-12
490,0.6522349,2.131088,1 (Jazz + Pop),ballroom___ballroom_Albums-Ballroom_Classics4-13
491,1.672717,2.8529005,1 (Jazz + Pop),ballroom___ballroom_Albums-Ballroom_Classics4-14
492,8.977399,-1.257587,2 (Pop + Rock + HJDB + Hip-Hop),ballroom___ballroom_Albums-Ballroom_Classics4-18
493,3.8817081,-4.193614,1 (Jazz + Pop),ballroom___ballroom_Albums-Ballroom_Classics4-19
494,5.68173,-3.0719001,1 (Jazz + Pop),ballroom___ballroom_Albums-Ballroom_Classics4-20
495,2.93608,3.1856632,1 (Jazz + Pop),ballroom___ballroom_Albums-Ballroom_Magic-01
496,4.65173,4.4312153,1 (Jazz + Pop),ballroom___ballroom_Albums-Ballroom_Magic-02
497,-11.658641,-3.759095,3 (Classical + Groove + Jazz),ballroom___ballroom_Albums-Ballroom_Magic-03
498,-3.6782393,-2.203236,1 (Jazz + Pop),ballroom___ballroom_Albums-Ballroom_Magic-04
499,-4.3925886,-3.3953187,1 (Jazz + Pop),ballroom___ballroom_Albums-Ballroom_Magic-05
500,4.6138425,3.4457672,1 (Jazz + Pop),ballroom___ballroom_Albums-Ballroom_Magic-06
501,3.3452477,-4.226083,1 (Jazz + Pop),ballroom___ballroom_Albums-Ballroom_Magic-07
502,9.484735,-3.673611,2 (Pop + Rock + HJDB + Hip-Hop),ballroom___ballroom_Albums-Ballroom_Magic-08
503,10.540005,4.3392243,2 (Pop + Rock + HJDB + Hip-Hop),ballroom___ballroom_Albums-Ballroom_Magic-09
504,4.447978,4.515662,1 (Jazz + Pop),ballroom___ballroom_Albums-Ballroom_Magic-10
505,2.3320913,-0.7838139,1 (Jazz + Pop),ballroom___ballroom_Albums-Ballroom_Magic-11
506,-0.20325923,-3.6651359,1 (Jazz + Pop),ballroom___ballroom_Albums-Ballroom_Magic-15
507,2.8277736,1.4796417,1 (Jazz + Pop),ballroom___ballroom_Albums-Ballroom_Magic-16
508,-1.5462668,-2.0262942,1 (Jazz + Pop),ballroom___ballroom_Albums-Ballroom_Magic-17
509,7.7430944,-0.39564353,2 (Pop + Rock + HJDB + Hip-Hop),ballroom___ballroom_Albums-Cafe_Paradiso-01
510,11.61288,-0.08721253,2 (Pop + Rock + HJDB + Hip-Hop),ballroom___ballroom_Albums-Cafe_Paradiso-02
511,8.93262,2.0144997,2 (Pop + Rock + HJDB + Hip-Hop),ballroom___ballroom_Albums-Cafe_Paradiso-03
512,12.0755825,-0.33004946,2 (Pop + Rock + HJDB + Hip-Hop),ballroom___ballroom_Albums-Cafe_Paradiso-04
513,9.709035,0.59309274,2 (Pop + Rock + HJDB + Hip-Hop),ballroom___ballroom_Albums-Cafe_Paradiso-05
514,0.67091215,-5.8146324,1 (Jazz + Pop),ballroom___ballroom_Albums-Cafe_Paradiso-06
515,2.3198438,-3.4927514,1 (Jazz + Pop),ballroom___ballroom_Albums-Cafe_Paradiso-07
516,6.211781,-4.66322,1 (Jazz + Pop),ballroom___ballroom_Albums-Cafe_Paradiso-08
517,-4.8636417,-1.3868258,1 (Jazz + Pop),ballroom___ballroom_Albums-Cafe_Paradiso-09
518,4.2893276,2.9362335,1 (Jazz + Pop),ballroom___ballroom_Albums-Cafe_Paradiso-10
519,-4.7472496,-1.5683205,1 (Jazz + Pop),ballroom___ballroom_Albums-Cafe_Paradiso-11
520,6.2563477,2.728797,2 (Pop + Rock + HJDB + Hip-Hop),ballroom___ballroom_Albums-Cafe_Paradiso-12
521,12.137851,0.8805903,2 (Pop + Rock + HJDB + Hip-Hop),ballroom___ballroom_Albums-Cafe_Paradiso-14
522,7.545798,-3.5044303,2 (Pop + Rock + HJDB + Hip-Hop),ballroom___ballroom_Albums-Cafe_Paradiso-15
523,5.9757047,1.6843122,2 (Pop + Rock + HJDB + Hip-Hop),ballroom___ballroom_Albums-Cafe_Paradiso-16
524,-4.90911,-0.9626125,1 (Jazz + Pop),ballroom___ballroom_Albums-Chrisanne1-01
525,-3.2861362,2.3323636,1 (Jazz + Pop),ballroom___ballroom_Albums-Chrisanne1-02
526,-5.858353,-0.06170292,3 (Classical + Groove + Jazz),ballroom___ballroom_Albums-Chrisanne1-03
527,0.59198374,-1.2385815,1 (Jazz + Pop),ballroom___ballroom_Albums-Chrisanne1-04
528,4.841378,2.3892217,1 (Jazz + Pop),ballroom___ballroom_Albums-Chrisanne1-05
529,0.96055055,-0.8876484,1 (Jazz + Pop),ballroom___ballroom_Albums-Chrisanne1-06
530,11.556617,4.029364,2 (Pop + Rock + HJDB + Hip-Hop),ballroom___ballroom_Albums-Chrisanne1-07
531,3.297741,2.5639167,1 (Jazz + Pop),ballroom___ballroom_Albums-Chrisanne1-08
532,-0.15765607,-2.4529436,1 (Jazz + Pop),ballroom___ballroom_Albums-Chrisanne1-12
533,-3.860948,-1.6424235,1 (Jazz + Pop),ballroom___ballroom_Albums-Chrisanne1-13
534,1.6713734,-0.9031217,1 (Jazz + Pop),ballroom___ballroom_Albums-Chrisanne1-14
535,-6.7986655,-1.2997327,3 (Classical + Groove + Jazz),ballroom___ballroom_Albums-Chrisanne2-01
536,-7.0267015,-3.7225256,3 (Classical + Groove + Jazz),ballroom___ballroom_Albums-Chrisanne2-02
537,-1.3787453,0.60404444,1 (Jazz + Pop),ballroom___ballroom_Albums-Chrisanne2-03
538,0.9758978,-1.7257594,1 (Jazz + Pop),ballroom___ballroom_Albums-Chrisanne2-04
539,2.2968113,1.7285405,1 (Jazz + Pop),ballroom___ballroom_Albums-Chrisanne2-05
540,1.8067268,2.1449878,1 (Jazz + Pop),ballroom___ballroom_Albums-Chrisanne2-06
541,-2.5626168,-2.7129486,1 (Jazz + Pop),ballroom___ballroom_Albums-Chrisanne2-07
542,0.5747064,-0.20724383,1 (Jazz + Pop),ballroom___ballroom_Albums-Chrisanne2-11
543,-3.4707708,-1.5600138,1 (Jazz + Pop),ballroom___ballroom_Albums-Chrisanne3-01
544,-6.600332,-0.06466102,3 (Classical + Groove + Jazz),ballroom___ballroom_Albums-Chrisanne3-02
545,-5.4877415,0.37164724,1 (Jazz + Pop),ballroom___ballroom_Albums-Chrisanne3-03
546,-2.9142246,-1.3973111,1 (Jazz + Pop),ballroom___ballroom_Albums-Chrisanne3-04
547,-2.1315913,-1.2547766,1 (Jazz + Pop),ballroom___ballroom_Albums-Chrisanne3-05
548,3.2664108,-0.85335606,1 (Jazz + Pop),ballroom___ballroom_Albums-Chrisanne3-06
549,5.4686046,3.8348672,2 (Pop + Rock + HJDB + Hip-Hop),ballroom___ballroom_Albums-Chrisanne3-07
550,5.2069473,1.9401176,1 (Jazz + Pop),ballroom___ballroom_Albums-Chrisanne3-08
551,4.535679,2.8161309,1 (Jazz + Pop),ballroom___ballroom_Albums-Chrisanne3-09
552,1.12699,-1.1727567,1 (Jazz + Pop),ballroom___ballroom_Albums-Chrisanne3-13
553,8.707369,-1.6720016,2 (Pop + Rock + HJDB + Hip-Hop),ballroom___ballroom_Albums-Chrisanne3-14
554,-1.31408,-3.7829566,1 (Jazz + Pop),ballroom___ballroom_Albums-Chrisanne3-15
555,11.77582,4.1298647,2 (Pop + Rock + HJDB + Hip-Hop),ballroom___ballroom_Albums-Commitments-08
556,5.860723,3.0230575,2 (Pop + Rock + HJDB + Hip-Hop),ballroom___ballroom_Albums-Commitments-10
557,-8.357142,-3.150113,3 (Classical + Groove + Jazz),ballroom___ballroom_Albums-Commitments-11
558,2.6172931,-0.2609716,1 (Jazz + Pop),ballroom___ballroom_Albums-Fire-01
559,6.4133277,3.867242,2 (Pop + Rock + HJDB + Hip-Hop),ballroom___ballroom_Albums-Fire-02
560,-4.3090205,-2.7732637,1 (Jazz + Pop),ballroom___ballroom_Albums-Fire-03
561,10.467419,2.7429814,2 (Pop + Rock + HJDB + Hip-Hop),ballroom___ballroom_Albums-Fire-07
562,5.0798645,1.9052348,1 (Jazz + Pop),ballroom___ballroom_Albums-Fire-08
563,-3.2337656,-2.6643493,1 (Jazz + Pop),ballroom___ballroom_Albums-Fire-10
564,6.842636,3.8687916,2 (Pop + Rock + HJDB + Hip-Hop),ballroom___ballroom_Albums-Fire-12
565,-4.196149,-2.7800226,1 (Jazz + Pop),ballroom___ballroom_Albums-Fire-13
566,-2.2855482,-2.196458,1 (Jazz + Pop),ballroom___ballroom_Albums-Fire-14
567,6.26203,3.9360125,2 (Pop + Rock + HJDB + Hip-Hop),ballroom___ballroom_Albums-Fire-15
568,-4.573185,0.31299055,1 (Jazz + Pop),ballroom___ballroom_Albums-GloriaEstefan_MiTierra-01
569,-1.9769695,-0.96484154,1 (Jazz + Pop),ballroom___ballroom_Albums-GloriaEstefan_MiTierra-04
570,0.8372669,-0.57741463,1 (Jazz + Pop),ballroom___ballroom_Albums-GloriaEstefan_MiTierra-06
571,-2.9464445,-0.56661206,1 (Jazz + Pop),ballroom___ballroom_Albums-GloriaEstefan_MiTierra-08
572,-2.4119709,-1.8291986,1 (Jazz + Pop),ballroom___ballroom_Albums-GloriaEstefan_MiTierra-11
573,2.2480748,-2.6773374,1 (Jazz + Pop),ballroom___ballroom_Albums-I_Like_It2-01
574,2.6409986,0.25242886,1 (Jazz + Pop),ballroom___ballroom_Albums-I_Like_It2-02
575,-1.9239898,-0.54596114,1 (Jazz + Pop),ballroom___ballroom_Albums-I_Like_It2-09
576,1.0410035,-3.7714207,1 (Jazz + Pop),ballroom___ballroom_Albums-Latin_Jam-01
577,4.2326,1.792001,1 (Jazz + Pop),ballroom___ballroom_Albums-Latin_Jam-02
578,8.254881,-0.33663774,2 (Pop + Rock + HJDB + Hip-Hop),ballroom___ballroom_Albums-Latin_Jam-03
579,0.5969006,-4.515046,1 (Jazz + Pop),ballroom___ballroom_Albums-Latin_Jam-04
580,3.8651118,1.4404844,1 (Jazz + Pop),ballroom___ballroom_Albums-Latin_Jam-05
581,7.731805,-0.31196225,2 (Pop + Rock + HJDB + Hip-Hop),ballroom___ballroom_Albums-Latin_Jam-06
582,6.5849385,-1.3866593,2 (Pop + Rock + HJDB + Hip-Hop),ballroom___ballroom_Albums-Latin_Jam-07
583,5.169921,2.6292758,1 (Jazz + Pop),ballroom___ballroom_Albums-Latin_Jam-08
584,8.326955,0.075408,2 (Pop + Rock + HJDB + Hip-Hop),ballroom___ballroom_Albums-Latin_Jam-09
585,1.541282,-3.658625,1 (Jazz + Pop),ballroom___ballroom_Albums-Latin_Jam-11
586,12.716466,0.55518615,2 (Pop + Rock + HJDB + Hip-Hop),ballroom___ballroom_Albums-Latin_Jam-12
587,9.060915,-1.8852221,2 (Pop + Rock + HJDB + Hip-Hop),ballroom___ballroom_Albums-Latin_Jam2-01
588,12.553403,-1.0513309,2 (Pop + Rock + HJDB + Hip-Hop),ballroom___ballroom_Albums-Latin_Jam2-02
589,8.460595,0.12330243,2 (Pop + Rock + HJDB + Hip-Hop),ballroom___ballroom_Albums-Latin_Jam2-03
590,0.09586393,-5.093451,1 (Jazz + Pop),ballroom___ballroom_Albums-Latin_Jam2-04
591,8.36956,-0.05314225,2 (Pop + Rock + HJDB + Hip-Hop),ballroom___ballroom_Albums-Latin_Jam2-05
592,3.8846335,-3.008042,1 (Jazz + Pop),ballroom___ballroom_Albums-Latin_Jam2-06
593,4.5382037,1.2798711,1 (Jazz + Pop),ballroom___ballroom_Albums-Latin_Jam2-07
594,0.47751775,-0.21747567,1 (Jazz + Pop),ballroom___ballroom_Albums-Latin_Jam2-08
595,3.6534953,1.0591446,1 (Jazz + Pop),ballroom___ballroom_Albums-Latin_Jam2-09
596,12.315206,2.0901737,2 (Pop + Rock + HJDB + Hip-Hop),ballroom___ballroom_Albums-Latin_Jam2-11
597,15.903936,2.715379,2 (Pop + Rock + HJDB + Hip-Hop),ballroom___ballroom_Albums-Latin_Jam2-12
598,9.254462,0.6016213,2 (Pop + Rock + HJDB + Hip-Hop),ballroom___ballroom_Albums-Latin_Jam3-01
599,7.897553,-0.26983586,2 (Pop + Rock + HJDB + Hip-Hop),ballroom___ballroom_Albums-Latin_Jam3-02
600,11.010514,0.22057785,2 (Pop + Rock + HJDB + Hip-Hop),ballroom___ballroom_Albums-Latin_Jam3-03
601,11.248983,3.0336123,2 (Pop + Rock + HJDB + Hip-Hop),ballroom___ballroom_Albums-Latin_Jam3-04
602,6.9669285,2.0093534,2 (Pop + Rock + HJDB + Hip-Hop),ballroom___ballroom_Albums-Latin_Jam3-05
603,10.713983,1.3261786,2 (Pop + Rock + HJDB + Hip-Hop),ballroom___ballroom_Albums-Latin_Jam3-06
604,-3.3793821,-2.5458593,1 (Jazz + Pop),ballroom___ballroom_Albums-Latin_Jam3-07
605,5.0606003,2.5175095,1 (Jazz + Pop),ballroom___ballroom_Albums-Latin_Jam3-08
606,3.193757,-0.5951005,1 (Jazz + Pop),ballroom___ballroom_Albums-Latin_Jam3-09
607,13.345213,-2.0512075,2 (Pop + Rock + HJDB + Hip-Hop),ballroom___ballroom_Albums-Latin_Jam3-11
608,14.231871,1.8167926,2 (Pop + Rock + HJDB + Hip-Hop),ballroom___ballroom_Albums-Latin_Jam3-12
609,14.170697,1.8736849,2 (Pop + Rock + HJDB + Hip-Hop),ballroom___ballroom_Albums-Latin_Jam4-01
610,11.519376,0.38830006,2 (Pop + Rock + HJDB + Hip-Hop),ballroom___ballroom_Albums-Latin_Jam4-02
611,2.479901,-5.5893574,1 (Jazz + Pop),ballroom___ballroom_Albums-Latin_Jam4-03
612,14.594222,2.0282416,2 (Pop + Rock + HJDB + Hip-Hop),ballroom___ballroom_Albums-Latin_Jam4-05
613,12.370276,-0.6316338,2 (Pop + Rock + HJDB + Hip-Hop),ballroom___ballroom_Albums-Latin_Jam4-06
614,10.208723,-0.2911568,2 (Pop + Rock + HJDB + Hip-Hop),ballroom___ballroom_Albums-Latin_Jam4-07
615,4.65902,-2.111394,1 (Jazz + Pop),ballroom___ballroom_Albums-Latin_Jam4-08
616,14.460732,1.8986282,2 (Pop + Rock + HJDB + Hip-Hop),ballroom___ballroom_Albums-Latin_Jam4-10
617,13.7484045,-1.7443455,2 (Pop + Rock + HJDB + Hip-Hop),ballroom___ballroom_Albums-Latin_Jam4-11
618,11.7800665,-0.55169594,2 (Pop + Rock + HJDB + Hip-Hop),ballroom___ballroom_Albums-Latin_Jam4-12
619,1.116757,0.050035246,1 (Jazz + Pop),ballroom___ballroom_Albums-Latin_Jam4-13
620,7.418312,0.68063456,2 (Pop + Rock + HJDB + Hip-Hop),ballroom___ballroom_Albums-Latin_Jam5-01
621,0.8898342,-1.9801046,1 (Jazz + Pop),ballroom___ballroom_Albums-Latin_Jam5-02
622,0.106068596,-0.49443007,1 (Jazz + Pop),ballroom___ballroom_Albums-Latin_Jam5-03
623,5.959429,2.3387768,2 (Pop + Rock + HJDB + Hip-Hop),ballroom___ballroom_Albums-Latin_Jam5-04
624,3.3634512,-1.737663,1 (Jazz + Pop),ballroom___ballroom_Albums-Latin_Jam5-06
625,3.4206743,-1.3672512,1 (Jazz + Pop),ballroom___ballroom_Albums-Latin_Jam5-07
626,4.477813,2.1550994,1 (Jazz + Pop),ballroom___ballroom_Albums-Latin_Jam5-08
627,14.8097105,3.6940763,2 (Pop + Rock + HJDB + Hip-Hop),ballroom___ballroom_Albums-Latin_Jam5-09
628,10.136112,2.0710766,2 (Pop + Rock + HJDB + Hip-Hop),ballroom___ballroom_Albums-Latin_Jam5-10
629,8.374751,0.070293546,2 (Pop + Rock + HJDB + Hip-Hop),ballroom___ballroom_Albums-Latin_Jam5-11
630,-3.1987686,-2.284222,1 (Jazz + Pop),ballroom___ballroom_Albums-Latin_Jam5-12
631,-1.3220049,-1.8132118,1 (Jazz + Pop),ballroom___ballroom_Albums-Latino_Latino-01
632,-1.4958187,-0.5998454,1 (Jazz + Pop),ballroom___ballroom_Albums-Latino_Latino-03
633,-1.032767,-1.8212452,1 (Jazz + Pop),ballroom___ballroom_Albums-Latino_Latino-04
634,0.38726562,-1.0722294,1 (Jazz + Pop),ballroom___ballroom_Albums-Latino_Latino-05
635,-3.287882,-0.374351,1 (Jazz + Pop),ballroom___ballroom_Albums-Latino_Latino-06
636,3.8488867,2.321978,1 (Jazz + Pop),ballroom___ballroom_Albums-Latino_Latino-09
637,0.23026201,-1.2740676,1 (Jazz + Pop),ballroom___ballroom_Albums-Latino_Latino-10
638,0.6277552,6.107267,1 (Jazz + Pop),ballroom___ballroom_Albums-Macumba-01
639,0.8538484,6.234146,1 (Jazz + Pop),ballroom___ballroom_Albums-Macumba-02
640,0.84563327,6.2424965,1 (Jazz + Pop),ballroom___ballroom_Albums-Macumba-03
641,0.6796574,6.1520033,1 (Jazz + Pop),ballroom___ballroom_Albums-Macumba-04
642,0.86254966,6.24893,1 (Jazz + Pop),ballroom___ballroom_Albums-Macumba-05
643,0.8229656,6.2361484,1 (Jazz + Pop),ballroom___ballroom_Albums-Macumba-06
644,0.83460605,6.2383394,1 (Jazz + Pop),ballroom___ballroom_Albums-Macumba-07
645,0.6976576,6.179737,1 (Jazz + Pop),ballroom___ballroom_Albums-Macumba-08
646,0.45743984,6.1457725,1 (Jazz + Pop),ballroom___ballroom_Albums-Macumba-09
647,0.7484308,6.220133,1 (Jazz + Pop),ballroom___ballroom_Albums-Macumba-10
648,0.11003187,6.131194,1 (Jazz + Pop),ballroom___ballroom_Albums-Macumba-11
649,-0.6835931,6.116168,1 (Jazz + Pop),ballroom___ballroom_Albums-Macumba-12
650,0.97556996,6.3105454,1 (Jazz + Pop),ballroom___ballroom_Albums-Macumba-14
651,0.8906524,6.2552037,1 (Jazz + Pop),ballroom___ballroom_Albums-Macumba-15
652,0.6762262,6.138893,1 (Jazz + Pop),ballroom___ballroom_Albums-Macumba-16
653,0.52590674,-0.47513786,1 (Jazz + Pop),ballroom___ballroom_Albums-Mambo_Kings-03
654,3.9271412,-0.009087274,1 (Jazz + Pop),ballroom___ballroom_Albums-Mambo_Kings-10
655,-0.31982693,-0.50437653,1 (Jazz + Pop),ballroom___ballroom_Albums-Mambo_Kings-11
656,1.051311,-2.4623604,1 (Jazz + Pop),ballroom___ballroom_Albums-Mambo_Kings-12
657,11.77085,2.0035121,2 (Pop + Rock + HJDB + Hip-Hop),ballroom___ballroom_Albums-Pais_Tropical-01
658,8.257417,0.2804882,2 (Pop + Rock + HJDB + Hip-Hop),ballroom___ballroom_Albums-Pais_Tropical-02
659,5.683257,-2.1412513,1 (Jazz + Pop),ballroom___ballroom_Albums-Pais_Tropical-03
660,12.935931,-0.24481271,2 (Pop + Rock + HJDB + Hip-Hop),ballroom___ballroom_Albums-Pais_Tropical-04
661,8.315746,-2.443494,2 (Pop + Rock + HJDB + Hip-Hop),ballroom___ballroom_Albums-Pais_Tropical-05
662,7.244612,-2.3952956,2 (Pop + Rock + HJDB + Hip-Hop),ballroom___ballroom_Albums-Pais_Tropical-06
663,11.30091,-0.84885067,2 (Pop + Rock + HJDB + Hip-Hop),ballroom___ballroom_Albums-Pais_Tropical-07
664,9.968899,-2.4521084,2 (Pop + Rock + HJDB + Hip-Hop),ballroom___ballroom_Albums-Pais_Tropical-08
665,6.0577683,2.4956276,2 (Pop + Rock + HJDB + Hip-Hop),ballroom___ballroom_Albums-Pais_Tropical-09
666,11.602509,3.9037623,2 (Pop + Rock + HJDB + Hip-Hop),ballroom___ballroom_Albums-Pais_Tropical-10
667,3.7280421,1.991272,1 (Jazz + Pop),ballroom___ballroom_Albums-Pais_Tropical-11
668,5.7613792,4.4271235,2 (Pop + Rock + HJDB + Hip-Hop),ballroom___ballroom_Albums-Pais_Tropical-12
669,11.571233,1.9154589,2 (Pop + Rock + HJDB + Hip-Hop),ballroom___ballroom_Albums-Pais_Tropical-13
670,14.511919,2.624002,2 (Pop + Rock + HJDB + Hip-Hop),ballroom___ballroom_Albums-Pais_Tropical-14
671,11.452602,1.0097324,2 (Pop + Rock + HJDB + Hip-Hop),ballroom___ballroom_Albums-Pais_Tropical-15
672,10.090411,0.93678844,2 (Pop + Rock + HJDB + Hip-Hop),ballroom___ballroom_Albums-Pais_Tropical-16
673,-5.862916,-0.25612178,3 (Classical + Groove + Jazz),ballroom___ballroom_Albums-Secret_Garden-01
674,-4.105574,-2.6904964,1 (Jazz + Pop),ballroom___ballroom_Albums-Secret_Garden-02
675,-13.152413,5.0695305,3 (Classical + Groove + Jazz),ballroom___ballroom_Albums-Secret_Garden-05
676,-4.604636,-2.5209959,1 (Jazz + Pop),ballroom___ballroom_Albums-Secret_Garden-06
677,-9.457302,1.7798911,3 (Classical + Groove + Jazz),ballroom___ballroom_Albums-Step_By_Step-01
678,-5.5516467,2.301485,3 (Classical + Groove + Jazz),ballroom___ballroom_Albums-Step_By_Step-02
679,-5.5073895,4.549436,3 (Classical + Groove + Jazz),ballroom___ballroom_Albums-Step_By_Step-03
680,-5.0889425,-0.09522389,1 (Jazz + Pop),ballroom___ballroom_Albums-Step_By_Step-04
681,1.1726198,-1.706992,1 (Jazz + Pop),ballroom___ballroom_Albums-Step_By_Step-05
682,-2.496781,1.7984964,1 (Jazz + Pop),ballroom___ballroom_Albums-Step_By_Step-06
683,1.4379133,-1.6129045,1 (Jazz + Pop),ballroom___ballroom_Albums-Step_By_Step-07
684,2.0731893,-3.0085008,1 (Jazz + Pop),ballroom___ballroom_Albums-Step_By_Step-08
685,0.9021311,-6.963169,1 (Jazz + Pop),ballroom___ballroom_Albums-Step_By_Step-09
686,-8.959315,2.4576547,3 (Classical + Groove + Jazz),ballroom___ballroom_Albums-Step_By_Step-10
687,-0.6067354,2.9627945,1 (Jazz + Pop),ballroom___ballroom_Albums-Step_By_Step-11
688,2.3276975,-5.082496,1 (Jazz + Pop),ballroom___ballroom_Albums-Step_By_Step-15
689,5.0260825,-4.3641577,1 (Jazz + Pop),ballroom___ballroom_Albums-Step_By_Step-16
690,6.863133,-4.189426,1 (Jazz + Pop),ballroom___ballroom_Albums-Step_By_Step-17
691,3.978382,-4.557273,1 (Jazz + Pop),ballroom___ballroom_Albums-Step_By_Step-18
692,-1.4952466,1.2859035,1 (Jazz + Pop),ballroom___ballroom_Albums-StrictlyDancing_Tango-01
693,-1.0306425,1.6205251,1 (Jazz + Pop),ballroom___ballroom_Albums-StrictlyDancing_Tango-02
694,-1.046054,1.7528219,1 (Jazz + Pop),ballroom___ballroom_Albums-StrictlyDancing_Tango-03
695,-0.7421135,1.1061381,1 (Jazz + Pop),ballroom___ballroom_Albums-StrictlyDancing_Tango-04
696,-8.06172,3.977761,3 (Classical + Groove + Jazz),ballroom___ballroom_Albums-StrictlyDancing_Tango-05
697,-1.2316669,1.8002347,1 (Jazz + Pop),ballroom___ballroom_Albums-StrictlyDancing_Tango-06
698,-3.0903187,1.253946,1 (Jazz + Pop),ballroom___ballroom_Albums-StrictlyDancing_Tango-07
699,-2.2940884,2.0438464,1 (Jazz + Pop),ballroom___ballroom_Albums-StrictlyDancing_Tango-08
700,-1.034036,1.6472191,1 (Jazz + Pop),ballroom___ballroom_Albums-StrictlyDancing_Tango-09
701,-1.9539982,2.0442295,1 (Jazz + Pop),ballroom___ballroom_Albums-StrictlyDancing_Tango-10
702,-0.8244157,1.2951517,1 (Jazz + Pop),ballroom___ballroom_Albums-StrictlyDancing_Tango-11
703,-0.35502288,1.4720693,1 (Jazz + Pop),ballroom___ballroom_Albums-StrictlyDancing_Tango-12
704,-0.7853467,1.5890507,1 (Jazz + Pop),ballroom___ballroom_Albums-StrictlyDancing_Tango-13
705,-0.36678773,2.100922,1 (Jazz + Pop),ballroom___ballroom_Albums-StrictlyDancing_Tango-14
706,-3.1501024,1.3387063,1 (Jazz + Pop),ballroom___ballroom_Albums-StrictlyDancing_Tango-15
707,-8.853826,6.2732716,3 (Classical + Groove + Jazz),ballroom___ballroom_Media-100601
708,-1.0024532,6.152993,1 (Jazz + Pop),ballroom___ballroom_Media-100602
709,-0.45102683,6.1001897,1 (Jazz + Pop),ballroom___ballroom_Media-100603
710,-9.48791,2.1982908,3 (Classical + Groove + Jazz),ballroom___ballroom_Media-100604
711,-0.23849088,6.109393,1 (Jazz + Pop),ballroom___ballroom_Media-100605
712,0.42263418,6.0902967,1 (Jazz + Pop),ballroom___ballroom_Media-100606
713,0.3705451,6.1003547,1 (Jazz + Pop),ballroom___ballroom_Media-100607
714,-0.43993217,6.1076317,1 (Jazz + Pop),ballroom___ballroom_Media-100608
715,-8.585006,1.0817249,3 (Classical + Groove + Jazz),ballroom___ballroom_Media-100609
716,0.20378454,6.159926,1 (Jazz + Pop),ballroom___ballroom_Media-100610
717,0.72259176,6.16531,1 (Jazz + Pop),ballroom___ballroom_Media-100614
718,0.8743436,6.2516665,1 (Jazz + Pop),ballroom___ballroom_Media-100615
719,0.7637699,6.205561,1 (Jazz + Pop),ballroom___ballroom_Media-100616
720,-2.0785546,-1.7174654,1 (Jazz + Pop),ballroom___ballroom_Media-103301
721,-4.655638,2.999911,1 (Jazz + Pop),ballroom___ballroom_Media-103302
722,3.679105,4.737976,1 (Jazz + Pop),ballroom___ballroom_Media-103303
723,0.21278585,1.9124216,1 (Jazz + Pop),ballroom___ballroom_Media-103304
724,-6.2690334,0.76145166,3 (Classical + Groove + Jazz),ballroom___ballroom_Media-103305
725,-3.0265386,1.8525423,1 (Jazz + Pop),ballroom___ballroom_Media-103306
726,8.556445,-5.4198303,2 (Pop + Rock + HJDB + Hip-Hop),ballroom___ballroom_Media-103307
727,-8.451992,-2.596145,3 (Classical + Groove + Jazz),ballroom___ballroom_Media-103308
728,6.666091,-4.7457337,1 (Jazz + Pop),ballroom___ballroom_Media-103312
729,-0.20815139,-1.7566003,1 (Jazz + Pop),ballroom___ballroom_Media-103313
730,9.51737,-0.18177572,2 (Pop + Rock + HJDB + Hip-Hop),ballroom___ballroom_Media-103314
731,0.77677435,1.1754435,1 (Jazz + Pop),ballroom___ballroom_Media-103315
732,6.9907155,-4.9901004,1 (Jazz + Pop),ballroom___ballroom_Media-103401
733,8.003657,-4.7808642,2 (Pop + Rock + HJDB + Hip-Hop),ballroom___ballroom_Media-103402
734,9.496615,-4.442086,2 (Pop + Rock + HJDB + Hip-Hop),ballroom___ballroom_Media-103403
735,11.644063,-3.9805872,2 (Pop + Rock + HJDB + Hip-Hop),ballroom___ballroom_Media-103404
736,8.640751,-5.422732,2 (Pop + Rock + HJDB + Hip-Hop),ballroom___ballroom_Media-103405
737,10.624617,-4.442669,2 (Pop + Rock + HJDB + Hip-Hop),ballroom___ballroom_Media-103406
738,7.095852,-5.5199323,1 (Jazz + Pop),ballroom___ballroom_Media-103407
739,14.251751,-1.648712,2 (Pop + Rock + HJDB + Hip-Hop),ballroom___ballroom_Media-103408
740,7.2644873,-5.288,1 (Jazz + Pop),ballroom___ballroom_Media-103409
741,13.080389,-3.135974,2 (Pop + Rock + HJDB + Hip-Hop),ballroom___ballroom_Media-103410
742,9.576169,-4.738332,2 (Pop + Rock + HJDB + Hip-Hop),ballroom___ballroom_Media-103411
743,12.79556,-3.2841442,2 (Pop + Rock + HJDB + Hip-Hop),ballroom___ballroom_Media-103412
744,2.0429873,-6.838173,1 (Jazz + Pop),ballroom___ballroom_Media-103413
745,1.8664674,-5.9043193,1 (Jazz + Pop),ballroom___ballroom_Media-103416
746,3.227552,-6.3847136,1 (Jazz + Pop),ballroom___ballroom_Media-103417
747,3.0941093,-1.664431,1 (Jazz + Pop),ballroom___ballroom_Media-103501
748,6.789204,-3.2589984,1 (Jazz + Pop),ballroom___ballroom_Media-103502
749,3.9510808,-4.4417386,1 (Jazz + Pop),ballroom___ballroom_Media-103503
750,0.102357015,-5.5802274,1 (Jazz + Pop),ballroom___ballroom_Media-103504
751,1.8724284,-6.257877,1 (Jazz + Pop),ballroom___ballroom_Media-103505
752,5.424029,-2.024993,1 (Jazz + Pop),ballroom___ballroom_Media-103506
753,4.0161505,-0.8914184,1 (Jazz + Pop),ballroom___ballroom_Media-103507
754,2.3556733,-1.9960705,1 (Jazz + Pop),ballroom___ballroom_Media-103508
755,3.2734773,-5.477453,1 (Jazz + Pop),ballroom___ballroom_Media-103509
756,4.3644753,-5.69751,1 (Jazz + Pop),ballroom___ballroom_Media-103510
757,-0.9563797,-5.3010755,1 (Jazz + Pop),ballroom___ballroom_Media-103511
758,-5.5626965,-0.68402785,1 (Jazz + Pop),ballroom___ballroom_Media-103512
759,0.8061148,-0.097111136,1 (Jazz + Pop),ballroom___ballroom_Media-103513
760,0.545795,-2.472822,1 (Jazz + Pop),ballroom___ballroom_Media-103514
761,11.226693,0.096896805,2 (Pop + Rock + HJDB + Hip-Hop),ballroom___ballroom_Media-103515
762,5.726705,-3.7328336,1 (Jazz + Pop),ballroom___ballroom_Media-103516
763,7.748627,-1.6332946,2 (Pop + Rock + HJDB + Hip-Hop),ballroom___ballroom_Media-103517
764,7.365293,-0.7837482,2 (Pop + Rock + HJDB + Hip-Hop),ballroom___ballroom_Media-103601
765,4.7668905,-5.540697,1 (Jazz + Pop),ballroom___ballroom_Media-103602
766,7.8242,-3.4735599,2 (Pop + Rock + HJDB + Hip-Hop),ballroom___ballroom_Media-103603
767,9.564468,-1.0348877,2 (Pop + Rock + HJDB + Hip-Hop),ballroom___ballroom_Media-103604
768,2.5866847,-4.918254,1 (Jazz + Pop),ballroom___ballroom_Media-103605
769,6.576797,-0.64354026,2 (Pop + Rock + HJDB + Hip-Hop),ballroom___ballroom_Media-103606
770,10.214933,1.5622159,2 (Pop + Rock + HJDB + Hip-Hop),ballroom___ballroom_Media-103607
771,-1.2373096,-0.7840243,1 (Jazz + Pop),ballroom___ballroom_Media-103608
772,-3.891402,0.032748945,1 (Jazz + Pop),ballroom___ballroom_Media-103609
773,3.8806202,4.1036177,1 (Jazz + Pop),ballroom___ballroom_Media-103610
774,-2.391177,-2.944596,1 (Jazz + Pop),ballroom___ballroom_Media-103611
775,7.624327,-1.7943177,2 (Pop + Rock + HJDB + Hip-Hop),ballroom___ballroom_Media-103612
776,1.4233826,-6.524986,1 (Jazz + Pop),ballroom___ballroom_Media-103613
777,-0.62871444,-4.6752086,1 (Jazz + Pop),ballroom___ballroom_Media-103614
778,-11.417575,-1.2356843,3 (Classical + Groove + Jazz),ballroom___ballroom_Media-103615
779,-8.543442,-2.0651352,3 (Classical + Groove + Jazz),ballroom___ballroom_Media-103616
780,9.51678,-2.7607234,2 (Pop + Rock + HJDB + Hip-Hop),ballroom___ballroom_Media-103617
781,9.066471,-1.2954262,2 (Pop + Rock + HJDB + Hip-Hop),ballroom___ballroom_Media-103618
782,-0.6866315,-3.7887008,1 (Jazz + Pop),ballroom___ballroom_Media-103619
783,10.768114,-4.638676,2 (Pop + Rock + HJDB + Hip-Hop),ballroom___ballroom_Media-103701
784,4.553104,-6.3052583,1 (Jazz + Pop),ballroom___ballroom_Media-103702
785,3.7588396,-4.784637,1 (Jazz + Pop),ballroom___ballroom_Media-103703
786,11.1166525,-3.4717174,2 (Pop + Rock + HJDB + Hip-Hop),ballroom___ballroom_Media-103704
787,8.588393,0.0707761,2 (Pop + Rock + HJDB + Hip-Hop),ballroom___ballroom_Media-103705
788,6.8132496,-6.1504183,1 (Jazz + Pop),ballroom___ballroom_Media-103706
789,11.601373,0.006212363,2 (Pop + Rock + HJDB + Hip-Hop),ballroom___ballroom_Media-103707
790,6.9684224,-1.8648281,2 (Pop + Rock + HJDB + Hip-Hop),ballroom___ballroom_Media-103708
791,3.4261575,4.2263474,1 (Jazz + Pop),ballroom___ballroom_Media-103709
792,3.180515,-2.9835098,1 (Jazz + Pop),ballroom___ballroom_Media-103710
793,-1.7311016,-0.94568235,1 (Jazz + Pop),ballroom___ballroom_Media-103711
794,0.22985947,-5.723378,1 (Jazz + Pop),ballroom___ballroom_Media-103712
795,5.842965,-5.663956,1 (Jazz + Pop),ballroom___ballroom_Media-103713
796,6.3274646,-3.237382,1 (Jazz + Pop),ballroom___ballroom_Media-103714
797,1.7205473,-3.3777783,1 (Jazz + Pop),ballroom___ballroom_Media-103715
798,1.0165288,-5.7161317,1 (Jazz + Pop),ballroom___ballroom_Media-103716
799,2.9677103,2.2741327,1 (Jazz + Pop),ballroom___ballroom_Media-103717
800,7.7139826,-3.4381535,2 (Pop + Rock + HJDB + Hip-Hop),ballroom___ballroom_Media-103718
801,4.9189687,-3.690633,1 (Jazz + Pop),ballroom___ballroom_Media-103719
802,4.344292,-5.942092,1 (Jazz + Pop),ballroom___ballroom_Media-103801
803,7.2875605,-4.4039807,2 (Pop + Rock + HJDB + Hip-Hop),ballroom___ballroom_Media-103802
804,9.224165,-3.1429102,2 (Pop + Rock + HJDB + Hip-Hop),ballroom___ballroom_Media-103803
805,5.7234635,-4.2210026,1 (Jazz + Pop),ballroom___ballroom_Media-103804
806,8.001933,-2.554706,2 (Pop + Rock + HJDB + Hip-Hop),ballroom___ballroom_Media-103805
807,7.7412424,-2.248629,2 (Pop + Rock + HJDB + Hip-Hop),ballroom___ballroom_Media-103806
808,12.258122,-1.3720393,2 (Pop + Rock + HJDB + Hip-Hop),ballroom___ballroom_Media-103807
809,7.7095857,-0.74195564,2 (Pop + Rock + HJDB + Hip-Hop),ballroom___ballroom_Media-103808
810,-3.9410076,0.8329805,1 (Jazz + Pop),ballroom___ballroom_Media-103809
811,-4.4218674,0.50066453,1 (Jazz + Pop),ballroom___ballroom_Media-103810
812,3.3238971,0.09720085,1 (Jazz + Pop),ballroom___ballroom_Media-103811
813,-0.012145727,-3.9816568,1 (Jazz + Pop),ballroom___ballroom_Media-103812
814,9.766306,-1.4380631,2 (Pop + Rock + HJDB + Hip-Hop),ballroom___ballroom_Media-103813
815,8.956553,-3.3820102,2 (Pop + Rock + HJDB + Hip-Hop),ballroom___ballroom_Media-103814
816,3.8816578,-6.0756693,1 (Jazz + Pop),ballroom___ballroom_Media-103815
817,3.3838992,-5.8865123,1 (Jazz + Pop),ballroom___ballroom_Media-103816
818,0.7757272,-0.07986742,1 (Jazz + Pop),ballroom___ballroom_Media-103817
819,-1.8876147,-0.0060912133,1 (Jazz + Pop),ballroom___ballroom_Media-103818
820,1.7140564,-3.2267964,1 (Jazz + Pop),ballroom___ballroom_Media-103819
821,1.3994787,-6.3865457,1 (Jazz + Pop),ballroom___ballroom_Media-103901
822,6.3504434,-5.3228664,1 (Jazz + Pop),ballroom___ballroom_Media-103902
823,5.266553,-6.240029,1 (Jazz + Pop),ballroom___ballroom_Media-103903
824,7.587699,-1.741599,2 (Pop + Rock + HJDB + Hip-Hop),ballroom___ballroom_Media-103904
825,2.4165616,-6.3268747,1 (Jazz + Pop),ballroom___ballroom_Media-103905
826,12.150511,-3.1578143,2 (Pop + Rock + HJDB + Hip-Hop),ballroom___ballroom_Media-103906
827,8.769109,-5.055034,2 (Pop + Rock + HJDB + Hip-Hop),ballroom___ballroom_Media-103907
828,7.040343,-3.29412,2 (Pop + Rock + HJDB + Hip-Hop),ballroom___ballroom_Media-103908
829,10.724313,-3.0647626,2 (Pop + Rock + HJDB + Hip-Hop),ballroom___ballroom_Media-103909
830,4.676524,-4.5786085,1 (Jazz + Pop),ballroom___ballroom_Media-103910
831,-0.08746571,1.1124643,1 (Jazz + Pop),ballroom___ballroom_Media-103911
832,2.2667167,-1.1929771,1 (Jazz + Pop),ballroom___ballroom_Media-103912
833,1.946522,-5.019157,1 (Jazz + Pop),ballroom___ballroom_Media-103913
834,5.0074215,-3.9782698,1 (Jazz + Pop),ballroom___ballroom_Media-103914
835,3.600889,-5.241396,1 (Jazz + Pop),ballroom___ballroom_Media-103917
836,10.051424,-0.8082515,2 (Pop + Rock + HJDB + Hip-Hop),ballroom___ballroom_Media-103918
837,10.668524,-2.1322348,2 (Pop + Rock + HJDB + Hip-Hop),ballroom___ballroom_Media-103919
838,14.460088,0.32162306,2 (Pop + Rock + HJDB + Hip-Hop),ballroom___ballroom_Media-103920
839,8.299943,-3.0039685,2 (Pop + Rock + HJDB + Hip-Hop),ballroom___ballroom_Media-104001
840,7.0004735,-0.80569667,2 (Pop + Rock + HJDB + Hip-Hop),ballroom___ballroom_Media-104002
841,8.976127,-1.0067322,2 (Pop + Rock + HJDB + Hip-Hop),ballroom___ballroom_Media-104003
842,2.940491,-0.27161926,1 (Jazz + Pop),ballroom___ballroom_Media-104004
843,-2.4649656,0.17552926,1 (Jazz + Pop),ballroom___ballroom_Media-104005
844,2.6340222,-1.8357176,1 (Jazz + Pop),ballroom___ballroom_Media-104006
845,1.4536421,-2.630763,1 (Jazz + Pop),ballroom___ballroom_Media-104007
846,-4.1135736,3.0955026,1 (Jazz + Pop),ballroom___ballroom_Media-104008
847,12.264222,-3.2533004,2 (Pop + Rock + HJDB + Hip-Hop),ballroom___ballroom_Media-104009
848,5.3402796,-5.7183647,1 (Jazz + Pop),ballroom___ballroom_Media-104010
849,0.9523199,-6.3155594,1 (Jazz + Pop),ballroom___ballroom_Media-104011
850,4.789054,-5.8099413,1 (Jazz + Pop),ballroom___ballroom_Media-104012
851,2.4740436,0.93522245,1 (Jazz + Pop),ballroom___ballroom_Media-104015
852,4.6413426,-6.369071,1 (Jazz + Pop),ballroom___ballroom_Media-104016
853,3.7834322,-0.91698205,1 (Jazz + Pop),ballroom___ballroom_Media-104017
854,9.519839,1.2135599,2 (Pop + Rock + HJDB + Hip-Hop),ballroom___ballroom_Media-104101
855,8.483761,-2.7293513,2 (Pop + Rock + HJDB + Hip-Hop),ballroom___ballroom_Media-104102
856,7.948597,-0.8896524,2 (Pop + Rock + HJDB + Hip-Hop),ballroom___ballroom_Media-104103
857,6.290108,-1.8910784,1 (Jazz + Pop),ballroom___ballroom_Media-104104
858,9.952493,-6.2953725,2 (Pop + Rock + HJDB + Hip-Hop),ballroom___ballroom_Media-104105
859,8.654248,-3.5005133,2 (Pop + Rock + HJDB + Hip-Hop),ballroom___ballroom_Media-104106
860,11.017662,-2.9561584,2 (Pop + Rock + HJDB + Hip-Hop),ballroom___ballroom_Media-104107
861,5.630956,-5.4429803,1 (Jazz + Pop),ballroom___ballroom_Media-104108
862,7.4635243,-1.6671116,2 (Pop + Rock + HJDB + Hip-Hop),ballroom___ballroom_Media-104109
863,2.9398732,-6.5692296,1 (Jazz + Pop),ballroom___ballroom_Media-104110
864,6.9120417,-5.637774,1 (Jazz + Pop),ballroom___ballroom_Media-104111
865,-9.523221,-3.574075,3 (Classical + Groove + Jazz),ballroom___ballroom_Media-104112
866,2.379027,-4.187868,1 (Jazz + Pop),ballroom___ballroom_Media-104113
867,-4.695517,1.6356119,1 (Jazz + Pop),ballroom___ballroom_Media-104114
868,-3.19105,1.1030769,1 (Jazz + Pop),ballroom___ballroom_Media-104115
869,10.183399,-1.1081563,2 (Pop + Rock + HJDB + Hip-Hop),ballroom___ballroom_Media-104116
870,2.334593,-6.321796,1 (Jazz + Pop),ballroom___ballroom_Media-104117
871,7.7097106,-5.051255,2 (Pop + Rock + HJDB + Hip-Hop),ballroom___ballroom_Media-104118
872,9.881009,-2.6861537,2 (Pop + Rock + HJDB + Hip-Hop),ballroom___ballroom_Media-104119
873,-5.6166744,3.830111,3 (Classical + Groove + Jazz),ballroom___ballroom_Media-104201
874,2.0612133,-1.6003397,1 (Jazz + Pop),ballroom___ballroom_Media-104202
875,0.34689465,4.089107,1 (Jazz + Pop),ballroom___ballroom_Media-104203
876,-10.048187,-2.0112834,3 (Classical + Groove + Jazz),ballroom___ballroom_Media-104204
877,-8.958792,5.224873,3 (Classical + Groove + Jazz),ballroom___ballroom_Media-104205
878,2.479157,-1.9342039,1 (Jazz + Pop),ballroom___ballroom_Media-104206
879,6.538788,-5.4790745,1 (Jazz + Pop),ballroom___ballroom_Media-104207
880,3.500767,-4.096283,1 (Jazz + Pop),ballroom___ballroom_Media-104208
881,1.6717408,3.488402,1 (Jazz + Pop),ballroom___ballroom_Media-104209
882,-2.4610724,3.0348742,1 (Jazz + Pop),ballroom___ballroom_Media-104210
883,-4.095942,2.8346858,1 (Jazz + Pop),ballroom___ballroom_Media-104211
884,-9.890842,-1.8136944,3 (Classical + Groove + Jazz),ballroom___ballroom_Media-104212
885,6.4856806,-5.693911,1 (Jazz + Pop),ballroom___ballroom_Media-104216
886,7.1735473,-5.041276,1 (Jazz + Pop),ballroom___ballroom_Media-104217
887,10.568741,-3.4677587,2 (Pop + Rock + HJDB + Hip-Hop),ballroom___ballroom_Media-104218
888,3.7110324,-1.8248894,1 (Jazz + Pop),ballroom___ballroom_Media-104219
889,0.7039064,0.20128654,1 (Jazz + Pop),ballroom___ballroom_Media-104301
890,-2.2412217,0.17207238,1 (Jazz + Pop),ballroom___ballroom_Media-104302
891,-6.0936503,0.7984436,3 (Classical + Groove + Jazz),ballroom___ballroom_Media-104303
892,1.5945172,1.0284041,1 (Jazz + Pop),ballroom___ballroom_Media-104304
893,0.7276833,-3.2308896,1 (Jazz + Pop),ballroom___ballroom_Media-104305
894,2.0157406,0.3194275,1 (Jazz + Pop),ballroom___ballroom_Media-104306
895,1.5477401,-1.8605763,1 (Jazz + Pop),ballroom___ballroom_Media-104307
896,-0.75429344,1.6120012,1 (Jazz + Pop),ballroom___ballroom_Media-104308
897,0.8181138,1.336878,1 (Jazz + Pop),ballroom___ballroom_Media-104309
898,1.9096614,-0.7441948,1 (Jazz + Pop),ballroom___ballroom_Media-104314
899,-1.9549395,-0.9907918,1 (Jazz + Pop),ballroom___ballroom_Media-104315
900,1.9653968,-0.8595709,1 (Jazz + Pop),ballroom___ballroom_Media-104316
901,0.97966576,2.4787316,1 (Jazz + Pop),ballroom___ballroom_Media-104317
902,-5.165854,0.7806252,1 (Jazz + Pop),ballroom___ballroom_Media-104401
903,1.0476522,-0.7543633,1 (Jazz + Pop),ballroom___ballroom_Media-104402
904,-2.1385858,-0.83047426,1 (Jazz + Pop),ballroom___ballroom_Media-104403
905,4.7964754,1.3409253,1 (Jazz + Pop),ballroom___ballroom_Media-104404
906,2.2117336,4.4439454,1 (Jazz + Pop),ballroom___ballroom_Media-104405
907,-2.649477,2.1049767,1 (Jazz + Pop),ballroom___ballroom_Media-104406
908,0.73525184,-1.4897972,1 (Jazz + Pop),ballroom___ballroom_Media-104407
909,12.64533,1.5734985,2 (Pop + Rock + HJDB + Hip-Hop),ballroom___ballroom_Media-104408
910,-0.120889395,-0.9580104,1 (Jazz + Pop),ballroom___ballroom_Media-104409
911,12.803483,3.444146,2 (Pop + Rock + HJDB + Hip-Hop),ballroom___ballroom_Media-104415
912,-0.53891855,-4.881787,1 (Jazz + Pop),ballroom___ballroom_Media-104416
913,4.2944617,-0.6074799,1 (Jazz + Pop),ballroom___ballroom_Media-104417
914,-3.541178,1.0312215,1 (Jazz + Pop),ballroom___ballroom_Media-104418
915,-5.0808043,1.413284,1 (Jazz + Pop),ballroom___ballroom_Media-104501
916,2.3043885,-3.908044,1 (Jazz + Pop),ballroom___ballroom_Media-104502
917,1.0822186,2.831857,1 (Jazz + Pop),ballroom___ballroom_Media-104503
918,-1.9543537,0.34951046,1 (Jazz + Pop),ballroom___ballroom_Media-104504
919,-3.7418146,1.8373169,1 (Jazz + Pop),ballroom___ballroom_Media-104505
920,-0.9336941,-3.3026357,1 (Jazz + Pop),ballroom___ballroom_Media-104506
921,1.2960364,2.7159972,1 (Jazz + Pop),ballroom___ballroom_Media-104507
922,1.259887,2.3610914,1 (Jazz + Pop),ballroom___ballroom_Media-104508
923,-0.07697291,-4.0084834,1 (Jazz + Pop),ballroom___ballroom_Media-104514
924,0.8252167,-5.054082,1 (Jazz + Pop),ballroom___ballroom_Media-104515
925,3.9902735,2.6578908,1 (Jazz + Pop),ballroom___ballroom_Media-104516
926,1.7244202,-3.0246258,1 (Jazz + Pop),ballroom___ballroom_Media-104601
927,-1.4108651,-0.15353581,1 (Jazz + Pop),ballroom___ballroom_Media-104602
928,1.9923369,3.1319873,1 (Jazz + Pop),ballroom___ballroom_Media-104603
929,-3.854051,1.328397,1 (Jazz + Pop),ballroom___ballroom_Media-104604
930,0.84968853,-1.8481165,1 (Jazz + Pop),ballroom___ballroom_Media-104605
931,1.448965,-5.958951,1 (Jazz + Pop),ballroom___ballroom_Media-104606
932,-4.50157,0.14589654,1 (Jazz + Pop),ballroom___ballroom_Media-104607
933,0.5250222,-0.16538845,1 (Jazz + Pop),ballroom___ballroom_Media-104608
934,-2.777804,-2.4151113,1 (Jazz + Pop),ballroom___ballroom_Media-104609
935,-9.424585,-2.3848276,3 (Classical + Groove + Jazz),ballroom___ballroom_Media-104615
936,0.122059934,1.5812383,1 (Jazz + Pop),ballroom___ballroom_Media-104616
937,4.5886593,4.379718,1 (Jazz + Pop),ballroom___ballroom_Media-104617
938,-3.235908,0.13148326,1 (Jazz + Pop),ballroom___ballroom_Media-104618
939,-6.8502774,0.18038005,3 (Classical + Groove + Jazz),ballroom___ballroom_Media-104701
940,-4.860335,-0.63442415,1 (Jazz + Pop),ballroom___ballroom_Media-104702
941,0.078569576,0.43660107,1 (Jazz + Pop),ballroom___ballroom_Media-104703
942,-8.931501,2.3900354,3 (Classical + Groove + Jazz),ballroom___ballroom_Media-104704
943,4.275076,-1.752435,1 (Jazz + Pop),ballroom___ballroom_Media-104706
944,4.963831,-2.9689572,1 (Jazz + Pop),ballroom___ballroom_Media-104707
945,1.9978731,-3.8825307,1 (Jazz + Pop),ballroom___ballroom_Media-104708
946,-9.512239,-0.37163037,3 (Classical + Groove + Jazz),ballroom___ballroom_Media-104709
947,-11.708126,-0.89477575,3 (Classical + Groove + Jazz),ballroom___ballroom_Media-104710
948,1.8483578,-5.3440003,1 (Jazz + Pop),ballroom___ballroom_Media-104711
949,1.4926779,2.4127672,1 (Jazz + Pop),ballroom___ballroom_Media-104712
950,0.29722685,-1.0953214,1 (Jazz + Pop),ballroom___ballroom_Media-104716
951,-0.60346097,-1.0823257,1 (Jazz + Pop),ballroom___ballroom_Media-104717
952,0.9198264,-1.7901162,1 (Jazz + Pop),ballroom___ballroom_Media-104718
953,-2.3484726,-1.3503126,1 (Jazz + Pop),ballroom___ballroom_Media-104801
954,0.9242232,1.4405681,1 (Jazz + Pop),ballroom___ballroom_Media-104802
955,4.358865,5.157555,1 (Jazz + Pop),ballroom___ballroom_Media-104803
956,1.4858422,2.1058958,1 (Jazz + Pop),ballroom___ballroom_Media-104804
957,9.142677,-2.9587264,2 (Pop + Rock + HJDB + Hip-Hop),ballroom___ballroom_Media-104805
958,-0.5432864,-2.538326,1 (Jazz + Pop),ballroom___ballroom_Media-104806
959,2.365617,0.77861655,1 (Jazz + Pop),ballroom___ballroom_Media-104807
960,-5.108758,1.6619239,1 (Jazz + Pop),ballroom___ballroom_Media-104808
961,-1.1721876,2.2516272,1 (Jazz + Pop),ballroom___ballroom_Media-104809
962,0.88759285,2.9446018,1 (Jazz + Pop),ballroom___ballroom_Media-104810
963,-0.015700253,2.9180617,1 (Jazz + Pop),ballroom___ballroom_Media-104811
964,2.6516547,-5.2731586,1 (Jazz + Pop),ballroom___ballroom_Media-104815
965,-1.5797119,-4.773536,1 (Jazz + Pop),ballroom___ballroom_Media-104816
966,-1.0160542,0.97123754,1 (Jazz + Pop),ballroom___ballroom_Media-104901
967,-2.3623965,-0.26022968,1 (Jazz + Pop),ballroom___ballroom_Media-104902
968,-1.3338958,-0.49269363,1 (Jazz + Pop),ballroom___ballroom_Media-104903
969,1.6184018,-4.5359855,1 (Jazz + Pop),ballroom___ballroom_Media-104904
970,-3.4088686,1.9168483,1 (Jazz + Pop),ballroom___ballroom_Media-104905
971,3.819622,-2.173264,1 (Jazz + Pop),ballroom___ballroom_Media-104906
972,-9.962019,-3.304229,3 (Classical + Groove + Jazz),ballroom___ballroom_Media-104907
973,-2.6658504,2.3038073,1 (Jazz + Pop),ballroom___ballroom_Media-104908
974,3.5069487,-1.5899761,1 (Jazz + Pop),ballroom___ballroom_Media-104909
975,0.2256638,-3.8401272,1 (Jazz + Pop),ballroom___ballroom_Media-104915
976,5.051007,-2.3657112,1 (Jazz + Pop),ballroom___ballroom_Media-104916
977,8.452271,-3.7797525,2 (Pop + Rock + HJDB + Hip-Hop),ballroom___ballroom_Media-104917
978,1.2095778,-1.5199904,1 (Jazz + Pop),ballroom___ballroom_Media-104918
979,0.68134475,2.8484962,1 (Jazz + Pop),ballroom___ballroom_Media-105001
980,0.9820158,-0.47515184,1 (Jazz + Pop),ballroom___ballroom_Media-105002
981,1.9260855,-0.7127721,1 (Jazz + Pop),ballroom___ballroom_Media-105003
982,-2.4193132,2.4148784,1 (Jazz + Pop),ballroom___ballroom_Media-105004
983,2.3051047,2.1378915,1 (Jazz + Pop),ballroom___ballroom_Media-105005
984,-0.7715834,1.6880808,1 (Jazz + Pop),ballroom___ballroom_Media-105006
985,1.1503041,-3.6150692,1 (Jazz + Pop),ballroom___ballroom_Media-105007
986,1.787785,-4.373077,1 (Jazz + Pop),ballroom___ballroom_Media-105008
987,8.694627,-3.6105921,2 (Pop + Rock + HJDB + Hip-Hop),ballroom___ballroom_Media-105009
988,2.3936284,3.269618,1 (Jazz + Pop),ballroom___ballroom_Media-105010
989,-1.3504484,-0.5737979,1 (Jazz + Pop),ballroom___ballroom_Media-105011
990,6.2281322,1.312855,2 (Pop + Rock + HJDB + Hip-Hop),ballroom___ballroom_Media-105016
991,8.071204,-3.1326206,2 (Pop + Rock + HJDB + Hip-Hop),ballroom___ballroom_Media-105017
992,4.361246,-0.38640365,1 (Jazz + Pop),ballroom___ballroom_Media-105018
993,3.299255,-5.2868643,1 (Jazz + Pop),ballroom___ballroom_Media-105019
994,1.854578,-1.6716173,1 (Jazz + Pop),ballroom___ballroom_Media-105020
995,2.937071,-2.1065369,1 (Jazz + Pop),ballroom___ballroom_Media-105101
996,1.3172247,3.7240744,1 (Jazz + Pop),ballroom___ballroom_Media-105102
997,3.6962008,1.6017545,1 (Jazz + Pop),ballroom___ballroom_Media-105103
998,-1.5412052,0.3808673,1 (Jazz + Pop),ballroom___ballroom_Media-105104
999,-4.7298155,-2.7388277,1 (Jazz + Pop),ballroom___ballroom_Media-105105
1000,0.4287881,2.718097,1 (Jazz + Pop),ballroom___ballroom_Media-105106
1001,8.955621,-3.3924212,2 (Pop + Rock + HJDB + Hip-Hop),ballroom___ballroom_Media-105107
1002,2.4635153,3.8390532,1 (Jazz + Pop),ballroom___ballroom_Media-105108
1003,2.5023565,-2.529723,1 (Jazz + Pop),ballroom___ballroom_Media-105109
1004,1.8677174,1.1062894,1 (Jazz + Pop),ballroom___ballroom_Media-105110
1005,9.779861,4.0091624,2 (Pop + Rock + HJDB + Hip-Hop),ballroom___ballroom_Media-105111
1006,8.870249,-5.7403293,2 (Pop + Rock + HJDB + Hip-Hop),ballroom___ballroom_Media-105112
1007,4.155578,-4.2534833,1 (Jazz + Pop),ballroom___ballroom_Media-105119
1008,8.983287,-1.735432,2 (Pop + Rock + HJDB + Hip-Hop),ballroom___ballroom_Media-105120
1009,5.399322,-4.6776667,1 (Jazz + Pop),ballroom___ballroom_Media-105121
1010,8.362686,-2.7201037,2 (Pop + Rock + HJDB + Hip-Hop),ballroom___ballroom_Media-105122
1011,0.5414433,-0.4174999,1 (Jazz + Pop),ballroom___ballroom_Media-105207
1012,-5.8715687,-0.39366814,3 (Classical + Groove + Jazz),ballroom___ballroom_Media-105209
1013,4.2083693,3.9926639,1 (Jazz + Pop),ballroom___ballroom_Media-105210
1014,4.7280693,3.7605612,1 (Jazz + Pop),ballroom___ballroom_Media-105211
1015,5.399198,4.8646955,2 (Pop + Rock + HJDB + Hip-Hop),ballroom___ballroom_Media-105212
1016,-3.1166255,-2.495062,1 (Jazz + Pop),ballroom___ballroom_Media-105213
1017,-5.812811,-0.9704769,3 (Classical + Groove + Jazz),ballroom___ballroom_Media-105214
1018,-4.1931334,-2.3815782,1 (Jazz + Pop),ballroom___ballroom_Media-105215
1019,-8.936522,5.5240526,3 (Classical + Groove + Jazz),ballroom___ballroom_Media-105301
1020,-1.7074491,-0.0126115205,1 (Jazz + Pop),ballroom___ballroom_Media-105302
1021,-9.140318,-0.4063955,3 (Classical + Groove + Jazz),ballroom___ballroom_Media-105303
1022,-4.3006496,0.9261322,1 (Jazz + Pop),ballroom___ballroom_Media-105304
1023,2.3673928,2.5711904,1 (Jazz + Pop),ballroom___ballroom_Media-105305
1024,-0.03439983,2.8227067,1 (Jazz + Pop),ballroom___ballroom_Media-105306
1025,2.0136385,3.2520008,1 (Jazz + Pop),ballroom___ballroom_Media-105307
1026,0.4505276,3.3495338,1 (Jazz + Pop),ballroom___ballroom_Media-105308
1027,3.8018532,-0.26942003,1 (Jazz + Pop),ballroom___ballroom_Media-105309
1028,6.8140655,-4.130939,1 (Jazz + Pop),ballroom___ballroom_Media-105313
1029,1.0738171,-5.652341,1 (Jazz + Pop),ballroom___ballroom_Media-105314
1030,12.961647,0.03907042,2 (Pop + Rock + HJDB + Hip-Hop),ballroom___ballroom_Media-105315
1031,-3.6974387,2.389569,1 (Jazz + Pop),ballroom___ballroom_Media-105316
1032,3.5229526,-1.5190854,1 (Jazz + Pop),ballroom___ballroom_Media-105317
1033,4.2745285,-2.8008118,1 (Jazz + Pop),ballroom___ballroom_Media-105318
1034,4.4335737,-4.731525,1 (Jazz + Pop),ballroom___ballroom_Media-105320
1035,7.5961823,-3.1440964,2 (Pop + Rock + HJDB + Hip-Hop),ballroom___ballroom_Media-105401
1036,4.1018667,-1.8709261,1 (Jazz + Pop),ballroom___ballroom_Media-105402
1037,8.978429,-4.0197935,2 (Pop + Rock + HJDB + Hip-Hop),ballroom___ballroom_Media-105403
1038,4.9758196,-3.528597,1 (Jazz + Pop),ballroom___ballroom_Media-105404
1039,8.15721,-4.1440625,2 (Pop + Rock + HJDB + Hip-Hop),ballroom___ballroom_Media-105405
1040,12.551311,-2.6494617,2 (Pop + Rock + HJDB + Hip-Hop),ballroom___ballroom_Media-105406
1041,3.974649,-0.33504316,1 (Jazz + Pop),ballroom___ballroom_Media-105407
1042,1.1487898,-2.148077,1 (Jazz + Pop),ballroom___ballroom_Media-105408
1043,1.0048337,-3.9065537,1 (Jazz + Pop),ballroom___ballroom_Media-105409
1044,-0.16228084,-3.627203,1 (Jazz + Pop),ballroom___ballroom_Media-105410
1045,0.7456197,-4.1511016,1 (Jazz + Pop),ballroom___ballroom_Media-105411
1046,12.198098,-0.43597648,2 (Pop + Rock + HJDB + Hip-Hop),ballroom___ballroom_Media-105412
1047,11.675055,-0.18319696,2 (Pop + Rock + HJDB + Hip-Hop),ballroom___ballroom_Media-105413
1048,11.427534,-2.157025,2 (Pop + Rock + HJDB + Hip-Hop),ballroom___ballroom_Media-105414
1049,15.172165,0.7733757,2 (Pop + Rock + HJDB + Hip-Hop),ballroom___ballroom_Media-105415
1050,5.494128,-3.1573565,1 (Jazz + Pop),ballroom___ballroom_Media-105416
1051,3.8679605,-5.4209237,1 (Jazz + Pop),ballroom___ballroom_Media-105417
1052,-0.79759336,-0.6396252,1 (Jazz + Pop),ballroom___ballroom_Media-105418
1053,1.1131066,1.8812889,1 (Jazz + Pop),ballroom___ballroom_Media-105419
1054,2.7648306,-6.4029727,1 (Jazz + Pop),ballroom___ballroom_Media-105420
1055,-8.726474,3.6935277,3 (Classical + Groove + Jazz),ballroom___ballroom_Media-105501
1056,-6.2957716,4.6586623,3 (Classical + Groove + Jazz),ballroom___ballroom_Media-105502
1057,-3.7338543,0.37459034,1 (Jazz + Pop),ballroom___ballroom_Media-105503
1058,0.877736,3.0490701,1 (Jazz + Pop),ballroom___ballroom_Media-105504
1059,1.2264104,-1.407725,1 (Jazz + Pop),ballroom___ballroom_Media-105505
1060,4.307221,-5.455085,1 (Jazz + Pop),ballroom___ballroom_Media-105506
1061,1.5870268,-0.9818188,1 (Jazz + Pop),ballroom___ballroom_Media-105507
1062,2.2605634,-0.76102257,1 (Jazz + Pop),ballroom___ballroom_Media-105508
1063,-11.088449,-1.5692163,3 (Classical + Groove + Jazz),ballroom___ballroom_Media-105509
1064,4.031487,-1.185287,1 (Jazz + Pop),ballroom___ballroom_Media-105510
1065,-0.09194599,1.6945381,1 (Jazz + Pop),ballroom___ballroom_Media-105511
1066,9.924768,-1.991339,2 (Pop + Rock + HJDB + Hip-Hop),ballroom___ballroom_Media-105516
1067,12.228507,-3.4089282,2 (Pop + Rock + HJDB + Hip-Hop),ballroom___ballroom_Media-105517
1068,5.8503256,-4.084138,1 (Jazz + Pop),ballroom___ballroom_Media-105518
1069,5.698595,-6.025896,1 (Jazz + Pop),ballroom___ballroom_Media-105601
1070,5.864412,-5.263709,1 (Jazz + Pop),ballroom___ballroom_Media-105602
1071,7.1872206,-2.8299336,2 (Pop + Rock + HJDB + Hip-Hop),ballroom___ballroom_Media-105603
1072,7.075423,-3.0418317,2 (Pop + Rock + HJDB + Hip-Hop),ballroom___ballroom_Media-105604
1073,8.548844,-2.5403316,2 (Pop + Rock + HJDB + Hip-Hop),ballroom___ballroom_Media-105605
1074,3.7765448,-6.376932,1 (Jazz + Pop),ballroom___ballroom_Media-105606
1075,9.822011,-0.40426052,2 (Pop + Rock + HJDB + Hip-Hop),ballroom___ballroom_Media-105607
1076,7.991061,-2.8318965,2 (Pop + Rock + HJDB + Hip-Hop),ballroom___ballroom_Media-105608
1077,6.8308806,-2.829612,2 (Pop + Rock + HJDB + Hip-Hop),ballroom___ballroom_Media-105609
1078,0.77814555,-4.6115737,1 (Jazz + Pop),ballroom___ballroom_Media-105611
1079,0.4541278,-5.456866,1 (Jazz + Pop),ballroom___ballroom_Media-105612
1080,3.6412418,-2.0926533,1 (Jazz + Pop),ballroom___ballroom_Media-105613
1081,4.1217737,-1.7408516,1 (Jazz + Pop),ballroom___ballroom_Media-105614
1082,0.7285139,-3.1356008,1 (Jazz + Pop),ballroom___ballroom_Media-105615
1083,-6.1255627,2.082818,3 (Classical + Groove + Jazz),ballroom___ballroom_Media-105701
1084,3.3373232,4.18852,1 (Jazz + Pop),ballroom___ballroom_Media-105702
1085,-5.272347,4.2753525,3 (Classical + Groove + Jazz),ballroom___ballroom_Media-105703
1086,-11.000738,5.1335535,3 (Classical + Groove + Jazz),ballroom___ballroom_Media-105704
1087,1.5683442,-0.5161153,1 (Jazz + Pop),ballroom___ballroom_Media-105705
1088,1.8865821,-2.4874382,1 (Jazz + Pop),ballroom___ballroom_Media-105706
1089,9.411055,-5.703405,2 (Pop + Rock + HJDB + Hip-Hop),ballroom___ballroom_Media-105707
1090,2.1850927,-4.214627,1 (Jazz + Pop),ballroom___ballroom_Media-105708
1091,2.582071,3.5442615,1 (Jazz + Pop),ballroom___ballroom_Media-105709
1092,0.18372536,2.670626,1 (Jazz + Pop),ballroom___ballroom_Media-105710
1093,5.1865306,-4.182822,1 (Jazz + Pop),ballroom___ballroom_Media-105715
1094,2.1787708,-4.4742823,1 (Jazz + Pop),ballroom___ballroom_Media-105716
1095,4.5433526,-6.1772194,1 (Jazz + Pop),ballroom___ballroom_Media-105717
1096,0.21996294,0.14207721,1 (Jazz + Pop),ballroom___ballroom_Media-105801
1097,-8.84562,2.779696,3 (Classical + Groove + Jazz),ballroom___ballroom_Media-105802
1098,-9.209093,-0.90933156,3 (Classical + Groove + Jazz),ballroom___ballroom_Media-105803
1099,-4.807826,1.976148,1 (Jazz + Pop),ballroom___ballroom_Media-105804
1100,-7.20966,2.8143926,3 (Classical + Groove + Jazz),ballroom___ballroom_Media-105805
1101,4.744167,-3.0440953,1 (Jazz + Pop),ballroom___ballroom_Media-105806
1102,1.750983,-5.256349,1 (Jazz + Pop),ballroom___ballroom_Media-105807
1103,1.7782054,-6.142679,1 (Jazz + Pop),ballroom___ballroom_Media-105808
1104,-6.2387185,4.4712706,3 (Classical + Groove + Jazz),ballroom___ballroom_Media-105809
1105,-0.19422153,-1.2306472,1 (Jazz + Pop),ballroom___ballroom_Media-105810
1106,2.1952007,3.7704601,1 (Jazz + Pop),ballroom___ballroom_Media-105811
1107,-0.9447448,0.47579336,1 (Jazz + Pop),ballroom___ballroom_Media-105812
1108,5.915783,-3.5315197,1 (Jazz + Pop),ballroom___ballroom_Media-105816
1109,6.5656238,-2.7639544,1 (Jazz + Pop),ballroom___ballroom_Media-105817
1110,5.46164,-2.5131552,1 (Jazz + Pop),ballroom___ballroom_Media-105818
1111,10.933714,-2.4740868,2 (Pop + Rock + HJDB + Hip-Hop),ballroom___ballroom_Media-105819
1112,5.466951,-3.167745,1 (Jazz + Pop),ballroom___ballroom_Media-105820
1113,-10.142203,0.733827,3 (Classical + Groove + Jazz),ballroom___ballroom_Media-105901
1114,-10.884395,-2.1115925,3 (Classical + Groove + Jazz),ballroom___ballroom_Media-105902
1115,-3.6946194,1.3049281,1 (Jazz + Pop),ballroom___ballroom_Media-105903
1116,-2.188524,2.2007551,1 (Jazz + Pop),ballroom___ballroom_Media-105904
1117,-11.457515,-1.9610302,3 (Classical + Groove + Jazz),ballroom___ballroom_Media-105905
1118,1.5229383,-3.421814,1 (Jazz + Pop),ballroom___ballroom_Media-105906
1119,1.5748655,-0.21823688,1 (Jazz + Pop),ballroom___ballroom_Media-105907
1120,0.1328722,-1.7888559,1 (Jazz + Pop),ballroom___ballroom_Media-105911
1121,0.5181727,-1.0943519,1 (Jazz + Pop),ballroom___ballroom_Media-105912
1122,2.1352317,-0.61179554,1 (Jazz + Pop),ballroom___ballroom_Media-105913
1123,-0.34477633,-1.5918102,1 (Jazz + Pop),ballroom___ballroom_Media-105914
1124,8.319964,-2.2964323,2 (Pop + Rock + HJDB + Hip-Hop),ballroom___ballroom_Media-106001
1125,8.011435,-2.8795087,2 (Pop + Rock + HJDB + Hip-Hop),ballroom___ballroom_Media-106002
1126,6.675043,-2.3128204,2 (Pop + Rock + HJDB + Hip-Hop),ballroom___ballroom_Media-106003
1127,7.1217117,-2.0979269,2 (Pop + Rock + HJDB + Hip-Hop),ballroom___ballroom_Media-106004
1128,6.9344845,-1.7777475,2 (Pop + Rock + HJDB + Hip-Hop),ballroom___ballroom_Media-106005
1129,5.3020797,-2.7508888,1 (Jazz + Pop),ballroom___ballroom_Media-106006
1130,6.190649,-2.5953782,1 (Jazz + Pop),ballroom___ballroom_Media-106007
1131,7.3011384,-2.3133228,2 (Pop + Rock + HJDB + Hip-Hop),ballroom___ballroom_Media-106008
1132,4.6303253,-0.40703645,1 (Jazz + Pop),ballroom___ballroom_Media-106009
1133,2.1534338,1.599781,1 (Jazz + Pop),ballroom___ballroom_Media-106010
1134,0.56707966,-0.7482715,1 (Jazz + Pop),ballroom___ballroom_Media-106011
1135,1.4810994,-3.9170349,1 (Jazz + Pop),ballroom___ballroom_Media-106012
1136,12.591834,-1.6246753,2 (Pop + Rock + HJDB + Hip-Hop),ballroom___ballroom_Media-106015
1137,7.1902075,-3.4098904,2 (Pop + Rock + HJDB + Hip-Hop),ballroom___ballroom_Media-106016
1138,9.174039,0.59468347,2 (Pop + Rock + HJDB + Hip-Hop),ballroom___ballroom_Media-106017
1139,6.056352,-2.3223023,1 (Jazz + Pop),ballroom___ballroom_Media-106101
1140,10.758209,-3.734426,2 (Pop + Rock + HJDB + Hip-Hop),ballroom___ballroom_Media-106102
1141,5.335612,-3.5073807,1 (Jazz + Pop),ballroom___ballroom_Media-106103
1142,6.800497,-0.23377639,2 (Pop + Rock + HJDB + Hip-Hop),ballroom___ballroom_Media-106104
1143,1.7760308,-5.1486735,1 (Jazz + Pop),ballroom___ballroom_Media-106105
1144,6.164377,-2.222102,1 (Jazz + Pop),ballroom___ballroom_Media-106106
1145,10.380998,-0.4103509,2 (Pop + Rock + HJDB + Hip-Hop),ballroom___ballroom_Media-106107
1146,4.0117745,-5.288853,1 (Jazz + Pop),ballroom___ballroom_Media-106108
1147,13.840383,0.08942428,2 (Pop + Rock + HJDB + Hip-Hop),ballroom___ballroom_Media-106109
1148,2.3226721,-0.16281997,1 (Jazz + Pop),ballroom___ballroom_Media-106110
1149,1.4035069,-3.432856,1 (Jazz + Pop),ballroom___ballroom_Media-106111
1150,1.3791401,-2.869515,1 (Jazz + Pop),ballroom___ballroom_Media-106112
1151,3.6333542,-1.0367185,1 (Jazz + Pop),ballroom___ballroom_Media-106113
1152,13.485474,-0.6436628,2 (Pop + Rock + HJDB + Hip-Hop),ballroom___ballroom_Media-106114
1153,13.921006,-1.378874,2 (Pop + Rock + HJDB + Hip-Hop),ballroom___ballroom_Media-106115
1154,13.859301,-2.396691,2 (Pop + Rock + HJDB + Hip-Hop),ballroom___ballroom_Media-106116
1155,1.0943842,-2.5961187,1 (Jazz + Pop),ballroom___ballroom_Media-106117
1156,4.2644916,-5.1998105,1 (Jazz + Pop),ballroom___ballroom_Media-106118
1157,2.660393,-2.3106678,1 (Jazz + Pop),ballroom___ballroom_Media-106119
1158,16.684282,1.9198881,2 (Pop + Rock + HJDB + Hip-Hop),beatles___beatles_01_Please_Please_Me_01_I_Saw_Her_Standing_There
1159,13.391695,0.33264872,2 (Pop + Rock + HJDB + Hip-Hop),beatles___beatles_01_Please_Please_Me_02_Misery
1160,11.948801,-1.838075,2 (Pop + Rock + HJDB + Hip-Hop),beatles___beatles_01_Please_Please_Me_03_Anna_(Go_To_Him)
1161,13.224222,0.1295661,2 (Pop + Rock + HJDB + Hip-Hop),beatles___beatles_01_Please_Please_Me_04_Chains
1162,16.314795,2.3672674,2 (Pop + Rock + HJDB + Hip-Hop),beatles___beatles_01_Please_Please_Me_05_Boys
1163,10.298691,-2.4644835,2 (Pop + Rock + HJDB + Hip-Hop),beatles___beatles_01_Please_Please_Me_06_Ask_Me_Why
1164,16.42389,1.3426113,2 (Pop + Rock + HJDB + Hip-Hop),beatles___beatles_01_Please_Please_Me_07_Please_Please_Me
1165,11.561678,-1.9085587,2 (Pop + Rock + HJDB + Hip-Hop),beatles___beatles_01_Please_Please_Me_08_Love_Me_Do
1166,12.647404,1.4889569,2 (Pop + Rock + HJDB + Hip-Hop),beatles___beatles_01_Please_Please_Me_09_P_S_I_Love_You
1167,12.592141,1.7355646,2 (Pop + Rock + HJDB + Hip-Hop),beatles___beatles_01_Please_Please_Me_10_Baby_Its_You
1168,9.291767,-1.6006441,2 (Pop + Rock + HJDB + Hip-Hop),beatles___beatles_01_Please_Please_Me_11_Do_You_Want_To_Know_A_Secret
1169,9.602945,-0.7763108,2 (Pop + Rock + HJDB + Hip-Hop),beatles___beatles_01_Please_Please_Me_12_A_Taste_Of_Honey
1170,15.66851,0.17449827,2 (Pop + Rock + HJDB + Hip-Hop),beatles___beatles_01_Please_Please_Me_13_Theres_A_Place
1171,14.539796,0.9055041,2 (Pop + Rock + HJDB + Hip-Hop),beatles___beatles_01_Please_Please_Me_14_Twist_And_Shout
1172,15.704707,1.6406025,2 (Pop + Rock + HJDB + Hip-Hop),beatles___beatles_02_With_the_Beatles_01_It_Wont_Be_Long
1173,9.992391,-2.0336008,2 (Pop + Rock + HJDB + Hip-Hop),beatles___beatles_02_With_the_Beatles_02_All_Ive_Got_To_Do
1174,11.136375,-2.7174077,2 (Pop + Rock + HJDB + Hip-Hop),beatles___beatles_02_With_the_Beatles_03_All_My_Loving
1175,13.283363,2.1209385,2 (Pop + Rock + HJDB + Hip-Hop),beatles___beatles_02_With_the_Beatles_04_Dont_Bother_Me
1176,15.913698,2.9736798,2 (Pop + Rock + HJDB + Hip-Hop),beatles___beatles_02_With_the_Beatles_05_Little_Child
1177,0.9014721,0.16929275,1 (Jazz + Pop),beatles___beatles_02_With_the_Beatles_06_Till_There_Was_You
1178,16.371725,2.5378566,2 (Pop + Rock + HJDB + Hip-Hop),beatles___beatles_02_With_the_Beatles_07_Please_Mister_Postman
1179,14.530618,1.3824722,2 (Pop + Rock + HJDB + Hip-Hop),beatles___beatles_02_With_the_Beatles_08_Roll_Over_Beethoven
1180,13.19923,2.5548232,2 (Pop + Rock + HJDB + Hip-Hop),beatles___beatles_02_With_the_Beatles_09_Hold_Me_Tight
1181,9.774275,-3.5341425,2 (Pop + Rock + HJDB + Hip-Hop),beatles___beatles_02_With_the_Beatles_10_You_Really_Got_A_Hold_On_Me
1182,15.797554,2.051442,2 (Pop + Rock + HJDB + Hip-Hop),beatles___beatles_02_With_the_Beatles_11_I_Wanna_Be_Your_Man
1183,14.9844885,1.1903232,2 (Pop + Rock + HJDB + Hip-Hop),beatles___beatles_02_With_the_Beatles_12_Devil_In_Her_Heart
1184,14.083477,2.7265737,2 (Pop + Rock + HJDB + Hip-Hop),beatles___beatles_02_With_the_Beatles_13_Not_A_Second_Time
1185,15.500549,2.351293,2 (Pop + Rock + HJDB + Hip-Hop),beatles___beatles_02_With_the_Beatles_14_Money
1186,16.839788,2.7621028,2 (Pop + Rock + HJDB + Hip-Hop),beatles___beatles_03_A_Hard_Days_Night_01_A_Hard_Days_Night
1187,12.158775,-0.53028136,2 (Pop + Rock + HJDB + Hip-Hop),beatles___beatles_03_A_Hard_Days_Night_02_I_Should_Have_Known_Better
1188,11.751697,-1.4565364,2 (Pop + Rock + HJDB + Hip-Hop),beatles___beatles_03_A_Hard_Days_Night_03_If_I_Fell
1189,15.941884,1.6707207,2 (Pop + Rock + HJDB + Hip-Hop),beatles___beatles_03_A_Hard_Days_Night_04_Im_Happy_Just_To_Dance_With_You
1190,4.418547,-0.36331895,1 (Jazz + Pop),beatles___beatles_03_A_Hard_Days_Night_05_And_I_Love_Her
1191,16.50217,2.2048674,2 (Pop + Rock + HJDB + Hip-Hop),beatles___beatles_03_A_Hard_Days_Night_06_Tell_Me_Why
1192,14.204977,0.47045758,2 (Pop + Rock + HJDB + Hip-Hop),beatles___beatles_03_A_Hard_Days_Night_07_Cant_Buy_Me_Love
1193,15.130558,1.8976449,2 (Pop + Rock + HJDB + Hip-Hop),beatles___beatles_03_A_Hard_Days_Night_08_Any_Time_At_All
1194,15.365626,2.0131748,2 (Pop + Rock + HJDB + Hip-Hop),beatles___beatles_03_A_Hard_Days_Night_09_Ill_Cry_Instead
1195,12.603568,1.4660883,2 (Pop + Rock + HJDB + Hip-Hop),beatles___beatles_03_A_Hard_Days_Night_10_Things_We_Said_Today
1196,16.418741,1.7290944,2 (Pop + Rock + HJDB + Hip-Hop),beatles___beatles_03_A_Hard_Days_Night_11_When_I_Get_Home
1197,15.767976,1.4467437,2 (Pop + Rock + HJDB + Hip-Hop),beatles___beatles_03_A_Hard_Days_Night_12_You_Cant_Do_That
1198,10.789908,-0.72835934,2 (Pop + Rock + HJDB + Hip-Hop),beatles___beatles_03_A_Hard_Days_Night_13_Ill_Be_Back
1199,10.382001,-1.2143719,2 (Pop + Rock + HJDB + Hip-Hop),beatles___beatles_04_Beatles_for_Sale_01_No_Reply
1200,14.901611,3.002234,2 (Pop + Rock + HJDB + Hip-Hop),beatles___beatles_04_Beatles_for_Sale_02_Im_a_Loser
1201,14.027758,3.912152,2 (Pop + Rock + HJDB + Hip-Hop),beatles___beatles_04_Beatles_for_Sale_03_Babys_In_Black
1202,15.5835905,3.3746576,2 (Pop + Rock + HJDB + Hip-Hop),beatles___beatles_04_Beatles_for_Sale_04_Rock_and_Roll_Music
1203,1.2629969,0.5310529,1 (Jazz + Pop),beatles___beatles_04_Beatles_for_Sale_05_Ill_Follow_the_Sun
1204,1.411035,1.0332924,1 (Jazz + Pop),beatles___beatles_04_Beatles_for_Sale_06_Mr_Moonlight
1205,14.584923,3.8852344,2 (Pop + Rock + HJDB + Hip-Hop),beatles___beatles_04_Beatles_for_Sale_07_Kansas_City-_Hey_Hey_Hey_Hey
1206,14.448642,2.5513606,2 (Pop + Rock + HJDB + Hip-Hop),beatles___beatles_04_Beatles_for_Sale_08_Eight_Days_a_Week
1207,4.2871213,6.045873,1 (Jazz + Pop),beatles___beatles_04_Beatles_for_Sale_09_Words_of_Love
1208,10.578608,1.9568024,2 (Pop + Rock + HJDB + Hip-Hop),beatles___beatles_04_Beatles_for_Sale_10_Honey_Dont
1209,10.563092,-0.26044467,2 (Pop + Rock + HJDB + Hip-Hop),beatles___beatles_04_Beatles_for_Sale_11_Every_Little_Thing
1210,12.967875,1.3930658,2 (Pop + Rock + HJDB + Hip-Hop),beatles___beatles_04_Beatles_for_Sale_12_I_Dont_Want_to_Spoil_the_Party
1211,11.796341,2.5618122,2 (Pop + Rock + HJDB + Hip-Hop),beatles___beatles_04_Beatles_for_Sale_13_What_Youre_Doing
1212,15.991851,3.0880225,2 (Pop + Rock + HJDB + Hip-Hop),beatles___beatles_04_Beatles_for_Sale_14_Everybodys_Trying_to_Be_My_Baby
1213,7.401708,2.8340764,2 (Pop + Rock + HJDB + Hip-Hop),beatles___beatles_05_Help_01_Help
1214,13.462825,2.9087,2 (Pop + Rock + HJDB + Hip-Hop),beatles___beatles_05_Help_02_The_Night_Before
1215,6.0263805,2.8522952,2 (Pop + Rock + HJDB + Hip-Hop),beatles___beatles_05_Help_03_Youve_Got_To_Hide_Your_Love_Away
1216,2.1834257,0.31950158,1 (Jazz + Pop),beatles___beatles_05_Help_04_I_Need_You
1217,10.889773,2.9613519,2 (Pop + Rock + HJDB + Hip-Hop),beatles___beatles_05_Help_05_Another_Girl
1218,11.129038,2.7632165,2 (Pop + Rock + HJDB + Hip-Hop),beatles___beatles_05_Help_06_Youre_Going_To_Lose_That_Girl
1219,11.739628,2.3960748,2 (Pop + Rock + HJDB + Hip-Hop),beatles___beatles_05_Help_07_Ticket_To_Ride
1220,4.057338,1.719217,1 (Jazz + Pop),beatles___beatles_05_Help_08_Act_Naturally
1221,-2.049151,-2.5500007,1 (Jazz + Pop),beatles___beatles_05_Help_09_Its_Only_Love
1222,5.7268043,2.102765,2 (Pop + Rock + HJDB + Hip-Hop),beatles___beatles_05_Help_10_You_Like_Me_Too_Much
1223,5.560967,1.8350468,1 (Jazz + Pop),beatles___beatles_05_Help_11_Tell_Me_What_You_See
1224,6.840279,3.633448,2 (Pop + Rock + HJDB + Hip-Hop),beatles___beatles_05_Help_12_Ive_Just_Seen_a_Face
1225,-3.56308,-1.835593,1 (Jazz + Pop),beatles___beatles_05_Help_13_Yesterday
1226,14.555947,3.8644252,2 (Pop + Rock + HJDB + Hip-Hop),beatles___beatles_05_Help_14_Dizzy_Miss_Lizzy
1227,4.6912136,-0.7202726,1 (Jazz + Pop),beatles___beatles_06_Rubber_Soul_01_Drive_My_Car
1228,-2.3946333,-3.0544302,1 (Jazz + Pop),beatles___beatles_06_Rubber_Soul_02_Norwegian_Wood_(This_Bird_Has_Flown)
1229,8.61886,1.631845,2 (Pop + Rock + HJDB + Hip-Hop),beatles___beatles_06_Rubber_Soul_03_You_Wont_See_Me
1230,8.644813,1.7269232,2 (Pop + Rock + HJDB + Hip-Hop),beatles___beatles_06_Rubber_Soul_04_Nowhere_Man
1231,11.224244,3.163561,2 (Pop + Rock + HJDB + Hip-Hop),beatles___beatles_06_Rubber_Soul_05_Think_For_Yourself
1232,8.7227955,1.1222122,2 (Pop + Rock + HJDB + Hip-Hop),beatles___beatles_06_Rubber_Soul_06_The_Word
1233,-7.65527,-1.649468,3 (Classical + Groove + Jazz),beatles___beatles_06_Rubber_Soul_07_Michelle
1234,0.78594166,-1.0678748,1 (Jazz + Pop),beatles___beatles_06_Rubber_Soul_08_What_Goes_On
1235,-2.0340743,-2.8326988,1 (Jazz + Pop),beatles___beatles_06_Rubber_Soul_09_Girl
1236,-0.7897026,-2.3208928,1 (Jazz + Pop),beatles___beatles_06_Rubber_Soul_10_Im_Looking_Through_You
1237,-1.3627844,-1.8767569,1 (Jazz + Pop),beatles___beatles_06_Rubber_Soul_11_In_My_Life
1238,5.4138136,-2.0325975,1 (Jazz + Pop),beatles___beatles_06_Rubber_Soul_12_Wait
1239,8.194122,3.3978524,2 (Pop + Rock + HJDB + Hip-Hop),beatles___beatles_06_Rubber_Soul_13_If_I_Needed_Someone
1240,4.7309265,0.7749066,1 (Jazz + Pop),beatles___beatles_06_Rubber_Soul_14_Run_For_Your_Life
1241,9.8109865,1.5127317,2 (Pop + Rock + HJDB + Hip-Hop),beatles___beatles_07_Revolver_01_Taxman
1242,0.9934859,2.2938752,1 (Jazz + Pop),beatles___beatles_07_Revolver_02_Eleanor_Rigby
1243,6.8939586,2.7310386,2 (Pop + Rock + HJDB + Hip-Hop),beatles___beatles_07_Revolver_03_Im_Only_Sleeping
1244,11.383842,2.8888342,2 (Pop + Rock + HJDB + Hip-Hop),beatles___beatles_07_Revolver_04_Love_You_To
1245,-5.7836,-1.0385227,3 (Classical + Groove + Jazz),beatles___beatles_07_Revolver_05_Here_There_And_Everywhere
1246,4.9192243,2.7720318,1 (Jazz + Pop),beatles___beatles_07_Revolver_06_Yellow_Submarine
1247,11.885911,3.1406193,2 (Pop + Rock + HJDB + Hip-Hop),beatles___beatles_07_Revolver_07_She_Said_She_Said
1248,2.907046,-0.34481043,1 (Jazz + Pop),beatles___beatles_07_Revolver_08_Good_Day_Sunshine
1249,14.0444565,0.93557066,2 (Pop + Rock + HJDB + Hip-Hop),beatles___beatles_07_Revolver_09_And_Your_Bird_Can_Sing
1250,2.7540982,2.1709142,1 (Jazz + Pop),beatles___beatles_07_Revolver_10_For_No_One
1251,9.916822,4.403023,2 (Pop + Rock + HJDB + Hip-Hop),beatles___beatles_07_Revolver_11_Doctor_Robert
1252,4.816695,4.097732,1 (Jazz + Pop),beatles___beatles_07_Revolver_12_I_Want_To_Tell_You
1253,4.899853,-1.0202103,1 (Jazz + Pop),beatles___beatles_07_Revolver_13_Got_To_Get_You_Into_My_Life
1254,15.197666,3.911319,2 (Pop + Rock + HJDB + Hip-Hop),beatles___beatles_07_Revolver_14_Tomorrow_Never_Knows
1255,5.3186283,2.320799,1 (Jazz + Pop),beatles___beatles_08_Sgt_Peppers_Lonely_Hearts_Club_Band_01_Sgt_Peppers_Lonely_Hearts_Club_Band
1256,4.3572087,0.0909372,1 (Jazz + Pop),beatles___beatles_08_Sgt_Peppers_Lonely_Hearts_Club_Band_02_With_A_Little_Help_From_My_Friends
1257,-1.4559984,-3.188764,1 (Jazz + Pop),beatles___beatles_08_Sgt_Peppers_Lonely_Hearts_Club_Band_03_Lucy_In_The_Sky_With_Diamonds
1258,4.285767,-1.6395006,1 (Jazz + Pop),beatles___beatles_08_Sgt_Peppers_Lonely_Hearts_Club_Band_04_Getting_Better
1259,7.3923635,3.2227461,2 (Pop + Rock + HJDB + Hip-Hop),beatles___beatles_08_Sgt_Peppers_Lonely_Hearts_Club_Band_05_Fixing_A_Hole
1260,-1.6861205,0.36463186,1 (Jazz + Pop),beatles___beatles_08_Sgt_Peppers_Lonely_Hearts_Club_Band_06_Shes_Leaving_Home
1261,6.7338867,2.5967793,2 (Pop + Rock + HJDB + Hip-Hop),beatles___beatles_08_Sgt_Peppers_Lonely_Hearts_Club_Band_07_Being_For_The_Benefit_Of_Mr_Kite
1262,-3.8046741,-4.876452,1 (Jazz + Pop),beatles___beatles_08_Sgt_Peppers_Lonely_Hearts_Club_Band_08_Within_You_Without_You
1263,-9.210589,-0.9236113,3 (Classical + Groove + Jazz),beatles___beatles_08_Sgt_Peppers_Lonely_Hearts_Club_Band_09_When_Im_Sixty-Four
1264,8.474143,1.008739,2 (Pop + Rock + HJDB + Hip-Hop),beatles___beatles_08_Sgt_Peppers_Lonely_Hearts_Club_Band_10_Lovely_Rita
1265,12.544213,2.9782066,2 (Pop + Rock + HJDB + Hip-Hop),beatles___beatles_08_Sgt_Peppers_Lonely_Hearts_Club_Band_11_Good_Morning_Good_Morning
1266,12.293589,2.6953611,2 (Pop + Rock + HJDB + Hip-Hop),beatles___beatles_08_Sgt_Peppers_Lonely_Hearts_Club_Band_12_Sgt_Peppers_Lonely_Hearts_Club_Band_(Reprise)
1267,-2.681451,-1.6623034,1 (Jazz + Pop),beatles___beatles_08_Sgt_Peppers_Lonely_Hearts_Club_Band_13_A_Day_In_The_Life
1268,9.879941,2.2788012,2 (Pop + Rock + HJDB + Hip-Hop),beatles___beatles_09_Magical_Mystery_Tour_01_Magical_Mystery_Tour
1269,-0.26321924,1.0768143,1 (Jazz + Pop),beatles___beatles_09_Magical_Mystery_Tour_02_The_Fool_On_The_Hill
1270,4.5599403,2.677017,1 (Jazz + Pop),beatles___beatles_09_Magical_Mystery_Tour_03_Flying
1271,6.800699,2.8231797,2 (Pop + Rock + HJDB + Hip-Hop),beatles___beatles_09_Magical_Mystery_Tour_04_Blue_Jay_Way
1272,2.3761396,1.0641248,1 (Jazz + Pop),beatles___beatles_09_Magical_Mystery_Tour_05_Your_Mother_Should_Know
1273,5.4100704,2.7390995,1 (Jazz + Pop),beatles___beatles_09_Magical_Mystery_Tour_06_I_Am_The_Walrus
1274,10.735866,3.2571287,2 (Pop + Rock + HJDB + Hip-Hop),beatles___beatles_09_Magical_Mystery_Tour_07_Hello_Goodbye
1275,1.2455059,-0.7226827,1 (Jazz + Pop),beatles___beatles_09_Magical_Mystery_Tour_08_Strawberry_Fields_Forever
1276,2.7384214,1.6128283,1 (Jazz + Pop),beatles___beatles_09_Magical_Mystery_Tour_09_Penny_Lane
1277,5.841849,2.8002636,2 (Pop + Rock + HJDB + Hip-Hop),beatles___beatles_09_Magical_Mystery_Tour_10_Baby_Youre_A_Rich_Man
1278,9.621879,2.3857067,2 (Pop + Rock + HJDB + Hip-Hop),beatles___beatles_09_Magical_Mystery_Tour_11_All_You_Need_Is_Love
1279,12.259443,3.3250387,2 (Pop + Rock + HJDB + Hip-Hop),beatles___beatles_10_CD1_The_Beatles_01_Back_in_the_USSR
1280,3.5807128,4.1486783,1 (Jazz + Pop),beatles___beatles_10_CD1_The_Beatles_02_Dear_Prudence
1281,4.969039,1.4997582,1 (Jazz + Pop),beatles___beatles_10_CD1_The_Beatles_03_Glass_Onion
1282,4.8892236,1.3415154,1 (Jazz + Pop),beatles___beatles_10_CD1_The_Beatles_04_Ob-La-Di_Ob-La-Da
1283,0.2137415,-1.9766203,1 (Jazz + Pop),beatles___beatles_10_CD1_The_Beatles_05_Wild_Honey_Pie
1284,1.7531345,0.9278059,1 (Jazz + Pop),beatles___beatles_10_CD1_The_Beatles_06_The_Continuing_Story_of_Bungalow_Bill
1285,7.631576,4.3413353,2 (Pop + Rock + HJDB + Hip-Hop),beatles___beatles_10_CD1_The_Beatles_07_While_My_Guitar_Gently_Weeps
1286,6.1927285,0.06075198,2 (Pop + Rock + HJDB + Hip-Hop),beatles___beatles_10_CD1_The_Beatles_08_Happiness_is_a_Warm_Gun
1287,-0.6445289,1.5345708,1 (Jazz + Pop),beatles___beatles_10_CD1_The_Beatles_09_Martha_My_Dear
1288,-3.10921,1.7006298,1 (Jazz + Pop),beatles___beatles_10_CD1_The_Beatles_10_Im_So_Tired
1289,-13.779093,-0.21152541,3 (Classical + Groove + Jazz),beatles___beatles_10_CD1_The_Beatles_11_Black_Bird
1290,-2.3338745,-1.6436992,1 (Jazz + Pop),beatles___beatles_10_CD1_The_Beatles_12_Piggies
1291,-3.1305237,-1.2441612,1 (Jazz + Pop),beatles___beatles_10_CD1_The_Beatles_13_Rocky_Raccoon
1292,5.059909,3.7035418,1 (Jazz + Pop),beatles___beatles_10_CD1_The_Beatles_14_Dont_Pass_Me_By
1293,0.82575715,1.5556777,1 (Jazz + Pop),beatles___beatles_10_CD1_The_Beatles_15_Why_Dont_We_Do_It_In_The_Road
1294,-4.0073333,-2.4776552,1 (Jazz + Pop),beatles___beatles_10_CD1_The_Beatles_16_I_Will
1295,-14.561124,-0.020139322,3 (Classical + Groove + Jazz),beatles___beatles_10_CD1_The_Beatles_17_Julia
1296,14.737973,3.327317,2 (Pop + Rock + HJDB + Hip-Hop),beatles___beatles_10_CD2_The_Beatles_01_Birthday
1297,6.1515355,0.7061862,2 (Pop + Rock + HJDB + Hip-Hop),beatles___beatles_10_CD2_The_Beatles_02_Yer_Blues
1298,-6.9689646,-1.3432127,3 (Classical + Groove + Jazz),beatles___beatles_10_CD2_The_Beatles_03_Mother_Natures_Son
1299,5.592668,-0.95716655,1 (Jazz + Pop),beatles___beatles_10_CD2_The_Beatles_04_Everybodys_Got_Something_To_Hide_Except_Me_and_My_Monkey
1300,3.736537,1.2570323,1 (Jazz + Pop),beatles___beatles_10_CD2_The_Beatles_05_Sexy_Sadie
1301,14.775345,4.1802773,2 (Pop + Rock + HJDB + Hip-Hop),beatles___beatles_10_CD2_The_Beatles_06_Helter_Skelter
1302,-3.1073277,0.19517586,1 (Jazz + Pop),beatles___beatles_10_CD2_The_Beatles_07_Long_Long_Long
1303,11.41554,2.7419274,2 (Pop + Rock + HJDB + Hip-Hop),beatles___beatles_10_CD2_The_Beatles_08_Revolution_1
1304,-2.77927,-0.9228087,1 (Jazz + Pop),beatles___beatles_10_CD2_The_Beatles_09_Honey_Pie
1305,5.3938212,1.4356577,1 (Jazz + Pop),beatles___beatles_10_CD2_The_Beatles_10_Savoy_Truffle
1306,4.224634,3.0168376,1 (Jazz + Pop),beatles___beatles_10_CD2_The_Beatles_11_Cry_Baby_Cry
1307,-6.2030153,1.0915185,3 (Classical + Groove + Jazz),beatles___beatles_10_CD2_The_Beatles_12_Revolution_9
1308,-4.2333074,-2.339329,1 (Jazz + Pop),beatles___beatles_10_CD2_The_Beatles_13_Good_Night
1309,5.6440754,2.5967145,2 (Pop + Rock + HJDB + Hip-Hop),beatles___beatles_11_Abbey_Road_01_Come_Together
1310,10.317325,3.820775,2 (Pop + Rock + HJDB + Hip-Hop),beatles___beatles_11_Abbey_Road_02_Something
1311,4.5099077,0.7637666,1 (Jazz + Pop),beatles___beatles_11_Abbey_Road_03_Maxwells_Silver_Hammer
1312,2.9369051,-1.0279976,1 (Jazz + Pop),beatles___beatles_11_Abbey_Road_04_Oh_Darling
1313,1.9568186,-1.1279984,1 (Jazz + Pop),beatles___beatles_11_Abbey_Road_05_Octopuss_Garden
1314,-2.5630696,-1.1057224,1 (Jazz + Pop),beatles___beatles_11_Abbey_Road_06_I_Want_You
1315,4.4280024,1.5510962,1 (Jazz + Pop),beatles___beatles_11_Abbey_Road_07_Here_Comes_The_Sun
1316,3.6032314,-0.69221276,1 (Jazz + Pop),beatles___beatles_11_Abbey_Road_08_Because
1317,10.431868,3.7844455,2 (Pop + Rock + HJDB + Hip-Hop),beatles___beatles_11_Abbey_Road_09_You_Never_Give_Me_Your_Money
1318,-3.518559,-2.7561128,1 (Jazz + Pop),beatles___beatles_11_Abbey_Road_10_Sun_King
1319,11.7504835,1.471257,2 (Pop + Rock + HJDB + Hip-Hop),beatles___beatles_11_Abbey_Road_11_Mean_Mr_Mustard
1320,8.0301285,0.24238853,2 (Pop + Rock + HJDB + Hip-Hop),beatles___beatles_11_Abbey_Road_12_Polythene_Pam
1321,8.682412,1.0123508,2 (Pop + Rock + HJDB + Hip-Hop),beatles___beatles_11_Abbey_Road_13_She_Came_In_Through_The_Bathroom_Window
1322,4.5959325,2.1296363,1 (Jazz + Pop),beatles___beatles_11_Abbey_Road_14_Golden_Slumbers
1323,4.93296,4.313464,1 (Jazz + Pop),beatles___beatles_11_Abbey_Road_15_Carry_That_Weight
1324,14.968934,3.098959,2 (Pop + Rock + HJDB + Hip-Hop),beatles___beatles_11_Abbey_Road_16_The_End
1325,-9.40636,-3.1147768,3 (Classical + Groove + Jazz),beatles___beatles_11_Abbey_Road_17_Her_Majesty
1326,5.9075584,3.804026,2 (Pop + Rock + HJDB + Hip-Hop),beatles___beatles_12_Let_It_Be_01_Two_of_Us
1327,9.9095545,-1.5892135,2 (Pop + Rock + HJDB + Hip-Hop),beatles___beatles_12_Let_It_Be_02_Dig_a_Pony
1328,11.634114,4.6294584,2 (Pop + Rock + HJDB + Hip-Hop),beatles___beatles_12_Let_It_Be_03_Across_the_Universe
1329,11.0581455,2.8557417,2 (Pop + Rock + HJDB + Hip-Hop),beatles___beatles_12_Let_It_Be_04_I_Me_Mine
1330,8.604211,4.0670238,2 (Pop + Rock + HJDB + Hip-Hop),beatles___beatles_12_Let_It_Be_05_Dig_It
1331,6.494586,-7.3259873,1 (Jazz + Pop),beatles___beatles_12_Let_It_Be_06_Let_It_Be
1332,4.46272,0.9625327,1 (Jazz + Pop),beatles___beatles_12_Let_It_Be_07_Maggie_Mae
1333,6.7247224,3.096693,2 (Pop + Rock + HJDB + Hip-Hop),beatles___beatles_12_Let_It_Be_08_Ive_Got_A_Feeling
1334,11.502331,0.74822813,2 (Pop + Rock + HJDB + Hip-Hop),beatles___beatles_12_Let_It_Be_09_One_After_909
1335,1.2367756,2.3558278,1 (Jazz + Pop),beatles___beatles_12_Let_It_Be_10_The_Long_and_Winding_Road
1336,-1.1874905,0.45154715,1 (Jazz + Pop),beatles___beatles_12_Let_It_Be_11_For_You_Blue
1337,-0.12918888,-0.23409317,1 (Jazz + Pop),beatles___beatles_12_Let_It_Be_12_Get_Back
1338,-2.7831426,1.1887579,1 (Jazz + Pop),candombe___csic.1995_ansina1_01
1339,-2.9060419,1.1361622,1 (Jazz + Pop),candombe___csic.1995_ansina1_02
1340,-2.9018342,1.1556152,1 (Jazz + Pop),candombe___csic.1995_ansina1_03
1341,-3.864561,0.90460104,1 (Jazz + Pop),candombe___csic.1995_ansina1_04
1342,-3.839198,1.0434687,1 (Jazz + Pop),candombe___csic.1995_ansina1_05
1343,-2.201919,1.1763023,1 (Jazz + Pop),candombe___csic.1995_ansina2_01
1344,-2.264083,1.2112885,1 (Jazz + Pop),candombe___csic.1995_ansina2_02
1345,-2.228014,1.1580769,1 (Jazz + Pop),candombe___csic.1995_ansina2_03
1346,-2.0707188,1.1504769,1 (Jazz + Pop),candombe___csic.1995_ansina2_04
1347,-2.5701487,1.2909298,1 (Jazz + Pop),candombe___csic.1995_cuareim_01
1348,-2.0639744,1.003512,1 (Jazz + Pop),candombe___csic.1995_cuareim_02
1349,-1.6653423,1.1195251,1 (Jazz + Pop),candombe___csic.1995_cuareim_03
1350,-1.9188144,1.0618944,1 (Jazz + Pop),candombe___csic.1995_cuareim_04
1351,-2.017683,1.1248485,1 (Jazz + Pop),candombe___csic.1995_cuareim_05
1352,-5.6865807,-2.3933938,1 (Jazz + Pop),candombe___proyecto.1992_gimenez_02
1353,-6.562515,-1.7997203,3 (Classical + Groove + Jazz),candombe___proyecto.1992_gimenez_06
1354,-7.37575,-1.1667182,3 (Classical + Groove + Jazz),candombe___proyecto.1992_lobo_01
1355,-7.353297,-1.3791106,3 (Classical + Groove + Jazz),candombe___proyecto.1992_lobo_06
1356,-7.3896303,-0.7387394,3 (Classical + Groove + Jazz),candombe___proyecto.1992_magarinos_02
1357,-10.716784,-5.15054,3 (Classical + Groove + Jazz),candombe___proyecto.1992_pelado_01
1358,-10.723842,-4.7675247,3 (Classical + Groove + Jazz),candombe___proyecto.1992_pelado_05
1359,-7.111341,-0.49464303,3 (Classical + Groove + Jazz),candombe___zavala.muniz.2014_41
1360,-6.571316,-0.65848875,3 (Classical + Groove + Jazz),candombe___zavala.muniz.2014_42
1361,-6.5385084,-0.6282009,3 (Classical + Groove + Jazz),candombe___zavala.muniz.2014_44
1362,-6.19988,-0.3802691,3 (Classical + Groove + Jazz),candombe___zavala.muniz.2014_45
1363,-6.65595,-0.47744796,3 (Classical + Groove + Jazz),candombe___zavala.muniz.2014_46
1364,-11.437709,1.5048178,3 (Classical + Groove + Jazz),candombe___zavala.muniz.2014_47
1365,-11.96446,1.8745599,3 (Classical + Groove + Jazz),candombe___zavala.muniz.2014_48
1366,-7.5314,-0.5284527,3 (Classical + Groove + Jazz),candombe___zavala.muniz.2014_49
1367,-6.759139,-0.71080947,3 (Classical + Groove + Jazz),candombe___zavala.muniz.2014_50
1368,-6.582823,-0.7814391,3 (Classical + Groove + Jazz),candombe___zavala.muniz.2014_51
1369,-6.3212667,-0.83081526,3 (Classical + Groove + Jazz),candombe___zavala.muniz.2014_52
1370,-6.5148063,-0.9392504,3 (Classical + Groove + Jazz),candombe___zavala.muniz.2014_53
1371,-6.6991644,-0.9405293,3 (Classical + Groove + Jazz),candombe___zavala.muniz.2014_54
1372,-6.467262,-0.93640494,3 (Classical + Groove + Jazz),candombe___zavala.muniz.2014_55
1373,6.6384683,4.0023546,2 (Pop + Rock + HJDB + Hip-Hop),filosax___filosax_01
1374,-3.1762717,-2.7914243,1 (Jazz + Pop),filosax___filosax_02
1375,-3.8526967,-3.6078973,1 (Jazz + Pop),filosax___filosax_03
1376,-4.3713155,-3.4566114,1 (Jazz + Pop),filosax___filosax_04
1377,-4.2228446,-3.0784113,1 (Jazz + Pop),filosax___filosax_05
1378,-2.9446425,-3.3186724,1 (Jazz + Pop),filosax___filosax_06
1379,-3.425209,-3.6687438,1 (Jazz + Pop),filosax___filosax_07
1380,-3.4533162,-3.6142051,1 (Jazz + Pop),filosax___filosax_08
1381,6.8476686,3.9750166,2 (Pop + Rock + HJDB + Hip-Hop),filosax___filosax_09
1382,-3.2167094,-3.0149958,1 (Jazz + Pop),filosax___filosax_10
1383,7.359821,3.9938533,2 (Pop + Rock + HJDB + Hip-Hop),filosax___filosax_11
1384,-3.6394866,-3.4804776,1 (Jazz + Pop),filosax___filosax_12
1385,6.0994344,4.054603,2 (Pop + Rock + HJDB + Hip-Hop),filosax___filosax_13
1386,-3.78944,-3.543511,1 (Jazz + Pop),filosax___filosax_14
1387,-3.7952662,-3.5539513,1 (Jazz + Pop),filosax___filosax_15
1388,-3.6107852,-3.5649357,1 (Jazz + Pop),filosax___filosax_16
1389,-5.434084,-2.394005,1 (Jazz + Pop),filosax___filosax_17
1390,11.719247,2.451581,2 (Pop + Rock + HJDB + Hip-Hop),filosax___filosax_18
1391,6.3563433,3.9727178,2 (Pop + Rock + HJDB + Hip-Hop),filosax___filosax_19
1392,3.4787364,2.4552586,1 (Jazz + Pop),filosax___filosax_20
1393,-7.7209387,-2.220153,3 (Classical + Groove + Jazz),filosax___filosax_21
1394,-2.5546224,-2.9764779,1 (Jazz + Pop),filosax___filosax_22
1395,6.207715,3.9126284,2 (Pop + Rock + HJDB + Hip-Hop),filosax___filosax_23
1396,-4.5272374,-2.825107,1 (Jazz + Pop),filosax___filosax_24
1397,7.257737,3.8143537,2 (Pop + Rock + HJDB + Hip-Hop),filosax___filosax_25
1398,6.690397,3.9306002,2 (Pop + Rock + HJDB + Hip-Hop),filosax___filosax_26
1399,-3.1871867,-3.3493586,1 (Jazz + Pop),filosax___filosax_27
1400,-3.0459113,-3.283989,1 (Jazz + Pop),filosax___filosax_28
1401,6.041573,4.11401,2 (Pop + Rock + HJDB + Hip-Hop),filosax___filosax_29
1402,7.096217,3.4799304,2 (Pop + Rock + HJDB + Hip-Hop),filosax___filosax_30
1403,7.134692,3.636556,2 (Pop + Rock + HJDB + Hip-Hop),filosax___filosax_31
1404,-3.9976764,-3.350579,1 (Jazz + Pop),filosax___filosax_32
1405,6.524279,4.0927343,2 (Pop + Rock + HJDB + Hip-Hop),filosax___filosax_33
1406,-4.026324,-3.8286767,1 (Jazz + Pop),filosax___filosax_34
1407,-3.360807,-3.809871,1 (Jazz + Pop),filosax___filosax_35
1408,7.253227,3.9084787,2 (Pop + Rock + HJDB + Hip-Hop),filosax___filosax_36
1409,-3.8830092,-3.7285194,1 (Jazz + Pop),filosax___filosax_37
1410,6.231904,3.9663749,2 (Pop + Rock + HJDB + Hip-Hop),filosax___filosax_38
1411,-3.7919037,-3.2661848,1 (Jazz + Pop),filosax___filosax_39
1412,-3.9044375,-3.8874738,1 (Jazz + Pop),filosax___filosax_40
1413,-4.4970145,-2.6769068,1 (Jazz + Pop),filosax___filosax_41
1414,-3.842719,-3.872964,1 (Jazz + Pop),filosax___filosax_42
1415,7.279231,3.6447868,2 (Pop + Rock + HJDB + Hip-Hop),filosax___filosax_43
1416,6.448464,4.0902357,2 (Pop + Rock + HJDB + Hip-Hop),filosax___filosax_44
1417,-3.6306865,-2.962521,1 (Jazz + Pop),filosax___filosax_45
1418,-3.5039265,-3.5573537,1 (Jazz + Pop),filosax___filosax_46
1419,-4.022015,-3.7256866,1 (Jazz + Pop),filosax___filosax_47
1420,-4.493968,-3.802086,1 (Jazz + Pop),filosax___filosax_48
1421,-11.994889,-7.0893216,3 (Classical + Groove + Jazz),groove_midi___drummer10_session1_10_jazz-swing_110_beat_4-4
1422,-12.200402,-7.21746,3 (Classical + Groove + Jazz),groove_midi___drummer10_session1_1_jazz-swing_124_beat_4-4
1423,-11.701155,-7.67834,3 (Classical + Groove + Jazz),groove_midi___drummer10_session1_2_jazz-swing_215_beat_4-4
1424,-12.623476,-8.584813,3 (Classical + Groove + Jazz),groove_midi___drummer10_session1_3_jazz-swing_215_beat_4-4
1425,-10.901231,-7.243472,3 (Classical + Groove + Jazz),groove_midi___drummer10_session1_4_jazz-swing_215_beat_4-4
1426,-10.935949,-7.1260734,3 (Classical + Groove + Jazz),groove_midi___drummer10_session1_5_jazz-swing_215_beat_4-4
1427,-11.199478,-7.0149827,3 (Classical + Groove + Jazz),groove_midi___drummer10_session1_6_jazz-swing_215_beat_4-4
1428,-12.62703,-7.277579,3 (Classical + Groove + Jazz),groove_midi___drummer10_session1_9_jazz-swing_110_beat_4-4
1429,-13.322403,-6.230236,3 (Classical + Groove + Jazz),groove_midi___drummer1_eval_session_10_soul-groove10_102_beat_4-4
1430,-11.749036,-6.9944024,3 (Classical + Groove + Jazz),groove_midi___drummer1_eval_session_1_funk-groove1_138_beat_4-4
1431,-12.392446,-6.426735,3 (Classical + Groove + Jazz),groove_midi___drummer1_eval_session_2_funk-groove2_105_beat_4-4
1432,-13.500952,-7.534971,3 (Classical + Groove + Jazz),groove_midi___drummer1_eval_session_3_soul-groove3_86_beat_4-4
1433,-13.549211,-6.700903,3 (Classical + Groove + Jazz),groove_midi___drummer1_eval_session_4_soul-groove4_80_beat_4-4
1434,-13.268887,-7.6909485,3 (Classical + Groove + Jazz),groove_midi___drummer1_eval_session_5_funk-groove5_84_beat_4-4
1435,-13.326996,-6.9484367,3 (Classical + Groove + Jazz),groove_midi___drummer1_eval_session_6_hiphop-groove6_87_beat_4-4
1436,-13.275993,-6.5738273,3 (Classical + Groove + Jazz),groove_midi___drummer1_eval_session_7_pop-groove7_138_beat_4-4
1437,-13.690845,-6.474844,3 (Classical + Groove + Jazz),groove_midi___drummer1_eval_session_8_rock-groove8_65_beat_4-4
1438,-13.564421,-6.4551444,3 (Classical + Groove + Jazz),groove_midi___drummer1_eval_session_9_soul-groove9_105_beat_4-4
1439,-11.488563,-7.3828835,3 (Classical + Groove + Jazz),groove_midi___drummer1_session1_100_neworleans-secondline_94_beat_4-4
1440,-10.78193,-6.989543,3 (Classical + Groove + Jazz),groove_midi___drummer1_session1_101_dance-disco_120_beat_4-4
1441,-12.576878,-5.613637,3 (Classical + Groove + Jazz),groove_midi___drummer1_session1_102_funk_95_beat_4-4
1442,-11.52872,-6.9742975,3 (Classical + Groove + Jazz),groove_midi___drummer1_session1_126_funk-fast_125_beat_4-4
1443,-13.257462,-6.735624,3 (Classical + Groove + Jazz),groove_midi___drummer1_session1_145_latin-brazilian-baiao_95_beat_4-4
1444,-11.626972,-8.311706,3 (Classical + Groove + Jazz),groove_midi___drummer1_session1_146_latin-brazilian-baiao_95_beat_4-4
1445,-11.299893,-7.6102586,3 (Classical + Groove + Jazz),groove_midi___drummer1_session1_176_afrocuban_105_beat_4-4
1446,-11.981383,-7.6000338,3 (Classical + Groove + Jazz),groove_midi___drummer1_session1_183_afrocuban_105_beat_4-4
1447,-13.709747,-6.8995905,3 (Classical + Groove + Jazz),groove_midi___drummer1_session1_184_reggae_78_beat_4-4
1448,-13.351316,-7.890426,3 (Classical + Groove + Jazz),groove_midi___drummer1_session1_1_funk_80_beat_4-4
1449,-13.682979,-7.314816,3 (Classical + Groove + Jazz),groove_midi___drummer1_session1_201_reggae-slow_64_beat_4-4
1450,-12.878487,-6.1507893,3 (Classical + Groove + Jazz),groove_midi___drummer1_session1_202_rock-halftime_140_beat_4-4
1451,-11.5229225,-6.809621,3 (Classical + Groove + Jazz),groove_midi___drummer1_session1_239_funk-purdieshuffle_130_beat_4-4
1452,-13.159027,-8.409415,3 (Classical + Groove + Jazz),groove_midi___drummer1_session1_28_latin-samba_116_beat_4-4
1453,-13.347295,-7.770753,3 (Classical + Groove + Jazz),groove_midi___drummer1_session1_2_funk_80_beat_4-4
1454,-11.829172,-8.02631,3 (Classical + Groove + Jazz),groove_midi___drummer1_session1_38_latin-samba_116_beat_4-4
1455,-13.411095,-7.8763986,3 (Classical + Groove + Jazz),groove_midi___drummer1_session1_3_funk_80_beat_4-4
1456,-12.144834,-8.482943,3 (Classical + Groove + Jazz),groove_midi___drummer1_session1_47_jazz_102_beat_4-4
1457,-12.590507,-8.545052,3 (Classical + Groove + Jazz),groove_midi___drummer1_session1_48_jazz_93_beat_4-4
1458,-12.038031,-8.311291,3 (Classical + Groove + Jazz),groove_midi___drummer1_session1_49_jazz_125_beat_4-4
1459,-11.196162,-7.4553537,3 (Classical + Groove + Jazz),groove_midi___drummer1_session1_4_jazz-funk_116_beat_4-4
1460,-13.862945,-8.075001,3 (Classical + Groove + Jazz),groove_midi___drummer1_session1_50_jazz_125_beat_4-4
1461,-11.746554,-7.884211,3 (Classical + Groove + Jazz),groove_midi___drummer1_session1_51_rock-shuffle_125_beat_4-4
1462,-12.071146,-8.631884,3 (Classical + Groove + Jazz),groove_midi___drummer1_session1_52_jazz_125_beat_4-4
1463,-11.12416,-7.292059,3 (Classical + Groove + Jazz),groove_midi___drummer1_session1_5_jazz-funk_116_beat_4-4
1464,-11.38912,-6.5667253,3 (Classical + Groove + Jazz),groove_midi___drummer1_session1_75_jazz_125_beat_4-4
1465,-11.810383,-8.343905,3 (Classical + Groove + Jazz),groove_midi___drummer1_session1_77_jazz-mediumfast_180_beat_4-4
1466,-11.515366,-8.462027,3 (Classical + Groove + Jazz),groove_midi___drummer1_session1_78_jazz-fast_290_beat_4-4
1467,-11.517498,-7.40251,3 (Classical + Groove + Jazz),groove_midi___drummer1_session1_79_latin-reggaeton_90_beat_4-4
1468,-12.556563,-7.219207,3 (Classical + Groove + Jazz),groove_midi___drummer1_session1_80_dance-breakbeat_170_beat_4-4
1469,-12.395939,-6.98553,3 (Classical + Groove + Jazz),groove_midi___drummer1_session1_81_dance-breakbeat_170_beat_4-4
1470,-12.523442,-5.742115,3 (Classical + Groove + Jazz),groove_midi___drummer1_session1_82_neworleans-funk_84_beat_4-4
1471,-13.058353,-8.086257,3 (Classical + Groove + Jazz),groove_midi___drummer1_session2_10_country_114_beat_4-4
1472,-12.960346,-7.3388205,3 (Classical + Groove + Jazz),groove_midi___drummer1_session2_110_rock-prog_190_beat_4-4
1473,-12.935247,-7.707052,3 (Classical + Groove + Jazz),groove_midi___drummer1_session2_111_rock-prog_110_beat_5-4
1474,-13.038561,-8.539241,3 (Classical + Groove + Jazz),groove_midi___drummer1_session2_112_afrocuban-bembe_122_beat_4-4
1475,-12.657377,-7.855925,3 (Classical + Groove + Jazz),groove_midi___drummer1_session2_142_gospel_120_beat_4-4
1476,-12.941368,-7.758703,3 (Classical + Groove + Jazz),groove_midi___drummer1_session2_161_afrocuban-rhumba_110_beat_4-4
1477,-13.712928,-8.083018,3 (Classical + Groove + Jazz),groove_midi___drummer1_session2_180_rock_50_beat_4-4
1478,-13.129728,-7.389015,3 (Classical + Groove + Jazz),groove_midi___drummer1_session2_181_rock_115_beat_4-4
1479,-13.449626,-8.026193,3 (Classical + Groove + Jazz),groove_midi___drummer1_session2_1_latin-chacarera_157_beat_3-4
1480,-13.302974,-8.003184,3 (Classical + Groove + Jazz),groove_midi___drummer1_session2_2_latin-chacarera_118_beat_4-4
1481,-11.872492,-6.840496,3 (Classical + Groove + Jazz),groove_midi___drummer1_session2_32_punk_140_beat_4-4
1482,-11.884936,-6.3671265,3 (Classical + Groove + Jazz),groove_midi___drummer1_session2_35_punk_128_beat_4-4
1483,-13.469518,-8.15037,3 (Classical + Groove + Jazz),groove_midi___drummer1_session2_3_latin-chacarera_118_beat_4-4
1484,-13.602528,-8.661154,3 (Classical + Groove + Jazz),groove_midi___drummer1_session2_4_jazz_120_beat_3-4
1485,-13.375713,-8.578191,3 (Classical + Groove + Jazz),groove_midi___drummer1_session2_5_jazz_200_beat_3-4
1486,-12.677744,-6.817968,3 (Classical + Groove + Jazz),groove_midi___drummer1_session2_62_punk_144_beat_4-4
1487,-13.074002,-7.2087193,3 (Classical + Groove + Jazz),groove_midi___drummer1_session2_6_rock_102_beat_3-4
1488,-13.478755,-8.320866,3 (Classical + Groove + Jazz),groove_midi___drummer1_session2_7_jazz-march_88_beat_4-4
1489,-13.125512,-8.15432,3 (Classical + Groove + Jazz),groove_midi___drummer1_session2_8_jazz-march_176_beat_4-4
1490,-13.004853,-7.6068683,3 (Classical + Groove + Jazz),groove_midi___drummer1_session2_90_funk-rock_92_beat_4-4
1491,-12.535097,-8.337541,3 (Classical + Groove + Jazz),groove_midi___drummer1_session2_9_jazz-march_120_beat_4-4
1492,-12.989859,-6.789763,3 (Classical + Groove + Jazz),groove_midi___drummer1_session3_10_rock-folk_90_beat_4-4
1493,-12.9707575,-7.5939116,3 (Classical + Groove + Jazz),groove_midi___drummer1_session3_11_afrobeat_94_beat_4-4
1494,-12.170037,-6.6862183,3 (Classical + Groove + Jazz),groove_midi___drummer1_session3_12_latin-bomba_96_beat_4-4
1495,-10.625492,-6.3910723,3 (Classical + Groove + Jazz),groove_midi___drummer1_session3_13_rock_115_beat_4-4
1496,-13.230464,-6.0067773,3 (Classical + Groove + Jazz),groove_midi___drummer1_session3_14_rock_94_beat_4-4
1497,-13.837841,-8.273583,3 (Classical + Groove + Jazz),groove_midi___drummer1_session3_15_funk_117_beat_4-4
1498,-12.853768,-7.5627217,3 (Classical + Groove + Jazz),groove_midi___drummer1_session3_16_funk_117_beat_4-4
1499,-12.015864,-6.8418303,3 (Classical + Groove + Jazz),groove_midi___drummer1_session3_17_afrocuban-calypso_108_beat_4-4
1500,-12.47468,-6.011149,3 (Classical + Groove + Jazz),groove_midi___drummer1_session3_18_rock_128_beat_4-4
1501,-11.323671,-7.2769666,3 (Classical + Groove + Jazz),groove_midi___drummer1_session3_1_rock-prog_125_beat_4-4
1502,-11.645086,-7.5339627,3 (Classical + Groove + Jazz),groove_midi___drummer1_session3_2_jazz-swing_185_beat_4-4
1503,-11.359143,-6.2767324,3 (Classical + Groove + Jazz),groove_midi___drummer1_session3_3_rock-rockabilly_200_beat_4-4
1504,-11.048927,-7.433357,3 (Classical + Groove + Jazz),groove_midi___drummer1_session3_4_jazz-linear_182_beat_4-4
1505,-11.697006,-8.011377,3 (Classical + Groove + Jazz),groove_midi___drummer1_session3_5_jazz-linear_128_beat_4-4
1506,-11.83239,-6.5470233,3 (Classical + Groove + Jazz),groove_midi___drummer1_session3_6_dance-disco_120_beat_4-4
1507,-12.099901,-7.2413306,3 (Classical + Groove + Jazz),groove_midi___drummer1_session3_7_dance-disco_120_beat_4-4
1508,-10.769395,-6.869478,3 (Classical + Groove + Jazz),groove_midi___drummer1_session3_8_rock_135_beat_4-4
1509,-10.974133,-6.739379,3 (Classical + Groove + Jazz),groove_midi___drummer1_session3_9_rock_135_beat_4-4
1510,-12.603492,-8.378498,3 (Classical + Groove + Jazz),groove_midi___drummer3_session1_11_rock_120_beat_4-4
1511,-12.303013,-8.107037,3 (Classical + Groove + Jazz),groove_midi___drummer3_session1_12_rock_120_beat_4-4
1512,-12.933985,-7.3303537,3 (Classical + Groove + Jazz),groove_midi___drummer3_session1_13_rock_120_beat_4-4
1513,-14.060801,-7.7272153,3 (Classical + Groove + Jazz),groove_midi___drummer3_session1_14_rock_120_beat_4-4
1514,-13.8328285,-8.940444,3 (Classical + Groove + Jazz),groove_midi___drummer3_session1_15_jazz_120_beat_4-4
1515,-14.025892,-8.517875,3 (Classical + Groove + Jazz),groove_midi___drummer3_session1_16_jazz_120_beat_4-4
1516,-12.310918,-7.60562,3 (Classical + Groove + Jazz),groove_midi___drummer3_session1_18_rock_120_beat_4-4
1517,-12.841258,-7.5770555,3 (Classical + Groove + Jazz),groove_midi___drummer3_session1_1_rock_105_beat_4-4
1518,-12.378778,-8.198494,3 (Classical + Groove + Jazz),groove_midi___drummer3_session1_22_jazz_120_beat_4-4
1519,-12.792244,-7.7075624,3 (Classical + Groove + Jazz),groove_midi___drummer3_session1_35_rock_120_beat_4-4
1520,-13.202499,-7.295589,3 (Classical + Groove + Jazz),groove_midi___drummer3_session1_3_rock_105_beat_4-4
1521,-12.290122,-7.581703,3 (Classical + Groove + Jazz),groove_midi___drummer3_session1_4_rock_105_beat_4-4
1522,-12.771516,-7.5417757,3 (Classical + Groove + Jazz),groove_midi___drummer3_session1_5_rock_105_beat_4-4
1523,-12.887005,-7.2935386,3 (Classical + Groove + Jazz),groove_midi___drummer3_session1_7_rock_105_beat_4-4
1524,-12.482912,-8.654303,3 (Classical + Groove + Jazz),groove_midi___drummer3_session1_8_jazz_105_beat_4-4
1525,-12.342726,-7.960337,3 (Classical + Groove + Jazz),groove_midi___drummer3_session1_9_rock_105_beat_4-4
1526,-13.634599,-7.307082,3 (Classical + Groove + Jazz),groove_midi___drummer3_session2_10_rock_100_beat_4-4
1527,-12.677647,-7.6644983,3 (Classical + Groove + Jazz),groove_midi___drummer3_session2_16_rock_100_beat_4-4
1528,-13.164762,-7.925784,3 (Classical + Groove + Jazz),groove_midi___drummer3_session2_1_rock_100_beat_4-4
1529,-13.477874,-7.3612056,3 (Classical + Groove + Jazz),groove_midi___drummer3_session2_20_rock_92_beat_4-4
1530,-12.986768,-7.325361,3 (Classical + Groove + Jazz),groove_midi___drummer3_session2_22_rock_92_beat_4-4
1531,-12.264923,-7.977062,3 (Classical + Groove + Jazz),groove_midi___drummer3_session2_24_rock_92_beat_4-4
1532,-13.306871,-7.1316257,3 (Classical + Groove + Jazz),groove_midi___drummer3_session2_25_hiphop_92_beat_4-4
1533,-13.515947,-7.1751046,3 (Classical + Groove + Jazz),groove_midi___drummer3_session2_26_hiphop_92_beat_4-4
1534,-12.982615,-7.713816,3 (Classical + Groove + Jazz),groove_midi___drummer3_session2_2_rock_100_beat_4-4
1535,-12.140267,-7.7505302,3 (Classical + Groove + Jazz),groove_midi___drummer3_session2_37_rock_92_beat_4-4
1536,-13.406721,-7.220137,3 (Classical + Groove + Jazz),groove_midi___drummer3_session2_43_rock_110_beat_4-4
1537,-12.499989,-7.7641945,3 (Classical + Groove + Jazz),groove_midi___drummer3_session2_5_rock_100_beat_4-4
1538,-12.818015,-7.9121976,3 (Classical + Groove + Jazz),groove_midi___drummer3_session2_6_rock_100_beat_4-4
1539,-13.063993,-7.0931296,3 (Classical + Groove + Jazz),groove_midi___drummer4_session1_1_rock_87_beat_4-4
1540,-11.834405,-7.3398213,3 (Classical + Groove + Jazz),groove_midi___drummer4_session1_2_jazz_158_beat_4-4
1541,-11.59402,-7.245149,3 (Classical + Groove + Jazz),groove_midi___drummer4_session1_3_jazz-klezmer_152_beat_4-4
1542,-11.558109,-6.3930125,3 (Classical + Groove + Jazz),groove_midi___drummer4_session1_4_latin-brazilian_92_beat_4-4
1543,-10.971685,-6.8052106,3 (Classical + Groove + Jazz),groove_midi___drummer4_session1_5_latin-brazilian_184_beat_4-4
1544,-13.91703,-6.919856,3 (Classical + Groove + Jazz),groove_midi___drummer5_eval_session_10_soul-groove10_102_beat_4-4
1545,-12.482607,-7.267662,3 (Classical + Groove + Jazz),groove_midi___drummer5_eval_session_1_funk-groove1_138_beat_4-4
1546,-13.773833,-7.0887117,3 (Classical + Groove + Jazz),groove_midi___drummer5_eval_session_2_funk-groove2_105_beat_4-4
1547,-13.787167,-8.195799,3 (Classical + Groove + Jazz),groove_midi___drummer5_eval_session_3_soul-groove3_86_beat_4-4
1548,-13.85973,-7.823738,3 (Classical + Groove + Jazz),groove_midi___drummer5_eval_session_4_soul-groove4_80_beat_4-4
1549,-13.706444,-6.429064,3 (Classical + Groove + Jazz),groove_midi___drummer5_eval_session_5_funk-groove5_84_beat_4-4
1550,-13.837584,-8.037515,3 (Classical + Groove + Jazz),groove_midi___drummer5_eval_session_6_hiphop-groove6_87_beat_4-4
1551,-13.750466,-6.6284366,3 (Classical + Groove + Jazz),groove_midi___drummer5_eval_session_7_pop-groove7_138_beat_4-4
1552,-13.916836,-7.790515,3 (Classical + Groove + Jazz),groove_midi___drummer5_eval_session_8_rock-groove8_65_beat_4-4
1553,-13.773912,-7.880109,3 (Classical + Groove + Jazz),groove_midi___drummer5_eval_session_9_soul-groove9_105_beat_4-4
1554,-11.034687,-7.288336,3 (Classical + Groove + Jazz),groove_midi___drummer5_session1_10_latin-brazilian-sambareggae_96_beat_4-4
1555,-10.955204,-7.305494,3 (Classical + Groove + Jazz),groove_midi___drummer5_session1_11_latin-brazilian-sambareggae_96_beat_4-4
1556,-10.7047415,-7.062838,3 (Classical + Groove + Jazz),groove_midi___drummer5_session1_12_latin-brazilian-sambareggae_96_beat_4-4
1557,-9.74085,-6.437564,3 (Classical + Groove + Jazz),groove_midi___drummer5_session1_13_afrocuban-calypso_124_beat_4-4
1558,-9.989247,-6.4860535,3 (Classical + Groove + Jazz),groove_midi___drummer5_session1_14_latin-brazilian-songo_112_beat_4-4
1559,-11.461583,-6.359855,3 (Classical + Groove + Jazz),groove_midi___drummer5_session1_15_funk_100_beat_4-4
1560,-9.464275,-6.1495376,3 (Classical + Groove + Jazz),groove_midi___drummer5_session1_16_rock_136_beat_4-4
1561,-12.053148,-6.7034154,3 (Classical + Groove + Jazz),groove_midi___drummer5_session1_17_blues-shuffle_72_beat_4-4
1562,-9.909775,-6.680582,3 (Classical + Groove + Jazz),groove_midi___drummer5_session1_18_afrocuban_128_beat_4-4
1563,-12.529462,-6.1757636,3 (Classical + Groove + Jazz),groove_midi___drummer5_session1_19_middleeastern_126_beat_4-4
1564,-13.201588,-8.069339,3 (Classical + Groove + Jazz),groove_midi___drummer5_session1_1_latin-brazilian-bossa_127_beat_4-4
1565,-9.714077,-6.0426426,3 (Classical + Groove + Jazz),groove_midi___drummer5_session1_20_latin-brazilian-baiao_110_beat_4-4
1566,-11.601371,-6.0169744,3 (Classical + Groove + Jazz),groove_midi___drummer5_session1_2_latin-brazilian-bossa_127_beat_4-4
1567,-10.791634,-6.3960757,3 (Classical + Groove + Jazz),groove_midi___drummer5_session1_3_latin-brazilian-samba_89_beat_4-4
1568,-10.580073,-6.458201,3 (Classical + Groove + Jazz),groove_midi___drummer5_session1_4_latin-brazilian-samba_89_beat_4-4
1569,-10.901083,-6.9387593,3 (Classical + Groove + Jazz),groove_midi___drummer5_session1_5_latin-brazilian-samba_89_beat_4-4
1570,-11.416863,-7.8924084,3 (Classical + Groove + Jazz),groove_midi___drummer5_session1_6_latin-brazilian-maracatu_96_beat_4-4
1571,-10.492862,-6.2795978,3 (Classical + Groove + Jazz),groove_midi___drummer5_session1_7_latin-brazilian-maracatu_96_beat_4-4
1572,-11.556731,-7.654757,3 (Classical + Groove + Jazz),groove_midi___drummer5_session1_8_latin-venezuelan-merengue_162_beat_5-8
1573,-10.146347,-6.394811,3 (Classical + Groove + Jazz),groove_midi___drummer5_session1_9_latin-dominican-merengue_130_beat_4-4
1574,-12.874836,-6.285896,3 (Classical + Groove + Jazz),groove_midi___drummer5_session2_10_neworleans-funk_102_beat_4-4
1575,-13.549186,-6.2079763,3 (Classical + Groove + Jazz),groove_midi___drummer5_session2_11_soul_96_beat_4-4
1576,-11.245169,-6.4590416,3 (Classical + Groove + Jazz),groove_midi___drummer5_session2_12_rock_105_beat_4-4
1577,-12.346058,-6.3541026,3 (Classical + Groove + Jazz),groove_midi___drummer5_session2_13_rock_140_beat_4-4
1578,-11.9213085,-5.8362536,3 (Classical + Groove + Jazz),groove_midi___drummer5_session2_14_rock_140_beat_4-4
1579,-13.013032,-7.665742,3 (Classical + Groove + Jazz),groove_midi___drummer5_session2_15_latin-venezuelan-joropo_80_beat_4-4
1580,-11.25166,-5.704038,3 (Classical + Groove + Jazz),groove_midi___drummer5_session2_16_latin-ando_125_beat_3-4
1581,-6.301846,-5.175754,3 (Classical + Groove + Jazz),groove_midi___drummer5_session2_17_latin-brazilian-samba_110_beat_4-4
1582,-11.853869,-8.016722,3 (Classical + Groove + Jazz),groove_midi___drummer5_session2_18_latin-brazilian-samba_93_beat_4-4
1583,-11.641258,-7.8678026,3 (Classical + Groove + Jazz),groove_midi___drummer5_session2_19_latin-brazilian-ijexa_108_beat_4-4
1584,-12.244171,-7.0892696,3 (Classical + Groove + Jazz),groove_midi___drummer5_session2_1_latin-venezuelan-sangueo_101_beat_4-4
1585,-12.887079,-6.2715387,3 (Classical + Groove + Jazz),groove_midi___drummer5_session2_20_latin-brazilian-ijexa_108_beat_4-4
1586,-12.288566,-5.530554,3 (Classical + Groove + Jazz),groove_midi___drummer5_session2_21_latin-brazilian-ijexa_108_beat_4-4
1587,-5.6218247,-5.4326873,1 (Jazz + Pop),groove_midi___drummer5_session2_22_latin-brazilian-frevo_133_beat_4-4
1588,-12.115295,-5.6198215,3 (Classical + Groove + Jazz),groove_midi___drummer5_session2_23_latin-brazilian-songo_120_beat_4-4
1589,-10.314615,-6.3215737,3 (Classical + Groove + Jazz),groove_midi___drummer5_session2_24_latin-brazilian-songo_120_beat_4-4
1590,-13.159525,-6.7909245,3 (Classical + Groove + Jazz),groove_midi___drummer5_session2_2_latin-brazilian_101_beat_4-4
1591,-11.366914,-6.2872624,3 (Classical + Groove + Jazz),groove_midi___drummer5_session2_3_latin-brazilian_101_beat_4-4
1592,-13.307549,-6.278153,3 (Classical + Groove + Jazz),groove_midi___drummer5_session2_4_reggae_141_beat_4-4
1593,-12.708233,-6.0316696,3 (Classical + Groove + Jazz),groove_midi___drummer5_session2_5_reggae_126_beat_4-4
1594,-5.8321757,-5.3431664,1 (Jazz + Pop),groove_midi___drummer5_session2_6_neworleans-secondline_99_beat_4-4
1595,-12.862357,-6.550404,3 (Classical + Groove + Jazz),groove_midi___drummer5_session2_7_neworleans-secondline_124_beat_4-4
1596,-13.5820465,-7.5484447,3 (Classical + Groove + Jazz),groove_midi___drummer5_session2_8_neworleans-chacha_124_beat_4-4
1597,-11.2138605,-6.092284,3 (Classical + Groove + Jazz),groove_midi___drummer5_session2_9_neworleans-shuffle_104_beat_4-4
1598,-12.702908,-6.446587,3 (Classical + Groove + Jazz),groove_midi___drummer6_session1_1_rock_70_beat_6-8
1599,-12.191652,-6.062841,3 (Classical + Groove + Jazz),groove_midi___drummer6_session1_2_rock_70_beat_6-8
1600,-12.308121,-6.0692945,3 (Classical + Groove + Jazz),groove_midi___drummer6_session1_3_rock_80_beat_6-8
1601,-12.395321,-6.5250216,3 (Classical + Groove + Jazz),groove_midi___drummer6_session1_4_rock_80_beat_6-8
1602,-13.525427,-7.64976,3 (Classical + Groove + Jazz),groove_midi___drummer6_session1_5_rock_60_beat_6-8
1603,-12.690695,-7.2324724,3 (Classical + Groove + Jazz),groove_midi___drummer6_session2_1_rock_95_beat_4-4
1604,-13.291847,-7.510945,3 (Classical + Groove + Jazz),groove_midi___drummer6_session2_2_rock_95_beat_4-4
1605,-12.85478,-7.399763,3 (Classical + Groove + Jazz),groove_midi___drummer6_session2_3_rock_88_beat_4-4
1606,-12.142183,-6.141025,3 (Classical + Groove + Jazz),groove_midi___drummer6_session3_1_rock_90_beat_4-4
1607,-11.882119,-6.657015,3 (Classical + Groove + Jazz),groove_midi___drummer6_session3_2_rock_100_beat_4-4
1608,-12.085859,-5.8698797,3 (Classical + Groove + Jazz),groove_midi___drummer6_session3_3_rock_100_beat_4-4
1609,-13.27742,-5.5310726,3 (Classical + Groove + Jazz),groove_midi___drummer6_session3_4_rock_127_beat_4-4
1610,-9.947081,-6.8043528,3 (Classical + Groove + Jazz),groove_midi___drummer6_session3_5_rock_180_beat_4-4
1611,-11.51568,-6.3878884,3 (Classical + Groove + Jazz),groove_midi___drummer6_session3_6_rock_88_beat_4-4
1612,-12.376613,-6.12156,3 (Classical + Groove + Jazz),groove_midi___drummer6_session3_7_rock_88_beat_4-4
1613,-13.119134,-6.463635,3 (Classical + Groove + Jazz),groove_midi___drummer7_eval_session_10_soul-groove10_102_beat_4-4
1614,-9.966872,-6.58343,3 (Classical + Groove + Jazz),groove_midi___drummer7_eval_session_1_funk-groove1_138_beat_4-4
1615,-13.519207,-7.23981,3 (Classical + Groove + Jazz),groove_midi___drummer7_eval_session_2_funk-groove2_105_beat_4-4
1616,-13.388609,-7.0663776,3 (Classical + Groove + Jazz),groove_midi___drummer7_eval_session_3_soul-groove3_86_beat_4-4
1617,-13.566272,-6.7444305,3 (Classical + Groove + Jazz),groove_midi___drummer7_eval_session_4_soul-groove4_80_beat_4-4
1618,-13.569738,-6.911524,3 (Classical + Groove + Jazz),groove_midi___drummer7_eval_session_5_funk-groove5_84_beat_4-4
1619,-13.447129,-6.460774,3 (Classical + Groove + Jazz),groove_midi___drummer7_eval_session_6_hiphop-groove6_87_beat_4-4
1620,-13.1246395,-5.889927,3 (Classical + Groove + Jazz),groove_midi___drummer7_eval_session_7_pop-groove7_138_beat_4-4
1621,-13.835794,-6.918529,3 (Classical + Groove + Jazz),groove_midi___drummer7_eval_session_8_rock-groove8_65_beat_4-4
1622,-13.477077,-6.398187,3 (Classical + Groove + Jazz),groove_midi___drummer7_eval_session_9_soul-groove9_105_beat_4-4
1623,-13.06668,-7.129481,3 (Classical + Groove + Jazz),groove_midi___drummer7_session1_10_rock_93_beat_4-4
1624,-13.515745,-6.321505,3 (Classical + Groove + Jazz),groove_midi___drummer7_session1_11_rock_93_beat_4-4
1625,-12.331006,-6.7505374,3 (Classical + Groove + Jazz),groove_midi___drummer7_session1_12_funk_102_beat_4-4
1626,-12.291521,-7.090031,3 (Classical + Groove + Jazz),groove_midi___drummer7_session1_13_funk_102_beat_4-4
1627,-13.770324,-8.668395,3 (Classical + Groove + Jazz),groove_midi___drummer7_session1_14_jazz_100_beat_4-4
1628,-13.728603,-8.563892,3 (Classical + Groove + Jazz),groove_midi___drummer7_session1_15_jazz_112_beat_4-4
1629,-12.904512,-6.770066,3 (Classical + Groove + Jazz),groove_midi___drummer7_session1_16_hiphop_100_beat_4-4
1630,-12.817756,-6.4456596,3 (Classical + Groove + Jazz),groove_midi___drummer7_session1_17_hiphop_100_beat_4-4
1631,-12.930452,-6.2892284,3 (Classical + Groove + Jazz),groove_midi___drummer7_session1_18_hiphop_100_beat_4-4
1632,-13.531026,-7.8428273,3 (Classical + Groove + Jazz),groove_midi___drummer7_session1_1_rock_86_beat_4-4
1633,-13.155487,-6.489276,3 (Classical + Groove + Jazz),groove_midi___drummer7_session1_22_hiphop_100_beat_4-4
1634,-13.467728,-7.153919,3 (Classical + Groove + Jazz),groove_midi___drummer7_session1_38_hiphop_100_beat_4-4
1635,-13.5197115,-7.387627,3 (Classical + Groove + Jazz),groove_midi___drummer7_session1_39_hiphop_100_beat_4-4
1636,-13.795847,-7.700792,3 (Classical + Groove + Jazz),groove_midi___drummer7_session1_7_rock_93_beat_4-4
1637,-13.217879,-6.8702908,3 (Classical + Groove + Jazz),groove_midi___drummer7_session1_8_rock_93_beat_4-4
1638,-13.735937,-6.9667215,3 (Classical + Groove + Jazz),groove_midi___drummer7_session1_9_rock_93_beat_4-4
1639,-11.368992,-7.199838,3 (Classical + Groove + Jazz),groove_midi___drummer7_session2_100_pop_142_beat_4-4
1640,-11.360285,-6.7986627,3 (Classical + Groove + Jazz),groove_midi___drummer7_session2_101_pop_142_beat_4-4
1641,-13.08448,-6.301086,3 (Classical + Groove + Jazz),groove_midi___drummer7_session2_103_pop_132_beat_4-4
1642,-12.731186,-6.0378428,3 (Classical + Groove + Jazz),groove_midi___drummer7_session2_104_pop_132_beat_4-4
1643,-13.156262,-8.194957,3 (Classical + Groove + Jazz),groove_midi___drummer7_session2_106_soul-motown_104_beat_4-4
1644,-13.400814,-8.398232,3 (Classical + Groove + Jazz),groove_midi___drummer7_session2_108_soul-motown_104_beat_4-4
1645,-12.856922,-6.5283947,3 (Classical + Groove + Jazz),groove_midi___drummer7_session2_112_jazz-fusion_96_beat_4-4
1646,-12.82119,-6.51536,3 (Classical + Groove + Jazz),groove_midi___drummer7_session2_113_jazz-fusion_96_beat_4-4
1647,-12.3178425,-7.308387,3 (Classical + Groove + Jazz),groove_midi___drummer7_session2_115_jazz-fusion_96_beat_4-4
1648,-13.167759,-6.682163,3 (Classical + Groove + Jazz),groove_midi___drummer7_session2_123_hiphop_140_beat_4-4
1649,-12.893841,-6.547414,3 (Classical + Groove + Jazz),groove_midi___drummer7_session2_14_rock_95_beat_4-4
1650,-9.537502,-7.372914,3 (Classical + Groove + Jazz),groove_midi___drummer7_session2_15_rock_118_beat_4-4
1651,-12.7494545,-5.906812,3 (Classical + Groove + Jazz),groove_midi___drummer7_session2_1_rock_120_beat_4-4
1652,-9.457447,-7.172617,3 (Classical + Groove + Jazz),groove_midi___drummer7_session2_26_rock_118_beat_4-4
1653,-13.726392,-6.678483,3 (Classical + Groove + Jazz),groove_midi___drummer7_session2_27_rock_75_beat_4-4
1654,-13.759522,-7.1686697,3 (Classical + Groove + Jazz),groove_midi___drummer7_session2_29_rock_75_beat_4-4
1655,-13.937542,-7.530485,3 (Classical + Groove + Jazz),groove_midi___drummer7_session2_33_rock_75_beat_4-4
1656,-13.716677,-7.1825833,3 (Classical + Groove + Jazz),groove_midi___drummer7_session2_36_rock_75_fill_4-4
1657,-12.538601,-6.4009237,3 (Classical + Groove + Jazz),groove_midi___drummer7_session2_37_rock_112_beat_4-4
1658,-12.184356,-6.3796597,3 (Classical + Groove + Jazz),groove_midi___drummer7_session2_45_rock_135_beat_4-4
1659,-10.904033,-6.9895577,3 (Classical + Groove + Jazz),groove_midi___drummer7_session2_46_rock_135_beat_4-4
1660,-10.694307,-6.8237367,3 (Classical + Groove + Jazz),groove_midi___drummer7_session2_53_rock_135_beat_4-4
1661,-11.57431,-6.1649947,3 (Classical + Groove + Jazz),groove_midi___drummer7_session2_54_soul-motown_148_beat_4-4
1662,-11.275257,-6.391196,3 (Classical + Groove + Jazz),groove_midi___drummer7_session2_63_soul-motown_148_beat_4-4
1663,-12.162038,-6.3870864,3 (Classical + Groove + Jazz),groove_midi___drummer7_session2_64_rock_145_beat_4-4
1664,-12.754362,-6.2170606,3 (Classical + Groove + Jazz),groove_midi___drummer7_session2_6_rock_120_beat_4-4
1665,-12.77612,-6.603381,3 (Classical + Groove + Jazz),groove_midi___drummer7_session2_72_funk_100_beat_4-4
1666,-12.961086,-6.626696,3 (Classical + Groove + Jazz),groove_midi___drummer7_session2_79_funk_100_beat_4-4
1667,-13.589752,-6.5219593,3 (Classical + Groove + Jazz),groove_midi___drummer7_session2_80_country_78_beat_4-4
1668,-12.959694,-6.386345,3 (Classical + Groove + Jazz),groove_midi___drummer7_session2_87_hiphop_75_beat_4-4
1669,-13.632755,-6.2314243,3 (Classical + Groove + Jazz),groove_midi___drummer7_session2_8_rock_95_beat_4-4
1670,-12.645569,-6.3311234,3 (Classical + Groove + Jazz),groove_midi___drummer7_session2_93_hiphop_75_beat_4-4
1671,-12.726772,-6.294255,3 (Classical + Groove + Jazz),groove_midi___drummer7_session2_96_pop_142_beat_4-4
1672,-11.595138,-7.155545,3 (Classical + Groove + Jazz),groove_midi___drummer7_session2_97_pop_142_beat_4-4
1673,-9.868617,-6.5692415,3 (Classical + Groove + Jazz),groove_midi___drummer7_session3_106_hiphop_70_beat_4-4
1674,-12.589525,-5.978062,3 (Classical + Groove + Jazz),groove_midi___drummer7_session3_108_rock_95_beat_4-4
1675,-12.180166,-5.6904244,3 (Classical + Groove + Jazz),groove_midi___drummer7_session3_109_rock_95_beat_4-4
1676,-13.3893,-6.468807,3 (Classical + Groove + Jazz),groove_midi___drummer7_session3_10_rock_60_beat_4-4
1677,-12.121,-5.5669947,3 (Classical + Groove + Jazz),groove_midi___drummer7_session3_117_rock_95_beat_4-4
1678,-12.511915,-5.468878,3 (Classical + Groove + Jazz),groove_midi___drummer7_session3_119_rock_95_beat_4-4
1679,-13.517016,-7.3740172,3 (Classical + Groove + Jazz),groove_midi___drummer7_session3_11_pop-soft_83_beat_4-4
1680,-11.700456,-7.016334,3 (Classical + Groove + Jazz),groove_midi___drummer7_session3_120_rock_93_beat_4-4
1681,-11.29304,-6.3402367,3 (Classical + Groove + Jazz),groove_midi___drummer7_session3_129_rock_93_beat_4-4
1682,-13.228074,-6.7027817,3 (Classical + Groove + Jazz),groove_midi___drummer7_session3_130_soul_105_beat_4-4
1683,-12.36439,-6.0002966,3 (Classical + Groove + Jazz),groove_midi___drummer7_session3_131_soul_105_beat_4-4
1684,-12.407239,-5.492012,3 (Classical + Groove + Jazz),groove_midi___drummer7_session3_132_soul_105_beat_4-4
1685,-11.924341,-5.862566,3 (Classical + Groove + Jazz),groove_midi___drummer7_session3_133_soul_105_beat_4-4
1686,-11.75632,-5.7016644,3 (Classical + Groove + Jazz),groove_midi___drummer7_session3_150_soul_105_beat_4-4
1687,-12.2495985,-5.482603,3 (Classical + Groove + Jazz),groove_midi___drummer7_session3_151_soul_98_beat_4-4
1688,-12.664451,-5.590923,3 (Classical + Groove + Jazz),groove_midi___drummer7_session3_159_soul_98_beat_4-4
1689,-13.869525,-7.6538734,3 (Classical + Groove + Jazz),groove_midi___drummer7_session3_1_rock_60_beat_4-4
1690,-12.975035,-6.454078,3 (Classical + Groove + Jazz),groove_midi___drummer7_session3_22_pop-soft_83_beat_4-4
1691,-11.20436,-6.449924,3 (Classical + Groove + Jazz),groove_midi___drummer7_session3_23_pop-soft_83_beat_4-4
1692,-13.335513,-6.065264,3 (Classical + Groove + Jazz),groove_midi___drummer7_session3_24_hiphop_67_beat_4-4
1693,-12.64373,-5.9170184,3 (Classical + Groove + Jazz),groove_midi___drummer7_session3_38_hiphop_67_beat_4-4
1694,-13.442772,-7.397537,3 (Classical + Groove + Jazz),groove_midi___drummer7_session3_39_rock-indie_63_beat_4-4
1695,-12.291662,-7.829032,3 (Classical + Groove + Jazz),groove_midi___drummer7_session3_46_rock-indie_63_beat_4-4
1696,-13.21981,-6.6543603,3 (Classical + Groove + Jazz),groove_midi___drummer7_session3_47_funk_112_beat_4-4
1697,-12.820384,-7.33458,3 (Classical + Groove + Jazz),groove_midi___drummer7_session3_49_funk_112_beat_4-4
1698,-12.445299,-6.4785914,3 (Classical + Groove + Jazz),groove_midi___drummer7_session3_64_funk_112_beat_4-4
1699,-12.686569,-6.4075437,3 (Classical + Groove + Jazz),groove_midi___drummer7_session3_65_funk_112_beat_4-4
1700,-11.033604,-5.5478086,3 (Classical + Groove + Jazz),groove_midi___drummer7_session3_67_neworleans-funk_93_beat_4-4
1701,-9.261583,-6.1494803,3 (Classical + Groove + Jazz),groove_midi___drummer7_session3_91_neworleans-funk_93_beat_4-4
1702,-9.81154,-6.539547,3 (Classical + Groove + Jazz),groove_midi___drummer7_session3_92_hiphop_70_beat_4-4
1703,-13.428983,-7.517441,3 (Classical + Groove + Jazz),groove_midi___drummer8_eval_session_10_soul-groove10_102_beat_4-4
1704,-12.850129,-7.067827,3 (Classical + Groove + Jazz),groove_midi___drummer8_eval_session_1_funk-groove1_138_beat_4-4
1705,-13.58168,-7.138901,3 (Classical + Groove + Jazz),groove_midi___drummer8_eval_session_2_funk-groove2_105_beat_4-4
1706,-12.977104,-7.513304,3 (Classical + Groove + Jazz),groove_midi___drummer8_eval_session_3_soul-groove3_86_beat_4-4
1707,-13.771832,-7.88537,3 (Classical + Groove + Jazz),groove_midi___drummer8_eval_session_4_soul-groove4_80_beat_4-4
1708,-13.029221,-6.916288,3 (Classical + Groove + Jazz),groove_midi___drummer8_eval_session_5_funk-groove5_84_beat_4-4
1709,-13.434834,-7.6304517,3 (Classical + Groove + Jazz),groove_midi___drummer8_eval_session_6_hiphop-groove6_87_beat_4-4
1710,-13.293423,-7.0229363,3 (Classical + Groove + Jazz),groove_midi___drummer8_eval_session_7_pop-groove7_138_beat_4-4
1711,-13.847211,-7.462952,3 (Classical + Groove + Jazz),groove_midi___drummer8_eval_session_8_rock-groove8_65_beat_4-4
1712,-13.590031,-7.556412,3 (Classical + Groove + Jazz),groove_midi___drummer8_eval_session_9_soul-groove9_105_beat_4-4
1713,-12.401854,-6.4088755,3 (Classical + Groove + Jazz),groove_midi___drummer8_session1_10_neworleans-funk_82_beat_4-4
1714,-12.059259,-6.2483783,3 (Classical + Groove + Jazz),groove_midi___drummer8_session1_11_neworleans-funk_82_beat_4-4
1715,-11.279647,-8.004129,3 (Classical + Groove + Jazz),groove_midi___drummer8_session1_12_latin_118_beat_4-4
1716,-11.33921,-7.6297297,3 (Classical + Groove + Jazz),groove_midi___drummer8_session1_13_latin_118_beat_4-4
1717,-13.638517,-6.6778703,3 (Classical + Groove + Jazz),groove_midi___drummer8_session1_14_hiphop_94_beat_4-4
1718,-13.458403,-6.0278287,3 (Classical + Groove + Jazz),groove_midi___drummer8_session1_15_hiphop_94_beat_4-4
1719,-11.353163,-7.3945756,3 (Classical + Groove + Jazz),groove_midi___drummer8_session1_16_afrobeat_90_beat_4-4
1720,-11.9554,-5.8643894,3 (Classical + Groove + Jazz),groove_midi___drummer8_session1_17_afrobeat_90_beat_4-4
1721,-11.777757,-6.3561454,3 (Classical + Groove + Jazz),groove_midi___drummer8_session1_18_funk_108_beat_4-4
1722,-12.717109,-6.13135,3 (Classical + Groove + Jazz),groove_midi___drummer8_session1_19_funk_108_beat_4-4
1723,-13.418771,-6.1566114,3 (Classical + Groove + Jazz),groove_midi___drummer8_session1_1_funk_95_beat_4-4
1724,-11.902201,-6.406523,3 (Classical + Groove + Jazz),groove_midi___drummer8_session1_20_rock-shuffle_112_beat_4-4
1725,-11.7553,-6.3079624,3 (Classical + Groove + Jazz),groove_midi___drummer8_session1_21_rock-shuffle_112_beat_4-4
1726,-12.400263,-6.0813575,3 (Classical + Groove + Jazz),groove_midi___drummer8_session1_22_funk_115_beat_4-4
1727,-13.937576,-7.7023273,3 (Classical + Groove + Jazz),groove_midi___drummer8_session1_23_hiphop_70_beat_4-4
1728,-11.810801,-6.2089205,3 (Classical + Groove + Jazz),groove_midi___drummer8_session1_24_funk-latin_100_beat_4-4
1729,-12.46127,-6.063721,3 (Classical + Groove + Jazz),groove_midi___drummer8_session1_25_funk-latin_100_beat_4-4
1730,-10.699976,-6.8380365,3 (Classical + Groove + Jazz),groove_midi___drummer8_session1_26_afrobeat_94_beat_4-4
1731,-10.798857,-7.1829576,3 (Classical + Groove + Jazz),groove_midi___drummer8_session1_27_latin_122_beat_4-4
1732,-12.754682,-6.0216403,3 (Classical + Groove + Jazz),groove_midi___drummer8_session1_28_rock_102_beat_4-4
1733,-13.121741,-5.5018234,3 (Classical + Groove + Jazz),groove_midi___drummer8_session1_2_funk_95_beat_4-4
1734,-12.685664,-6.6010594,3 (Classical + Groove + Jazz),groove_midi___drummer8_session1_3_hiphop_90_beat_4-4
1735,-12.253659,-6.7803397,3 (Classical + Groove + Jazz),groove_midi___drummer8_session1_4_hiphop_90_beat_4-4
1736,-12.761107,-6.349895,3 (Classical + Groove + Jazz),groove_midi___drummer8_session1_5_hiphop_90_beat_4-4
1737,-12.013543,-7.1465383,3 (Classical + Groove + Jazz),groove_midi___drummer8_session1_6_funk_80_beat_4-4
1738,-12.843898,-5.867952,3 (Classical + Groove + Jazz),groove_midi___drummer8_session1_7_funk_80_beat_4-4
1739,-13.058718,-6.6293583,3 (Classical + Groove + Jazz),groove_midi___drummer8_session1_8_funk_96_beat_4-4
1740,-13.448223,-6.249881,3 (Classical + Groove + Jazz),groove_midi___drummer8_session1_9_funk_96_beat_4-4
1741,-11.064197,-7.8201137,3 (Classical + Groove + Jazz),groove_midi___drummer9_session1_13_rock_120_beat_4-4
1742,-11.909225,-7.64979,3 (Classical + Groove + Jazz),groove_midi___drummer9_session1_14_rock_120_beat_4-4
1743,-12.3835945,-7.537111,3 (Classical + Groove + Jazz),groove_midi___drummer9_session1_18_rock_120_beat_4-4
1744,-11.981508,-7.6629114,3 (Classical + Groove + Jazz),groove_midi___drummer9_session1_19_rock_120_beat_4-4
1745,-12.737859,-7.5726457,3 (Classical + Groove + Jazz),groove_midi___drummer9_session1_1_rock_100_beat_4-4
1746,-12.329199,-7.601693,3 (Classical + Groove + Jazz),groove_midi___drummer9_session1_20_rock_120_beat_4-4
1747,-12.691293,-7.5974607,3 (Classical + Groove + Jazz),groove_midi___drummer9_session1_22_rock_120_beat_4-4
1748,-11.137766,-7.450016,3 (Classical + Groove + Jazz),groove_midi___drummer9_session1_23_rock_120_beat_4-4
1749,-11.992982,-7.7721887,3 (Classical + Groove + Jazz),groove_midi___drummer9_session1_24_rock_90_beat_4-4
1750,-12.753463,-7.1124554,3 (Classical + Groove + Jazz),groove_midi___drummer9_session1_25_rock_90_beat_4-4
1751,-11.319136,-7.6537623,3 (Classical + Groove + Jazz),groove_midi___drummer9_session1_26_rock_90_beat_4-4
1752,-12.020373,-7.99348,3 (Classical + Groove + Jazz),groove_midi___drummer9_session1_28_rock_90_beat_4-4
1753,-12.330499,-7.342153,3 (Classical + Groove + Jazz),groove_midi___drummer9_session1_2_rock_100_beat_4-4
1754,-13.045355,-7.323231,3 (Classical + Groove + Jazz),groove_midi___drummer9_session1_3_rock_100_beat_4-4
1755,-11.914449,-7.685164,3 (Classical + Groove + Jazz),groove_midi___drummer9_session1_5_rock_100_beat_4-4
1756,-13.070087,-7.4857774,3 (Classical + Groove + Jazz),groove_midi___drummer9_session1_7_rock_100_beat_4-4
1757,-15.632362,-0.25253788,3 (Classical + Groove + Jazz),guitarset___00_BN1-129-Eb_comp_mix
1758,-13.896359,-1.1879666,3 (Classical + Groove + Jazz),guitarset___00_BN1-147-Gb_comp_mix
1759,-13.917784,-1.273875,3 (Classical + Groove + Jazz),guitarset___00_BN2-131-B_comp_mix
1760,-13.607858,-1.2083827,3 (Classical + Groove + Jazz),guitarset___00_BN2-166-Ab_comp_mix
1761,-13.6594925,-0.92790663,3 (Classical + Groove + Jazz),guitarset___00_BN3-119-G_comp_mix
1762,-13.101394,-1.4507445,3 (Classical + Groove + Jazz),guitarset___00_BN3-154-E_comp_mix
1763,-11.75766,-2.3209057,3 (Classical + Groove + Jazz),guitarset___00_Funk1-114-Ab_comp_mix
1764,-11.865102,-2.629072,3 (Classical + Groove + Jazz),guitarset___00_Funk1-97-C_comp_mix
1765,-10.781813,-1.997158,3 (Classical + Groove + Jazz),guitarset___00_Funk2-108-Eb_comp_mix
1766,-4.6219344,2.3796,1 (Jazz + Pop),guitarset___00_Funk2-119-G_comp_mix
1767,-4.586853,2.5545795,1 (Jazz + Pop),guitarset___00_Funk3-112-C#_comp_mix
1768,-11.569524,-2.1867187,3 (Classical + Groove + Jazz),guitarset___00_Funk3-98-A_comp_mix
1769,-11.342771,-1.2638668,3 (Classical + Groove + Jazz),guitarset___00_Jazz1-130-D_comp_mix
1770,-12.858338,-2.8459346,3 (Classical + Groove + Jazz),guitarset___00_Jazz1-200-B_comp_mix
1771,-11.626192,-1.748555,3 (Classical + Groove + Jazz),guitarset___00_Jazz2-110-Bb_comp_mix
1772,-12.390699,-2.2032914,3 (Classical + Groove + Jazz),guitarset___00_Jazz2-187-F#_comp_mix
1773,-11.572176,-1.5700111,3 (Classical + Groove + Jazz),guitarset___00_Jazz3-137-Eb_comp_mix
1774,-11.952262,-2.181953,3 (Classical + Groove + Jazz),guitarset___00_Jazz3-150-C_comp_mix
1775,-5.666781,0.73023635,3 (Classical + Groove + Jazz),guitarset___00_Rock1-130-A_comp_mix
1776,-7.4532995,0.69232416,3 (Classical + Groove + Jazz),guitarset___00_Rock1-90-C#_comp_mix
1777,-4.867252,1.8499506,1 (Jazz + Pop),guitarset___00_Rock2-142-D_comp_mix
1778,-9.20793,-0.17565805,3 (Classical + Groove + Jazz),guitarset___00_Rock2-85-F_comp_mix
1779,-5.1939535,1.9308318,1 (Jazz + Pop),guitarset___00_Rock3-117-Bb_comp_mix
1780,-0.1452512,2.8911352,1 (Jazz + Pop),guitarset___00_Rock3-148-C_comp_mix
1781,-9.858943,1.4168197,3 (Classical + Groove + Jazz),guitarset___00_SS1-100-C#_comp_mix
1782,-14.477122,0.7821846,3 (Classical + Groove + Jazz),guitarset___00_SS1-68-E_comp_mix
1783,-16.08273,1.705768,3 (Classical + Groove + Jazz),guitarset___00_SS2-107-Ab_comp_mix
1784,-15.11177,-0.3313941,3 (Classical + Groove + Jazz),guitarset___00_SS2-88-F_comp_mix
1785,-17.411963,1.2261046,3 (Classical + Groove + Jazz),guitarset___00_SS3-84-Bb_comp_mix
1786,-16.230656,2.7630007,3 (Classical + Groove + Jazz),guitarset___00_SS3-98-C_comp_mix
1787,-13.67998,-1.3833287,3 (Classical + Groove + Jazz),guitarset___01_BN1-129-Eb_comp_mix
1788,-12.004983,-1.7863998,3 (Classical + Groove + Jazz),guitarset___01_BN1-147-Gb_comp_mix
1789,-12.379295,-2.1161702,3 (Classical + Groove + Jazz),guitarset___01_BN2-131-B_comp_mix
1790,-11.768038,-1.650936,3 (Classical + Groove + Jazz),guitarset___01_BN2-166-Ab_comp_mix
1791,-12.434201,-2.630801,3 (Classical + Groove + Jazz),guitarset___01_BN3-119-G_comp_mix
1792,-12.305622,-2.31713,3 (Classical + Groove + Jazz),guitarset___01_BN3-154-E_comp_mix
1793,-11.851512,-2.6669762,3 (Classical + Groove + Jazz),guitarset___01_Funk1-114-Ab_comp_mix
1794,-12.31221,-2.789195,3 (Classical + Groove + Jazz),guitarset___01_Funk1-97-C_comp_mix
1795,-12.111372,-2.4510193,3 (Classical + Groove + Jazz),guitarset___01_Funk2-108-Eb_comp_mix
1796,-11.739959,-2.4480584,3 (Classical + Groove + Jazz),guitarset___01_Funk2-119-G_comp_mix
1797,-12.173656,-2.5715268,3 (Classical + Groove + Jazz),guitarset___01_Funk3-112-C#_comp_mix
1798,-11.937398,-2.6502602,3 (Classical + Groove + Jazz),guitarset___01_Funk3-98-A_comp_mix
1799,-13.658038,-1.4971639,3 (Classical + Groove + Jazz),guitarset___01_Jazz1-130-D_comp_mix
1800,-13.897506,-2.215197,3 (Classical + Groove + Jazz),guitarset___01_Jazz1-200-B_comp_mix
1801,-13.003272,-2.1363807,3 (Classical + Groove + Jazz),guitarset___01_Jazz2-110-Bb_comp_mix
1802,-12.389906,-2.6492548,3 (Classical + Groove + Jazz),guitarset___01_Jazz2-187-F#_comp_mix
1803,-12.952069,-1.9972469,3 (Classical + Groove + Jazz),guitarset___01_Jazz3-137-Eb_comp_mix
1804,-12.706342,-2.769278,3 (Classical + Groove + Jazz),guitarset___01_Jazz3-150-C_comp_mix
1805,-11.178959,-2.4008057,3 (Classical + Groove + Jazz),guitarset___01_Rock1-130-A_comp_mix
1806,-10.785783,-2.1473827,3 (Classical + Groove + Jazz),guitarset___01_Rock1-90-C#_comp_mix
1807,-4.877993,2.5355499,1 (Jazz + Pop),guitarset___01_Rock2-142-D_comp_mix
1808,-11.23324,-1.845392,3 (Classical + Groove + Jazz),guitarset___01_Rock2-85-F_comp_mix
1809,-11.505801,-2.5816114,3 (Classical + Groove + Jazz),guitarset___01_Rock3-117-Bb_comp_mix
1810,-10.736517,-1.8589427,3 (Classical + Groove + Jazz),guitarset___01_Rock3-148-C_comp_mix
1811,-10.637025,-1.7282829,3 (Classical + Groove + Jazz),guitarset___01_SS1-100-C#_comp_mix
1812,-10.567825,1.5312678,3 (Classical + Groove + Jazz),guitarset___01_SS1-68-E_comp_mix
1813,-12.147826,-2.4693096,3 (Classical + Groove + Jazz),guitarset___01_SS2-107-Ab_comp_mix
1814,-12.339604,-2.2979472,3 (Classical + Groove + Jazz),guitarset___01_SS2-88-F_comp_mix
1815,-9.999607,0.08592492,3 (Classical + Groove + Jazz),guitarset___01_SS3-84-Bb_comp_mix
1816,-1.8696514,4.226054,1 (Jazz + Pop),guitarset___01_SS3-98-C_comp_mix
1817,-14.468271,0.6668867,3 (Classical + Groove + Jazz),guitarset___02_BN1-129-Eb_comp_mix
1818,-15.327842,0.016261175,3 (Classical + Groove + Jazz),guitarset___02_BN1-147-Gb_comp_mix
1819,-14.099511,0.32744354,3 (Classical + Groove + Jazz),guitarset___02_BN2-131-B_comp_mix
1820,-16.635008,1.481186,3 (Classical + Groove + Jazz),guitarset___02_BN2-166-Ab_comp_mix
1821,-13.278553,0.026279619,3 (Classical + Groove + Jazz),guitarset___02_BN3-119-G_comp_mix
1822,-13.70363,0.0040323082,3 (Classical + Groove + Jazz),guitarset___02_BN3-154-E_comp_mix
1823,-16.30231,1.0633796,3 (Classical + Groove + Jazz),guitarset___02_Funk1-114-Ab_comp_mix
1824,-16.612852,0.70783013,3 (Classical + Groove + Jazz),guitarset___02_Funk1-97-C_comp_mix
1825,-14.382196,-0.5731616,3 (Classical + Groove + Jazz),guitarset___02_Funk2-108-Eb_comp_mix
1826,-15.604361,-0.13482769,3 (Classical + Groove + Jazz),guitarset___02_Funk2-119-G_comp_mix
1827,-17.38727,1.0356301,3 (Classical + Groove + Jazz),guitarset___02_Funk3-112-C#_comp_mix
1828,-16.600567,0.6946537,3 (Classical + Groove + Jazz),guitarset___02_Funk3-98-A_comp_mix
1829,-16.12521,0.89622545,3 (Classical + Groove + Jazz),guitarset___02_Jazz1-130-D_comp_mix
1830,-16.395744,-0.43670124,3 (Classical + Groove + Jazz),guitarset___02_Jazz1-200-B_comp_mix
1831,-13.54547,0.22957426,3 (Classical + Groove + Jazz),guitarset___02_Jazz2-110-Bb_comp_mix
1832,-14.367977,-0.012598316,3 (Classical + Groove + Jazz),guitarset___02_Jazz2-187-F#_comp_mix
1833,-15.040838,0.86919016,3 (Classical + Groove + Jazz),guitarset___02_Jazz3-137-Eb_comp_mix
1834,-14.512845,1.3893173,3 (Classical + Groove + Jazz),guitarset___02_Jazz3-150-C_comp_mix
1835,-12.4436865,-0.867868,3 (Classical + Groove + Jazz),guitarset___02_Rock1-130-A_comp_mix
1836,-14.449614,-0.87356645,3 (Classical + Groove + Jazz),guitarset___02_Rock1-90-C#_comp_mix
1837,-14.334837,0.0108284205,3 (Classical + Groove + Jazz),guitarset___02_Rock2-142-D_comp_mix
1838,-15.070883,-0.45697278,3 (Classical + Groove + Jazz),guitarset___02_Rock2-85-F_comp_mix
1839,-11.637692,-1.3010203,3 (Classical + Groove + Jazz),guitarset___02_Rock3-117-Bb_comp_mix
1840,-6.3632026,0.4694379,3 (Classical + Groove + Jazz),guitarset___02_Rock3-148-C_comp_mix
1841,-11.540242,1.9747198,3 (Classical + Groove + Jazz),guitarset___02_SS1-100-C#_comp_mix
1842,-14.32176,1.1872028,3 (Classical + Groove + Jazz),guitarset___02_SS1-68-E_comp_mix
1843,-13.890878,0.094550684,3 (Classical + Groove + Jazz),guitarset___02_SS2-107-Ab_comp_mix
1844,-14.492101,-0.123968266,3 (Classical + Groove + Jazz),guitarset___02_SS2-88-F_comp_mix
1845,-13.3052435,0.059152164,3 (Classical + Groove + Jazz),guitarset___02_SS3-84-Bb_comp_mix
1846,-13.927351,0.3222486,3 (Classical + Groove + Jazz),guitarset___02_SS3-98-C_comp_mix
1847,-13.136378,-0.802184,3 (Classical + Groove + Jazz),guitarset___03_BN1-129-Eb_comp_mix
1848,-13.570705,-0.623943,3 (Classical + Groove + Jazz),guitarset___03_BN1-147-Gb_comp_mix
1849,-15.031677,-0.20162709,3 (Classical + Groove + Jazz),guitarset___03_BN2-131-B_comp_mix
1850,-13.654651,-0.58255804,3 (Classical + Groove + Jazz),guitarset___03_BN2-166-Ab_comp_mix
1851,-13.780344,-0.28599933,3 (Classical + Groove + Jazz),guitarset___03_BN3-119-G_comp_mix
1852,-13.916385,-0.68045205,3 (Classical + Groove + Jazz),guitarset___03_BN3-154-E_comp_mix
1853,-12.276117,-2.333826,3 (Classical + Groove + Jazz),guitarset___03_Funk1-114-Ab_comp_mix
1854,-12.17362,-2.192473,3 (Classical + Groove + Jazz),guitarset___03_Funk1-97-C_comp_mix
1855,-12.035312,-2.419351,3 (Classical + Groove + Jazz),guitarset___03_Funk2-108-Eb_comp_mix
1856,-12.359585,-2.3343036,3 (Classical + Groove + Jazz),guitarset___03_Funk2-119-G_comp_mix
1857,-12.61871,-2.0285661,3 (Classical + Groove + Jazz),guitarset___03_Funk3-112-C#_comp_mix
1858,-11.895877,-2.3587394,3 (Classical + Groove + Jazz),guitarset___03_Funk3-98-A_comp_mix
1859,-13.137056,-2.0631566,3 (Classical + Groove + Jazz),guitarset___03_Jazz1-130-D_comp_mix
1860,-14.232318,-2.0651746,3 (Classical + Groove + Jazz),guitarset___03_Jazz1-200-B_comp_mix
1861,-13.2723255,-1.778953,3 (Classical + Groove + Jazz),guitarset___03_Jazz2-110-Bb_comp_mix
1862,-13.654803,-0.9784779,3 (Classical + Groove + Jazz),guitarset___03_Jazz2-187-F#_comp_mix
1863,-12.766956,-2.0233593,3 (Classical + Groove + Jazz),guitarset___03_Jazz3-137-Eb_comp_mix
1864,-13.124328,-2.043372,3 (Classical + Groove + Jazz),guitarset___03_Jazz3-150-C_comp_mix
1865,-10.438007,-0.68019634,3 (Classical + Groove + Jazz),guitarset___03_Rock1-130-A_comp_mix
1866,-11.299289,-0.9635518,3 (Classical + Groove + Jazz),guitarset___03_Rock1-90-C#_comp_mix
1867,-11.690349,-1.5923237,3 (Classical + Groove + Jazz),guitarset___03_Rock2-142-D_comp_mix
1868,-12.338146,-1.4838961,3 (Classical + Groove + Jazz),guitarset___03_Rock2-85-F_comp_mix
1869,-12.192645,-1.886297,3 (Classical + Groove + Jazz),guitarset___03_Rock3-117-Bb_comp_mix
1870,-9.401222,0.9535379,3 (Classical + Groove + Jazz),guitarset___03_Rock3-148-C_comp_mix
1871,-9.803766,0.6317761,3 (Classical + Groove + Jazz),guitarset___03_SS1-100-C#_comp_mix
1872,-11.08037,1.0801194,3 (Classical + Groove + Jazz),guitarset___03_SS1-68-E_comp_mix
1873,-10.8877325,-1.563507,3 (Classical + Groove + Jazz),guitarset___03_SS2-107-Ab_comp_mix
1874,-11.06672,-0.4857466,3 (Classical + Groove + Jazz),guitarset___03_SS2-88-F_comp_mix
1875,-11.316451,-0.92069966,3 (Classical + Groove + Jazz),guitarset___03_SS3-84-Bb_comp_mix
1876,-5.6666336,2.1670496,3 (Classical + Groove + Jazz),guitarset___03_SS3-98-C_comp_mix
1877,-15.645564,-0.07915752,3 (Classical + Groove + Jazz),guitarset___04_BN1-129-Eb_comp_mix
1878,-17.206192,1.1862078,3 (Classical + Groove + Jazz),guitarset___04_BN1-147-Gb_comp_mix
1879,-14.483782,-0.6574216,3 (Classical + Groove + Jazz),guitarset___04_BN2-131-B_comp_mix
1880,-14.069623,-0.51463497,3 (Classical + Groove + Jazz),guitarset___04_BN2-166-Ab_comp_mix
1881,-15.924484,-0.1185628,3 (Classical + Groove + Jazz),guitarset___04_BN3-119-G_comp_mix
1882,-14.363869,-0.67112887,3 (Classical + Groove + Jazz),guitarset___04_BN3-154-E_comp_mix
1883,-12.58613,-1.3417124,3 (Classical + Groove + Jazz),guitarset___04_Funk1-114-Ab_comp_mix
1884,-14.406839,-1.073666,3 (Classical + Groove + Jazz),guitarset___04_Funk1-97-C_comp_mix
1885,-11.69457,-2.139638,3 (Classical + Groove + Jazz),guitarset___04_Funk2-108-Eb_comp_mix
1886,-11.5659,-2.324259,3 (Classical + Groove + Jazz),guitarset___04_Funk2-119-G_comp_mix
1887,-10.998781,-1.6665467,3 (Classical + Groove + Jazz),guitarset___04_Funk3-112-C#_comp_mix
1888,-11.8907,-2.2352228,3 (Classical + Groove + Jazz),guitarset___04_Funk3-98-A_comp_mix
1889,-14.501574,-0.5839785,3 (Classical + Groove + Jazz),guitarset___04_Jazz1-130-D_comp_mix
1890,-13.305513,-2.4845896,3 (Classical + Groove + Jazz),guitarset___04_Jazz1-200-B_comp_mix
1891,-16.153576,0.013098559,3 (Classical + Groove + Jazz),guitarset___04_Jazz2-110-Bb_comp_mix
1892,-13.843188,-0.8110915,3 (Classical + Groove + Jazz),guitarset___04_Jazz2-187-F#_comp_mix
1893,-13.94519,-0.6598583,3 (Classical + Groove + Jazz),guitarset___04_Jazz3-137-Eb_comp_mix
1894,-14.342032,-0.55890745,3 (Classical + Groove + Jazz),guitarset___04_Jazz3-150-C_comp_mix
1895,-12.511454,-0.33620015,3 (Classical + Groove + Jazz),guitarset___04_Rock1-130-A_comp_mix
1896,-11.559148,-1.8975041,3 (Classical + Groove + Jazz),guitarset___04_Rock1-90-C#_comp_mix
1897,-5.2434,1.5391625,1 (Jazz + Pop),guitarset___04_Rock2-142-D_comp_mix
1898,-11.57781,-0.31926998,3 (Classical + Groove + Jazz),guitarset___04_Rock2-85-F_comp_mix
1899,-10.230136,-1.0488102,3 (Classical + Groove + Jazz),guitarset___04_Rock3-117-Bb_comp_mix
1900,-11.785459,-1.5688169,3 (Classical + Groove + Jazz),guitarset___04_Rock3-148-C_comp_mix
1901,-14.301759,-0.16690852,3 (Classical + Groove + Jazz),guitarset___04_SS1-100-C#_comp_mix
1902,-4.834765,-2.1658654,1 (Jazz + Pop),guitarset___04_SS1-68-E_comp_mix
1903,-14.1413765,0.29367107,3 (Classical + Groove + Jazz),guitarset___04_SS2-107-Ab_comp_mix
1904,-8.965187,1.1221433,3 (Classical + Groove + Jazz),guitarset___04_SS2-88-F_comp_mix
1905,-10.713216,-1.0478489,3 (Classical + Groove + Jazz),guitarset___04_SS3-84-Bb_comp_mix
1906,-15.8186865,1.7990274,3 (Classical + Groove + Jazz),guitarset___04_SS3-98-C_comp_mix
1907,-17.3191,1.5755385,3 (Classical + Groove + Jazz),guitarset___05_BN1-129-Eb_comp_mix
1908,-17.11484,1.3434979,3 (Classical + Groove + Jazz),guitarset___05_BN1-147-Gb_comp_mix
1909,-15.990098,1.2478389,3 (Classical + Groove + Jazz),guitarset___05_BN2-131-B_comp_mix
1910,-16.961685,1.5502393,3 (Classical + Groove + Jazz),guitarset___05_BN2-166-Ab_comp_mix
1911,-16.9252,0.9337287,3 (Classical + Groove + Jazz),guitarset___05_BN3-119-G_comp_mix
1912,-17.621977,2.2187912,3 (Classical + Groove + Jazz),guitarset___05_BN3-154-E_comp_mix
1913,-12.747534,-2.8524902,3 (Classical + Groove + Jazz),guitarset___05_Funk1-114-Ab_comp_mix
1914,-12.701278,-2.9821303,3 (Classical + Groove + Jazz),guitarset___05_Funk1-97-C_comp_mix
1915,-12.618732,-2.836219,3 (Classical + Groove + Jazz),guitarset___05_Funk2-108-Eb_comp_mix
1916,-12.830238,-3.0696359,3 (Classical + Groove + Jazz),guitarset___05_Funk2-119-G_comp_mix
1917,-12.995184,-2.6190915,3 (Classical + Groove + Jazz),guitarset___05_Funk3-112-C#_comp_mix
1918,-13.079119,-2.8027756,3 (Classical + Groove + Jazz),guitarset___05_Funk3-98-A_comp_mix
1919,-13.3827715,-2.2418032,3 (Classical + Groove + Jazz),guitarset___05_Jazz1-130-D_comp_mix
1920,-14.145886,-1.920662,3 (Classical + Groove + Jazz),guitarset___05_Jazz1-200-B_comp_mix
1921,-14.639222,-0.8356298,3 (Classical + Groove + Jazz),guitarset___05_Jazz2-110-Bb_comp_mix
1922,-13.414595,-0.90490484,3 (Classical + Groove + Jazz),guitarset___05_Jazz2-187-F#_comp_mix
1923,-13.306214,-1.5164832,3 (Classical + Groove + Jazz),guitarset___05_Jazz3-137-Eb_comp_mix
1924,-13.674444,-1.5416887,3 (Classical + Groove + Jazz),guitarset___05_Jazz3-150-C_comp_mix
1925,-5.3686085,1.2311015,1 (Jazz + Pop),guitarset___05_Rock1-130-A_comp_mix
1926,-10.513632,-1.2598015,3 (Classical + Groove + Jazz),guitarset___05_Rock1-90-C#_comp_mix
1927,-11.849141,-0.12724926,3 (Classical + Groove + Jazz),guitarset___05_Rock2-142-D_comp_mix
1928,-12.509809,-1.0526799,3 (Classical + Groove + Jazz),guitarset___05_Rock2-85-F_comp_mix
1929,-10.999224,-0.9108626,3 (Classical + Groove + Jazz),guitarset___05_Rock3-117-Bb_comp_mix
1930,-12.029589,-2.3576076,3 (Classical + Groove + Jazz),guitarset___05_Rock3-148-C_comp_mix
1931,-15.291518,2.8579085,3 (Classical + Groove + Jazz),guitarset___05_SS1-100-C#_comp_mix
1932,-16.976612,3.315099,3 (Classical + Groove + Jazz),guitarset___05_SS1-68-E_comp_mix
1933,-16.843443,2.3451812,3 (Classical + Groove + Jazz),guitarset___05_SS2-107-Ab_comp_mix
1934,-16.759464,3.1198304,3 (Classical + Groove + Jazz),guitarset___05_SS2-88-F_comp_mix
1935,-15.275021,0.554327,3 (Classical + Groove + Jazz),guitarset___05_SS3-84-Bb_comp_mix
1936,-17.045979,3.2391827,3 (Classical + Groove + Jazz),guitarset___05_SS3-98-C_comp_mix
1937,12.222543,0.29257149,2 (Pop + Rock + HJDB + Hip-Hop),hainsworth___hainsworth_001
1938,10.139696,2.3429787,2 (Pop + Rock + HJDB + Hip-Hop),hainsworth___hainsworth_002
1939,6.241078,1.8230158,2 (Pop + Rock + HJDB + Hip-Hop),hainsworth___hainsworth_003
1940,-15.398531,2.9405887,3 (Classical + Groove + Jazz),hainsworth___hainsworth_006
1941,-12.875999,6.1132426,3 (Classical + Groove + Jazz),hainsworth___hainsworth_007
1942,2.7029877,-3.7564192,1 (Jazz + Pop),hainsworth___hainsworth_008
1943,-1.9974203,-3.0981035,1 (Jazz + Pop),hainsworth___hainsworth_009
1944,12.314891,3.8316512,2 (Pop + Rock + HJDB + Hip-Hop),hainsworth___hainsworth_010
1945,13.56784,2.7510974,2 (Pop + Rock + HJDB + Hip-Hop),hainsworth___hainsworth_011
1946,-14.190434,4.247062,3 (Classical + Groove + Jazz),hainsworth___hainsworth_012
1947,-10.902642,2.6440692,3 (Classical + Groove + Jazz),hainsworth___hainsworth_013
1948,9.934073,1.1847707,2 (Pop + Rock + HJDB + Hip-Hop),hainsworth___hainsworth_015
1949,-5.896913,-1.4528238,3 (Classical + Groove + Jazz),hainsworth___hainsworth_016
1950,13.267072,0.6631154,2 (Pop + Rock + HJDB + Hip-Hop),hainsworth___hainsworth_017
1951,5.6790347,2.2632158,2 (Pop + Rock + HJDB + Hip-Hop),hainsworth___hainsworth_018
1952,12.460076,2.8095553,2 (Pop + Rock + HJDB + Hip-Hop),hainsworth___hainsworth_019
1953,-0.75418526,-2.9709034,1 (Jazz + Pop),hainsworth___hainsworth_020
1954,10.632324,2.2803574,2 (Pop + Rock + HJDB + Hip-Hop),hainsworth___hainsworth_021
1955,6.5088444,2.5442846,2 (Pop + Rock + HJDB + Hip-Hop),hainsworth___hainsworth_022
1956,5.7168746,3.102435,2 (Pop + Rock + HJDB + Hip-Hop),hainsworth___hainsworth_023
1957,-4.9071784,-0.2957536,1 (Jazz + Pop),hainsworth___hainsworth_024
1958,14.360075,3.921873,2 (Pop + Rock + HJDB + Hip-Hop),hainsworth___hainsworth_025
1959,3.8169484,3.4947662,1 (Jazz + Pop),hainsworth___hainsworth_035
1960,5.773154,4.0977483,2 (Pop + Rock + HJDB + Hip-Hop),hainsworth___hainsworth_036
1961,-6.699935,-1.082199,3 (Classical + Groove + Jazz),hainsworth___hainsworth_037
1962,11.39193,1.9372035,2 (Pop + Rock + HJDB + Hip-Hop),hainsworth___hainsworth_038
1963,1.6997312,-3.3522863,1 (Jazz + Pop),hainsworth___hainsworth_039
1964,8.892807,-0.59126496,2 (Pop + Rock + HJDB + Hip-Hop),hainsworth___hainsworth_040
1965,9.573235,0.104570426,2 (Pop + Rock + HJDB + Hip-Hop),hainsworth___hainsworth_041
1966,7.1175504,2.1871927,2 (Pop + Rock + HJDB + Hip-Hop),hainsworth___hainsworth_042
1967,0.5326209,0.018232306,1 (Jazz + Pop),hainsworth___hainsworth_043
1968,4.7830377,2.3187983,1 (Jazz + Pop),hainsworth___hainsworth_045
1969,13.101453,3.945007,2 (Pop + Rock + HJDB + Hip-Hop),hainsworth___hainsworth_046
1970,14.764093,2.8515823,2 (Pop + Rock + HJDB + Hip-Hop),hainsworth___hainsworth_047
1971,6.3973317,3.537017,2 (Pop + Rock + HJDB + Hip-Hop),hainsworth___hainsworth_048
1972,-2.2369113,-2.3057544,1 (Jazz + Pop),hainsworth___hainsworth_049
1973,15.514736,3.9815516,2 (Pop + Rock + HJDB + Hip-Hop),hainsworth___hainsworth_050
1974,2.141926,-1.3197546,1 (Jazz + Pop),hainsworth___hainsworth_051
1975,12.580935,-0.0567552,2 (Pop + Rock + HJDB + Hip-Hop),hainsworth___hainsworth_052
1976,11.184862,2.5438797,2 (Pop + Rock + HJDB + Hip-Hop),hainsworth___hainsworth_053
1977,14.487154,1.6343899,2 (Pop + Rock + HJDB + Hip-Hop),hainsworth___hainsworth_054
1978,15.117147,2.845706,2 (Pop + Rock + HJDB + Hip-Hop),hainsworth___hainsworth_055
1979,-4.4048667,-0.46122882,1 (Jazz + Pop),hainsworth___hainsworth_056
1980,-4.4226294,0.78772646,1 (Jazz + Pop),hainsworth___hainsworth_057
1981,-5.4483466,-1.136905,1 (Jazz + Pop),hainsworth___hainsworth_058
1982,-6.4838324,-0.18737598,3 (Classical + Groove + Jazz),hainsworth___hainsworth_059
1983,0.42280522,1.6902872,1 (Jazz + Pop),hainsworth___hainsworth_060
1984,-7.0272303,-2.38666,3 (Classical + Groove + Jazz),hainsworth___hainsworth_061
1985,-5.032813,-0.25017622,1 (Jazz + Pop),hainsworth___hainsworth_062
1986,3.836227,4.9437037,1 (Jazz + Pop),hainsworth___hainsworth_063
1987,13.463744,-0.89644796,2 (Pop + Rock + HJDB + Hip-Hop),hainsworth___hainsworth_064
1988,3.0955787,-1.3600932,1 (Jazz + Pop),hainsworth___hainsworth_065
1989,-6.5270333,-2.0040932,3 (Classical + Groove + Jazz),hainsworth___hainsworth_066
1990,-1.4150622,-3.798019,1 (Jazz + Pop),hainsworth___hainsworth_067
1991,-7.875489,-3.024531,3 (Classical + Groove + Jazz),hainsworth___hainsworth_068
1992,-5.003465,-0.86892116,1 (Jazz + Pop),hainsworth___hainsworth_069
1993,-3.8082664,2.4437172,1 (Jazz + Pop),hainsworth___hainsworth_070
1994,3.21131,1.1623639,1 (Jazz + Pop),hainsworth___hainsworth_071
1995,11.226615,4.169192,2 (Pop + Rock + HJDB + Hip-Hop),hainsworth___hainsworth_072
1996,-1.2538857,-2.3571594,1 (Jazz + Pop),hainsworth___hainsworth_073
1997,-6.1469455,-0.24295397,3 (Classical + Groove + Jazz),hainsworth___hainsworth_074
1998,-3.920343,2.3986135,1 (Jazz + Pop),hainsworth___hainsworth_075
1999,-9.641802,2.0436268,3 (Classical + Groove + Jazz),hainsworth___hainsworth_076
2000,-9.071908,4.2292037,3 (Classical + Groove + Jazz),hainsworth___hainsworth_077
2001,-5.873286,-2.052441,3 (Classical + Groove + Jazz),hainsworth___hainsworth_078
2002,11.315739,1.0673367,2 (Pop + Rock + HJDB + Hip-Hop),hainsworth___hainsworth_079
2003,4.405744,0.3990054,1 (Jazz + Pop),hainsworth___hainsworth_080
2004,9.814711,1.723199,2 (Pop + Rock + HJDB + Hip-Hop),hainsworth___hainsworth_081
2005,12.891223,0.17056777,2 (Pop + Rock + HJDB + Hip-Hop),hainsworth___hainsworth_082
2006,3.59763,2.7861247,1 (Jazz + Pop),hainsworth___hainsworth_083
2007,12.513585,2.835654,2 (Pop + Rock + HJDB + Hip-Hop),hainsworth___hainsworth_084
2008,3.166887,1.9616879,1 (Jazz + Pop),hainsworth___hainsworth_085
2009,12.255861,0.6943785,2 (Pop + Rock + HJDB + Hip-Hop),hainsworth___hainsworth_086
2010,12.380567,2.2197747,2 (Pop + Rock + HJDB + Hip-Hop),hainsworth___hainsworth_087
2011,4.2157593,-0.16334598,1 (Jazz + Pop),hainsworth___hainsworth_088
2012,4.5993433,4.2062616,1 (Jazz + Pop),hainsworth___hainsworth_089
2013,10.744767,4.7821527,2 (Pop + Rock + HJDB + Hip-Hop),hainsworth___hainsworth_090
2014,2.7558365,1.732597,1 (Jazz + Pop),hainsworth___hainsworth_091
2015,-3.0676928,-3.9747267,1 (Jazz + Pop),hainsworth___hainsworth_092
2016,6.884077,2.2147276,2 (Pop + Rock + HJDB + Hip-Hop),hainsworth___hainsworth_093
2017,-5.553744,-1.984349,1 (Jazz + Pop),hainsworth___hainsworth_094
2018,10.843751,1.3328811,2 (Pop + Rock + HJDB + Hip-Hop),hainsworth___hainsworth_095
2019,4.9330773,0.889901,1 (Jazz + Pop),hainsworth___hainsworth_096
2020,2.7198577,-0.05486336,1 (Jazz + Pop),hainsworth___hainsworth_097
2021,11.959249,1.2657281,2 (Pop + Rock + HJDB + Hip-Hop),hainsworth___hainsworth_098
2022,1.1927667,-0.063006386,1 (Jazz + Pop),hainsworth___hainsworth_099
2023,16.34611,1.8601414,2 (Pop + Rock + HJDB + Hip-Hop),hainsworth___hainsworth_100
2024,-4.116639,-2.1935453,1 (Jazz + Pop),hainsworth___hainsworth_102
2025,-13.021933,2.4867048,3 (Classical + Groove + Jazz),hainsworth___hainsworth_103
2026,6.1776934,2.9424255,2 (Pop + Rock + HJDB + Hip-Hop),hainsworth___hainsworth_104
2027,-5.911753,-1.6260383,3 (Classical + Groove + Jazz),hainsworth___hainsworth_106
2028,-8.180295,3.1469707,3 (Classical + Groove + Jazz),hainsworth___hainsworth_107
2029,-5.1921544,-2.2357414,1 (Jazz + Pop),hainsworth___hainsworth_108
2030,-5.3075256,-1.1481351,1 (Jazz + Pop),hainsworth___hainsworth_110
2031,-8.628761,0.16256756,3 (Classical + Groove + Jazz),hainsworth___hainsworth_111
2032,-2.6246147,-2.6455226,1 (Jazz + Pop),hainsworth___hainsworth_112
2033,-4.882258,-2.400798,1 (Jazz + Pop),hainsworth___hainsworth_113
2034,2.800555,3.0967557,1 (Jazz + Pop),hainsworth___hainsworth_114
2035,-5.5987253,-1.9602491,1 (Jazz + Pop),hainsworth___hainsworth_115
2036,-2.5290089,-0.6538953,1 (Jazz + Pop),hainsworth___hainsworth_117
2037,-3.4326594,-2.401412,1 (Jazz + Pop),hainsworth___hainsworth_118
2038,-3.8710668,-2.6447122,1 (Jazz + Pop),hainsworth___hainsworth_119
2039,-4.026349,-3.7648928,1 (Jazz + Pop),hainsworth___hainsworth_120
2040,-17.466326,2.5679107,3 (Classical + Groove + Jazz),hainsworth___hainsworth_121
2041,-17.66018,2.1402323,3 (Classical + Groove + Jazz),hainsworth___hainsworth_122
2042,-13.400862,2.813086,3 (Classical + Groove + Jazz),hainsworth___hainsworth_123
2043,-16.332378,2.116663,3 (Classical + Groove + Jazz),hainsworth___hainsworth_124
2044,-15.293731,1.575937,3 (Classical + Groove + Jazz),hainsworth___hainsworth_125
2045,-16.708323,1.3945467,3 (Classical + Groove + Jazz),hainsworth___hainsworth_126
2046,-15.822146,1.5655677,3 (Classical + Groove + Jazz),hainsworth___hainsworth_127
2047,-14.716027,-1.3049278,3 (Classical + Groove + Jazz),hainsworth___hainsworth_128
2048,-10.685262,1.3344872,3 (Classical + Groove + Jazz),hainsworth___hainsworth_129
2049,-15.696046,0.58095926,3 (Classical + Groove + Jazz),hainsworth___hainsworth_130
2050,-17.001717,2.2019744,3 (Classical + Groove + Jazz),hainsworth___hainsworth_131
2051,-15.412292,1.3774666,3 (Classical + Groove + Jazz),hainsworth___hainsworth_132
2052,-15.591904,0.81779593,3 (Classical + Groove + Jazz),hainsworth___hainsworth_133
2053,-15.699875,1.0871756,3 (Classical + Groove + Jazz),hainsworth___hainsworth_134
2054,-15.149381,1.145915,3 (Classical + Groove + Jazz),hainsworth___hainsworth_135
2055,3.4423215,-3.420222,1 (Jazz + Pop),hainsworth___hainsworth_137
2056,15.044523,3.7576926,2 (Pop + Rock + HJDB + Hip-Hop),hainsworth___hainsworth_138
2057,11.98034,2.939365,2 (Pop + Rock + HJDB + Hip-Hop),hainsworth___hainsworth_139
2058,-6.7519827,-0.7573835,3 (Classical + Groove + Jazz),hainsworth___hainsworth_140
2059,9.50713,-3.1950085,2 (Pop + Rock + HJDB + Hip-Hop),hainsworth___hainsworth_141
2060,17.284645,3.3899236,2 (Pop + Rock + HJDB + Hip-Hop),hainsworth___hainsworth_143
2061,-3.3213506,-3.0781026,1 (Jazz + Pop),hainsworth___hainsworth_144
2062,2.6964562,1.6210303,1 (Jazz + Pop),hainsworth___hainsworth_145
2063,4.451775,1.3895184,1 (Jazz + Pop),hainsworth___hainsworth_146
2064,-6.4124827,-3.4893923,3 (Classical + Groove + Jazz),hainsworth___hainsworth_147
2065,-1.5974844,3.739187,1 (Jazz + Pop),hainsworth___hainsworth_148
2066,-6.6138573,3.4416337,3 (Classical + Groove + Jazz),hainsworth___hainsworth_149
2067,10.511056,3.3712776,2 (Pop + Rock + HJDB + Hip-Hop),hainsworth___hainsworth_150
2068,13.339244,3.8622541,2 (Pop + Rock + HJDB + Hip-Hop),hainsworth___hainsworth_151
2069,-15.224509,-1.4415683,3 (Classical + Groove + Jazz),hainsworth___hainsworth_152
2070,14.849978,0.734704,2 (Pop + Rock + HJDB + Hip-Hop),hainsworth___hainsworth_153
2071,6.1999154,0.024713004,2 (Pop + Rock + HJDB + Hip-Hop),hainsworth___hainsworth_154
2072,11.010258,-2.601823,2 (Pop + Rock + HJDB + Hip-Hop),hainsworth___hainsworth_155
2073,7.362065,-4.830653,2 (Pop + Rock + HJDB + Hip-Hop),hainsworth___hainsworth_156
2074,8.949865,-0.24425618,2 (Pop + Rock + HJDB + Hip-Hop),hainsworth___hainsworth_157
2075,10.509068,-0.97039014,2 (Pop + Rock + HJDB + Hip-Hop),hainsworth___hainsworth_158
2076,17.788519,3.0482144,2 (Pop + Rock + HJDB + Hip-Hop),hainsworth___hainsworth_159
2077,15.113329,-0.71864074,2 (Pop + Rock + HJDB + Hip-Hop),hainsworth___hainsworth_160
2078,13.972299,0.6475542,2 (Pop + Rock + HJDB + Hip-Hop),hainsworth___hainsworth_161
2079,-2.8490856,-3.8640323,1 (Jazz + Pop),hainsworth___hainsworth_162
2080,11.374291,0.88166237,2 (Pop + Rock + HJDB + Hip-Hop),hainsworth___hainsworth_163
2081,6.635547,-0.56155705,2 (Pop + Rock + HJDB + Hip-Hop),hainsworth___hainsworth_164
2082,6.1283216,2.712735,2 (Pop + Rock + HJDB + Hip-Hop),hainsworth___hainsworth_165
2083,9.6766205,6.449293,2 (Pop + Rock + HJDB + Hip-Hop),hainsworth___hainsworth_166
2084,4.1594543,4.612321,1 (Jazz + Pop),hainsworth___hainsworth_167
2085,1.0570412,3.5270312,1 (Jazz + Pop),hainsworth___hainsworth_168
2086,-0.57735014,-4.0027814,1 (Jazz + Pop),hainsworth___hainsworth_169
2087,3.4670513,-1.009739,1 (Jazz + Pop),hainsworth___hainsworth_170
2088,-2.0807922,-2.1012208,1 (Jazz + Pop),hainsworth___hainsworth_171
2089,4.129886,3.3658853,1 (Jazz + Pop),hainsworth___hainsworth_172
2090,15.498083,2.858824,2 (Pop + Rock + HJDB + Hip-Hop),hainsworth___hainsworth_173
2091,6.471138,-1.9392389,1 (Jazz + Pop),hainsworth___hainsworth_174
2092,15.974993,2.0842588,2 (Pop + Rock + HJDB + Hip-Hop),hainsworth___hainsworth_175
2093,11.695182,-1.1977897,2 (Pop + Rock + HJDB + Hip-Hop),hainsworth___hainsworth_176
2094,11.346978,-0.5307604,2 (Pop + Rock + HJDB + Hip-Hop),hainsworth___hainsworth_177
2095,9.9043455,-0.08080876,2 (Pop + Rock + HJDB + Hip-Hop),hainsworth___hainsworth_178
2096,11.959064,1.9074492,2 (Pop + Rock + HJDB + Hip-Hop),hainsworth___hainsworth_179
2097,5.3447156,-2.6460378,1 (Jazz + Pop),hainsworth___hainsworth_180
2098,6.537184,-4.8928266,1 (Jazz + Pop),hainsworth___hainsworth_181
2099,12.506149,-2.0228713,2 (Pop + Rock + HJDB + Hip-Hop),hainsworth___hainsworth_182
2100,11.652727,-2.700723,2 (Pop + Rock + HJDB + Hip-Hop),hainsworth___hainsworth_183
2101,7.474126,-3.8070424,2 (Pop + Rock + HJDB + Hip-Hop),hainsworth___hainsworth_184
2102,9.68309,0.043390263,2 (Pop + Rock + HJDB + Hip-Hop),hainsworth___hainsworth_185
2103,11.217449,-0.89516854,2 (Pop + Rock + HJDB + Hip-Hop),hainsworth___hainsworth_186
2104,10.372334,-1.5630143,2 (Pop + Rock + HJDB + Hip-Hop),hainsworth___hainsworth_187
2105,-9.956783,-5.0407124,3 (Classical + Groove + Jazz),hainsworth___hainsworth_188
2106,-15.494165,4.5034204,3 (Classical + Groove + Jazz),hainsworth___hainsworth_189
2107,-13.109806,1.8354304,3 (Classical + Groove + Jazz),hainsworth___hainsworth_190
2108,-16.265137,3.3765173,3 (Classical + Groove + Jazz),hainsworth___hainsworth_191
2109,-15.170175,0.8954817,3 (Classical + Groove + Jazz),hainsworth___hainsworth_193
2110,-11.027467,2.945884,3 (Classical + Groove + Jazz),hainsworth___hainsworth_194
2111,5.4143043,5.0939956,2 (Pop + Rock + HJDB + Hip-Hop),hainsworth___hainsworth_195
2112,-3.4287932,2.8311455,1 (Jazz + Pop),hainsworth___hainsworth_196
2113,-4.199301,-2.834216,1 (Jazz + Pop),hainsworth___hainsworth_197
2114,-3.796345,-3.1890516,1 (Jazz + Pop),hainsworth___hainsworth_198
2115,0.41542223,0.03587614,1 (Jazz + Pop),hainsworth___hainsworth_200
2116,-15.566572,1.049203,3 (Classical + Groove + Jazz),hainsworth___hainsworth_201
2117,0.7477611,2.4829412,1 (Jazz + Pop),hainsworth___hainsworth_202
2118,-14.990666,2.9162822,3 (Classical + Groove + Jazz),hainsworth___hainsworth_205
2119,-13.738261,2.8110647,3 (Classical + Groove + Jazz),hainsworth___hainsworth_206
2120,-9.058555,0.58194155,3 (Classical + Groove + Jazz),hainsworth___hainsworth_207
2121,-7.9942575,0.81312084,3 (Classical + Groove + Jazz),hainsworth___hainsworth_208
2122,-17.422033,2.2486472,3 (Classical + Groove + Jazz),hainsworth___hainsworth_209
2123,3.89652,4.3632407,1 (Jazz + Pop),hainsworth___hainsworth_210
2124,4.2523303,4.2608776,1 (Jazz + Pop),hainsworth___hainsworth_211
2125,0.3467839,-0.7388888,1 (Jazz + Pop),hainsworth___hainsworth_212
2126,4.408522,-1.7124976,1 (Jazz + Pop),hainsworth___hainsworth_213
2127,-2.2114954,-0.28908294,1 (Jazz + Pop),hainsworth___hainsworth_214
2128,-0.06194785,-0.757722,1 (Jazz + Pop),hainsworth___hainsworth_215
2129,-2.8824918,0.017585648,1 (Jazz + Pop),hainsworth___hainsworth_216
2130,-2.1940224,-0.8339391,1 (Jazz + Pop),hainsworth___hainsworth_217
2131,-13.451364,-1.2508283,3 (Classical + Groove + Jazz),hainsworth___hainsworth_218
2132,-14.982658,1.856698,3 (Classical + Groove + Jazz),hainsworth___hainsworth_219
2133,-13.788911,1.1059439,3 (Classical + Groove + Jazz),hainsworth___hainsworth_220
2134,-15.567946,1.7386451,3 (Classical + Groove + Jazz),hainsworth___hainsworth_221
2135,-4.501042,-3.7277024,1 (Jazz + Pop),hainsworth___hainsworth_222
2136,-5.27454,-3.4768665,1 (Jazz + Pop),hainsworth___hainsworth_223
2137,5.012144,3.666765,1 (Jazz + Pop),hainsworth___hainsworth_224
2138,1.2334492,0.090814956,1 (Jazz + Pop),hainsworth___hainsworth_225
2139,16.151573,0.3504355,2 (Pop + Rock + HJDB + Hip-Hop),hainsworth___hainsworth_226
2140,17.20243,3.5090163,2 (Pop + Rock + HJDB + Hip-Hop),hainsworth___hainsworth_227
2141,9.991697,-0.60658056,2 (Pop + Rock + HJDB + Hip-Hop),hainsworth___hainsworth_228
2142,-2.688259,-2.7047129,1 (Jazz + Pop),hainsworth___hainsworth_229
2143,10.3762665,-3.567209,2 (Pop + Rock + HJDB + Hip-Hop),hainsworth___hainsworth_230
2144,10.135688,-1.0973434,2 (Pop + Rock + HJDB + Hip-Hop),hainsworth___hainsworth_231
2145,11.545274,1.6520689,2 (Pop + Rock + HJDB + Hip-Hop),hainsworth___hainsworth_232
2146,12.68179,1.8585873,2 (Pop + Rock + HJDB + Hip-Hop),hainsworth___hainsworth_233
2147,-0.5896847,-0.5399805,1 (Jazz + Pop),hainsworth___hainsworth_234
2148,-2.2224083,-5.385949,1 (Jazz + Pop),hainsworth___hainsworth_235
2149,5.5588646,-1.3264303,1 (Jazz + Pop),hainsworth___hainsworth_236
2150,10.248407,0.29454094,2 (Pop + Rock + HJDB + Hip-Hop),hainsworth___hainsworth_237
2151,6.8685913,0.3568662,2 (Pop + Rock + HJDB + Hip-Hop),hainsworth___hainsworth_238
2152,13.003663,3.0865872,2 (Pop + Rock + HJDB + Hip-Hop),hainsworth___hainsworth_239
2153,-0.51332134,1.8772633,1 (Jazz + Pop),hainsworth___hainsworth_240
2154,-7.1095834,-1.6715356,3 (Classical + Groove + Jazz),hainsworth___hainsworth_241
2155,-6.0602856,-0.8582245,3 (Classical + Groove + Jazz),hainsworth___hainsworth_242
2156,-0.3202233,2.2434666,1 (Jazz + Pop),hainsworth___hainsworth_243
2157,-6.6427026,-0.22157289,3 (Classical + Groove + Jazz),hainsworth___hainsworth_244
2158,-14.258482,3.1890495,3 (Classical + Groove + Jazz),hainsworth___hainsworth_245
2159,-0.32593668,-5.23372,1 (Jazz + Pop),harmonix___0001_12step
2160,8.482026,-0.88146424,2 (Pop + Rock + HJDB + Hip-Hop),harmonix___0003_6foot7foot
2161,14.022474,-0.8949727,2 (Pop + Rock + HJDB + Hip-Hop),harmonix___0004_abc
2162,17.696041,3.2969317,2 (Pop + Rock + HJDB + Hip-Hop),harmonix___0005_again
2163,6.0467925,0.80548906,2 (Pop + Rock + HJDB + Hip-Hop),harmonix___0006_aint2proud2beg
2164,1.7756084,-0.0018843933,1 (Jazz + Pop),harmonix___0008_america
2165,14.725557,2.579785,2 (Pop + Rock + HJDB + Hip-Hop),harmonix___0009_americanmusic
2166,0.18231982,-4.93415,1 (Jazz + Pop),harmonix___0010_andjusticeforall
2167,13.301886,3.921229,2 (Pop + Rock + HJDB + Hip-Hop),harmonix___0011_areyouexperienced
2168,0.2678176,-4.878176,1 (Jazz + Pop),harmonix___0012_aroundtheworld
2169,17.484064,2.7043679,2 (Pop + Rock + HJDB + Hip-Hop),harmonix___0013_athingaboutyou
2170,13.2526245,2.8363037,2 (Pop + Rock + HJDB + Hip-Hop),harmonix___0014_babaoriley
2171,3.3774533,-3.8335464,1 (Jazz + Pop),harmonix___0015_babygotback
2172,4.911019,-1.862658,1 (Jazz + Pop),harmonix___0017_badromance
2173,12.006938,-1.6606975,2 (Pop + Rock + HJDB + Hip-Hop),harmonix___0018_bassdownlow
2174,-1.3644744,-2.018158,1 (Jazz + Pop),harmonix___0020_becauseofyou
2175,14.711451,3.646222,2 (Pop + Rock + HJDB + Hip-Hop),harmonix___0021_better
2176,9.296976,0.27023256,2 (Pop + Rock + HJDB + Hip-Hop),harmonix___0022_betteroffalone
2177,2.8843763,-4.174137,1 (Jazz + Pop),harmonix___0023_bewareoftheboys
2178,12.4800005,-1.5893031,2 (Pop + Rock + HJDB + Hip-Hop),harmonix___0024_billionaire
2179,10.364495,-2.6677618,2 (Pop + Rock + HJDB + Hip-Hop),harmonix___0026_blackandyellow
2180,13.170967,2.8378007,2 (Pop + Rock + HJDB + Hip-Hop),harmonix___0027_blackened
2181,16.628038,4.217056,2 (Pop + Rock + HJDB + Hip-Hop),harmonix___0028_blackmagic
2182,13.882988,2.4711044,2 (Pop + Rock + HJDB + Hip-Hop),harmonix___0030_bodymovin
2183,12.22984,4.383934,2 (Pop + Rock + HJDB + Hip-Hop),harmonix___0032_boomboompow
2184,5.5645084,-5.0020137,1 (Jazz + Pop),harmonix___0035_boyfriend
2185,10.261972,3.3449254,2 (Pop + Rock + HJDB + Hip-Hop),harmonix___0036_breakingthegirl
2186,14.529604,2.4444678,2 (Pop + Rock + HJDB + Hip-Hop),harmonix___0037_breakyourheart
2187,17.610285,2.99438,2 (Pop + Rock + HJDB + Hip-Hop),harmonix___0038_bringmetolife
2188,12.941166,-0.02058103,2 (Pop + Rock + HJDB + Hip-Hop),harmonix___0039_bulletproof
2189,4.9217873,-1.7903303,1 (Jazz + Pop),harmonix___0040_bustamove
2190,0.9069292,-1.3571712,1 (Jazz + Pop),harmonix___0041_calabria
2191,2.573542,-1.0517346,1 (Jazz + Pop),harmonix___0042_callme
2192,8.7017765,-3.4287121,2 (Pop + Rock + HJDB + Hip-Hop),harmonix___0043_callmemaybe
2193,12.634572,3.5852957,2 (Pop + Rock + HJDB + Hip-Hop),harmonix___0044_cameraeye
2194,0.10172366,-1.2817535,1 (Jazz + Pop),harmonix___0045_cantgetyououtofmyhead
2195,5.034285,-1.1285127,1 (Jazz + Pop),harmonix___0046_castlesmadeofsand
2196,10.769581,3.1892018,2 (Pop + Rock + HJDB + Hip-Hop),harmonix___0047_chinacatsunflower
2197,0.9224301,-3.6849957,1 (Jazz + Pop),harmonix___0048_chingaling
2198,4.206332,0.0048570237,1 (Jazz + Pop),harmonix___0049_closer
2199,14.936493,1.4260092,2 (Pop + Rock + HJDB + Hip-Hop),harmonix___0050_clubcanthandleme
2200,16.508032,1.642603,2 (Pop + Rock + HJDB + Hip-Hop),harmonix___0052_collector
2201,15.698443,1.6659319,2 (Pop + Rock + HJDB + Hip-Hop),harmonix___0053_commander
2202,1.6605512,-4.857292,1 (Jazz + Pop),harmonix___0054_conceited
2203,15.748172,3.9018016,2 (Pop + Rock + HJDB + Hip-Hop),harmonix___0055_constantmotion
2204,-0.99320656,-4.041259,1 (Jazz + Pop),harmonix___0056_control
2205,7.0476785,-4.879357,1 (Jazz + Pop),harmonix___0057_crankthat
2206,16.559538,2.804999,2 (Pop + Rock + HJDB + Hip-Hop),harmonix___0058_criticalacclaim
2207,3.199556,-6.4844513,1 (Jazz + Pop),harmonix___0059_cupidshuffle
2208,9.897596,0.63401645,2 (Pop + Rock + HJDB + Hip-Hop),harmonix___0061_dabutt
2209,14.934686,1.2963556,2 (Pop + Rock + HJDB + Hip-Hop),harmonix___0062_dance
2210,4.45395,-0.8880584,1 (Jazz + Pop),harmonix___0063_daysgoby
2211,15.92322,2.8873727,2 (Pop + Rock + HJDB + Hip-Hop),harmonix___0065_deadandbloated
2212,16.918373,0.48265326,2 (Pop + Rock + HJDB + Hip-Hop),harmonix___0066_decentdaysandnights
2213,16.325502,3.8105822,2 (Pop + Rock + HJDB + Hip-Hop),harmonix___0067_deep
2214,15.936223,4.2950883,2 (Pop + Rock + HJDB + Hip-Hop),harmonix___0068_devilsisland
2215,17.536697,3.4498038,2 (Pop + Rock + HJDB + Hip-Hop),harmonix___0069_digginmedown
2216,3.7533753,-3.340091,1 (Jazz + Pop),harmonix___0070_dipitlow
2217,5.7640557,3.1758976,2 (Pop + Rock + HJDB + Hip-Hop),harmonix___0071_dirtypool
2218,9.819706,-0.74556565,2 (Pop + Rock + HJDB + Hip-Hop),harmonix___0072_discoinferno
2219,11.56285,-2.470217,2 (Pop + Rock + HJDB + Hip-Hop),harmonix___0073_disturbia
2220,11.295878,-1.8883264,2 (Pop + Rock + HJDB + Hip-Hop),harmonix___0074_djgotusfallininlove
2221,6.982718,-0.11808227,2 (Pop + Rock + HJDB + Hip-Hop),harmonix___0075_dontcha
2222,6.67707,-1.0675411,2 (Pop + Rock + HJDB + Hip-Hop),harmonix___0077_dontsweat
2223,8.535715,-1.2813979,2 (Pop + Rock + HJDB + Hip-Hop),harmonix___0078_donttouchme
2224,10.36075,-2.3433528,2 (Pop + Rock + HJDB + Hip-Hop),harmonix___0079_dontyouwantme
2225,11.231579,1.507091,2 (Pop + Rock + HJDB + Hip-Hop),harmonix___0080_down
2226,5.730558,-2.6678119,1 (Jazz + Pop),harmonix___0081_downonme
2227,6.387984,-1.9095906,1 (Jazz + Pop),harmonix___0082_dragosteadintei
2228,16.017649,1.9187467,2 (Pop + Rock + HJDB + Hip-Hop),harmonix___0083_dragthewaters
2229,1.6272954,-5.730606,1 (Jazz + Pop),harmonix___0084_dropitlikeitshot
2230,7.4740405,0.04496113,2 (Pop + Rock + HJDB + Hip-Hop),harmonix___0085_electricboogie
2231,14.127861,-0.26492456,2 (Pop + Rock + HJDB + Hip-Hop),harmonix___0086_escapade
2232,14.11516,2.485912,2 (Pop + Rock + HJDB + Hip-Hop),harmonix___0087_evacuate
2233,14.945523,2.0549777,2 (Pop + Rock + HJDB + Hip-Hop),harmonix___0088_everybody
2234,16.395098,3.550817,2 (Pop + Rock + HJDB + Hip-Hop),harmonix___0090_fearofthedarklive
2235,11.745494,4.259519,2 (Pop + Rock + HJDB + Hip-Hop),harmonix___0091_fellonblackdays
2236,2.462832,-5.3577323,1 (Jazz + Pop),harmonix___0092_fergalicious
2237,15.242761,2.056602,2 (Pop + Rock + HJDB + Hip-Hop),harmonix___0093_fireburning
2238,7.582828,-3.3979666,2 (Pop + Rock + HJDB + Hip-Hop),harmonix___0094_fireflies
2239,11.047789,1.4426715,2 (Pop + Rock + HJDB + Hip-Hop),harmonix___0095_firework
2240,12.379965,4.0438533,2 (Pop + Rock + HJDB + Hip-Hop),harmonix___0096_fivemagics
2241,6.448599,0.0885542,2 (Pop + Rock + HJDB + Hip-Hop),harmonix___0098_floods
2242,7.4254856,-0.8742107,2 (Pop + Rock + HJDB + Hip-Hop),harmonix___0099_forgetyou
2243,2.5284057,1.8073865,1 (Jazz + Pop),harmonix___0100_futureperfecttense
2244,9.32192,-3.4943025,2 (Pop + Rock + HJDB + Hip-Hop),harmonix___0101_galang
2245,6.033828,-0.48534,1 (Jazz + Pop),harmonix___0102_gangstaluv
2246,11.119878,3.4267824,2 (Pop + Rock + HJDB + Hip-Hop),harmonix___0104_getbusy
2247,4.336533,-2.2188823,1 (Jazz + Pop),harmonix___0105_getdownonit
2248,5.96075,-4.6198072,1 (Jazz + Pop),harmonix___0106_getitshawty
2249,12.747017,-2.0478883,2 (Pop + Rock + HJDB + Hip-Hop),harmonix___0107_getlow
2250,9.282945,-1.7381779,2 (Pop + Rock + HJDB + Hip-Hop),harmonix___0108_getup
2251,2.9130507,-6.032149,1 (Jazz + Pop),harmonix___0109_geturfreakon
2252,11.108083,3.1358063,2 (Pop + Rock + HJDB + Hip-Hop),harmonix___0110_girlsandboys
2253,14.4143715,-0.053213228,2 (Pop + Rock + HJDB + Hip-Hop),harmonix___0111_girlsonfilm
2254,9.206545,-1.230274,2 (Pop + Rock + HJDB + Hip-Hop),harmonix___0112_giveitup
2255,0.5543022,-2.7096205,1 (Jazz + Pop),harmonix___0113_giveituptome
2256,11.38711,-1.6075824,2 (Pop + Rock + HJDB + Hip-Hop),harmonix___0114_givemeeverything
2257,7.6086345,-2.1076186,2 (Pop + Rock + HJDB + Hip-Hop),harmonix___0115_gonnamakeyousweat
2258,7.543605,-4.0022755,2 (Pop + Rock + HJDB + Hip-Hop),harmonix___0116_goodies
2259,17.290411,3.2388442,2 (Pop + Rock + HJDB + Hip-Hop),harmonix___0117_goodmorningblackfriday
2260,0.97154415,-6.001627,1 (Jazz + Pop),harmonix___0118_grenade
2261,17.4783,2.1058354,2 (Pop + Rock + HJDB + Hip-Hop),harmonix___0119_gunpowderandlead
2262,2.749442,-0.80257,1 (Jazz + Pop),harmonix___0122_heardemall
2263,15.850728,2.208613,2 (Pop + Rock + HJDB + Hip-Hop),harmonix___0123_heavyduty
2264,14.86724,-0.7068192,2 (Pop + Rock + HJDB + Hip-Hop),harmonix___0124_hello
2265,10.780903,-2.8472893,2 (Pop + Rock + HJDB + Hip-Hop),harmonix___0125_hellogoodmorning
2266,1.8251083,-6.186212,1 (Jazz + Pop),harmonix___0126_heymami
2267,10.764614,-3.0753822,2 (Pop + Rock + HJDB + Hip-Hop),harmonix___0127_hollabackgirl
2268,13.385899,3.821582,2 (Pop + Rock + HJDB + Hip-Hop),harmonix___0128_homecoming
2269,4.628772,-5.339335,1 (Jazz + Pop),harmonix___0129_hotinherre
2270,9.725878,-0.6344089,2 (Pop + Rock + HJDB + Hip-Hop),harmonix___0130_hotstuff
2271,7.0434566,-4.2950215,1 (Jazz + Pop),harmonix___0131_iamthebest
2272,-4.35714,-1.2658578,1 (Jazz + Pop),harmonix___0132_iceicebaby
2273,14.63903,1.3148097,2 (Pop + Rock + HJDB + Hip-Hop),harmonix___0133_ifeellove
2274,16.843601,0.95795655,2 (Pop + Rock + HJDB + Hip-Hop),harmonix___0134_igotmine
2275,11.352618,2.3766963,2 (Pop + Rock + HJDB + Hip-Hop),harmonix___0135_igottafeeling
2276,11.770123,-1.0375388,2 (Pop + Rock + HJDB + Hip-Hop),harmonix___0136_igotyoudancing
2277,3.3704927,-2.1703155,1 (Jazz + Pop),harmonix___0137_iknowyouwantme
2278,13.661011,1.6748741,2 (Pop + Rock + HJDB + Hip-Hop),harmonix___0138_ilikeit
2279,10.12292,-0.68127483,2 (Pop + Rock + HJDB + Hip-Hop),harmonix___0139_imcomingout
2280,8.890783,-1.1223309,2 (Pop + Rock + HJDB + Hip-Hop),harmonix___0140_impacto
2281,6.8667736,-5.6775675,1 (Jazz + Pop),harmonix___0141_indaclub
2282,12.3112755,4.2088885,2 (Pop + Rock + HJDB + Hip-Hop),harmonix___0142_indestructible
2283,8.597027,-0.593079,2 (Pop + Rock + HJDB + Hip-Hop),harmonix___0143_informer
2284,-0.39447153,-2.542938,1 (Jazz + Pop),harmonix___0144_ishotthesheriff
2285,4.4948773,3.0487208,1 (Jazz + Pop),harmonix___0145_iwantyouback
2286,16.811049,3.4295554,2 (Pop + Rock + HJDB + Hip-Hop),harmonix___0148_jesusofsuburbia
2287,16.000341,1.4665064,2 (Pop + Rock + HJDB + Hip-Hop),harmonix___0149_johnnyguitar
2288,8.898677,-3.0809233,2 (Pop + Rock + HJDB + Hip-Hop),harmonix___0150_justdance
2289,7.0264726,-4.770762,1 (Jazz + Pop),harmonix___0151_kingofdancehall
2290,4.8215084,0.28255612,1 (Jazz + Pop),harmonix___0152_kingofrock
2291,14.684482,-2.08005,2 (Pop + Rock + HJDB + Hip-Hop),harmonix___0153_lalaland
2292,6.921178,0.988224,2 (Pop + Rock + HJDB + Hip-Hop),harmonix___0155_lapdance
2293,2.9036553,-4.8161554,1 (Jazz + Pop),harmonix___0156_lastnight
2294,3.2179382,-5.60479,1 (Jazz + Pop),harmonix___0157_leanwitit
2295,15.4335,3.0690098,2 (Pop + Rock + HJDB + Hip-Hop),harmonix___0158_letitrock
2296,3.231757,-2.4446054,1 (Jazz + Pop),harmonix___0159_letthemusicplay
2297,7.9046373,0.28279367,2 (Pop + Rock + HJDB + Hip-Hop),harmonix___0160_likeag6
2298,12.322264,2.7762673,2 (Pop + Rock + HJDB + Hip-Hop),harmonix___0161_limelight
2299,17.331844,2.3099563,2 (Pop + Rock + HJDB + Hip-Hop),harmonix___0162_lobotomy
2300,2.1682844,-4.7981877,1 (Jazz + Pop),harmonix___0164_low
2301,12.608704,3.4052901,2 (Pop + Rock + HJDB + Hip-Hop),harmonix___0165_lucretia
2302,11.999082,-0.987299,2 (Pop + Rock + HJDB + Hip-Hop),harmonix___0166_macarena
2303,15.70515,-0.32461655,2 (Pop + Rock + HJDB + Hip-Hop),harmonix___0167_makesomenoise
2304,11.290201,1.0913925,2 (Pop + Rock + HJDB + Hip-Hop),harmonix___0168_maneater
2305,16.472845,3.0924191,2 (Pop + Rock + HJDB + Hip-Hop),harmonix___0169_manicdepression
2306,16.096577,2.188977,2 (Pop + Rock + HJDB + Hip-Hop),harmonix___0170_manyshadesofblack
2307,-3.6792352,4.512659,1 (Jazz + Pop),harmonix___0171_marchofthepigs
2308,4.5342474,-2.52002,1 (Jazz + Pop),harmonix___0172_marrythenight
2309,6.8884277,-0.7600072,2 (Pop + Rock + HJDB + Hip-Hop),harmonix___0173_massiveattack
2310,4.9298773,-1.1070417,1 (Jazz + Pop),harmonix___0174_maythisbelove
2311,13.077127,0.1503358,2 (Pop + Rock + HJDB + Hip-Hop),harmonix___0175_meddle
2312,17.3793,3.91146,2 (Pop + Rock + HJDB + Hip-Hop),harmonix___0176_megasus
2313,2.317898,-3.597411,1 (Jazz + Pop),harmonix___0177_milkshake
2314,10.6467285,0.69289654,2 (Pop + Rock + HJDB + Hip-Hop),harmonix___0178_mountainman
2315,2.6542666,-3.9584663,1 (Jazz + Pop),harmonix___0179_moveslikejagger
2316,8.017672,-2.845157,2 (Pop + Rock + HJDB + Hip-Hop),harmonix___0181_mrsaxobeat
2317,16.472717,2.4241958,2 (Pop + Rock + HJDB + Hip-Hop),harmonix___0182_mycurse
2318,17.40654,3.5321114,2 (Pop + Rock + HJDB + Hip-Hop),harmonix___0183_mynameisjonas
2319,6.156939,1.3859324,2 (Pop + Rock + HJDB + Hip-Hop),harmonix___0184_myprerogative
2320,5.946187,-4.560125,1 (Jazz + Pop),harmonix___0185_nasty
2321,15.978822,2.951877,2 (Pop + Rock + HJDB + Hip-Hop),harmonix___0186_nearlylostyou
2322,10.860821,1.4428446,2 (Pop + Rock + HJDB + Hip-Hop),harmonix___0189_neversaynever
2323,16.781105,2.6690035,2 (Pop + Rock + HJDB + Hip-Hop),harmonix___0190_newfang
2324,3.799039,2.8922436,1 (Jazz + Pop),harmonix___0191_newslang
2325,2.6448572,-3.7499065,1 (Jazz + Pop),harmonix___0194_nomoretears
2326,11.5731535,2.0495758,2 (Pop + Rock + HJDB + Hip-Hop),harmonix___0195_nookie
2327,-3.5810497,-3.49109,1 (Jazz + Pop),harmonix___0197_nothinonyou
2328,9.864813,0.71403736,2 (Pop + Rock + HJDB + Hip-Hop),harmonix___0198_nowthatwefoundlove
2329,17.288544,3.4944246,2 (Pop + Rock + HJDB + Hip-Hop),harmonix___0199_numberofthebeast2
2330,-3.4869184,3.6277103,1 (Jazz + Pop),harmonix___0200_oceansize
2331,12.534078,0.6061284,2 (Pop + Rock + HJDB + Hip-Hop),harmonix___0201_oh
2332,-4.4643254,-4.9109635,1 (Jazz + Pop),harmonix___0204_onlyamemory
2333,2.658072,-2.995365,1 (Jazz + Pop),harmonix___0207_oopsohmy
2334,7.2973795,-2.4132261,2 (Pop + Rock + HJDB + Hip-Hop),harmonix___0208_opp
2335,12.506514,-2.4609928,2 (Pop + Rock + HJDB + Hip-Hop),harmonix___0209_paparazzi
2336,12.108073,2.0012891,2 (Pop + Rock + HJDB + Hip-Hop),harmonix___0212_peoplegotalotofnerve
2337,9.73141,-5.3318014,2 (Pop + Rock + HJDB + Hip-Hop),harmonix___0214_planetrock
2338,14.711092,0.80556214,2 (Pop + Rock + HJDB + Hip-Hop),harmonix___0215_pointofknowreturn
2339,6.926658,-2.1797135,2 (Pop + Rock + HJDB + Hip-Hop),harmonix___0216_poison
2340,15.795849,0.030794397,2 (Pop + Rock + HJDB + Hip-Hop),harmonix___0217_pokerface
2341,0.77213854,-4.580453,1 (Jazz + Pop),harmonix___0218_policyoftruth
2342,4.9263535,-0.14094946,1 (Jazz + Pop),harmonix___0219_pondereplay
2343,4.5252175,-0.89753497,1 (Jazz + Pop),harmonix___0220_promiscuous
2344,14.36412,2.561116,2 (Pop + Rock + HJDB + Hip-Hop),harmonix___0222_realgoodlooking
2345,3.5772965,0.5724297,1 (Jazz + Pop),harmonix___0223_reallove
2346,10.33414,0.6747041,2 (Pop + Rock + HJDB + Hip-Hop),harmonix___0226_rendezvu
2347,6.3103967,-3.623383,1 (Jazz + Pop),harmonix___0227_replay
2348,15.711569,3.3085988,2 (Pop + Rock + HJDB + Hip-Hop),harmonix___0229_ridingonthewind
2349,6.050817,-3.6874557,1 (Jazz + Pop),harmonix___0231_rightthurr
2350,15.098421,2.1622493,2 (Pop + Rock + HJDB + Hip-Hop),harmonix___0233_rocknrollnightmare
2351,9.105553,-2.0121021,2 (Pop + Rock + HJDB + Hip-Hop),harmonix___0234_roundandround
2352,9.303629,-2.5806882,2 (Pop + Rock + HJDB + Hip-Hop),harmonix___0235_rudeboy
2353,6.3471036,1.6575152,2 (Pop + Rock + HJDB + Hip-Hop),harmonix___0236_rumpshaker
2354,9.810802,-4.421556,2 (Pop + Rock + HJDB + Hip-Hop),harmonix___0237_run
2355,15.426204,1.021032,2 (Pop + Rock + HJDB + Hip-Hop),harmonix___0238_sambadejaneiro
2356,9.58825,1.1112517,2 (Pop + Rock + HJDB + Hip-Hop),harmonix___0239_sandm
2357,3.04012,0.8492023,1 (Jazz + Pop),harmonix___0240_sandstorm
2358,3.8395076,-0.8299472,1 (Jazz + Pop),harmonix___0241_satellite
2359,8.059289,-4.6716547,2 (Pop + Rock + HJDB + Hip-Hop),harmonix___0242_satisfaction
2360,13.662215,-0.33763602,2 (Pop + Rock + HJDB + Hip-Hop),harmonix___0243_saucyjack
2361,13.078438,-0.5734018,2 (Pop + Rock + HJDB + Hip-Hop),harmonix___0244_sayaah
2362,14.212071,0.15301673,2 (Pop + Rock + HJDB + Hip-Hop),harmonix___0245_sayhey
2363,6.5058293,-2.1809053,1 (Jazz + Pop),harmonix___0246_scenario
2364,14.802661,2.9264119,2 (Pop + Rock + HJDB + Hip-Hop),harmonix___0247_scream
2365,17.074675,3.1175714,2 (Pop + Rock + HJDB + Hip-Hop),harmonix___0248_screamingfor
2366,12.801074,-2.6193988,2 (Pop + Rock + HJDB + Hip-Hop),harmonix___0249_sensualseduction
2367,6.447311,-5.726427,1 (Jazz + Pop),harmonix___0250_sexyandiknowit
2368,12.365152,1.1003907,2 (Pop + Rock + HJDB + Hip-Hop),harmonix___0251_sexychick
2369,17.352228,3.7588494,2 (Pop + Rock + HJDB + Hip-Hop),harmonix___0254_sixsixsix
2370,17.527529,3.4403677,2 (Pop + Rock + HJDB + Hip-Hop),harmonix___0255_sleepwalker
2371,7.0427055,-3.0581663,2 (Pop + Rock + HJDB + Hip-Hop),harmonix___0257_somebodytolove
2372,1.7433656,0.7141309,1 (Jazz + Pop),harmonix___0258_sorry
2373,16.17724,2.7979004,2 (Pop + Rock + HJDB + Hip-Hop),harmonix___0259_spiceupyourlife
2374,9.920403,-4.4848895,2 (Pop + Rock + HJDB + Hip-Hop),harmonix___0261_starships
2375,-1.0219138,-1.1520332,1 (Jazz + Pop),harmonix___0262_stash
2376,4.3433623,-4.1825085,1 (Jazz + Pop),harmonix___0264_stereolove
2377,16.568966,3.2932644,2 (Pop + Rock + HJDB + Hip-Hop),harmonix___0265_straightlines
2378,-0.10543075,-3.5759473,1 (Jazz + Pop),harmonix___0266_straightup
2379,8.447506,-2.488185,2 (Pop + Rock + HJDB + Hip-Hop),harmonix___0267_superfreak
2380,2.6126187,-5.9504766,1 (Jazz + Pop),harmonix___0268_supersonic
2381,5.675163,-4.586482,1 (Jazz + Pop),harmonix___0269_sweettalk
2382,14.073072,-1.0994917,2 (Pop + Rock + HJDB + Hip-Hop),harmonix___0270_takeovercontrol
2383,-0.047995504,-3.9599361,1 (Jazz + Pop),harmonix___0271_teachmehowtodougie
2384,4.648262,0.674867,1 (Jazz + Pop),harmonix___0272_teachmehowtojerk
2385,2.2350152,-5.942255,1 (Jazz + Pop),harmonix___0273_technologic
2386,5.548103,-3.7486134,1 (Jazz + Pop),harmonix___0274_temperature
2387,-2.1553543,-3.9903169,1 (Jazz + Pop),harmonix___0276_texasflood
2388,12.013102,-4.082318,2 (Pop + Rock + HJDB + Hip-Hop),harmonix___0277_thashiznit
2389,13.6458025,-0.35735056,2 (Pop + Rock + HJDB + Hip-Hop),harmonix___0278_thatsthahomie
2390,-3.7044115,-0.3964094,1 (Jazz + Pop),harmonix___0279_thebreaks
2391,15.53326,3.6826684,2 (Pop + Rock + HJDB + Hip-Hop),harmonix___0280_thedayitriedtolive
2392,5.2227745,2.3805208,1 (Jazz + Pop),harmonix___0281_theedgeofglory
2393,17.5538,3.8226564,2 (Pop + Rock + HJDB + Hip-Hop),harmonix___0282_thegreatsatan
2394,7.491904,-0.75637794,2 (Pop + Rock + HJDB + Hip-Hop),harmonix___0283_thehumptydance
2395,9.52982,-2.337831,2 (Pop + Rock + HJDB + Hip-Hop),harmonix___0284_thehustle
2396,17.901804,2.6954753,2 (Pop + Rock + HJDB + Hip-Hop),harmonix___0285_thekill
2397,16.025787,4.011654,2 (Pop + Rock + HJDB + Hip-Hop),harmonix___0286_theragelive
2398,16.00987,3.4662642,2 (Pop + Rock + HJDB + Hip-Hop),harmonix___0287_therewasatime
2399,12.043672,0.93951005,2 (Pop + Rock + HJDB + Hip-Hop),harmonix___0288_thewayiare
2400,16.254257,3.3764644,2 (Pop + Rock + HJDB + Hip-Hop),harmonix___0289_thisisexile
2401,9.833697,0.90881664,2 (Pop + Rock + HJDB + Hip-Hop),harmonix___0290_thisishowwedoit
2402,17.682003,3.3161125,2 (Pop + Rock + HJDB + Hip-Hop),harmonix___0291_thrasher
2403,17.446985,3.5838637,2 (Pop + Rock + HJDB + Hip-Hop),harmonix___0292_timeslikethese
2404,15.113087,2.1780224,2 (Pop + Rock + HJDB + Hip-Hop),harmonix___0293_tomsawyer2
2405,7.403439,-2.6809726,2 (Pop + Rock + HJDB + Hip-Hop),harmonix___0294_tonighttonight
2406,5.1737194,-6.090978,1 (Jazz + Pop),harmonix___0295_toxic
2407,3.8651912,4.552896,1 (Jazz + Pop),harmonix___0296_transmaniaconmc
2408,10.9812355,2.5107474,2 (Pop + Rock + HJDB + Hip-Hop),harmonix___0297_troublecomesrunning
2409,8.276863,-2.2724946,2 (Pop + Rock + HJDB + Hip-Hop),harmonix___0298_turnmeon
2410,8.479242,0.32595226,2 (Pop + Rock + HJDB + Hip-Hop),harmonix___0299_turnthebeataround
2411,-1.8422107,-0.39311507,1 (Jazz + Pop),harmonix___0301_unclejohnsband
2412,8.48205,0.20524077,2 (Pop + Rock + HJDB + Hip-Hop),harmonix___0302_venus
2413,12.450296,5.696333,2 (Pop + Rock + HJDB + Hip-Hop),harmonix___0303_wakeupdead
2414,9.870913,1.8879473,2 (Pop + Rock + HJDB + Hip-Hop),harmonix___0304_weaponofchoice
2415,1.3046848,-5.788438,1 (Jazz + Pop),harmonix___0305_wenospeakamericano
2416,8.406701,-0.74700564,2 (Pop + Rock + HJDB + Hip-Hop),harmonix___0306_werunthis
2417,12.351537,-1.0405782,2 (Pop + Rock + HJDB + Hip-Hop),harmonix___0307_whatdoesntkillyou
2418,7.0576963,2.785402,2 (Pop + Rock + HJDB + Hip-Hop),harmonix___0308_whatislove
2419,10.744678,-1.4607474,2 (Pop + Rock + HJDB + Hip-Hop),harmonix___0309_whatsmyname
2420,-0.25049767,-3.8948567,1 (Jazz + Pop),harmonix___0310_whineup
2421,13.097533,1.2656064,2 (Pop + Rock + HJDB + Hip-Hop),harmonix___0311_whipmyhair
2422,9.803703,-5.885107,2 (Pop + Rock + HJDB + Hip-Hop),harmonix___0312_whitefalconfuzz
2423,2.5669065,-3.2197561,1 (Jazz + Pop),harmonix___0314_whoomp
2424,16.155174,3.3709743,2 (Pop + Rock + HJDB + Hip-Hop),harmonix___0315_whygo
2425,15.260994,2.0639064,2 (Pop + Rock + HJDB + Hip-Hop),harmonix___0316_wildones
2426,17.92224,3.4757526,2 (Pop + Rock + HJDB + Hip-Hop),harmonix___0318_windup
2427,16.69566,2.6903791,2 (Pop + Rock + HJDB + Hip-Hop),harmonix___0319_withoutyou
2428,11.150561,1.9408691,2 (Pop + Rock + HJDB + Hip-Hop),harmonix___0320_wolflikeme
2429,15.236713,2.2266138,2 (Pop + Rock + HJDB + Hip-Hop),harmonix___0321_wonderwall
2430,3.6428826,-6.0266957,1 (Jazz + Pop),harmonix___0322_wordup
2431,8.950431,-6.1357894,2 (Pop + Rock + HJDB + Hip-Hop),harmonix___0323_yeah
2432,9.324661,1.5237969,2 (Pop + Rock + HJDB + Hip-Hop),harmonix___0324_yeah3x
2433,5.544186,1.1800963,1 (Jazz + Pop),harmonix___0325_ymca
2434,-1.4730234,-4.4411316,1 (Jazz + Pop),harmonix___0326_yougotittherightstuff
2435,12.718712,1.1481757,2 (Pop + Rock + HJDB + Hip-Hop),harmonix___0327_youmakemefeel
2436,6.35081,-4.1047077,1 (Jazz + Pop),harmonix___0328_youmakemefeeldc
2437,0.8473062,-5.8597093,1 (Jazz + Pop),harmonix___0329_youreajerk
2438,17.200253,0.7309499,2 (Pop + Rock + HJDB + Hip-Hop),harmonix___0330_50waystosaygoodbye
2439,11.073564,1.1711987,2 (Pop + Rock + HJDB + Hip-Hop),harmonix___0331_againstallodds
2440,5.7826805,2.0883842,2 (Pop + Rock + HJDB + Hip-Hop),harmonix___0332_alejandro
2441,15.696276,3.0078292,2 (Pop + Rock + HJDB + Hip-Hop),harmonix___0333_allday
2442,10.242128,-1.8891376,2 (Pop + Rock + HJDB + Hip-Hop),harmonix___0334_alltherightplaces
2443,14.711826,0.30217937,2 (Pop + Rock + HJDB + Hip-Hop),harmonix___0335_allyourlife
2444,16.71479,2.1781006,2 (Pop + Rock + HJDB + Hip-Hop),harmonix___0336_alonewithyou
2445,12.292104,2.8569455,2 (Pop + Rock + HJDB + Hip-Hop),harmonix___0337_alwayssomethingthere
2446,16.96521,2.8715208,2 (Pop + Rock + HJDB + Hip-Hop),harmonix___0338_animal
2447,16.99362,1.6780648,2 (Pop + Rock + HJDB + Hip-Hop),harmonix___0339_aslongasyouloveme
2448,9.255307,-4.297087,2 (Pop + Rock + HJDB + Hip-Hop),harmonix___0340_backintime
2449,14.360493,-1.1256998,2 (Pop + Rock + HJDB + Hip-Hop),harmonix___0341_baggageclaim
2450,16.79664,2.1975868,2 (Pop + Rock + HJDB + Hip-Hop),harmonix___0342_bangpop
2451,16.61321,2.5676596,2 (Pop + Rock + HJDB + Hip-Hop),harmonix___0343_banjo
2452,10.921435,-4.317123,2 (Pop + Rock + HJDB + Hip-Hop),harmonix___0344_beautifullife
2453,6.140724,-1.6736456,1 (Jazz + Pop),harmonix___0345_beinlovetonight
2454,12.82876,-0.6431267,2 (Pop + Rock + HJDB + Hip-Hop),harmonix___0346_birthdaydress
2455,15.614399,3.2072062,2 (Pop + Rock + HJDB + Hip-Hop),harmonix___0347_bitch
2456,10.821119,-2.616057,2 (Pop + Rock + HJDB + Hip-Hop),harmonix___0348_blackout
2457,15.227789,0.5477853,2 (Pop + Rock + HJDB + Hip-Hop),harmonix___0349_blow
2458,14.918945,1.4364247,2 (Pop + Rock + HJDB + Hip-Hop),harmonix___0350_blowme
2459,14.744819,0.20995009,2 (Pop + Rock + HJDB + Hip-Hop),harmonix___0351_blowup
2460,9.031945,0.09521518,2 (Pop + Rock + HJDB + Hip-Hop),harmonix___0352_boogiewonderland
2461,8.5596895,-4.5255246,2 (Pop + Rock + HJDB + Hip-Hop),harmonix___0353_bottomsup
2462,15.751677,2.7823453,2 (Pop + Rock + HJDB + Hip-Hop),harmonix___0354_brandnewday
2463,9.327715,-4.490978,2 (Pop + Rock + HJDB + Hip-Hop),harmonix___0355_brokenhearted
2464,7.433669,-1.6808566,2 (Pop + Rock + HJDB + Hip-Hop),harmonix___0356_californiagurls
2465,15.800882,0.5014383,2 (Pop + Rock + HJDB + Hip-Hop),harmonix___0357_cheers
2466,14.426092,-1.9659152,2 (Pop + Rock + HJDB + Hip-Hop),harmonix___0358_children
2467,17.204763,1.2963835,2 (Pop + Rock + HJDB + Hip-Hop),harmonix___0359_cominghome
2468,14.237932,0.4380225,2 (Pop + Rock + HJDB + Hip-Hop),harmonix___0360_coolerthanme
2469,13.78604,1.1680157,2 (Pop + Rock + HJDB + Hip-Hop),harmonix___0361_countrymustbecountrywide
2470,17.682632,3.5199409,2 (Pop + Rock + HJDB + Hip-Hop),harmonix___0362_crazygirl
2471,16.600842,0.9783939,2 (Pop + Rock + HJDB + Hip-Hop),harmonix___0363_darkside
2472,3.0023365,-2.8416855,1 (Jazz + Pop),harmonix___0364_deuces
2473,11.742299,-1.3568566,2 (Pop + Rock + HJDB + Hip-Hop),harmonix___0365_dirtroadanthem
2474,9.167611,-3.9787736,2 (Pop + Rock + HJDB + Hip-Hop),harmonix___0366_domino
2475,2.4453683,2.3589802,1 (Jazz + Pop),harmonix___0367_dontdreamitsover
2476,8.203662,0.82642734,2 (Pop + Rock + HJDB + Hip-Hop),harmonix___0368_dontwakemeup
2477,2.0756876,-3.81667,1 (Jazz + Pop),harmonix___0369_dontyouworrychild
2478,7.127858,-2.636853,2 (Pop + Rock + HJDB + Hip-Hop),harmonix___0370_downonme
2479,10.744009,-0.33115613,2 (Pop + Rock + HJDB + Hip-Hop),harmonix___0371_downunder
2480,17.327091,1.4350855,2 (Pop + Rock + HJDB + Hip-Hop),harmonix___0372_drinkinmyhand
2481,13.4500885,-0.42419472,2 (Pop + Rock + HJDB + Hip-Hop),harmonix___0373_driveby
2482,17.280418,2.480199,2 (Pop + Rock + HJDB + Hip-Hop),harmonix___0374_drunkonyou
2483,11.316914,0.8246081,2 (Pop + Rock + HJDB + Hip-Hop),harmonix___0375_dynamite
2484,15.621471,1.5168253,2 (Pop + Rock + HJDB + Hip-Hop),harmonix___0376_earthquake
2485,11.342228,-0.5775544,2 (Pop + Rock + HJDB + Hip-Hop),harmonix___0377_eatdirt
2486,14.557065,-0.45211637,2 (Pop + Rock + HJDB + Hip-Hop),harmonix___0378_effinperfect
2487,12.371026,-2.0096405,2 (Pop + Rock + HJDB + Hip-Hop),harmonix___0379_et
2488,17.62734,2.4770257,2 (Pop + Rock + HJDB + Hip-Hop),harmonix___0380_everybodytalks
2489,16.241135,3.6231396,2 (Pop + Rock + HJDB + Hip-Hop),harmonix___0381_everythingyouwant
2490,17.60451,3.138608,2 (Pop + Rock + HJDB + Hip-Hop),harmonix___0382_fatherofmine
2491,14.608339,-1.3755431,2 (Pop + Rock + HJDB + Hip-Hop),harmonix___0383_feelsoclose
2492,8.067478,-0.18047419,2 (Pop + Rock + HJDB + Hip-Hop),harmonix___0384_finally
2493,14.597979,0.53546363,2 (Pop + Rock + HJDB + Hip-Hop),harmonix___0385_fiveoclock
2494,15.147235,1.3501898,2 (Pop + Rock + HJDB + Hip-Hop),harmonix___0386_footloose
2495,15.341436,1.0891587,2 (Pop + Rock + HJDB + Hip-Hop),harmonix___0387_free
2496,11.445194,-2.9419942,2 (Pop + Rock + HJDB + Hip-Hop),harmonix___0388_gangnamstyle
2497,5.426698,-0.9008479,1 (Jazz + Pop),harmonix___0389_gettinoveryou
2498,12.623598,-0.20145245,2 (Pop + Rock + HJDB + Hip-Hop),harmonix___0390_getyourselfbackhome
2499,15.474512,0.2534492,2 (Pop + Rock + HJDB + Hip-Hop),harmonix___0391_givemeallyourluvin
2500,16.486158,1.1316099,2 (Pop + Rock + HJDB + Hip-Hop),harmonix___0392_givemeyourhand
2501,14.989745,-1.812587,2 (Pop + Rock + HJDB + Hip-Hop),harmonix___0393_giveyourheartabreak
2502,17.182047,3.1065226,2 (Pop + Rock + HJDB + Hip-Hop),harmonix___0394_godgavemetoyou
2503,12.901364,-0.0748701,2 (Pop + Rock + HJDB + Hip-Hop),harmonix___0395_gold
2504,13.17199,0.4453042,2 (Pop + Rock + HJDB + Hip-Hop),harmonix___0396_goodfeeling
2505,15.493599,2.9069278,2 (Pop + Rock + HJDB + Hip-Hop),harmonix___0397_goodlife
2506,14.476551,0.41118652,2 (Pop + Rock + HJDB + Hip-Hop),harmonix___0398_goodtime
2507,9.452761,1.4692197,2 (Pop + Rock + HJDB + Hip-Hop),harmonix___0399_gotmygirls
2508,11.538116,3.9484673,2 (Pop + Rock + HJDB + Hip-Hop),harmonix___0400_heatofthemoment
2509,13.778766,0.15034054,2 (Pop + Rock + HJDB + Hip-Hop),harmonix___0401_hello
2510,16.71795,1.8606365,2 (Pop + Rock + HJDB + Hip-Hop),harmonix___0402_herestous
2511,13.288658,1.7567636,2 (Pop + Rock + HJDB + Hip-Hop),harmonix___0403_heybaby
2512,14.453032,2.3824325,2 (Pop + Rock + HJDB + Hip-Hop),harmonix___0404_holditagainstme
2513,16.380306,3.4730003,2 (Pop + Rock + HJDB + Hip-Hop),harmonix___0405_home
2514,17.196404,3.0833857,2 (Pop + Rock + HJDB + Hip-Hop),harmonix___0406_honeybee
2515,13.040992,1.9162155,2 (Pop + Rock + HJDB + Hip-Hop),harmonix___0407_humpinaround
2516,15.116403,-1.2763274,2 (Pop + Rock + HJDB + Hip-Hop),harmonix___0408_icanonlyimagine
2517,14.595885,0.7249031,2 (Pop + Rock + HJDB + Hip-Hop),harmonix___0409_idontlikeyou
2518,16.812712,1.65412,2 (Pop + Rock + HJDB + Hip-Hop),harmonix___0410_idontwantthisnighttoend
2519,14.988656,2.8492386,2 (Pop + Rock + HJDB + Hip-Hop),harmonix___0411_ifihadyou
2520,11.762661,2.9323914,2 (Pop + Rock + HJDB + Hip-Hop),harmonix___0412_ifitmakesyouhappy
2521,17.549852,3.005493,2 (Pop + Rock + HJDB + Hip-Hop),harmonix___0413_ifyoucouldonlysee
2522,16.45439,1.5441741,2 (Pop + Rock + HJDB + Hip-Hop),harmonix___0414_illbe
2523,11.327085,1.7954758,2 (Pop + Rock + HJDB + Hip-Hop),harmonix___0415_illbewaiting
2524,15.333853,0.6944523,2 (Pop + Rock + HJDB + Hip-Hop),harmonix___0416_impossible
2525,6.477961,1.4210405,2 (Pop + Rock + HJDB + Hip-Hop),harmonix___0417_imtoosexy
2526,10.871593,-3.4928033,2 (Pop + Rock + HJDB + Hip-Hop),harmonix___0418_inthedark
2527,16.166113,1.3784482,2 (Pop + Rock + HJDB + Hip-Hop),harmonix___0419_itgirl
2528,11.260858,-2.1257377,2 (Pop + Rock + HJDB + Hip-Hop),harmonix___0420_itsrainingmen
2529,9.773103,0.5384099,2 (Pop + Rock + HJDB + Hip-Hop),harmonix___0421_ittakestwo
2530,13.403076,2.3840492,2 (Pop + Rock + HJDB + Hip-Hop),harmonix___0422_itwillrain
2531,10.28813,-1.3017682,2 (Pop + Rock + HJDB + Hip-Hop),harmonix___0423_iwannago
2532,11.022862,-0.29528594,2 (Pop + Rock + HJDB + Hip-Hop),harmonix___0424_justadream
2533,13.899795,0.9959021,2 (Pop + Rock + HJDB + Hip-Hop),harmonix___0425_justakiss
2534,6.506668,-3.1957135,1 (Jazz + Pop),harmonix___0426_justcantgetenough
2535,11.942892,0.25720277,2 (Pop + Rock + HJDB + Hip-Hop),harmonix___0427_justthewayyouare
2536,11.829531,0.28277585,2 (Pop + Rock + HJDB + Hip-Hop),harmonix___0428_kingofanything
2537,12.279251,2.049912,2 (Pop + Rock + HJDB + Hip-Hop),harmonix___0429_kissinu
2538,11.979444,1.1663615,2 (Pop + Rock + HJDB + Hip-Hop),harmonix___0430_lastfridaynight
2539,12.201864,-2.1186748,2 (Pop + Rock + HJDB + Hip-Hop),harmonix___0431_letitrain
2540,17.166416,1.8580638,2 (Pop + Rock + HJDB + Hip-Hop),harmonix___0432_letsgo
2541,3.1951096,2.3661432,1 (Jazz + Pop),harmonix___0433_lighters
2542,14.399791,-0.22928093,2 (Pop + Rock + HJDB + Hip-Hop),harmonix___0434_lights
2543,6.954382,-3.478337,2 (Pop + Rock + HJDB + Hip-Hop),harmonix___0435_lookatmenow
2544,15.899635,-0.296988,2 (Pop + Rock + HJDB + Hip-Hop),harmonix___0436_loveactually
2545,7.8454013,-2.6865401,2 (Pop + Rock + HJDB + Hip-Hop),harmonix___0437_lovelikewoe
2546,4.0542545,0.7349581,1 (Jazz + Pop),harmonix___0438_loverlover
2547,13.205624,-1.8973985,2 (Pop + Rock + HJDB + Hip-Hop),harmonix___0439_lovethewayyoulie
2548,7.980133,-3.9224904,2 (Pop + Rock + HJDB + Hip-Hop),harmonix___0440_loveyoulikealovesong
2549,5.131184,-3.8639708,1 (Jazz + Pop),harmonix___0441_lovingyoutonight
2550,16.665236,3.1586058,2 (Pop + Rock + HJDB + Hip-Hop),harmonix___0442_lullaby
2551,13.324846,1.7731824,2 (Pop + Rock + HJDB + Hip-Hop),harmonix___0443_magic
2552,17.313696,2.2842832,2 (Pop + Rock + HJDB + Hip-Hop),harmonix___0444_maybe
2553,14.641944,0.9954127,2 (Pop + Rock + HJDB + Hip-Hop),harmonix___0445_memories
2554,16.265121,-0.97780293,2 (Pop + Rock + HJDB + Hip-Hop),harmonix___0446_midnightcity
2555,8.432704,-1.6232405,2 (Pop + Rock + HJDB + Hip-Hop),harmonix___0447_mindyourmanners
2556,17.745451,2.7313476,2 (Pop + Rock + HJDB + Hip-Hop),harmonix___0448_mine
2557,14.717627,2.069155,2 (Pop + Rock + HJDB + Hip-Hop),harmonix___0449_misery
2558,13.580412,1.9234923,2 (Pop + Rock + HJDB + Hip-Hop),harmonix___0450_more
2559,12.089291,2.0826936,2 (Pop + Rock + HJDB + Hip-Hop),harmonix___0451_mrknowitall
2560,14.326362,0.8942759,2 (Pop + Rock + HJDB + Hip-Hop),harmonix___0452_myfirstkiss
2561,12.926271,-0.71191984,2 (Pop + Rock + HJDB + Hip-Hop),harmonix___0453_mygirl
2562,14.587042,2.2375956,2 (Pop + Rock + HJDB + Hip-Hop),harmonix___0454_myohmy
2563,13.76552,2.0389705,2 (Pop + Rock + HJDB + Hip-Hop),harmonix___0455_nevertearusapart
2564,5.7068295,2.2435791,2 (Pop + Rock + HJDB + Hip-Hop),harmonix___0456_nohands
2565,17.32381,2.6704664,2 (Pop + Rock + HJDB + Hip-Hop),harmonix___0457_nothing
2566,9.475337,0.7210157,2 (Pop + Rock + HJDB + Hip-Hop),harmonix___0458_notorious
2567,10.996254,-1.9613515,2 (Pop + Rock + HJDB + Hip-Hop),harmonix___0459_notoveryou
2568,14.164271,0.49904835,2 (Pop + Rock + HJDB + Hip-Hop),harmonix___0460_numb
2569,14.349487,-0.6130213,2 (Pop + Rock + HJDB + Hip-Hop),harmonix___0461_obsession
2570,12.108397,-1.6190747,2 (Pop + Rock + HJDB + Hip-Hop),harmonix___0462_oldalabama
2571,12.84432,-2.2295911,2 (Pop + Rock + HJDB + Hip-Hop),harmonix___0463_onemorenight
2572,15.332385,1.6532962,2 (Pop + Rock + HJDB + Hip-Hop),harmonix___0464_oneofus
2573,15.307907,-0.18685171,2 (Pop + Rock + HJDB + Hip-Hop),harmonix___0465_onething
2574,10.925024,2.8803926,2 (Pop + Rock + HJDB + Hip-Hop),harmonix___0466_onthedarkside
2575,11.303252,-3.0576646,2 (Pop + Rock + HJDB + Hip-Hop),harmonix___0467_onthefloor
2576,-10.703436,-3.9205132,3 (Classical + Groove + Jazz),harmonix___0468_openarms
2577,17.269972,2.3905208,2 (Pop + Rock + HJDB + Hip-Hop),harmonix___0469_ordinaryworld
2578,12.572803,-0.9356708,2 (Pop + Rock + HJDB + Hip-Hop),harmonix___0470_ours
2579,13.521901,-1.5779262,2 (Pop + Rock + HJDB + Hip-Hop),harmonix___0471_paradise
2580,15.955722,2.7160096,2 (Pop + Rock + HJDB + Hip-Hop),harmonix___0472_partofme
2581,13.470842,-0.08842418,2 (Pop + Rock + HJDB + Hip-Hop),harmonix___0473_payphone
2582,14.723075,0.62715375,2 (Pop + Rock + HJDB + Hip-Hop),harmonix___0474_pleasedontgo
2583,9.970651,-4.145324,2 (Pop + Rock + HJDB + Hip-Hop),harmonix___0475_poisonedwithlove
2584,11.405417,-1.5565236,2 (Pop + Rock + HJDB + Hip-Hop),harmonix___0476_pontoon
2585,14.6055,-0.85109967,2 (Pop + Rock + HJDB + Hip-Hop),harmonix___0477_poundthealarm
2586,14.810697,2.8944535,2 (Pop + Rock + HJDB + Hip-Hop),harmonix___0478_prayforyou
2587,10.167708,-2.9812179,2 (Pop + Rock + HJDB + Hip-Hop),harmonix___0479_pricetag
2588,15.540601,-0.59925985,2 (Pop + Rock + HJDB + Hip-Hop),harmonix___0480_raiseyourglass
2589,11.4258995,-3.2990184,2 (Pop + Rock + HJDB + Hip-Hop),harmonix___0481_reallove
2590,8.476777,-1.8429376,2 (Pop + Rock + HJDB + Hip-Hop),harmonix___0482_redsolocup
2591,7.358946,-1.1286994,2 (Pop + Rock + HJDB + Hip-Hop),harmonix___0483_ridinsolo
2592,7.859336,-2.6962426,2 (Pop + Rock + HJDB + Hip-Hop),harmonix___0484_rockthatbody
2593,13.639122,0.4000348,2 (Pop + Rock + HJDB + Hip-Hop),harmonix___0485_rollinginthedeep
2594,2.2737179,-3.7773895,1 (Jazz + Pop),harmonix___0486_rundatback
2595,14.953884,1.0559684,2 (Pop + Rock + HJDB + Hip-Hop),harmonix___0487_secrets
2596,16.13176,3.2408762,2 (Pop + Rock + HJDB + Hip-Hop),harmonix___0488_september
2597,6.0223565,1.7114772,2 (Pop + Rock + HJDB + Hip-Hop),harmonix___0489_shakeyourbody
2598,16.124289,1.3294196,2 (Pop + Rock + HJDB + Hip-Hop),harmonix___0490_showme
2599,16.571596,1.7326134,2 (Pop + Rock + HJDB + Hip-Hop),harmonix___0491_skyscraper
2600,7.79508,-4.392577,2 (Pop + Rock + HJDB + Hip-Hop),harmonix___0492_sm
2601,13.835997,1.9418886,2 (Pop + Rock + HJDB + Hip-Hop),harmonix___0493_somebodysheartbreak
2602,4.011587,0.3378067,1 (Jazz + Pop),harmonix___0494_somebodythatiusedtoknow
2603,3.4345393,3.6204689,1 (Jazz + Pop),harmonix___0495_someonelikeyou
2604,17.019081,1.7966882,2 (Pop + Rock + HJDB + Hip-Hop),harmonix___0496_sparksfly
2605,15.268222,2.7559667,2 (Pop + Rock + HJDB + Hip-Hop),harmonix___0497_speakers
2606,16.56147,0.21029314,2 (Pop + Rock + HJDB + Hip-Hop),harmonix___0498_springsteen
2607,11.1406145,-3.3849022,2 (Pop + Rock + HJDB + Hip-Hop),harmonix___0499_starbuckssmile
2608,12.709319,-0.8709294,2 (Pop + Rock + HJDB + Hip-Hop),harmonix___0500_stay
2609,15.740783,0.35010615,2 (Pop + Rock + HJDB + Hip-Hop),harmonix___0501_stayawhile
2610,13.461912,-0.91698116,2 (Pop + Rock + HJDB + Hip-Hop),harmonix___0502_stronger
2611,9.647084,0.84269327,2 (Pop + Rock + HJDB + Hip-Hop),harmonix___0503_stucklikeglue
2612,12.684702,-2.39624,2 (Pop + Rock + HJDB + Hip-Hop),harmonix___0504_suspiciousminds
2613,10.119879,1.4666079,2 (Pop + Rock + HJDB + Hip-Hop),harmonix___0505_takeitoff
2614,15.576133,2.403533,2 (Pop + Rock + HJDB + Hip-Hop),harmonix___0506_takemehometonight
2615,9.892336,-1.4841301,2 (Pop + Rock + HJDB + Hip-Hop),harmonix___0507_teenagedream
2616,2.7257893,2.4869287,1 (Jazz + Pop),harmonix___0508_tennesseeme
2617,4.6902466,-5.396841,1 (Jazz + Pop),harmonix___0509_thelazysong
2618,16.759237,2.0142827,2 (Pop + Rock + HJDB + Hip-Hop),harmonix___0510_theonethatgotaway
2619,10.540812,2.3857036,2 (Pop + Rock + HJDB + Hip-Hop),harmonix___0511_theonlyexception
2620,11.8095255,-1.4066523,2 (Pop + Rock + HJDB + Hip-Hop),harmonix___0512_theshowgoeson
2621,8.615233,1.8246417,2 (Pop + Rock + HJDB + Hip-Hop),harmonix___0513_thetime
2622,5.160298,1.3820727,1 (Jazz + Pop),harmonix___0514_thetimeofmylife
2623,16.916626,3.1974816,2 (Pop + Rock + HJDB + Hip-Hop),harmonix___0515_thisafternoon
2624,15.057603,0.24832796,2 (Pop + Rock + HJDB + Hip-Hop),harmonix___0516_thisorthat
2625,13.945442,1.3840655,2 (Pop + Rock + HJDB + Hip-Hop),harmonix___0517_tilltheworldends
2626,-1.3911196,-0.74009603,1 (Jazz + Pop),harmonix___0518_timeaftertime
2627,9.922317,-5.8497105,2 (Pop + Rock + HJDB + Hip-Hop),harmonix___0519_titanium
2628,13.334385,1.0220022,2 (Pop + Rock + HJDB + Hip-Hop),harmonix___0520_tonight
2629,11.419426,-5.528324,2 (Pop + Rock + HJDB + Hip-Hop),harmonix___0521_tooclose
2630,13.134269,1.8632452,2 (Pop + Rock + HJDB + Hip-Hop),harmonix___0522_turnupthemusic
2631,7.3342233,-1.7967936,2 (Pop + Rock + HJDB + Hip-Hop),harmonix___0523_ucanttouchthis
2632,12.364539,-0.18617444,2 (Pop + Rock + HJDB + Hip-Hop),harmonix___0524_undoit
2633,16.64364,2.060121,2 (Pop + Rock + HJDB + Hip-Hop),harmonix___0525_venus
2634,14.127278,1.6797128,2 (Pop + Rock + HJDB + Hip-Hop),harmonix___0526_waitingoutsidethelines
2635,16.278297,-0.0020973391,2 (Pop + Rock + HJDB + Hip-Hop),harmonix___0527_wantuback
2636,11.346921,-1.7752796,2 (Pop + Rock + HJDB + Hip-Hop),harmonix___0528_werunthenight
2637,14.47872,1.630408,2 (Pop + Rock + HJDB + Hip-Hop),harmonix___0529_werwhower
2638,15.486682,1.7062333,2 (Pop + Rock + HJDB + Hip-Hop),harmonix___0530_whatthehell
2639,17.254446,2.672521,2 (Pop + Rock + HJDB + Hip-Hop),harmonix___0531_whenwestandtogether
2640,13.160157,-1.1333675,2 (Pop + Rock + HJDB + Hip-Hop),harmonix___0532_whistle
2641,11.857808,0.059054606,2 (Pop + Rock + HJDB + Hip-Hop),harmonix___0533_whosays
2642,15.65827,1.1212431,2 (Pop + Rock + HJDB + Hip-Hop),harmonix___0534_wideawake
2643,9.901867,-5.8790507,2 (Pop + Rock + HJDB + Hip-Hop),harmonix___0535_withoutyou
2644,3.787283,-3.0970783,1 (Jazz + Pop),harmonix___0536_workout
2645,14.40652,-0.15716918,2 (Pop + Rock + HJDB + Hip-Hop),harmonix___0537_writteninthestars
2646,13.105975,-1.8364785,2 (Pop + Rock + HJDB + Hip-Hop),harmonix___0538_you
2647,16.334553,0.3693289,2 (Pop + Rock + HJDB + Hip-Hop),harmonix___0539_youandi
2648,16.134304,2.1411295,2 (Pop + Rock + HJDB + Hip-Hop),harmonix___0540_youandme
2649,15.007405,1.4993523,2 (Pop + Rock + HJDB + Hip-Hop),harmonix___0541_youdroppedabombonme
2650,17.495724,2.8161874,2 (Pop + Rock + HJDB + Hip-Hop),harmonix___0542_yougetwhatyougive
2651,12.201815,3.8467114,2 (Pop + Rock + HJDB + Hip-Hop),harmonix___0543_yougonnafly
2652,10.603991,-1.597592,2 (Pop + Rock + HJDB + Hip-Hop),harmonix___0544_yougottabe
2653,10.757096,1.3538322,2 (Pop + Rock + HJDB + Hip-Hop),harmonix___0545_youkeepmehangingon
2654,17.59833,2.9687383,2 (Pop + Rock + HJDB + Hip-Hop),harmonix___0546_18days
2655,11.9731865,0.73888624,2 (Pop + Rock + HJDB + Hip-Hop),harmonix___0547_1901boflexdpassionpitremix
2656,13.298684,1.5365293,2 (Pop + Rock + HJDB + Hip-Hop),harmonix___0548_2getherextended
2657,3.948644,-7.1321583,1 (Jazz + Pop),harmonix___0549_515
2658,17.281946,3.5518644,2 (Pop + Rock + HJDB + Hip-Hop),harmonix___0550_aboutyounow
2659,16.260166,2.4336994,2 (Pop + Rock + HJDB + Hip-Hop),harmonix___0551_accordingtoyou
2660,17.308681,2.7564945,2 (Pop + Rock + HJDB + Hip-Hop),harmonix___0552_addicted
2661,15.247281,3.586013,2 (Pop + Rock + HJDB + Hip-Hop),harmonix___0553_alivefeatthegoodnatured
2662,15.618857,1.446664,2 (Pop + Rock + HJDB + Hip-Hop),harmonix___0554_allalright
2663,14.186001,1.6092616,2 (Pop + Rock + HJDB + Hip-Hop),harmonix___0555_allaroundme
2664,15.482003,-1.1023413,2 (Pop + Rock + HJDB + Hip-Hop),harmonix___0556_allaroundtheworld
2665,6.386213,-4.9351215,1 (Jazz + Pop),harmonix___0557_alligator
2666,15.704099,-0.5019906,2 (Pop + Rock + HJDB + Hip-Hop),harmonix___0558_allnightlong
2667,15.602352,2.9658232,2 (Pop + Rock + HJDB + Hip-Hop),harmonix___0559_alltherightmoves
2668,11.738482,-3.8245003,2 (Pop + Rock + HJDB + Hip-Hop),harmonix___0560_almostlovenow
2669,12.251834,-4.220083,2 (Pop + Rock + HJDB + Hip-Hop),harmonix___0561_alorsondanse
2670,16.867489,1.956428,2 (Pop + Rock + HJDB + Hip-Hop),harmonix___0562_alreadygone
2671,17.650303,1.9127716,2 (Pop + Rock + HJDB + Hip-Hop),harmonix___0564_americanboybenny
2672,14.409278,-0.91935205,2 (Pop + Rock + HJDB + Hip-Hop),harmonix___0565_americanhoney
2673,7.136824,-4.3620934,2 (Pop + Rock + HJDB + Hip-Hop),harmonix___0566_americanwoman
2674,18.100492,2.5487428,2 (Pop + Rock + HJDB + Hip-Hop),harmonix___0567_anythingcouldhappen
2675,12.633585,-0.2719016,2 (Pop + Rock + HJDB + Hip-Hop),harmonix___0568_apologize
2676,3.304332,-5.583356,1 (Jazz + Pop),harmonix___0569_arrow
2677,16.063595,1.6938064,2 (Pop + Rock + HJDB + Hip-Hop),harmonix___0570_aslongasyouloveme
2678,14.086837,2.912072,2 (Pop + Rock + HJDB + Hip-Hop),harmonix___0571_atlantis
2679,10.062153,-5.5583487,2 (Pop + Rock + HJDB + Hip-Hop),harmonix___0572_awake
2680,10.955581,-3.0423172,2 (Pop + Rock + HJDB + Hip-Hop),harmonix___0573_babyludacris
2681,13.959649,0.0740675,2 (Pop + Rock + HJDB + Hip-Hop),harmonix___0574_badromanceappboyz
2682,14.286985,-0.37970832,2 (Pop + Rock + HJDB + Hip-Hop),harmonix___0575_badromanceskrillexremix
2683,13.448203,-1.7867893,2 (Pop + Rock + HJDB + Hip-Hop),harmonix___0576_barbrastreisand
2684,16.598392,-0.31843355,2 (Pop + Rock + HJDB + Hip-Hop),harmonix___0577_battlefieldmainversion
2685,1.2050977,-3.7573946,1 (Jazz + Pop),harmonix___0578_bealright
2686,17.357147,1.8577241,2 (Pop + Rock + HJDB + Hip-Hop),harmonix___0579_beatitstudioversion
2687,13.096496,-2.127928,2 (Pop + Rock + HJDB + Hip-Hop),harmonix___0580_beautiful
2688,2.9198487,-2.2351155,1 (Jazz + Pop),harmonix___0581_beautifulcarlyrae
2689,16.52137,1.5719467,2 (Pop + Rock + HJDB + Hip-Hop),harmonix___0582_beautifulday
2690,0.36214346,-4.3452964,1 (Jazz + Pop),harmonix___0583_beautifulgirls
2691,13.701156,-1.7882293,2 (Pop + Rock + HJDB + Hip-Hop),harmonix___0585_beautyandabeat
2692,3.7797544,0.9725031,1 (Jazz + Pop),harmonix___0586_bed
2693,6.8770194,-2.388614,2 (Pop + Rock + HJDB + Hip-Hop),harmonix___0587_bedrock
2694,15.62275,0.87389576,2 (Pop + Rock + HJDB + Hip-Hop),harmonix___0588_believe
2695,15.0186205,0.66422546,2 (Pop + Rock + HJDB + Hip-Hop),harmonix___0589_bestieverhad
2696,11.3944235,-1.7317455,2 (Pop + Rock + HJDB + Hip-Hop),harmonix___0590_betterintime
2697,9.184232,-0.47573683,2 (Pop + Rock + HJDB + Hip-Hop),harmonix___0591_biggirlsdontcry
2698,13.338226,3.4130769,2 (Pop + Rock + HJDB + Hip-Hop),harmonix___0592_blameit
2699,11.38817,-1.1816165,2 (Pop + Rock + HJDB + Hip-Hop),harmonix___0593_blameitradioedit
2700,9.882913,-1.8865638,2 (Pop + Rock + HJDB + Hip-Hop),harmonix___0594_bleedinglove
2701,5.718664,-5.7154703,1 (Jazz + Pop),harmonix___0595_blonde
2702,5.766975,-5.3385644,1 (Jazz + Pop),harmonix___0596_bonbon
2703,5.513989,-5.6871333,1 (Jazz + Pop),harmonix___0597_boomboomguetta
2704,12.197158,1.8968706,2 (Pop + Rock + HJDB + Hip-Hop),harmonix___0598_boomboompow
2705,5.403444,-5.039056,1 (Jazz + Pop),harmonix___0599_boyfriend
2706,17.852846,2.2829344,2 (Pop + Rock + HJDB + Hip-Hop),harmonix___0600_breakeven
2707,17.356247,1.3983314,2 (Pop + Rock + HJDB + Hip-Hop),harmonix___0602_breaktheice
2708,14.359886,-1.0493478,2 (Pop + Rock + HJDB + Hip-Hop),harmonix___0603_breaktheicejasonnevinsmix
2709,10.319532,-3.753716,2 (Pop + Rock + HJDB + Hip-Hop),harmonix___0604_bustitbabypart2
2710,12.623236,-2.8103585,2 (Pop + Rock + HJDB + Hip-Hop),harmonix___0607_cantholdus
2711,11.658676,1.4291188,2 (Pop + Rock + HJDB + Hip-Hop),harmonix___0608_canttellmenothing
2712,15.325035,2.1900654,2 (Pop + Rock + HJDB + Hip-Hop),harmonix___0609_carryon
2713,15.840647,0.21343507,2 (Pop + Rock + HJDB + Hip-Hop),harmonix___0610_castle
2714,5.1592526,1.7573391,1 (Jazz + Pop),harmonix___0611_catchingfeelings
2715,16.84351,-0.6770391,2 (Pop + Rock + HJDB + Hip-Hop),harmonix___0613_celebrationbennybenassi
2716,17.360483,1.3692707,2 (Pop + Rock + HJDB + Hip-Hop),harmonix___0614_cinema
2717,11.524967,-1.0640905,2 (Pop + Rock + HJDB + Hip-Hop),harmonix___0615_circus
2718,11.221268,-0.48890698,2 (Pop + Rock + HJDB + Hip-Hop),harmonix___0616_citygirl
2719,4.3150735,-4.7770963,1 (Jazz + Pop),harmonix___0617_citylights
2720,11.223621,4.037342,2 (Pop + Rock + HJDB + Hip-Hop),harmonix___0618_clocks
2721,10.786387,-2.525967,2 (Pop + Rock + HJDB + Hip-Hop),harmonix___0619_closer
2722,16.236225,3.5268288,2 (Pop + Rock + HJDB + Hip-Hop),harmonix___0620_closertands
2723,16.726023,1.305152,2 (Pop + Rock + HJDB + Hip-Hop),harmonix___0621_clubcanthandleme
2724,8.709512,-2.3382268,2 (Pop + Rock + HJDB + Hip-Hop),harmonix___0622_clumsy
2725,14.884871,-0.31825832,2 (Pop + Rock + HJDB + Hip-Hop),harmonix___0623_comeongethigher
2726,14.017042,0.27592897,2 (Pop + Rock + HJDB + Hip-Hop),harmonix___0625_complicated
2727,14.602556,0.34060693,2 (Pop + Rock + HJDB + Hip-Hop),harmonix___0626_coolerthanme
2728,14.312229,3.5139732,2 (Pop + Rock + HJDB + Hip-Hop),harmonix___0627_cowboyboots
2729,8.728289,-5.2095942,2 (Pop + Rock + HJDB + Hip-Hop),harmonix___0628_crankthatsouljaboy
2730,5.8385863,-2.5431714,1 (Jazz + Pop),harmonix___0629_crush
2731,12.528723,2.6936715,2 (Pop + Rock + HJDB + Hip-Hop),harmonix___0630_crushcrushcrush
2732,15.413063,0.18588848,2 (Pop + Rock + HJDB + Hip-Hop),harmonix___0631_curiosity
2733,6.9451857,-2.347559,2 (Pop + Rock + HJDB + Hip-Hop),harmonix___0632_cyclone
2734,13.948595,2.208386,2 (Pop + Rock + HJDB + Hip-Hop),harmonix___0633_dancingmachine
2735,3.4009807,-4.944153,1 (Jazz + Pop),harmonix___0634_dangerous
2736,6.2482724,-4.523949,1 (Jazz + Pop),harmonix___0635_daynnite
2737,4.182365,-6.473422,1 (Jazz + Pop),harmonix___0636_daynnitecrookersremix
2738,4.5085254,-6.5059266,1 (Jazz + Pop),harmonix___0637_daynniteremix
2739,6.6677175,-2.3484685,2 (Pop + Rock + HJDB + Hip-Hop),harmonix___0638_deadandgone
2740,10.104018,-2.9885616,2 (Pop + Rock + HJDB + Hip-Hop),harmonix___0639_dieinyourarms
2741,8.043403,-1.5035434,2 (Pop + Rock + HJDB + Hip-Hop),harmonix___0640_disturbia2
2742,10.695615,1.6920749,2 (Pop + Rock + HJDB + Hip-Hop),harmonix___0642_dontconfess
2743,15.884749,0.9707718,2 (Pop + Rock + HJDB + Hip-Hop),harmonix___0643_dontrush
2744,13.825858,1.2936947,2 (Pop + Rock + HJDB + Hip-Hop),harmonix___0644_dontsayaword
2745,7.498942,-3.9264073,2 (Pop + Rock + HJDB + Hip-Hop),harmonix___0645_dontstopthemusic
2746,14.083221,0.46184427,2 (Pop + Rock + HJDB + Hip-Hop),harmonix___0647_dontthinkidontthinkaboutit
2747,17.30013,1.4372216,2 (Pop + Rock + HJDB + Hip-Hop),harmonix___0648_donttrustme
2748,10.644263,-2.5215604,2 (Pop + Rock + HJDB + Hip-Hop),harmonix___0649_down
2749,10.500076,-2.5369658,2 (Pop + Rock + HJDB + Hip-Hop),harmonix___0650_downlilwayne
2750,9.493238,0.96582204,2 (Pop + Rock + HJDB + Hip-Hop),harmonix___0651_doyouremember
2751,17.8727,2.884269,2 (Pop + Rock + HJDB + Hip-Hop),harmonix___0652_drovemewild
2752,14.84348,0.6492168,2 (Pop + Rock + HJDB + Hip-Hop),harmonix___0653_dynamite
2753,14.13225,0.08323465,2 (Pop + Rock + HJDB + Hip-Hop),harmonix___0654_dynamitemixinmarc
2754,16.699202,1.3900954,2 (Pop + Rock + HJDB + Hip-Hop),harmonix___0655_earthquakey
2755,9.342296,-4.9805293,2 (Pop + Rock + HJDB + Hip-Hop),harmonix___0657_enursbonfire
2756,14.181365,-0.1673395,2 (Pop + Rock + HJDB + Hip-Hop),harmonix___0658_evacuatethedancefloor
2757,15.332675,2.8048334,2 (Pop + Rock + HJDB + Hip-Hop),harmonix___0659_everybody
2758,17.35186,1.8043588,2 (Pop + Rock + HJDB + Hip-Hop),harmonix___0660_everymorning
2759,15.84257,1.1957325,2 (Pop + Rock + HJDB + Hip-Hop),harmonix___0661_everythingaboutyou
2760,2.7088256,-5.343629,1 (Jazz + Pop),harmonix___0662_everytimewetouch
2761,16.034328,0.53341365,2 (Pop + Rock + HJDB + Hip-Hop),harmonix___0663_explosions
2762,16.173237,3.924985,2 (Pop + Rock + HJDB + Hip-Hop),harmonix___0664_eyesextendedmix
2763,16.51382,0.83155024,2 (Pop + Rock + HJDB + Hip-Hop),harmonix___0665_fall
2764,9.1031275,-1.7994368,2 (Pop + Rock + HJDB + Hip-Hop),harmonix___0666_fallin
2765,4.392532,-1.8876743,1 (Jazz + Pop),harmonix___0668_fallinganthem
2766,8.455486,0.88075936,2 (Pop + Rock + HJDB + Hip-Hop),harmonix___0669_fastforwardffwd
2767,15.9271145,1.5142666,2 (Pop + Rock + HJDB + Hip-Hop),harmonix___0670_fearless
2768,5.997549,-4.4995394,1 (Jazz + Pop),harmonix___0671_feedback
2769,17.4102,2.6516945,2 (Pop + Rock + HJDB + Hip-Hop),harmonix___0672_feelitinmybones
2770,16.644714,3.2785883,2 (Pop + Rock + HJDB + Hip-Hop),harmonix___0673_feelsliketonight
2771,16.124819,2.5257819,2 (Pop + Rock + HJDB + Hip-Hop),harmonix___0674_feelsocloseextendedmix
2772,16.226646,0.84200907,2 (Pop + Rock + HJDB + Hip-Hop),harmonix___0676_figure8
2773,13.874642,-1.8932616,2 (Pop + Rock + HJDB + Hip-Hop),harmonix___0677_fireburning
2774,5.774915,-2.5491354,1 (Jazz + Pop),harmonix___0678_fireflies
2775,16.687778,0.42778674,2 (Pop + Rock + HJDB + Hip-Hop),harmonix___0679_firsttime
2776,14.309699,3.0913632,2 (Pop + Rock + HJDB + Hip-Hop),harmonix___0680_fixaheart
2777,12.792071,-0.61372876,2 (Pop + Rock + HJDB + Hip-Hop),harmonix___0681_flashinglights
2778,14.34568,3.2352033,2 (Pop + Rock + HJDB + Hip-Hop),harmonix___0682_forever
2779,16.695765,0.2204114,2 (Pop + Rock + HJDB + Hip-Hop),harmonix___0683_foreverextendedmix
2780,16.555449,2.350478,2 (Pop + Rock + HJDB + Hip-Hop),harmonix___0685_forgottolaugh
2781,13.814928,-0.41901055,2 (Pop + Rock + HJDB + Hip-Hop),harmonix___0686_fortheloveofadaughter
2782,16.649918,2.5242672,2 (Pop + Rock + HJDB + Hip-Hop),harmonix___0687_getouttamyway
2783,11.926107,-3.7062743,2 (Pop + Rock + HJDB + Hip-Hop),harmonix___0688_getthepartystarted
2784,10.274582,-4.2468534,2 (Pop + Rock + HJDB + Hip-Hop),harmonix___0689_gettinoveryou
2785,14.986098,-0.8116868,2 (Pop + Rock + HJDB + Hip-Hop),harmonix___0690_givemeeverything
2786,4.1301937,-4.5645933,1 (Jazz + Pop),harmonix___0691_givesyouhell
2787,15.068225,-1.7726635,2 (Pop + Rock + HJDB + Hip-Hop),harmonix___0692_giveyourheartabreakdos
2788,12.860469,-3.5661306,2 (Pop + Rock + HJDB + Hip-Hop),harmonix___0693_gold
2789,15.6856575,2.7348738,2 (Pop + Rock + HJDB + Hip-Hop),harmonix___0695_goodbyegoodbye
2790,15.233498,0.16182876,2 (Pop + Rock + HJDB + Hip-Hop),harmonix___0696_goodgirlsgobad
2791,10.186237,-0.1907799,2 (Pop + Rock + HJDB + Hip-Hop),harmonix___0697_goodlife
2792,14.965026,0.6223223,2 (Pop + Rock + HJDB + Hip-Hop),harmonix___0698_goodtime
2793,10.190763,0.49530518,2 (Pop + Rock + HJDB + Hip-Hop),harmonix___0699_gotmoney
2794,17.157269,2.3133616,2 (Pop + Rock + HJDB + Hip-Hop),harmonix___0700_gottabesomebody
2795,16.36832,-0.17520703,2 (Pop + Rock + HJDB + Hip-Hop),harmonix___0701_gottabeyou
2796,13.016159,1.3566917,2 (Pop + Rock + HJDB + Hip-Hop),harmonix___0702_greenlight
2797,9.947852,-4.371037,2 (Pop + Rock + HJDB + Hip-Hop),harmonix___0704_guitarstringweddingring
2798,17.222506,2.7250984,2 (Pop + Rock + HJDB + Hip-Hop),harmonix___0705_haditall
2799,15.725409,-0.5301516,2 (Pop + Rock + HJDB + Hip-Hop),harmonix___0706_halcyon
2800,16.118948,3.5652127,2 (Pop + Rock + HJDB + Hip-Hop),harmonix___0707_halfwaygone
2801,10.915939,-0.6962205,2 (Pop + Rock + HJDB + Hip-Hop),harmonix___0708_haloradioedit
2802,12.489207,3.7953696,2 (Pop + Rock + HJDB + Hip-Hop),harmonix___0709_hangingon
2803,11.901848,0.8539693,2 (Pop + Rock + HJDB + Hip-Hop),harmonix___0710_hardjeezy
2804,17.933926,3.2829285,2 (Pop + Rock + HJDB + Hip-Hop),harmonix___0711_heartheartheartbreak
2805,4.9078774,-3.2861397,1 (Jazz + Pop),harmonix___0712_heartless
2806,11.477865,-0.55989957,2 (Pop + Rock + HJDB + Hip-Hop),harmonix___0713_heartofgoldnow
2807,16.363045,1.4947069,2 (Pop + Rock + HJDB + Hip-Hop),harmonix___0714_hell
2808,-10.600382,-3.6464202,3 (Classical + Groove + Jazz),harmonix___0715_hellodadalife
2809,16.051441,1.9838393,2 (Pop + Rock + HJDB + Hip-Hop),harmonix___0716_heroheroine
2810,13.2207155,-0.6562297,2 (Pop + Rock + HJDB + Hip-Hop),harmonix___0717_heysoulsister
2811,4.8522944,3.7622478,1 (Jazz + Pop),harmonix___0718_heytheredelilah
2812,8.975918,-3.471912,2 (Pop + Rock + HJDB + Hip-Hop),harmonix___0719_hipsdontlie
2813,12.641617,-3.0924776,2 (Pop + Rock + HJDB + Hip-Hop),harmonix___0721_holdup
2814,6.7390556,-4.2330317,1 (Jazz + Pop),harmonix___0723_hotelroomservice
2815,17.81383,3.3234293,2 (Pop + Rock + HJDB + Hip-Hop),harmonix___0724_hotmessdj
2816,17.399832,2.72507,2 (Pop + Rock + HJDB + Hip-Hop),harmonix___0725_hotncold
2817,7.5819626,-4.5635657,2 (Pop + Rock + HJDB + Hip-Hop),harmonix___0726_hotplay
2818,17.021574,2.095232,2 (Pop + Rock + HJDB + Hip-Hop),harmonix___0727_howcomeyoudontwantme
2819,17.522633,3.5370386,2 (Pop + Rock + HJDB + Hip-Hop),harmonix___0728_howyouremindme
2820,10.912276,-3.524456,2 (Pop + Rock + HJDB + Hip-Hop),harmonix___0729_hurricane
2821,16.129765,0.03135282,2 (Pop + Rock + HJDB + Hip-Hop),harmonix___0730_hurtssogood
2822,11.282326,0.38174745,2 (Pop + Rock + HJDB + Hip-Hop),harmonix___0731_icouldntbeyourfriend
2823,16.6135,0.54276705,2 (Pop + Rock + HJDB + Hip-Hop),harmonix___0732_idontwannabeinlove
2824,15.514492,-0.27293247,2 (Pop + Rock + HJDB + Hip-Hop),harmonix___0733_ifihadyou
2825,17.518507,3.3393366,2 (Pop + Rock + HJDB + Hip-Hop),harmonix___0734_iftodaywasyourlastday
2826,14.80675,1.2815691,2 (Pop + Rock + HJDB + Hip-Hop),harmonix___0735_ifuseeamy
2827,9.459155,0.19545174,2 (Pop + Rock + HJDB + Hip-Hop),harmonix___0736_igotafeeling
2828,12.322433,-2.4736242,2 (Pop + Rock + HJDB + Hip-Hop),harmonix___0737_ihatethispart
2829,16.887926,1.8350912,2 (Pop + Rock + HJDB + Hip-Hop),harmonix___0738_ihearnoises
2830,15.975679,0.79075277,2 (Pop + Rock + HJDB + Hip-Hop),harmonix___0739_ikissedagirl
2831,17.024164,2.4898202,2 (Pop + Rock + HJDB + Hip-Hop),harmonix___0740_ikissedagirljasonnevins
2832,-1.887408,1.4627082,1 (Jazz + Pop),harmonix___0741_iknowyoucare
2833,6.974269,-1.4064507,2 (Pop + Rock + HJDB + Hip-Hop),harmonix___0742_iknowyouwantme
2834,17.624163,2.8805645,2 (Pop + Rock + HJDB + Hip-Hop),harmonix___0743_iminloveiwannadoit
2835,5.980356,-2.4070761,1 (Jazz + Pop),harmonix___0744_immabe
2836,8.468238,-4.7152863,2 (Pop + Rock + HJDB + Hip-Hop),harmonix___0745_immabewolf
2837,13.788264,1.2468283,2 (Pop + Rock + HJDB + Hip-Hop),harmonix___0746_imnotyourhero
2838,8.572511,-1.7763567,2 (Pop + Rock + HJDB + Hip-Hop),harmonix___0747_imreal
2839,5.778974,-3.2168717,1 (Jazz + Pop),harmonix___0748_imyours
2840,5.7219796,2.7911491,2 (Pop + Rock + HJDB + Hip-Hop),harmonix___0749_indestructible2
2841,15.663819,2.8420386,2 (Pop + Rock + HJDB + Hip-Hop),harmonix___0750_ineedyourlove
2842,15.2402725,2.8906956,2 (Pop + Rock + HJDB + Hip-Hop),harmonix___0751_inlovewithagirl
2843,11.25135,-2.5631268,2 (Pop + Rock + HJDB + Hip-Hop),harmonix___0752_inmyhead
2844,11.009573,-3.6240568,2 (Pop + Rock + HJDB + Hip-Hop),harmonix___0753_inreallife
2845,17.499813,4.0088243,2 (Pop + Rock + HJDB + Hip-Hop),harmonix___0755_intothenight
2846,16.517378,-0.014069287,2 (Pop + Rock + HJDB + Hip-Hop),harmonix___0756_istillmissyou
2847,15.112873,0.83731323,2 (Pop + Rock + HJDB + Hip-Hop),harmonix___0758_itgetsbetter
2848,15.391157,0.5996166,2 (Pop + Rock + HJDB + Hip-Hop),harmonix___0759_itgirljasonnevins
2849,11.341049,-1.6145825,2 (Pop + Rock + HJDB + Hip-Hop),harmonix___0760_iwannarock
2850,17.951275,3.0996,2 (Pop + Rock + HJDB + Hip-Hop),harmonix___0761_iwant
2851,12.571334,-1.4033469,2 (Pop + Rock + HJDB + Hip-Hop),harmonix___0762_iwantitthatway
2852,15.333696,2.6269937,2 (Pop + Rock + HJDB + Hip-Hop),harmonix___0763_iwasafool
2853,17.164831,1.5164073,2 (Pop + Rock + HJDB + Hip-Hop),harmonix___0764_iwish
2854,4.47667,-5.8609114,1 (Jazz + Pop),harmonix___0765_jimmyiovine
2855,9.261748,-3.7650988,2 (Pop + Rock + HJDB + Hip-Hop),harmonix___0766_justdance
2856,5.4373546,-5.3861003,1 (Jazz + Pop),harmonix___0767_justfine
2857,14.498404,0.4392835,2 (Pop + Rock + HJDB + Hip-Hop),harmonix___0768_keepsgettinbetter
2858,13.090797,-0.03131296,2 (Pop + Rock + HJDB + Hip-Hop),harmonix___0769_killa
2859,12.841809,-0.082506195,2 (Pop + Rock + HJDB + Hip-Hop),harmonix___0770_kingofmycastle
2860,8.146435,-4.0172014,2 (Pop + Rock + HJDB + Hip-Hop),harmonix___0771_kisskissmainversion
2861,10.440059,-1.321935,2 (Pop + Rock + HJDB + Hip-Hop),harmonix___0772_kissmebackcrytonight
2862,11.913552,-0.5989297,2 (Pop + Rock + HJDB + Hip-Hop),harmonix___0773_kissmethruthephone
2863,8.359163,3.30006,2 (Pop + Rock + HJDB + Hip-Hop),harmonix___0774_knockyoudown
2864,12.2885065,2.264796,2 (Pop + Rock + HJDB + Hip-Hop),harmonix___0775_knockyoudownbimbojones
2865,15.201849,-0.40548003,2 (Pop + Rock + HJDB + Hip-Hop),harmonix___0776_krazy
2866,5.2568808,-0.42706633,1 (Jazz + Pop),harmonix___0777_lebump
2867,14.113855,0.9564791,2 (Pop + Rock + HJDB + Hip-Hop),harmonix___0778_letitrock
2868,15.149112,2.7150986,2 (Pop + Rock + HJDB + Hip-Hop),harmonix___0779_letitrockfilthy
2869,17.069527,1.1004353,2 (Pop + Rock + HJDB + Hip-Hop),harmonix___0780_letmebereal
2870,12.187495,-1.4275616,2 (Pop + Rock + HJDB + Hip-Hop),harmonix___0781_lettinggoduttylove
2871,16.191156,3.0670686,2 (Pop + Rock + HJDB + Hip-Hop),harmonix___0782_lifeafteryou
2872,16.796019,3.3519495,2 (Pop + Rock + HJDB + Hip-Hop),harmonix___0783_lighton
2873,11.547649,-3.3882358,2 (Pop + Rock + HJDB + Hip-Hop),harmonix___0784_lightweight
2874,8.948757,0.3704764,2 (Pop + Rock + HJDB + Hip-Hop),harmonix___0785_littleliesnow
2875,17.584587,1.783493,2 (Pop + Rock + HJDB + Hip-Hop),harmonix___0786_livelikeweredying
2876,17.715645,2.6593153,2 (Pop + Rock + HJDB + Hip-Hop),harmonix___0787_liveyourlife
2877,11.476112,-3.0868225,2 (Pop + Rock + HJDB + Hip-Hop),harmonix___0789_livingroom
2878,3.7018056,-5.4799576,1 (Jazz + Pop),harmonix___0790_locapeople
2879,1.1409886,-5.9387593,1 (Jazz + Pop),harmonix___0791_lollipop
2880,17.703453,1.4258026,2 (Pop + Rock + HJDB + Hip-Hop),harmonix___0792_lovedrunk
2881,8.275806,-3.5489411,2 (Pop + Rock + HJDB + Hip-Hop),harmonix___0793_lovegame
2882,4.915009,0.7760121,1 (Jazz + Pop),harmonix___0794_lovegamedave
2883,17.071142,1.9701245,2 (Pop + Rock + HJDB + Hip-Hop),harmonix___0796_loveinthisclub
2884,9.072234,-4.3555136,2 (Pop + Rock + HJDB + Hip-Hop),harmonix___0797_loveisgone
2885,10.191727,-3.310368,2 (Pop + Rock + HJDB + Hip-Hop),harmonix___0798_lovelikethis
2886,6.8561587,-5.3998113,1 (Jazz + Pop),harmonix___0799_lovesexmagic
2887,11.625219,0.70412993,2 (Pop + Rock + HJDB + Hip-Hop),harmonix___0800_lovesexmagicjason
2888,15.180442,1.6594309,2 (Pop + Rock + HJDB + Hip-Hop),harmonix___0801_lovesong
2889,14.803544,-0.47148314,2 (Pop + Rock + HJDB + Hip-Hop),harmonix___0802_lovestoned
2890,16.556055,2.2752738,2 (Pop + Rock + HJDB + Hip-Hop),harmonix___0803_lovestory
2891,16.164137,3.225232,2 (Pop + Rock + HJDB + Hip-Hop),harmonix___0805_lovetheysay
2892,11.552814,-1.446277,2 (Pop + Rock + HJDB + Hip-Hop),harmonix___0806_mad
2893,6.4710255,-0.9296855,2 (Pop + Rock + HJDB + Hip-Hop),harmonix___0807_makemebetter
2894,10.683163,-2.287023,2 (Pop + Rock + HJDB + Hip-Hop),harmonix___0808_makethemoney
2895,15.40324,0.9844666,2 (Pop + Rock + HJDB + Hip-Hop),harmonix___0810_memoriesextended
2896,11.072813,3.2312927,2 (Pop + Rock + HJDB + Hip-Hop),harmonix___0811_miami2ibiza
2897,-3.6098645,3.8826203,1 (Jazz + Pop),harmonix___0812_miserybimbo
2898,4.0148106,-2.8109138,1 (Jazz + Pop),harmonix___0813_missindependent
2899,12.497868,-2.060957,2 (Pop + Rock + HJDB + Hip-Hop),harmonix___0814_mistake
2900,16.656696,2.6289303,2 (Pop + Rock + HJDB + Hip-Hop),harmonix___0815_mondaymondaymonday
2901,13.058622,-0.7748896,2 (Pop + Rock + HJDB + Hip-Hop),harmonix___0817_morethanthis
2902,15.246202,-0.6759381,2 (Pop + Rock + HJDB + Hip-Hop),harmonix___0818_mrsaxobeatext
2903,11.072953,-4.1421666,2 (Pop + Rock + HJDB + Hip-Hop),harmonix___0819_myblood
2904,6.8221717,-5.1688128,1 (Jazz + Pop),harmonix___0820_mychickbad
2905,15.543754,2.420443,2 (Pop + Rock + HJDB + Hip-Hop),harmonix___0821_myfeelingsforyou
2906,17.831291,3.1664007,2 (Pop + Rock + HJDB + Hip-Hop),harmonix___0823_mylifewouldsuckwithoutyou
2907,14.752398,-0.5703798,2 (Pop + Rock + HJDB + Hip-Hop),harmonix___0824_mylifewouldsuckwithoutyous
2908,15.736718,0.11150329,2 (Pop + Rock + HJDB + Hip-Hop),harmonix___0825_myloveislikeastar
2909,5.5552545,-7.4950366,1 (Jazz + Pop),harmonix___0826_myohmy
2910,15.829124,0.19433881,2 (Pop + Rock + HJDB + Hip-Hop),harmonix___0827_needyounow
2911,5.9864426,-4.6577315,1 (Jazz + Pop),harmonix___0828_neoncathedral
2912,16.84044,3.340616,2 (Pop + Rock + HJDB + Hip-Hop),harmonix___0829_nevertoolate
2913,10.420186,-1.7230198,2 (Pop + Rock + HJDB + Hip-Hop),harmonix___0830_nightwatch
2914,12.546012,0.82895243,2 (Pop + Rock + HJDB + Hip-Hop),harmonix___0831_noair
2915,8.852901,-2.3412833,2 (Pop + Rock + HJDB + Hip-Hop),harmonix___0832_noone
2916,17.145334,2.1941001,2 (Pop + Rock + HJDB + Hip-Hop),harmonix___0833_northshore
2917,17.425802,3.4516215,2 (Pop + Rock + HJDB + Hip-Hop),harmonix___0834_nosurprise
2918,15.371223,0.13704747,2 (Pop + Rock + HJDB + Hip-Hop),harmonix___0835_notetogod
2919,8.913513,0.69565755,2 (Pop + Rock + HJDB + Hip-Hop),harmonix___0836_notmyselftonight
2920,-3.1121416,0.20414454,1 (Jazz + Pop),harmonix___0837_nottonight
2921,15.511688,1.9319575,2 (Pop + Rock + HJDB + Hip-Hop),harmonix___0838_nowimallmessedup
2922,10.593346,-2.7325284,2 (Pop + Rock + HJDB + Hip-Hop),harmonix___0839_nowyouseeit
2923,6.0895147,-3.6145597,1 (Jazz + Pop),harmonix___0840_obsessed
2924,16.764206,1.9710917,2 (Pop + Rock + HJDB + Hip-Hop),harmonix___0841_obsessedcahill
2925,16.695831,1.6868438,2 (Pop + Rock + HJDB + Hip-Hop),harmonix___0842_obsessionstatic
2926,17.27267,2.8644278,2 (Pop + Rock + HJDB + Hip-Hop),harmonix___0843_omgalmighty
2927,3.9239929,-6.6920047,1 (Jazz + Pop),harmonix___0844_ondirecting
2928,4.6875873,-6.5426197,1 (Jazz + Pop),harmonix___0845_onefoot
2929,13.782537,0.9716552,2 (Pop + Rock + HJDB + Hip-Hop),harmonix___0846_onelove
2930,8.950956,-4.503324,2 (Pop + Rock + HJDB + Hip-Hop),harmonix___0847_onestepatatime
2931,14.842468,-0.2109664,2 (Pop + Rock + HJDB + Hip-Hop),harmonix___0848_onething
2932,13.686708,-0.1257837,2 (Pop + Rock + HJDB + Hip-Hop),harmonix___0849_onlyyou
2933,9.466698,-0.8094978,2 (Pop + Rock + HJDB + Hip-Hop),harmonix___0850_onlyyoucanlovemethisway
2934,17.309235,2.3421254,2 (Pop + Rock + HJDB + Hip-Hop),harmonix___0851_openurmind
2935,16.382002,2.5761344,2 (Pop + Rock + HJDB + Hip-Hop),harmonix___0852_oursong
2936,11.370444,-0.4663079,2 (Pop + Rock + HJDB + Hip-Hop),harmonix___0853_outonthetown
2937,17.861769,3.0329053,2 (Pop + Rock + HJDB + Hip-Hop),harmonix___0854_overmyheadcablecar
2938,17.656218,3.1883216,2 (Pop + Rock + HJDB + Hip-Hop),harmonix___0855_overyou
2939,3.9879587,-4.0464563,1 (Jazz + Pop),harmonix___0856_paperbackhead
2940,14.332297,-0.20334035,2 (Pop + Rock + HJDB + Hip-Hop),harmonix___0857_paralyzer
2941,4.9466305,-1.1188293,1 (Jazz + Pop),harmonix___0858_peoplearepeople
2942,17.783249,2.925413,2 (Pop + Rock + HJDB + Hip-Hop),harmonix___0859_picturesofyou
2943,11.712213,-3.4479144,2 (Pop + Rock + HJDB + Hip-Hop),harmonix___0860_pieceofme
2944,13.664754,1.6875412,2 (Pop + Rock + HJDB + Hip-Hop),harmonix___0861_pingmebaby
2945,15.803861,0.9700043,2 (Pop + Rock + HJDB + Hip-Hop),harmonix___0862_pleasedontleaveme
2946,16.474955,1.2431264,2 (Pop + Rock + HJDB + Hip-Hop),harmonix___0863_pleasedontleavemedigi
2947,15.817909,1.4897697,2 (Pop + Rock + HJDB + Hip-Hop),harmonix___0864_pleasedontleavememain
2948,10.787416,-3.4563224,2 (Pop + Rock + HJDB + Hip-Hop),harmonix___0865_pocketfulofsunshine
2949,13.346367,1.9996477,2 (Pop + Rock + HJDB + Hip-Hop),harmonix___0866_pokerfacedave
2950,15.453772,-0.015589426,2 (Pop + Rock + HJDB + Hip-Hop),harmonix___0867_pokerfacedos
2951,11.841687,0.8034726,2 (Pop + Rock + HJDB + Hip-Hop),harmonix___0868_puton
2952,13.001765,-0.15248989,2 (Pop + Rock + HJDB + Hip-Hop),harmonix___0869_raiseyourweapon
2953,14.860875,-0.6712108,2 (Pop + Rock + HJDB + Hip-Hop),harmonix___0870_ratedr
2954,9.062453,-0.6680881,2 (Pop + Rock + HJDB + Hip-Hop),harmonix___0872_readyfortheweekend
2955,10.292456,-4.1304903,2 (Pop + Rock + HJDB + Hip-Hop),harmonix___0873_readyornot
2956,11.964338,-2.726886,2 (Pop + Rock + HJDB + Hip-Hop),harmonix___0874_realize
2957,4.5329123,-7.1763268,1 (Jazz + Pop),harmonix___0875_redbelt
2958,13.912035,1.1728516,2 (Pop + Rock + HJDB + Hip-Hop),harmonix___0876_rehab
2959,6.574331,-3.9043877,1 (Jazz + Pop),harmonix___0877_releasemenow
2960,6.6903434,-3.7152486,1 (Jazz + Pop),harmonix___0878_replay
2961,16.286118,1.0007458,2 (Pop + Rock + HJDB + Hip-Hop),harmonix___0879_ridinsoloian
2962,7.616334,-1.4462681,2 (Pop + Rock + HJDB + Hip-Hop),harmonix___0880_righthere
2963,8.284167,-2.5125878,2 (Pop + Rock + HJDB + Hip-Hop),harmonix___0881_rightround
2964,17.799078,1.5953118,2 (Pop + Rock + HJDB + Hip-Hop),harmonix___0882_rightroundbenny
2965,11.775343,-2.3439102,2 (Pop + Rock + HJDB + Hip-Hop),harmonix___0883_rocksatmywindow
2966,14.668364,-0.7222997,2 (Pop + Rock + HJDB + Hip-Hop),harmonix___0884_rockstar
2967,10.348895,-4.123843,2 (Pop + Rock + HJDB + Hip-Hop),harmonix___0886_rudeboy
2968,16.17818,1.3915726,2 (Pop + Rock + HJDB + Hip-Hop),harmonix___0888_russianroulettejump
2969,2.6714644,-4.21179,1 (Jazz + Pop),harmonix___0889_samelove
2970,17.045732,3.071219,2 (Pop + Rock + HJDB + Hip-Hop),harmonix___0890_samemistakes
2971,5.731516,-1.0023898,1 (Jazz + Pop),harmonix___0891_savetheworld
2972,14.585251,1.121547,2 (Pop + Rock + HJDB + Hip-Hop),harmonix___0892_saveyoutonight
2973,15.215607,2.6175923,2 (Pop + Rock + HJDB + Hip-Hop),harmonix___0893_say
2974,14.509311,0.17481819,2 (Pop + Rock + HJDB + Hip-Hop),harmonix___0894_sayheyiloveyou
2975,14.556833,4.2211084,2 (Pop + Rock + HJDB + Hip-Hop),harmonix___0895_scarymonsters
2976,17.150269,0.5170419,2 (Pop + Rock + HJDB + Hip-Hop),harmonix___0897_sentimentaltune
2977,8.889069,-3.7976935,2 (Pop + Rock + HJDB + Hip-Hop),harmonix___0898_sexyback
2978,2.519096,-4.442344,1 (Jazz + Pop),harmonix___0899_sexycani
2979,6.2433424,-3.0198197,1 (Jazz + Pop),harmonix___0900_sexychickakon
2980,5.7427096,-6.4414034,1 (Jazz + Pop),harmonix___0901_sexydj
2981,12.167777,-1.0398799,2 (Pop + Rock + HJDB + Hip-Hop),harmonix___0902_shakeitradiomix
2982,17.396921,1.3331685,2 (Pop + Rock + HJDB + Hip-Hop),harmonix___0903_shakethatbubblenow
2983,3.5239985,-2.9905913,1 (Jazz + Pop),harmonix___0904_shewolf
2984,9.369977,-2.4920106,2 (Pop + Rock + HJDB + Hip-Hop),harmonix___0905_shocktoyoursystem
2985,16.214468,2.3356805,2 (Pop + Rock + HJDB + Hip-Hop),harmonix___0906_shutupanddrive
2986,15.773179,1.0903493,2 (Pop + Rock + HJDB + Hip-Hop),harmonix___0907_skyscraper
2987,16.734196,1.4299389,2 (Pop + Rock + HJDB + Hip-Hop),harmonix___0908_sober
2988,8.517984,1.5367867,2 (Pop + Rock + HJDB + Hip-Hop),harmonix___0909_sofineed
2989,8.241508,-1.5979594,2 (Pop + Rock + HJDB + Hip-Hop),harmonix___0910_solo
2990,16.984222,2.2604077,2 (Pop + Rock + HJDB + Hip-Hop),harmonix___0911_someday
2991,4.4977736,3.4156442,1 (Jazz + Pop),harmonix___0912_somenights
2992,-7.0398264,-0.3330168,3 (Classical + Groove + Jazz),harmonix___0913_somuchlove
2993,17.507025,3.2722614,2 (Pop + Rock + HJDB + Hip-Hop),harmonix___0914_soobviousnow
2994,12.890752,0.23634872,2 (Pop + Rock + HJDB + Hip-Hop),harmonix___0915_sosletthemusicplay
2995,17.804419,3.2946243,2 (Pop + Rock + HJDB + Hip-Hop),harmonix___0916_sowhat
2996,11.874368,3.076752,2 (Pop + Rock + HJDB + Hip-Hop),harmonix___0917_spacemanties
2997,12.216332,-2.9608483,2 (Pop + Rock + HJDB + Hip-Hop),harmonix___0918_starstrukk
2998,7.0216045,-5.764317,1 (Jazz + Pop),harmonix___0919_stereolove
2999,13.213096,0.5058688,2 (Pop + Rock + HJDB + Hip-Hop),harmonix___0920_stopandstare
3000,7.5417366,-0.2551689,2 (Pop + Rock + HJDB + Hip-Hop),harmonix___0921_stronger
3001,7.126272,-3.2872336,2 (Pop + Rock + HJDB + Hip-Hop),harmonix___0922_suffocate
3002,9.993533,-1.925674,2 (Pop + Rock + HJDB + Hip-Hop),harmonix___0923_sunandmoon
3003,7.298846,-3.874606,2 (Pop + Rock + HJDB + Hip-Hop),harmonix___0924_sunisup
3004,12.674598,0.73663944,2 (Pop + Rock + HJDB + Hip-Hop),harmonix___0925_sweetdisposition
3005,16.079073,2.8300393,2 (Pop + Rock + HJDB + Hip-Hop),harmonix___0926_sweetthing
3006,4.3791766,-5.1595883,1 (Jazz + Pop),harmonix___0927_swing
3007,15.829583,-0.05667258,2 (Pop + Rock + HJDB + Hip-Hop),harmonix___0928_takeabow
3008,7.171632,-3.8971744,2 (Pop + Rock + HJDB + Hip-Hop),harmonix___0929_takeovercontrolext
3009,13.442735,0.68806523,2 (Pop + Rock + HJDB + Hip-Hop),harmonix___0930_takeyourtime
3010,11.445417,-3.3063912,2 (Pop + Rock + HJDB + Hip-Hop),harmonix___0931_takeyouthere
3011,14.071041,-0.08619909,2 (Pop + Rock + HJDB + Hip-Hop),harmonix___0932_tattoo
3012,8.437872,2.3641112,2 (Pop + Rock + HJDB + Hip-Hop),harmonix___0933_teardropsonmyguitar
3013,9.702307,0.9765393,2 (Pop + Rock + HJDB + Hip-Hop),harmonix___0934_teenagedreamkaskade
3014,12.479528,0.02741617,2 (Pop + Rock + HJDB + Hip-Hop),harmonix___0936_tequieroacoustic
3015,13.391403,-1.0905536,2 (Pop + Rock + HJDB + Hip-Hop),harmonix___0937_thatsnotmyname
3016,7.9097204,0.42987484,2 (Pop + Rock + HJDB + Hip-Hop),harmonix___0938_thebusiness
3017,11.289253,-2.515448,2 (Pop + Rock + HJDB + Hip-Hop),harmonix___0939_thecure
3018,2.9991145,0.16962986,1 (Jazz + Pop),harmonix___0940_thehousethatbuiltme
3019,18.027851,2.958157,2 (Pop + Rock + HJDB + Hip-Hop),harmonix___0941_theocean
3020,17.040565,2.1166074,2 (Pop + Rock + HJDB + Hip-Hop),harmonix___0943_thetheayer
3021,9.7545595,-3.8054712,2 (Pop + Rock + HJDB + Hip-Hop),harmonix___0945_thewayiareradio
3022,16.51526,2.4369605,2 (Pop + Rock + HJDB + Hip-Hop),harmonix___0946_thinkingofyou
3023,14.791398,-0.081752785,2 (Pop + Rock + HJDB + Hip-Hop),harmonix___0947_thiskiss
3024,15.96169,0.9464082,2 (Pop + Rock + HJDB + Hip-Hop),harmonix___0948_thislove
3025,9.772689,-2.7417614,2 (Pop + Rock + HJDB + Hip-Hop),harmonix___0949_throwitinthebag
3026,15.23645,0.31697172,2 (Pop + Rock + HJDB + Hip-Hop),harmonix___0950_throwyourhandsup
3027,17.845343,3.245177,2 (Pop + Rock + HJDB + Hip-Hop),harmonix___0951_thunder
3028,8.940178,-4.954892,2 (Pop + Rock + HJDB + Hip-Hop),harmonix___0952_tiktok
3029,13.321499,1.5465056,2 (Pop + Rock + HJDB + Hip-Hop),harmonix___0953_tilltheworldends2
3030,16.271687,3.2447267,2 (Pop + Rock + HJDB + Hip-Hop),harmonix___0954_timeaftertimevan
3031,11.669602,-2.6864984,2 (Pop + Rock + HJDB + Hip-Hop),harmonix___0955_tinylittlebows
3032,5.6862497,-5.5683136,1 (Jazz + Pop),harmonix___0956_tonightimgettingoveryou
3033,10.330377,-3.2081745,2 (Pop + Rock + HJDB + Hip-Hop),harmonix___0958_turnmeup
3034,9.500267,-0.44891703,2 (Pop + Rock + HJDB + Hip-Hop),harmonix___0959_turnthisclubaround
3035,14.732362,0.14595932,2 (Pop + Rock + HJDB + Hip-Hop),harmonix___0960_umbrella
3036,13.157735,0.93357086,2 (Pop + Rock + HJDB + Hip-Hop),harmonix___0961_unfaithfulfemme
3037,13.125291,-1.0668614,2 (Pop + Rock + HJDB + Hip-Hop),harmonix___0962_usagainsttheworldjason
3038,17.795416,3.2032304,2 (Pop + Rock + HJDB + Hip-Hop),harmonix___0964_wakingupinvegas
3039,11.493432,-3.0977042,2 (Pop + Rock + HJDB + Hip-Hop),harmonix___0965_wakingupinvegascalvin
3040,8.99971,-4.204084,2 (Pop + Rock + HJDB + Hip-Hop),harmonix___0966_wakingupinvegascalvinh
3041,15.794947,0.7028688,2 (Pop + Rock + HJDB + Hip-Hop),harmonix___0967_walkingonadream
3042,8.285808,-2.3912125,2 (Pop + Rock + HJDB + Hip-Hop),harmonix___0968_walltowall
3043,3.540509,-5.904581,1 (Jazz + Pop),harmonix___0969_webelongtogether
3044,17.040747,3.3702712,2 (Pop + Rock + HJDB + Hip-Hop),harmonix___0970_whataboutnow
3045,15.505875,1.7817936,2 (Pop + Rock + HJDB + Hip-Hop),harmonix___0971_whatayawantfromme
3046,14.841865,-0.027259078,2 (Pop + Rock + HJDB + Hip-Hop),harmonix___0972_whatchasay
3047,17.379377,1.8590022,2 (Pop + Rock + HJDB + Hip-Hop),harmonix___0973_whateverittakes
3048,10.23794,-0.43737754,2 (Pop + Rock + HJDB + Hip-Hop),harmonix___0974_whateveryoulike
3049,17.115252,0.47726515,2 (Pop + Rock + HJDB + Hip-Hop),harmonix___0975_whathappensinvegas
3050,6.1862144,0.7408805,2 (Pop + Rock + HJDB + Hip-Hop),harmonix___0977_wheelsnow
3051,7.146337,-0.5900851,2 (Pop + Rock + HJDB + Hip-Hop),harmonix___0978_whenigrowup
3052,15.702949,0.79712653,2 (Pop + Rock + HJDB + Hip-Hop),harmonix___0979_whenlovetakesover
3053,17.40701,2.2261424,2 (Pop + Rock + HJDB + Hip-Hop),harmonix___0980_whenyouleave
3054,15.74883,2.1937444,2 (Pop + Rock + HJDB + Hip-Hop),harmonix___0981_whenyouregone
3055,16.878263,2.3220856,2 (Pop + Rock + HJDB + Hip-Hop),harmonix___0982_whoknewdos
3056,10.12464,2.5820951,2 (Pop + Rock + HJDB + Hip-Hop),harmonix___0983_whyamitheone
3057,5.4042916,-5.2048354,1 (Jazz + Pop),harmonix___0986_winner
3058,7.040027,-1.585886,2 (Pop + Rock + HJDB + Hip-Hop),harmonix___0987_withyou
3059,12.727916,-1.3239251,2 (Pop + Rock + HJDB + Hip-Hop),harmonix___0988_withyoukovas
3060,11.948012,0.5917955,2 (Pop + Rock + HJDB + Hip-Hop),harmonix___0989_womanizer
3061,13.323115,-0.026833154,2 (Pop + Rock + HJDB + Hip-Hop),harmonix___0991_worryaboutyounow
3062,11.296425,0.7224226,2 (Pop + Rock + HJDB + Hip-Hop),harmonix___0992_wrongthinwhiteduke
3063,13.360777,1.7465061,2 (Pop + Rock + HJDB + Hip-Hop),harmonix___0993_youandidanny
3064,5.377896,2.4391582,1 (Jazz + Pop),harmonix___0994_youbelongwithme
3065,16.851784,3.4190037,2 (Pop + Rock + HJDB + Hip-Hop),harmonix___0995_youfoundme
3066,12.112838,3.1286595,2 (Pop + Rock + HJDB + Hip-Hop),harmonix___0998_youregonnamissthis
3067,9.320396,-1.2604048,2 (Pop + Rock + HJDB + Hip-Hop),harmonix___0999_yourheartisamuscle
3068,15.903793,0.15569195,2 (Pop + Rock + HJDB + Hip-Hop),harmonix___1000_yourloveismydrug
3069,16.042303,1.7175932,2 (Pop + Rock + HJDB + Hip-Hop),harmonix___1001_yourloveismydrugdave
3070,5.6157613,1.214025,1 (Jazz + Pop),hjdb___hjdb_2_Bad_Mice_Take_You
3071,6.43902,1.1596242,2 (Pop + Rock + HJDB + Hip-Hop),hjdb___hjdb_4_Am
3072,12.080915,3.9383864,2 (Pop + Rock + HJDB + Hip-Hop),hjdb___hjdb_6_Million_Ways_To_Die_(DJ_Hype_Remix)
3073,7.120212,1.8931768,2 (Pop + Rock + HJDB + Hip-Hop),hjdb___hjdb_A21
3074,0.5544009,-4.928352,1 (Jazz + Pop),hjdb___hjdb_A_Musical_Box
3075,12.836132,2.2276704,2 (Pop + Rock + HJDB + Hip-Hop),hjdb___hjdb_A_New_Dawn
3076,-1.2185569,-2.7599645,1 (Jazz + Pop),hjdb___hjdb_Aftershock
3077,-1.2647562,-2.838768,1 (Jazz + Pop),hjdb___hjdb_All_Right_(All_Night_Mix)
3078,7.7794294,1.0181978,2 (Pop + Rock + HJDB + Hip-Hop),hjdb___hjdb_Alright_With_Me
3079,12.180629,3.4947991,2 (Pop + Rock + HJDB + Hip-Hop),hjdb___hjdb_Anastacia
3080,-1.5568993,-5.6634283,1 (Jazz + Pop),hjdb___hjdb_Another_Direction
3081,8.707764,-0.78211737,2 (Pop + Rock + HJDB + Hip-Hop),hjdb___hjdb_Being_With_You
3082,-0.7164508,-3.8874068,1 (Jazz + Pop),hjdb___hjdb_Being_With_You_(Foul_Play_Remix)
3083,7.582708,0.34719956,2 (Pop + Rock + HJDB + Hip-Hop),hjdb___hjdb_Being_With_You_1
3084,7.768191,2.1152146,2 (Pop + Rock + HJDB + Hip-Hop),hjdb___hjdb_Beyond_Bass
3085,0.3268847,-4.5454392,1 (Jazz + Pop),hjdb___hjdb_Beyond_Control
3086,8.369249,2.3538008,2 (Pop + Rock + HJDB + Hip-Hop),hjdb___hjdb_Bish_Bosh
3087,1.8722506,-3.4518342,1 (Jazz + Pop),hjdb___hjdb_Bodymotion
3088,-1.3717909,-3.0226111,1 (Jazz + Pop),hjdb___hjdb_Bombscare
3089,-2.7316227,-5.816669,1 (Jazz + Pop),hjdb___hjdb_Bouncing
3090,-3.7051616,-4.8242807,1 (Jazz + Pop),hjdb___hjdb_Breakage4
3091,2.032849,-2.4380615,1 (Jazz + Pop),hjdb___hjdb_Breaking_Free
3092,-0.60208327,-3.1554132,1 (Jazz + Pop),hjdb___hjdb_Breaking_Free_2
3093,6.7358193,0.54872346,2 (Pop + Rock + HJDB + Hip-Hop),hjdb___hjdb_Cant_Stop_The_Rush_(93_Remix)
3094,-1.3064424,-6.5807905,1 (Jazz + Pop),hjdb___hjdb_Cant_Stop_Thinking_About
3095,1.2773157,-2.886272,1 (Jazz + Pop),hjdb___hjdb_Captain_Of_This_Ship
3096,-1.2150326,-3.9395726,1 (Jazz + Pop),hjdb___hjdb_Casanova_(Down_To_Earth_Remix)
3097,8.23756,-5.793315,2 (Pop + Rock + HJDB + Hip-Hop),hjdb___hjdb_Champion_Sound
3098,6.580455,-1.2631202,2 (Pop + Rock + HJDB + Hip-Hop),hjdb___hjdb_Champion_Sound_(Doc_Scott_Remix)
3099,6.7567806,-0.07535578,2 (Pop + Rock + HJDB + Hip-Hop),hjdb___hjdb_Charly
3100,6.935599,-2.6740837,2 (Pop + Rock + HJDB + Hip-Hop),hjdb___hjdb_Chasin_A_Dream
3101,8.063792,0.92956495,2 (Pop + Rock + HJDB + Hip-Hop),hjdb___hjdb_Cold_Fresh_Air_(Remix)
3102,7.8908963,0.9013524,2 (Pop + Rock + HJDB + Hip-Hop),hjdb___hjdb_Come_Back_2_Me
3103,8.00265,2.0454512,2 (Pop + Rock + HJDB + Hip-Hop),hjdb___hjdb_Cookin_Up_Yah_Brain
3104,7.017089,1.9500222,2 (Pop + Rock + HJDB + Hip-Hop),hjdb___hjdb_Crackman_The_Return_(DJ_Ron_Remix)
3105,7.5818086,1.7875787,2 (Pop + Rock + HJDB + Hip-Hop),hjdb___hjdb_Crystalize
3106,7.2554607,3.7796493,2 (Pop + Rock + HJDB + Hip-Hop),hjdb___hjdb_DJ_Business
3107,15.3268585,3.954163,2 (Pop + Rock + HJDB + Hip-Hop),hjdb___hjdb_Dam_Tuff
3108,0.08252156,-3.6907918,1 (Jazz + Pop),hjdb___hjdb_Damage
3109,7.603488,3.778052,2 (Pop + Rock + HJDB + Hip-Hop),hjdb___hjdb_Dance_Factor
3110,-5.524556,-2.3585074,1 (Jazz + Pop),hjdb___hjdb_Dance_The_Dream
3111,5.5522304,4.2839646,2 (Pop + Rock + HJDB + Hip-Hop),hjdb___hjdb_Dance_With_Power_(Original_Mix)
3112,7.46992,0.73346627,2 (Pop + Rock + HJDB + Hip-Hop),hjdb___hjdb_Dark_Angel
3113,0.8442568,-4.9492235,1 (Jazz + Pop),hjdb___hjdb_Dark_Stranger_(Origin_Unknown_Remix)
3114,0.10656051,-3.436176,1 (Jazz + Pop),hjdb___hjdb_Darkcore
3115,9.013354,2.9390266,2 (Pop + Rock + HJDB + Hip-Hop),hjdb___hjdb_Darkman
3116,9.705792,3.4127991,2 (Pop + Rock + HJDB + Hip-Hop),hjdb___hjdb_Deep_Cover
3117,9.028884,2.3913412,2 (Pop + Rock + HJDB + Hip-Hop),hjdb___hjdb_Deep_Love
3118,-1.5120227,-3.7133205,1 (Jazz + Pop),hjdb___hjdb_Deep_Space
3119,9.215799,3.336387,2 (Pop + Rock + HJDB + Hip-Hop),hjdb___hjdb_Demons_Theme
3120,7.221664,1.7954404,2 (Pop + Rock + HJDB + Hip-Hop),hjdb___hjdb_Devotion
3121,8.015491,1.9874858,2 (Pop + Rock + HJDB + Hip-Hop),hjdb___hjdb_Digable_Bass
3122,-1.3755105,-3.0183084,1 (Jazz + Pop),hjdb___hjdb_Dis_Generation
3123,7.8035364,2.6446652,2 (Pop + Rock + HJDB + Hip-Hop),hjdb___hjdb_Divine_Rhythm
3124,11.210359,3.334796,2 (Pop + Rock + HJDB + Hip-Hop),hjdb___hjdb_Do_It_Now
3125,5.995047,4.787597,2 (Pop + Rock + HJDB + Hip-Hop),hjdb___hjdb_Do_It_Together_(The_Baggys_Mix)
3126,-2.2670991,-5.9168205,1 (Jazz + Pop),hjdb___hjdb_Dont_Come_No_Ruffer_(Ruff_Mix)
3127,6.7941885,0.43340123,2 (Pop + Rock + HJDB + Hip-Hop),hjdb___hjdb_Dont_Need_Your_Love
3128,5.3726583,-0.34831753,1 (Jazz + Pop),hjdb___hjdb_Dream_Sequence
3129,12.972247,3.5571327,2 (Pop + Rock + HJDB + Hip-Hop),hjdb___hjdb_Drowning_In_Her
3130,7.982752,1.6203978,2 (Pop + Rock + HJDB + Hip-Hop),hjdb___hjdb_Drum_Programme_(Remix)
3131,8.201497,3.9785805,2 (Pop + Rock + HJDB + Hip-Hop),hjdb___hjdb_Drummer_Of_Doom
3132,11.282946,3.0848975,2 (Pop + Rock + HJDB + Hip-Hop),hjdb___hjdb_Dub_War_Chapter_1_(Raw_Mix)
3133,7.7606235,2.821379,2 (Pop + Rock + HJDB + Hip-Hop),hjdb___hjdb_Dub_War_Chapter_1_(The_Mix_Strikes_Back)
3134,9.125987,2.9916437,2 (Pop + Rock + HJDB + Hip-Hop),hjdb___hjdb_Dub_War_Chapter_2
3135,10.018509,3.0627186,2 (Pop + Rock + HJDB + Hip-Hop),hjdb___hjdb_Ecstatic_House
3136,5.9748507,1.0041625,2 (Pop + Rock + HJDB + Hip-Hop),hjdb___hjdb_Enticer
3137,7.467957,1.7282602,2 (Pop + Rock + HJDB + Hip-Hop),hjdb___hjdb_Essence_Ep
3138,8.11929,1.7381189,2 (Pop + Rock + HJDB + Hip-Hop),hjdb___hjdb_Even_Further_Intrigue
3139,0.21801853,-0.5036751,1 (Jazz + Pop),hjdb___hjdb_Exodus_(When_The_Lion_Awakes)
3140,7.6609964,3.3426027,2 (Pop + Rock + HJDB + Hip-Hop),hjdb___hjdb_Factor_5
3141,7.873328,1.4868181,2 (Pop + Rock + HJDB + Hip-Hop),hjdb___hjdb_Fearless_Wonder_(Remix)
3142,7.4692335,1.8043027,2 (Pop + Rock + HJDB + Hip-Hop),hjdb___hjdb_Feel_(Feel_Good)
3143,7.7153482,1.0588267,2 (Pop + Rock + HJDB + Hip-Hop),hjdb___hjdb_Final_Conflict
3144,-2.4541037,-5.3763595,1 (Jazz + Pop),hjdb___hjdb_Finest_Illusion_(Legal_Mix)
3145,-3.0526054,-5.483526,1 (Jazz + Pop),hjdb___hjdb_Fireball
3146,7.022295,1.7342371,2 (Pop + Rock + HJDB + Hip-Hop),hjdb___hjdb_Fires_Burning
3147,8.829422,1.2495761,2 (Pop + Rock + HJDB + Hip-Hop),hjdb___hjdb_Flammable
3148,9.049939,1.2853094,2 (Pop + Rock + HJDB + Hip-Hop),hjdb___hjdb_Flammable_(Tango_Remix)
3149,7.6564617,2.5783484,2 (Pop + Rock + HJDB + Hip-Hop),hjdb___hjdb_Freeaneazy
3150,7.5562816,1.7455117,2 (Pop + Rock + HJDB + Hip-Hop),hjdb___hjdb_Fuckin_Hardcore
3151,8.258265,1.8897451,2 (Pop + Rock + HJDB + Hip-Hop),hjdb___hjdb_Further_Intrigue
3152,7.7401147,2.2041905,2 (Pop + Rock + HJDB + Hip-Hop),hjdb___hjdb_Future_Followers
3153,8.091351,1.3933026,2 (Pop + Rock + HJDB + Hip-Hop),hjdb___hjdb_Future_Followers_(Remix)
3154,-10.879599,-6.2842703,3 (Classical + Groove + Jazz),hjdb___hjdb_Future_Funk
3155,2.7024179,-6.615645,1 (Jazz + Pop),hjdb___hjdb_Gangsta
3156,7.080105,1.1708612,2 (Pop + Rock + HJDB + Hip-Hop),hjdb___hjdb_Get_High_(New_Jack_London)
3157,0.90226746,-5.439177,1 (Jazz + Pop),hjdb___hjdb_Ghetto_People
3158,-2.6353595,-4.9432626,1 (Jazz + Pop),hjdb___hjdb_Ghetto_People_(Remix)
3159,7.0793433,3.1318133,2 (Pop + Rock + HJDB + Hip-Hop),hjdb___hjdb_Give_A_Little_Love_(Remix)
3160,-6.9202495,-5.1908536,3 (Classical + Groove + Jazz),hjdb___hjdb_Going_Out_For_Da_Loot
3161,8.226342,-1.1683168,2 (Pop + Rock + HJDB + Hip-Hop),hjdb___hjdb_Gonna_Be_Alright
3162,11.764101,3.0007768,2 (Pop + Rock + HJDB + Hip-Hop),hjdb___hjdb_Gotta_Release
3163,-2.6118317,-4.019888,1 (Jazz + Pop),hjdb___hjdb_Hands_Of_Time
3164,-1.7597013,-5.2364106,1 (Jazz + Pop),hjdb___hjdb_Happiness
3165,8.215862,2.0110734,2 (Pop + Rock + HJDB + Hip-Hop),hjdb___hjdb_Hardcore_Junglism
3166,6.9990015,2.2485635,2 (Pop + Rock + HJDB + Hip-Hop),hjdb___hjdb_Hardcore_Will_Never_Die
3167,6.938566,0.036350667,2 (Pop + Rock + HJDB + Hip-Hop),hjdb___hjdb_Here_Comes_The_Drumz_(Drumz_VIP_Mix)
3168,8.317706,2.4159186,2 (Pop + Rock + HJDB + Hip-Hop),hjdb___hjdb_Hey_DJ
3169,7.480511,-2.4018655,2 (Pop + Rock + HJDB + Hip-Hop),hjdb___hjdb_Hold_it_Down
3170,8.696799,2.5471356,2 (Pop + Rock + HJDB + Hip-Hop),hjdb___hjdb_Horizons
3171,-4.916938,-4.823948,1 (Jazz + Pop),hjdb___hjdb_How_Should_I_Start
3172,9.199137,2.9115038,2 (Pop + Rock + HJDB + Hip-Hop),hjdb___hjdb_I_Need_Your_Lovin
3173,8.316861,2.5804853,2 (Pop + Rock + HJDB + Hip-Hop),hjdb___hjdb_I_Wanna_Be_Your_Lover
3174,12.611058,2.8133302,2 (Pop + Rock + HJDB + Hip-Hop),hjdb___hjdb_Ill_Take_You_(Original_Mix)
3175,3.8874621,0.48224226,1 (Jazz + Pop),hjdb___hjdb_Im_Gonna_Get_You
3176,5.7108164,-2.6304839,1 (Jazz + Pop),hjdb___hjdb_Imagine_The_Future
3177,1.9828732,-3.0214174,1 (Jazz + Pop),hjdb___hjdb_In_Complete_Darkness_(Slipmatt_remix)
3178,7.4945965,3.027553,2 (Pop + Rock + HJDB + Hip-Hop),hjdb___hjdb_In_Effect
3179,-8.882886,-6.8616886,3 (Classical + Groove + Jazz),hjdb___hjdb_Incredible_Bass_(Remix)
3180,9.501405,1.5596545,2 (Pop + Rock + HJDB + Hip-Hop),hjdb___hjdb_Inna_Year_4000
3181,7.761967,2.937298,2 (Pop + Rock + HJDB + Hip-Hop),hjdb___hjdb_Into_Da_Future_(Massive_Mix)
3182,7.321132,1.7469586,2 (Pop + Rock + HJDB + Hip-Hop),hjdb___hjdb_Jeopardy_(DJ_Spice_Mix)
3183,9.191203,3.1529233,2 (Pop + Rock + HJDB + Hip-Hop),hjdb___hjdb_Johnny_(Dance_Conspiracy_Mix)
3184,8.248954,1.3269153,2 (Pop + Rock + HJDB + Hip-Hop),hjdb___hjdb_Johnny_94_(Origin_Unkown_Remix)
3185,8.063193,0.072831616,2 (Pop + Rock + HJDB + Hip-Hop),hjdb___hjdb_Jump_Mk_II
3186,13.011111,2.7942953,2 (Pop + Rock + HJDB + Hip-Hop),hjdb___hjdb_Just_A_Dream
3187,0.47850832,-2.3231769,1 (Jazz + Pop),hjdb___hjdb_Keep_The_Fires_Burning
3188,6.0222974,-0.80940956,1 (Jazz + Pop),hjdb___hjdb_Last_Action_Hero
3189,11.199951,2.910367,2 (Pop + Rock + HJDB + Hip-Hop),hjdb___hjdb_Let_Me_Be_Your_Fantasy
3190,-3.0111177,-5.223847,1 (Jazz + Pop),hjdb___hjdb_Light_Years
3191,9.551431,3.186932,2 (Pop + Rock + HJDB + Hip-Hop),hjdb___hjdb_Livin_In_A_Dream
3192,-0.499482,-4.5993977,1 (Jazz + Pop),hjdb___hjdb_Lords_Of_The_Null_Lines_(Foul_Play_Remix)
3193,8.321957,-1.0458689,2 (Pop + Rock + HJDB + Hip-Hop),hjdb___hjdb_Manic_Stampede
3194,8.415498,2.912183,2 (Pop + Rock + HJDB + Hip-Hop),hjdb___hjdb_Merder_Style
3195,7.2110386,0.9500687,2 (Pop + Rock + HJDB + Hip-Hop),hjdb___hjdb_Method_To_My_Madness
3196,-2.1045635,-6.185817,1 (Jazz + Pop),hjdb___hjdb_Moments_So_Dark
3197,9.486662,1.1188574,2 (Pop + Rock + HJDB + Hip-Hop),hjdb___hjdb_Mr._Logic
3198,13.833788,2.9345207,2 (Pop + Rock + HJDB + Hip-Hop),hjdb___hjdb_Music
3199,8.624336,2.8030393,2 (Pop + Rock + HJDB + Hip-Hop),hjdb___hjdb_Music_In_Search_Of_Light
3200,12.262938,-0.26527703,2 (Pop + Rock + HJDB + Hip-Hop),hjdb___hjdb_Music_Takes_You
3201,7.726436,2.6915648,2 (Pop + Rock + HJDB + Hip-Hop),hjdb___hjdb_My_Own_(Hixxy_and_UFO_Remix)
3202,9.209611,3.2716258,2 (Pop + Rock + HJDB + Hip-Hop),hjdb___hjdb_Mystic_Stepper_(Feel_Better)
3203,7.313884,2.0504124,2 (Pop + Rock + HJDB + Hip-Hop),hjdb___hjdb_NHS_(Midday_Mix)
3204,8.201758,3.0281234,2 (Pop + Rock + HJDB + Hip-Hop),hjdb___hjdb_Never_Try_The_Hippodrome_(Remix)
3205,9.525863,2.2764213,2 (Pop + Rock + HJDB + Hip-Hop),hjdb___hjdb_New_Direction
3206,7.7228518,2.760853,2 (Pop + Rock + HJDB + Hip-Hop),hjdb___hjdb_News_At_Ten
3207,9.286466,1.982119,2 (Pop + Rock + HJDB + Hip-Hop),hjdb___hjdb_Nightmare_Walking
3208,0.40130234,-2.9518812,1 (Jazz + Pop),hjdb___hjdb_No_Worries
3209,2.1091273,-5.336244,1 (Jazz + Pop),hjdb___hjdb_Oblivion
3210,7.514035,2.696886,2 (Pop + Rock + HJDB + Hip-Hop),hjdb___hjdb_Obsession_(Musics_So_Wonderful)
3211,8.88848,2.9422746,2 (Pop + Rock + HJDB + Hip-Hop),hjdb___hjdb_Obsession_(The_Only_Remix)
3212,6.904962,2.0407367,2 (Pop + Rock + HJDB + Hip-Hop),hjdb___hjdb_Obsessions
3213,7.0596147,2.5729144,2 (Pop + Rock + HJDB + Hip-Hop),hjdb___hjdb_Oh_So_Nice
3214,7.2606664,2.340593,2 (Pop + Rock + HJDB + Hip-Hop),hjdb___hjdb_On_My_Own_(Rmx)
3215,8.236,2.5335882,2 (Pop + Rock + HJDB + Hip-Hop),hjdb___hjdb_Open_Secrets
3216,-1.3032972,-4.5445457,1 (Jazz + Pop),hjdb___hjdb_Open_Your_Mind
3217,6.2011337,0.83262396,2 (Pop + Rock + HJDB + Hip-Hop),hjdb___hjdb_Original_Badboy
3218,7.2031727,1.3662436,2 (Pop + Rock + HJDB + Hip-Hop),hjdb___hjdb_Peakin_Thru_The_Window
3219,15.431312,3.600766,2 (Pop + Rock + HJDB + Hip-Hop),hjdb___hjdb_Pennywise
3220,10.715308,-3.9464643,2 (Pop + Rock + HJDB + Hip-Hop),hjdb___hjdb_Phizical_(Moody_Mix)
3221,8.400391,2.0253928,2 (Pop + Rock + HJDB + Hip-Hop),hjdb___hjdb_Project_1_(Remix)
3222,6.5790977,0.68136406,2 (Pop + Rock + HJDB + Hip-Hop),hjdb___hjdb_Promised_Land
3223,5.223586,-2.760307,1 (Jazz + Pop),hjdb___hjdb_R-type
3224,6.7308445,2.4495203,2 (Pop + Rock + HJDB + Hip-Hop),hjdb___hjdb_R_Yeah
3225,0.92843074,-0.48197514,1 (Jazz + Pop),hjdb___hjdb_Re-Baptised_By_Dub_(Selectors_Revenge)
3226,6.5486712,-1.7426792,2 (Pop + Rock + HJDB + Hip-Hop),hjdb___hjdb_Renegade_Snares_(Foul_Play_Remix)
3227,-1.1426535,-5.394792,1 (Jazz + Pop),hjdb___hjdb_Renegade_Snares_(VIP_Remix)
3228,8.649348,1.4663045,2 (Pop + Rock + HJDB + Hip-Hop),hjdb___hjdb_Return_Of_The_Donut_Pt2
3229,0.95042557,-2.937444,1 (Jazz + Pop),hjdb___hjdb_Rhythm
3230,10.762544,4.2369084,2 (Pop + Rock + HJDB + Hip-Hop),hjdb___hjdb_Right_Before_My_Eyes
3231,-1.7355217,-5.72768,1 (Jazz + Pop),hjdb___hjdb_Rock_To_The_Groove
3232,-0.5824337,-2.8932624,1 (Jazz + Pop),hjdb___hjdb_Rockin_Down_The_House
3233,-2.6905205,-3.7435677,1 (Jazz + Pop),hjdb___hjdb_Ruff
3234,8.075238,1.4598294,2 (Pop + Rock + HJDB + Hip-Hop),hjdb___hjdb_Ruff_(Remix)
3235,5.4611063,-1.5175238,1 (Jazz + Pop),hjdb___hjdb_Ruff_Beats
3236,6.7245684,0.6472071,2 (Pop + Rock + HJDB + Hip-Hop),hjdb___hjdb_Scottie
3237,8.982755,2.4469843,2 (Pop + Rock + HJDB + Hip-Hop),hjdb___hjdb_Screw_Face
3238,7.1129208,1.5237476,2 (Pop + Rock + HJDB + Hip-Hop),hjdb___hjdb_Serious_Sounds
3239,13.870037,4.1498246,2 (Pop + Rock + HJDB + Hip-Hop),hjdb___hjdb_Showtime
3240,5.926134,-0.94432414,1 (Jazz + Pop),hjdb___hjdb_Skanka
3241,8.722493,2.6179497,2 (Pop + Rock + HJDB + Hip-Hop),hjdb___hjdb_Slow_Jam
3242,7.4025126,2.3914297,2 (Pop + Rock + HJDB + Hip-Hop),hjdb___hjdb_So_Good
3243,7.3081512,0.7914897,2 (Pop + Rock + HJDB + Hip-Hop),hjdb___hjdb_Something_I_Feel_(2_Bad_Mice_Remix)
3244,-2.289231,-5.4971848,1 (Jazz + Pop),hjdb___hjdb_Something_New_Pt1
3245,7.8644342,1.3560607,2 (Pop + Rock + HJDB + Hip-Hop),hjdb___hjdb_Something_New_Pt2
3246,7.5388813,4.0242615,2 (Pop + Rock + HJDB + Hip-Hop),hjdb___hjdb_Special_Request
3247,7.5386324,-1.6287256,2 (Pop + Rock + HJDB + Hip-Hop),hjdb___hjdb_Spiritual_Aura
3248,8.0091095,1.470792,2 (Pop + Rock + HJDB + Hip-Hop),hjdb___hjdb_Spliffhead
3249,8.18786,3.3192272,2 (Pop + Rock + HJDB + Hip-Hop),hjdb___hjdb_Star_Eyes
3250,0.14875628,-3.9121835,1 (Jazz + Pop),hjdb___hjdb_Stay_Calm_(Foul_Play_Remix)
3251,7.9823284,2.7057621,2 (Pop + Rock + HJDB + Hip-Hop),hjdb___hjdb_Storm_Trooper
3252,8.5626335,2.8894324,2 (Pop + Rock + HJDB + Hip-Hop),hjdb___hjdb_Street_Knowledge
3253,-2.9541879,-5.6456237,1 (Jazz + Pop),hjdb___hjdb_String_Of_Darkness
3254,5.037452,-1.8146591,1 (Jazz + Pop),hjdb___hjdb_Sub_Dub
3255,7.611522,1.3320348,2 (Pop + Rock + HJDB + Hip-Hop),hjdb___hjdb_Summer_Breeze
3256,8.897335,3.0249372,2 (Pop + Rock + HJDB + Hip-Hop),hjdb___hjdb_Superpod
3257,9.67807,1.4920064,2 (Pop + Rock + HJDB + Hip-Hop),hjdb___hjdb_Sweet_Sensation_(12_Mix)
3258,2.108368,-5.9351144,1 (Jazz + Pop),hjdb___hjdb_Sweet_Vibrations
3259,7.37835,-0.09528291,2 (Pop + Rock + HJDB + Hip-Hop),hjdb___hjdb_T-N-T
3260,-1.8657255,-6.101563,1 (Jazz + Pop),hjdb___hjdb_Take_Me_To_The_Top
3261,6.9389086,0.071976446,2 (Pop + Rock + HJDB + Hip-Hop),hjdb___hjdb_Tales_From_The_Darkside
3262,6.6840887,0.78148896,2 (Pop + Rock + HJDB + Hip-Hop),hjdb___hjdb_Tales_From_The_Darkside_2
3263,-0.9112493,-5.187439,1 (Jazz + Pop),hjdb___hjdb_Terminator
3264,7.1256194,1.0157956,2 (Pop + Rock + HJDB + Hip-Hop),hjdb___hjdb_Terminator_2
3265,13.239316,3.3839862,2 (Pop + Rock + HJDB + Hip-Hop),hjdb___hjdb_Terrorist_(Grooverider_Remix)
3266,8.588098,2.0723548,2 (Pop + Rock + HJDB + Hip-Hop),hjdb___hjdb_Terrorist_(PA_Mix)
3267,12.822205,2.8952084,2 (Pop + Rock + HJDB + Hip-Hop),hjdb___hjdb_Terrorist_(original)
3268,-3.3167148,-4.958576,1 (Jazz + Pop),hjdb___hjdb_The_Core
3269,6.7549853,2.1242876,2 (Pop + Rock + HJDB + Hip-Hop),hjdb___hjdb_The_Criminal
3270,9.015181,0.25253642,2 (Pop + Rock + HJDB + Hip-Hop),hjdb___hjdb_The_Deep
3271,8.653127,1.3430082,2 (Pop + Rock + HJDB + Hip-Hop),hjdb___hjdb_The_Element_(Highnoon)
3272,7.940241,3.4300683,2 (Pop + Rock + HJDB + Hip-Hop),hjdb___hjdb_The_End_(Alternative_Version)
3273,8.1831455,2.34012,2 (Pop + Rock + HJDB + Hip-Hop),hjdb___hjdb_The_Grand_National_(DJ_SS_and_EQ_Remix)
3274,-0.69085366,-5.3412547,1 (Jazz + Pop),hjdb___hjdb_The_Helicopter_Tune
3275,7.750903,2.469162,2 (Pop + Rock + HJDB + Hip-Hop),hjdb___hjdb_The_R
3276,8.783889,2.5103917,2 (Pop + Rock + HJDB + Hip-Hop),hjdb___hjdb_The_Slammer
3277,8.687826,2.964867,2 (Pop + Rock + HJDB + Hip-Hop),hjdb___hjdb_The_Warning_(Remix)
3278,7.190936,-6.505642,1 (Jazz + Pop),hjdb___hjdb_The_Way_(VIP_Mix)
3279,7.012312,1.9455503,2 (Pop + Rock + HJDB + Hip-Hop),hjdb___hjdb_This_Is_A_Trip
3280,-3.2955031,-4.89942,1 (Jazz + Pop),hjdb___hjdb_This_Way
3281,7.7835135,2.6986957,2 (Pop + Rock + HJDB + Hip-Hop),hjdb___hjdb_Tibetan_Jungle
3282,5.3151245,0.92799366,1 (Jazz + Pop),hjdb___hjdb_Tiger_Style
3283,-9.867983,-6.4862895,3 (Classical + Groove + Jazz),hjdb___hjdb_Time_Bomb
3284,-2.0934029,-5.6968412,1 (Jazz + Pop),hjdb___hjdb_Time_Bomb_(Remix)
3285,2.449575,-2.9748278,1 (Jazz + Pop),hjdb___hjdb_Too_Much_(Ray_Keith_Rmx)
3286,7.575373,1.9780821,2 (Pop + Rock + HJDB + Hip-Hop),hjdb___hjdb_Total_Xstacy_(Remix)
3287,7.8993826,2.4164884,2 (Pop + Rock + HJDB + Hip-Hop),hjdb___hjdb_Touch_Somebody
3288,6.8108172,1.0846646,2 (Pop + Rock + HJDB + Hip-Hop),hjdb___hjdb_Trip_II_The_Moon
3289,-1.8336,-5.8635044,1 (Jazz + Pop),hjdb___hjdb_Twisted
3290,8.74724,0.875011,2 (Pop + Rock + HJDB + Hip-Hop),hjdb___hjdb_Unfriendly
3291,7.7583127,2.6378493,2 (Pop + Rock + HJDB + Hip-Hop),hjdb___hjdb_United
3292,9.551522,0.5869557,2 (Pop + Rock + HJDB + Hip-Hop),hjdb___hjdb_United_(Grooverider_Remix)
3293,5.781719,0.9382178,1 (Jazz + Pop),hjdb___hjdb_Unity
3294,5.8154106,0.8554892,1 (Jazz + Pop),hjdb___hjdb_Until_The_Night_Is_Morning
3295,5.6397815,0.019642955,1 (Jazz + Pop),hjdb___hjdb_Volume_1
3296,7.7192373,2.4862223,2 (Pop + Rock + HJDB + Hip-Hop),hjdb___hjdb_Wait_4_The_Bass
3297,9.278843,3.5532084,2 (Pop + Rock + HJDB + Hip-Hop),hjdb___hjdb_Warpdrive
3298,8.26483,3.1344998,2 (Pop + Rock + HJDB + Hip-Hop),hjdb___hjdb_We_Are_Hardcore
3299,7.2993903,2.0530467,2 (Pop + Rock + HJDB + Hip-Hop),hjdb___hjdb_What_Kind_of_World
3300,7.1101003,1.7803478,2 (Pop + Rock + HJDB + Hip-Hop),hjdb___hjdb_Wind_It_Up_(Rewound)
3301,7.973737,2.392195,2 (Pop + Rock + HJDB + Hip-Hop),hjdb___hjdb_Wots_My_Code_(Ray_Keith_Final_Plate)
3302,8.412292,3.351184,2 (Pop + Rock + HJDB + Hip-Hop),hjdb___hjdb_Yaaah
3303,5.4371953,1.0820154,1 (Jazz + Pop),hjdb___hjdb_You_Dont_Know
3304,5.536278,-0.8690141,1 (Jazz + Pop),hjdb___hjdb_You_Got_Me_Burnin_(A.A.S_Mix)
3305,8.695218,0.30698672,2 (Pop + Rock + HJDB + Hip-Hop),jaah___jaah_000-tito_puente-airegin
3306,8.127126,-1.6595715,2 (Pop + Rock + HJDB + Hip-Hop),jaah___jaah_001-sarah_vaughan-all_alone
3307,-7.061445,-3.4436252,3 (Classical + Groove + Jazz),jaah___jaah_002-thelonious_monk-bags_groove
3308,-9.0734215,3.3209162,3 (Classical + Groove + Jazz),jaah___jaah_003-louis_armstrong_and_his_hot_seven-big_butter_and_egg_man_from_the_west
3309,-7.349234,3.3246207,3 (Classical + Groove + Jazz),jaah___jaah_004-dexter_gordon_quartet-bikini
3310,-7.03278,3.2911985,3 (Classical + Groove + Jazz),jaah___jaah_005-duke_ellington_and_his_orchestra-black_and_tan_fantasy
3311,-2.781182,3.1726272,1 (Jazz + Pop),jaah___jaah_006-jelly_roll_mortons_red_hot_peppers-black_bottom_stomp
3312,-8.227487,2.9945643,3 (Classical + Groove + Jazz),jaah___jaah_007-bessie_smith_james_p_johnson-black_water_blues
3313,-1.892871,-1.1619157,1 (Jazz + Pop),jaah___jaah_008-sonny_rollins-blue_7
3314,-7.95742,1.1845149,3 (Classical + Groove + Jazz),jaah___jaah_009-sidney_bechets_blue_note_jazzmen-blue_horizon
3315,-1.247457,3.3391654,1 (Jazz + Pop),jaah___jaah_010-duke_ellington_his_orchestra-blue_serge
3316,9.484031,4.1003776,2 (Pop + Rock + HJDB + Hip-Hop),jaah___jaah_011-charlie_parker-blues_for_alice
3317,7.3932695,3.9190335,2 (Pop + Rock + HJDB + Hip-Hop),jaah___jaah_012-stan_getz_jj_johnson-blues_in_the_closet
3318,-13.228293,3.653229,3 (Classical + Groove + Jazz),jaah___jaah_013-the_benny_goodman_trio-body_and_soul
3319,-7.4760804,3.23111,3 (Classical + Groove + Jazz),jaah___jaah_014-coleman_hawkins_and_his_orchestra-body_and_soul
3320,0.41995662,-0.17347711,1 (Jazz + Pop),jaah___jaah_015-miles_davis_nonet-boplicity
3321,-8.875622,-0.9860153,3 (Classical + Groove + Jazz),jaah___jaah_016-the_benny_goodman_sextet-breakfast_feud_composite_feat_charlie_christian
3322,-8.768762,0.16492018,3 (Classical + Groove + Jazz),jaah___jaah_017-duke_ellington_his_orchestra-concerto_for_cootie
3323,-1.0741025,3.5762553,1 (Jazz + Pop),jaah___jaah_018-duke_ellington_his_orchestra-cotton_tail
3324,8.4979925,3.6586041,2 (Pop + Rock + HJDB + Hip-Hop),jaah___jaah_019-ella_fitzgerald_duke_ellington_orchestra-cotton_tail
3325,-6.4600363,4.039815,3 (Classical + Groove + Jazz),jaah___jaah_020-charlie_parker-crazeology_take_4
3326,-3.4848044,-3.3104324,1 (Jazz + Pop),jaah___jaah_021-the_clifford_brownmax_roach_quintet-daahoud
3327,-8.554649,3.6446424,3 (Classical + Groove + Jazz),jaah___jaah_022-jelly_roll_mortons_red_hot_peppers-dead_man_blues
3328,2.2679899,3.3757017,1 (Jazz + Pop),jaah___jaah_023-dexter_gordon-dexter_rides_again
3329,-8.126121,2.1446366,3 (Classical + Groove + Jazz),jaah___jaah_024-duke_ellington_his_orchestra-diminuendo_in_blue_and_crescendo_in_blue
3330,-6.209123,-2.252652,3 (Classical + Groove + Jazz),jaah___jaah_025-django_reinhardt-dinah
3331,0.3340198,1.827423,1 (Jazz + Pop),jaah___jaah_026-fats_waller_and_his_rhythm-dinah
3332,-7.4306393,3.5986397,3 (Classical + Groove + Jazz),jaah___jaah_027-red_nichols_his_five_pennies-dinah
3333,-0.5213889,4.6941595,1 (Jazz + Pop),jaah___jaah_028-king_olivers_creole_jazz_band-dippermouth_blues
3334,-3.5781648,-1.410182,1 (Jazz + Pop),jaah___jaah_029-the_modern_jazz_quartet-django
3335,-8.523232,3.0777407,3 (Classical + Groove + Jazz),jaah___jaah_030-count_basie_his_orchestra-doggin_around
3336,-4.9678564,2.9941216,1 (Jazz + Pop),jaah___jaah_031-duke_ellington_his_orchestra-east_st_louis_toodleoo
3337,-3.1700237,-0.5651869,1 (Jazz + Pop),jaah___jaah_032-charlie_parker_quintet-embraceable_you
3338,-6.551905,2.3909965,3 (Classical + Groove + Jazz),jaah___jaah_033-the_boswell_sisters-everybody_loves_my_baby
3339,-9.707725,0.8354356,3 (Classical + Groove + Jazz),jaah___jaah_034-thelonious_monk-evidence
3340,1.9347713,-4.3339415,1 (Jazz + Pop),jaah___jaah_035-jimmie_lunceford_and_his_orchestra-for_dancers_only
3341,9.147861,0.97386736,2 (Pop + Rock + HJDB + Hip-Hop),jaah___jaah_036-woody_herman_and_his_orchestra-four_brothers
3342,-8.048525,3.2990718,3 (Classical + Groove + Jazz),jaah___jaah_037-jimmie_noones_apex_club_orchestra-four_or_five_times
3343,-1.4256479,3.4633963,1 (Jazz + Pop),jaah___jaah_038-bix_beiderbecke_paul_whiteman_and_his_orchestra-from_monday_on
3344,5.875281,1.4132943,2 (Pop + Rock + HJDB + Hip-Hop),jaah___jaah_039-john_coltrane-giant_steps
3345,-5.742059,-3.3488207,1 (Jazz + Pop),jaah___jaah_040-stan_getz_joao_gilberto_antonio_carlos_jobim-the_girl_from_ipanema
3346,-7.6921067,3.7400317,3 (Classical + Groove + Jazz),jaah___jaah_041-jelly_roll_mortons_red_hot_peppers-grandpas_spells
3347,6.375235,4.047531,2 (Pop + Rock + HJDB + Hip-Hop),jaah___jaah_042-clark_terrybob_brookmeyer_quintet-haig_haig
3348,-8.330895,3.7458093,3 (Classical + Groove + Jazz),jaah___jaah_043-eddie_lang_lonnie_johnson-a_handful_of_riffs
3349,8.36493,6.737263,2 (Pop + Rock + HJDB + Hip-Hop),jaah___jaah_044-chick_webb_and_his_orchestra-harlem_congo
3350,-12.891165,3.1235259,3 (Classical + Groove + Jazz),jaah___jaah_045-billie_holiday-hes_funny_that_way
3351,-5.668307,-2.1643925,1 (Jazz + Pop),jaah___jaah_046-benny_goodman_and_his_orchestra-honeysuckle_rose
3352,-8.429602,5.000291,3 (Classical + Groove + Jazz),jaah___jaah_047-meade_lux_lewis-honky_tonk_train_blues
3353,-8.595293,1.3473763,3 (Classical + Groove + Jazz),jaah___jaah_048-louis_armstrong_and_his_hot_five-hotter_than_that
3354,-2.7431214,0.8526468,1 (Jazz + Pop),jaah___jaah_049-the_chocolate_dandies-i_cant_believe_that_youre_in_love_with_me
3355,-7.010355,1.4548774,3 (Classical + Groove + Jazz),jaah___jaah_050-dizzy_gillespie_sextet-i_cant_get_started
3356,-7.696881,-2.489011,3 (Classical + Groove + Jazz),jaah___jaah_051-the_benny_goodman_sextet-i_found_a_new_baby_feat_charlie_christian_count_basie
3357,-1.847181,0.24208495,1 (Jazz + Pop),jaah___jaah_052-don_byas_slam_stewart-i_got_rhythm
3358,-0.77987903,3.6987195,1 (Jazz + Pop),jaah___jaah_053-louis_armstrong_his_orchestra-i_gotta_right_to_sing_the_blues
3359,0.068414904,-1.8355023,1 (Jazz + Pop),jaah___jaah_054-duke_ellington_his_orchestra-in_a_mellotone
3360,-0.81856465,3.4318442,1 (Jazz + Pop),jaah___jaah_055-bunks_brass_band-in_gloryland
3361,-4.51362,-2.8870761,1 (Jazz + Pop),jaah___jaah_056-bud_powell-indiana
3362,-7.873541,1.4243386,3 (Classical + Groove + Jazz),jaah___jaah_057-duke_ellington_and_his_orchestra-isfahan
3363,-11.113394,4.747101,3 (Classical + Groove + Jazz),jaah___jaah_058-jelly_roll_morton-king_porter_stomp
3364,-0.31467238,2.9553545,1 (Jazz + Pop),jaah___jaah_059-duke_ellington_and_his_famous_orchestra-koko
3365,-3.1309516,-2.8689992,1 (Jazz + Pop),jaah___jaah_060-tadd_dameron_sextet-lady_bird
3366,-12.30403,2.9364128,3 (Classical + Groove + Jazz),jaah___jaah_061-count_basie_and_the_kansas_city_7-lester_leaps_in
3367,-0.518188,4.5278664,1 (Jazz + Pop),jaah___jaah_062-original_dixieland_jazz_band-livery_stable_blues
3368,-7.839936,3.5380905,3 (Classical + Groove + Jazz),jaah___jaah_063-bessie_smith-lost_your_head_blues
3369,5.8137903,-7.3157616,1 (Jazz + Pop),jaah___jaah_064-dizzy_gillespie_and_his_orchestra-manteca
3370,6.1061325,6.586809,2 (Pop + Rock + HJDB + Hip-Hop),jaah___jaah_065-new_orleans_feetwarmers-maple_leaf_rag
3371,-8.117512,1.5149397,3 (Classical + Groove + Jazz),jaah___jaah_066-anthony_braxton_muhal_richard_abrams-maple_leaf_rag
3372,-10.215322,4.497833,3 (Classical + Groove + Jazz),jaah___jaah_067-dick_hyman-maple_leaf_rag
3373,-9.638011,2.8857694,3 (Classical + Groove + Jazz),jaah___jaah_068-billie_holiday_teddy_wilson_and_his_orchestra-mean_to_me
3374,-7.165,3.646505,3 (Classical + Groove + Jazz),jaah___jaah_069-quintette_du_hot_club_de_france-minor_swing
3375,-9.42039,0.096449316,3 (Classical + Groove + Jazz),jaah___jaah_070-thelonious_monk_quartet-misterioso
3376,7.7029343,0.4261983,2 (Pop + Rock + HJDB + Hip-Hop),jaah___jaah_071-art_blakey_the_jazz_messengers-moanin
3377,-7.247152,4.7087374,3 (Classical + Groove + Jazz),jaah___jaah_072-bennie_moten_and_his_kansas_city_orchestra-moten_swing
3378,5.9076185,3.4507408,2 (Pop + Rock + HJDB + Hip-Hop),jaah___jaah_073-john_coltrane_quartet-my_favorite_things_part_1_single_version
3379,-0.12902117,4.0355496,1 (Jazz + Pop),jaah___jaah_074-duke_ellington_his_orchestra-the_new_east_st_louis_toodleoo
3380,-4.333633,-2.7587368,1 (Jazz + Pop),jaah___jaah_075-bud_powell_trio-night_in_tunisia
3381,-3.624034,1.7492411,1 (Jazz + Pop),jaah___jaah_076-charlie_parker-oh_lady_be_good_feat_jazz_at_the_philharmonic
3382,-3.531004,-3.7818203,1 (Jazz + Pop),jaah___jaah_077-art_blakey_the_jazz_messengers-one_by_one
3383,4.056661,-0.32880843,1 (Jazz + Pop),jaah___jaah_078-count_basie_and_his_orchestra-one_oclock_jump
3384,-6.6488237,1.6524862,3 (Classical + Groove + Jazz),jaah___jaah_079-jimmie_lunceford_and_his_orchestra-organ_grinders_swing
3385,-10.990672,0.2866021,3 (Classical + Groove + Jazz),jaah___jaah_080-charlie_parker_allstars-parkers_mood
3386,5.8253894,3.4753468,2 (Pop + Rock + HJDB + Hip-Hop),jaah___jaah_081-sonny_rollins-pentup_house
3387,-9.139787,0.8350522,3 (Classical + Groove + Jazz),jaah___jaah_082-louis_armstrong_and_his_hot_five-potato_head_blues
3388,-7.320595,4.0579157,3 (Classical + Groove + Jazz),jaah___jaah_083-frankie_trumbauer_and_his_orchestra-riverboat_shuffle
3389,-3.3780627,1.8603196,1 (Jazz + Pop),jaah___jaah_084-gene_krupa_and_his_orchestra-rockin_chair
3390,-5.309352,-3.599971,1 (Jazz + Pop),jaah___jaah_085-the_george_shearing_quintet-september_in_the_rain
3391,-0.30609134,2.4072764,1 (Jazz + Pop),jaah___jaah_086-dizzy_gillespie_his_all_stars-shaw_nuff
3392,-6.162451,2.078684,3 (Classical + Groove + Jazz),jaah___jaah_087-frankie_trumbauer_and_his_orchestra-singin_the_blues_til_my_daddy_comes_home
3393,-8.011859,3.698607,3 (Classical + Groove + Jazz),jaah___jaah_088-bessie_smith_louis_armstrong-st_louis_blues
3394,6.5519032,3.6958115,2 (Pop + Rock + HJDB + Hip-Hop),jaah___jaah_089-sonny_rollins-st_thomas
3395,10.064155,-0.0073927916,2 (Pop + Rock + HJDB + Hip-Hop),jaah___jaah_090-louis_armstrong_ella_fitzgerald-stompin_at_the_savoy
3396,-8.9445095,0.644127,3 (Classical + Groove + Jazz),jaah___jaah_091-louis_armstrong_and_his_hot_five-struttin_with_some_barbecue
3397,-3.8571696,-2.9050903,1 (Jazz + Pop),jaah___jaah_092-lennie_tristano-subconscious_lee
3398,-2.3339067,-3.4795763,1 (Jazz + Pop),jaah___jaah_093-miles_davis_gil_evans-summertime
3399,-8.840462,2.6412897,3 (Classical + Groove + Jazz),jaah___jaah_094-louis_armstrong_his_orchestra-sweethearts_on_parade
3400,0.7034093,1.5328802,1 (Jazz + Pop),jaah___jaah_095-louis_armstrong_and_his_orchestra-swing_that_music
3401,-8.737401,2.8300226,3 (Classical + Groove + Jazz),jaah___jaah_096-eddie_condons_hot_shots-thats_a_serious_thing
3402,8.793215,-0.7521188,2 (Pop + Rock + HJDB + Hip-Hop),jaah___jaah_097-count_basie_octet-the_golden_bullet
3403,-10.123717,0.8586443,3 (Classical + Groove + Jazz),jaah___jaah_098-coleman_hawkins_quartet-the_man_i_love
3404,-2.5344572,-2.1821575,1 (Jazz + Pop),jaah___jaah_099-horace_silver_the_jazz_messengers-the_preacher
3405,0.23557763,3.9026082,1 (Jazz + Pop),jaah___jaah_100-fletcher_henderson_and_his_orchestra-the_stampede
3406,-14.5601015,1.3100022,3 (Classical + Groove + Jazz),jaah___jaah_101-billie_holiday-these_foolish_things
3407,-8.239653,0.3393504,3 (Classical + Groove + Jazz),jaah___jaah_102-lucky_thompson_trio-tricroism
3408,-5.037751,-1.3440236,1 (Jazz + Pop),jaah___jaah_103-the_gerry_mulligan_quartet_chet_baker-walkin_shoes
3409,1.6363581,-5.240995,1 (Jazz + Pop),jaah___jaah_104-herbie_hancock-watermelon_man
3410,-4.3159122,2.3386383,1 (Jazz + Pop),jaah___jaah_105-louis_armstrong_earl_hines-weather_bird
3411,-4.586135,-2.6512947,1 (Jazz + Pop),jaah___jaah_106-wes_montgomery-west_coast_blues_abridged
3412,-6.5531864,1.2608302,3 (Classical + Groove + Jazz),jaah___jaah_107-louis_armstrong_and_his_hot_five-west_end_blues
3413,-8.073496,0.39605108,3 (Classical + Groove + Jazz),jaah___jaah_108-lionel_hampton_and_his_orchestra-when_lights_are_low
3414,8.838473,1.297573,2 (Pop + Rock + HJDB + Hip-Hop),jaah___jaah_109-cannonball_adderley-work_song
3415,1.7823279,-2.9861202,1 (Jazz + Pop),jaah___jaah_110-sarah_vaughan-wrap_your_troubles_in_dreams
3416,-1.0856612,3.544059,1 (Jazz + Pop),jaah___jaah_111-fletcher_henderson_and_his_orchestra-wrappin_it_up
3417,-3.0142465,-1.4819416,1 (Jazz + Pop),jaah___jaah_112-ella_fitzgerald-youd_be_so_nice_to_come_home_to
3418,-10.300866,-0.35032558,3 (Classical + Groove + Jazz),rwc___rwc_classical_CD1_01/track
3419,-11.298584,0.8630749,3 (Classical + Groove + Jazz),rwc___rwc_classical_CD1_02/track
3420,-7.745594,0.91190296,3 (Classical + Groove + Jazz),rwc___rwc_classical_CD1_03/track
3421,-15.038199,-0.08550481,3 (Classical + Groove + Jazz),rwc___rwc_classical_CD1_04/track
3422,-13.166934,0.683134,3 (Classical + Groove + Jazz),rwc___rwc_classical_CD1_05/track
3423,-13.165599,3.4839194,3 (Classical + Groove + Jazz),rwc___rwc_classical_CD1_06/track
3424,-7.549757,-1.1029644,3 (Classical + Groove + Jazz),rwc___rwc_classical_CD2_01/track
3425,-8.978291,1.3037455,3 (Classical + Groove + Jazz),rwc___rwc_classical_CD2_02/track
3426,-17.761728,1.7329644,3 (Classical + Groove + Jazz),rwc___rwc_classical_CD2_03/track
3427,-7.3354664,-0.012670271,3 (Classical + Groove + Jazz),rwc___rwc_classical_CD2_04/track
3428,-7.163083,5.058651,3 (Classical + Groove + Jazz),rwc___rwc_classical_CD2_05/track
3429,-8.235226,0.6185269,3 (Classical + Groove + Jazz),rwc___rwc_classical_CD3_01/track
3430,-7.7268615,0.17642574,3 (Classical + Groove + Jazz),rwc___rwc_classical_CD3_02/track
3431,-7.558119,-0.49696696,3 (Classical + Groove + Jazz),rwc___rwc_classical_CD3_03/track
3432,-7.4953785,0.30817458,3 (Classical + Groove + Jazz),rwc___rwc_classical_CD3_04/track
3433,-8.981372,-0.3084429,3 (Classical + Groove + Jazz),rwc___rwc_classical_CD3_05/track
3434,-8.633227,0.040333003,3 (Classical + Groove + Jazz),rwc___rwc_classical_CD3_06/track
3435,-11.415476,1.5651462,3 (Classical + Groove + Jazz),rwc___rwc_classical_CD3_07/track
3436,-14.298212,-1.3840909,3 (Classical + Groove + Jazz),rwc___rwc_classical_CD4_01/track
3437,-13.267933,2.7557535,3 (Classical + Groove + Jazz),rwc___rwc_classical_CD4_02/track
3438,-6.650338,0.5947688,3 (Classical + Groove + Jazz),rwc___rwc_classical_CD4_03/track
3439,-13.71019,3.5243788,3 (Classical + Groove + Jazz),rwc___rwc_classical_CD4_04/track
3440,-16.585032,3.0575783,3 (Classical + Groove + Jazz),rwc___rwc_classical_CD4_05/track
3441,-15.659439,3.919549,3 (Classical + Groove + Jazz),rwc___rwc_classical_CD4_06/track
3442,-15.790974,4.0294676,3 (Classical + Groove + Jazz),rwc___rwc_classical_CD4_07/track
3443,-12.707731,-0.63695544,3 (Classical + Groove + Jazz),rwc___rwc_classical_CD4_08/track
3444,-16.848095,2.4040284,3 (Classical + Groove + Jazz),rwc___rwc_classical_CD4_09/track
3445,-6.244088,-2.5993426,3 (Classical + Groove + Jazz),rwc___rwc_classical_CD4_10/track
3446,-7.194937,-1.6947623,3 (Classical + Groove + Jazz),rwc___rwc_classical_CD4_11/track
3447,-5.1516285,-3.1270638,1 (Jazz + Pop),rwc___rwc_classical_CD4_12/track
3448,-5.1930847,-3.500409,1 (Jazz + Pop),rwc___rwc_classical_CD4_13/track
3449,-5.5010366,-2.7746353,1 (Jazz + Pop),rwc___rwc_classical_CD4_14/track
3450,5.2163186,4.8803782,2 (Pop + Rock + HJDB + Hip-Hop),rwc___rwc_classical_CD4_15/track
3451,-5.7979946,-2.7041724,1 (Jazz + Pop),rwc___rwc_classical_CD4_16/track
3452,-16.223034,3.9651456,3 (Classical + Groove + Jazz),rwc___rwc_classical_CD5_01/track
3453,-16.442127,2.8268406,3 (Classical + Groove + Jazz),rwc___rwc_classical_CD5_02/track
3454,-11.831384,4.4289846,3 (Classical + Groove + Jazz),rwc___rwc_classical_CD5_03/track
3455,-14.671349,3.5689988,3 (Classical + Groove + Jazz),rwc___rwc_classical_CD5_04/track
3456,-14.77029,4.0079,3 (Classical + Groove + Jazz),rwc___rwc_classical_CD5_05/track
3457,-10.492933,3.439297,3 (Classical + Groove + Jazz),rwc___rwc_classical_CD5_06/track
3458,-12.0568,4.558764,3 (Classical + Groove + Jazz),rwc___rwc_classical_CD5_07/track
3459,-14.952387,4.3291388,3 (Classical + Groove + Jazz),rwc___rwc_classical_CD5_08/track
3460,-13.79131,2.6310034,3 (Classical + Groove + Jazz),rwc___rwc_classical_CD5_09/track
3461,-17.122877,3.5867803,3 (Classical + Groove + Jazz),rwc___rwc_classical_CD5_10/track
3462,-16.071133,3.9624474,3 (Classical + Groove + Jazz),rwc___rwc_classical_CD5_11/track
3463,-16.516747,3.7319193,3 (Classical + Groove + Jazz),rwc___rwc_classical_CD5_12/track
3464,-14.627452,-2.633031,3 (Classical + Groove + Jazz),rwc___rwc_classical_CD6_01/track
3465,-6.5327997,0.57751155,3 (Classical + Groove + Jazz),rwc___rwc_classical_CD6_02/track
3466,-14.55438,-2.5352354,3 (Classical + Groove + Jazz),rwc___rwc_classical_CD6_03/track
3467,-14.6066885,1.453204,3 (Classical + Groove + Jazz),rwc___rwc_classical_CD6_04/track
3468,-15.667424,-1.4974648,3 (Classical + Groove + Jazz),rwc___rwc_classical_CD6_05/track
3469,-15.010161,1.7125388,3 (Classical + Groove + Jazz),rwc___rwc_classical_CD6_06/track
3470,-11.062348,3.1598887,3 (Classical + Groove + Jazz),rwc___rwc_classical_CD6_07/track
3471,-14.785685,2.2768996,3 (Classical + Groove + Jazz),rwc___rwc_classical_CD6_08/track
3472,-12.742059,3.7887743,3 (Classical + Groove + Jazz),rwc___rwc_classical_CD6_09/track
3473,-12.869425,-0.21458806,3 (Classical + Groove + Jazz),rwc___rwc_classical_CD6_10/track
3474,-9.798269,1.8713887,3 (Classical + Groove + Jazz),rwc___rwc_classical_CD6_11/track
3475,-12.928158,1.4885951,3 (Classical + Groove + Jazz),rwc___rwc_classical_CD6_12/track
3476,-9.596498,1.6253664,3 (Classical + Groove + Jazz),rwc___rwc_classical_CD6_13/track
3477,-12.054205,-1.0117686,3 (Classical + Groove + Jazz),rwc___rwc_classical_CD6_14/track
3478,-11.946149,-0.837728,3 (Classical + Groove + Jazz),rwc___rwc_classical_CD6_15/track
3479,-11.310701,2.4261966,3 (Classical + Groove + Jazz),rwc___rwc_jazz_CD1_01/track
3480,-13.120538,3.4246333,3 (Classical + Groove + Jazz),rwc___rwc_jazz_CD1_02/track
3481,-10.303468,3.0112255,3 (Classical + Groove + Jazz),rwc___rwc_jazz_CD1_03/track
3482,-8.879741,5.0943227,3 (Classical + Groove + Jazz),rwc___rwc_jazz_CD1_04/track
3483,-10.165779,4.286826,3 (Classical + Groove + Jazz),rwc___rwc_jazz_CD1_05/track
3484,-9.869655,3.0121875,3 (Classical + Groove + Jazz),rwc___rwc_jazz_CD1_06/track
3485,-14.042868,1.4236498,3 (Classical + Groove + Jazz),rwc___rwc_jazz_CD1_07/track
3486,-13.545511,2.0425084,3 (Classical + Groove + Jazz),rwc___rwc_jazz_CD1_08/track
3487,-12.792011,2.0952644,3 (Classical + Groove + Jazz),rwc___rwc_jazz_CD1_09/track
3488,-12.724593,1.8783251,3 (Classical + Groove + Jazz),rwc___rwc_jazz_CD1_10/track
3489,-11.980005,2.9192226,3 (Classical + Groove + Jazz),rwc___rwc_jazz_CD1_11/track
3490,-11.795479,3.6118329,3 (Classical + Groove + Jazz),rwc___rwc_jazz_CD1_12/track
3491,-10.537498,2.1801965,3 (Classical + Groove + Jazz),rwc___rwc_jazz_CD1_13/track
3492,-9.348037,3.6143098,3 (Classical + Groove + Jazz),rwc___rwc_jazz_CD1_14/track
3493,-11.250179,3.75539,3 (Classical + Groove + Jazz),rwc___rwc_jazz_CD1_15/track
3494,-4.395871,-2.587007,1 (Jazz + Pop),rwc___rwc_jazz_CD2_01/track
3495,-14.741695,1.1299894,3 (Classical + Groove + Jazz),rwc___rwc_jazz_CD2_02/track
3496,-5.408678,-2.4232502,1 (Jazz + Pop),rwc___rwc_jazz_CD2_03/track
3497,-4.984042,-2.6773076,1 (Jazz + Pop),rwc___rwc_jazz_CD2_04/track
3498,-15.326615,2.1004841,3 (Classical + Groove + Jazz),rwc___rwc_jazz_CD2_05/track
3499,-5.1845856,-2.6125064,1 (Jazz + Pop),rwc___rwc_jazz_CD2_06/track
3500,-10.519995,0.70250237,3 (Classical + Groove + Jazz),rwc___rwc_jazz_CD2_07/track
3501,-11.280314,0.5244328,3 (Classical + Groove + Jazz),rwc___rwc_jazz_CD2_08/track
3502,-5.632846,-1.839251,1 (Jazz + Pop),rwc___rwc_jazz_CD2_09/track
3503,-6.453446,-0.9817023,3 (Classical + Groove + Jazz),rwc___rwc_jazz_CD2_10/track
3504,6.1190257,4.0584173,2 (Pop + Rock + HJDB + Hip-Hop),rwc___rwc_jazz_CD3_01/track
3505,-2.230021,0.619418,1 (Jazz + Pop),rwc___rwc_jazz_CD3_02/track
3506,3.5521953,2.4625137,1 (Jazz + Pop),rwc___rwc_jazz_CD3_03/track
3507,1.8132695,1.9003192,1 (Jazz + Pop),rwc___rwc_jazz_CD3_04/track
3508,4.7148213,4.1807,1 (Jazz + Pop),rwc___rwc_jazz_CD3_05/track
3509,-3.7594168,-2.3798897,1 (Jazz + Pop),rwc___rwc_jazz_CD3_06/track
3510,-5.9869432,-1.1949711,3 (Classical + Groove + Jazz),rwc___rwc_jazz_CD3_07/track
3511,-4.9360385,-2.324244,1 (Jazz + Pop),rwc___rwc_jazz_CD3_08/track
3512,-5.1849647,-2.9620059,1 (Jazz + Pop),rwc___rwc_jazz_CD3_09/track
3513,-5.7994323,0.26107082,3 (Classical + Groove + Jazz),rwc___rwc_jazz_CD3_10/track
3514,3.7643764,2.948507,1 (Jazz + Pop),rwc___rwc_jazz_CD4_01/track
3515,-3.9185972,-2.9456694,1 (Jazz + Pop),rwc___rwc_jazz_CD4_02/track
3516,2.3249679,2.1147356,1 (Jazz + Pop),rwc___rwc_jazz_CD4_03/track
3517,5.220118,3.0432227,1 (Jazz + Pop),rwc___rwc_jazz_CD4_04/track
3518,-5.0527267,-2.913581,1 (Jazz + Pop),rwc___rwc_jazz_CD4_05/track
3519,4.6215863,3.1606421,1 (Jazz + Pop),rwc___rwc_jazz_CD4_06/track
3520,-2.5089192,-2.2884073,1 (Jazz + Pop),rwc___rwc_jazz_CD4_07/track
3521,-2.6718338,-1.8521447,1 (Jazz + Pop),rwc___rwc_jazz_CD4_08/track
3522,11.624281,3.7429872,2 (Pop + Rock + HJDB + Hip-Hop),rwc___rwc_jazz_CD4_09/track
3523,1.92744,1.1768068,1 (Jazz + Pop),rwc___rwc_jazz_CD4_10/track
3524,4.960138,1.8080043,1 (Jazz + Pop),rwc___rwc_jazz_CD4_11/track
3525,1.5078583,-2.998617,1 (Jazz + Pop),rwc___rwc_jazz_CD4_12/track
3526,11.2846,2.6195412,2 (Pop + Rock + HJDB + Hip-Hop),rwc___rwc_jazz_CD4_13/track
3527,13.946317,3.675307,2 (Pop + Rock + HJDB + Hip-Hop),rwc___rwc_jazz_CD4_14/track
3528,-3.8221927,-3.5394275,1 (Jazz + Pop),rwc___rwc_jazz_CD4_15/track
3529,10.164016,0.19851856,2 (Pop + Rock + HJDB + Hip-Hop),rwc___rwc_popular_CD1_01/track
3530,0.99395573,-6.497416,1 (Jazz + Pop),rwc___rwc_popular_CD1_02/track
3531,9.40437,-0.09094734,2 (Pop + Rock + HJDB + Hip-Hop),rwc___rwc_popular_CD1_03/track
3532,4.198586,-3.934382,1 (Jazz + Pop),rwc___rwc_popular_CD1_04/track
3533,12.3286495,-0.8915504,2 (Pop + Rock + HJDB + Hip-Hop),rwc___rwc_popular_CD1_05/track
3534,12.584809,-0.063764066,2 (Pop + Rock + HJDB + Hip-Hop),rwc___rwc_popular_CD1_06/track
3535,15.1968565,2.0495107,2 (Pop + Rock + HJDB + Hip-Hop),rwc___rwc_popular_CD1_07/track
3536,12.460636,1.8625613,2 (Pop + Rock + HJDB + Hip-Hop),rwc___rwc_popular_CD1_08/track
3537,12.952976,-2.2972744,2 (Pop + Rock + HJDB + Hip-Hop),rwc___rwc_popular_CD1_09/track
3538,15.701845,2.432246,2 (Pop + Rock + HJDB + Hip-Hop),rwc___rwc_popular_CD1_10/track
3539,2.5375311,-2.4331355,1 (Jazz + Pop),rwc___rwc_popular_CD1_11/track
3540,12.689955,0.67834044,2 (Pop + Rock + HJDB + Hip-Hop),rwc___rwc_popular_CD1_12/track
3541,14.841151,0.0692239,2 (Pop + Rock + HJDB + Hip-Hop),rwc___rwc_popular_CD1_13/track
3542,12.558824,1.1133118,2 (Pop + Rock + HJDB + Hip-Hop),rwc___rwc_popular_CD1_14/track
3543,15.639938,3.6544535,2 (Pop + Rock + HJDB + Hip-Hop),rwc___rwc_popular_CD1_15/track
3544,14.341122,2.3880224,2 (Pop + Rock + HJDB + Hip-Hop),rwc___rwc_popular_CD1_16/track
3545,9.603352,-0.63837373,2 (Pop + Rock + HJDB + Hip-Hop),rwc___rwc_popular_CD2_01/track
3546,14.115374,1.492871,2 (Pop + Rock + HJDB + Hip-Hop),rwc___rwc_popular_CD2_02/track
3547,14.934426,2.6782885,2 (Pop + Rock + HJDB + Hip-Hop),rwc___rwc_popular_CD2_03/track
3548,9.914643,0.5072287,2 (Pop + Rock + HJDB + Hip-Hop),rwc___rwc_popular_CD2_04/track
3549,13.119524,0.11776522,2 (Pop + Rock + HJDB + Hip-Hop),rwc___rwc_popular_CD2_05/track
3550,12.024948,0.5223094,2 (Pop + Rock + HJDB + Hip-Hop),rwc___rwc_popular_CD2_06/track
3551,10.783686,-0.5739453,2 (Pop + Rock + HJDB + Hip-Hop),rwc___rwc_popular_CD2_07/track
3552,13.660877,0.5593564,2 (Pop + Rock + HJDB + Hip-Hop),rwc___rwc_popular_CD2_08/track
3553,4.3267736,-4.0351233,1 (Jazz + Pop),rwc___rwc_popular_CD2_09/track
3554,13.769493,1.4777867,2 (Pop + Rock + HJDB + Hip-Hop),rwc___rwc_popular_CD2_10/track
3555,0.87712276,-4.698676,1 (Jazz + Pop),rwc___rwc_popular_CD2_11/track
3556,9.367132,0.07018581,2 (Pop + Rock + HJDB + Hip-Hop),rwc___rwc_popular_CD2_12/track
3557,6.9126077,-0.28097302,2 (Pop + Rock + HJDB + Hip-Hop),rwc___rwc_popular_CD2_13/track
3558,9.884867,-4.0705147,2 (Pop + Rock + HJDB + Hip-Hop),rwc___rwc_popular_CD2_14/track
3559,0.38193706,-2.327099,1 (Jazz + Pop),rwc___rwc_popular_CD2_15/track
3560,8.836958,2.0759985,2 (Pop + Rock + HJDB + Hip-Hop),rwc___rwc_popular_CD2_16/track
3561,10.942827,-0.30503032,2 (Pop + Rock + HJDB + Hip-Hop),rwc___rwc_popular_CD3_01/track
3562,15.352088,2.693225,2 (Pop + Rock + HJDB + Hip-Hop),rwc___rwc_popular_CD3_02/track
3563,13.870091,2.3278565,2 (Pop + Rock + HJDB + Hip-Hop),rwc___rwc_popular_CD3_03/track
3564,13.640107,2.4744267,2 (Pop + Rock + HJDB + Hip-Hop),rwc___rwc_popular_CD3_04/track
3565,15.713492,3.2226686,2 (Pop + Rock + HJDB + Hip-Hop),rwc___rwc_popular_CD3_05/track
3566,13.147426,1.7997903,2 (Pop + Rock + HJDB + Hip-Hop),rwc___rwc_popular_CD3_06/track
3567,3.5170279,1.1056741,1 (Jazz + Pop),rwc___rwc_popular_CD3_07/track
3568,14.000009,3.1989622,2 (Pop + Rock + HJDB + Hip-Hop),rwc___rwc_popular_CD3_08/track
3569,15.078821,3.9146488,2 (Pop + Rock + HJDB + Hip-Hop),rwc___rwc_popular_CD3_09/track
3570,11.161364,-0.46066073,2 (Pop + Rock + HJDB + Hip-Hop),rwc___rwc_popular_CD3_10/track
3571,13.686272,0.27912813,2 (Pop + Rock + HJDB + Hip-Hop),rwc___rwc_popular_CD3_11/track
3572,3.7420917,-1.6554537,1 (Jazz + Pop),rwc___rwc_popular_CD3_12/track
3573,11.060962,0.9305606,2 (Pop + Rock + HJDB + Hip-Hop),rwc___rwc_popular_CD3_13/track
3574,10.333331,0.7783702,2 (Pop + Rock + HJDB + Hip-Hop),rwc___rwc_popular_CD3_14/track
3575,13.116612,2.0303235,2 (Pop + Rock + HJDB + Hip-Hop),rwc___rwc_popular_CD3_15/track
3576,10.055707,-2.159784,2 (Pop + Rock + HJDB + Hip-Hop),rwc___rwc_popular_CD3_16/track
3577,13.366075,0.27343434,2 (Pop + Rock + HJDB + Hip-Hop),rwc___rwc_popular_CD4_01/track
3578,12.686041,0.11885129,2 (Pop + Rock + HJDB + Hip-Hop),rwc___rwc_popular_CD4_02/track
3579,13.127594,1.3894557,2 (Pop + Rock + HJDB + Hip-Hop),rwc___rwc_popular_CD4_03/track
3580,11.646003,1.9709826,2 (Pop + Rock + HJDB + Hip-Hop),rwc___rwc_popular_CD4_04/track
3581,5.149343,-0.8154947,1 (Jazz + Pop),rwc___rwc_popular_CD4_05/track
3582,9.978068,2.1729295,2 (Pop + Rock + HJDB + Hip-Hop),rwc___rwc_popular_CD4_06/track
3583,11.308809,3.2231374,2 (Pop + Rock + HJDB + Hip-Hop),rwc___rwc_popular_CD4_07/track
3584,12.976491,2.2772224,2 (Pop + Rock + HJDB + Hip-Hop),rwc___rwc_popular_CD4_08/track
3585,10.062008,0.10594646,2 (Pop + Rock + HJDB + Hip-Hop),rwc___rwc_popular_CD4_09/track
3586,9.57855,2.3920186,2 (Pop + Rock + HJDB + Hip-Hop),rwc___rwc_popular_CD4_10/track
3587,5.0857735,1.5076073,1 (Jazz + Pop),rwc___rwc_popular_CD4_11/track
3588,1.4294763,0.78192884,1 (Jazz + Pop),rwc___rwc_popular_CD4_12/track
3589,8.207235,-3.295514,2 (Pop + Rock + HJDB + Hip-Hop),rwc___rwc_popular_CD4_13/track
3590,6.4851127,-4.512654,1 (Jazz + Pop),rwc___rwc_popular_CD4_14/track
3591,2.8340907,0.42744336,1 (Jazz + Pop),rwc___rwc_popular_CD4_15/track
3592,10.535212,2.8196228,2 (Pop + Rock + HJDB + Hip-Hop),rwc___rwc_popular_CD4_16/track
3593,10.975671,2.372821,2 (Pop + Rock + HJDB + Hip-Hop),rwc___rwc_popular_CD5_01/track
3594,1.6020834,0.11592638,1 (Jazz + Pop),rwc___rwc_popular_CD5_02/track
3595,0.43373942,-1.7827414,1 (Jazz + Pop),rwc___rwc_popular_CD5_03/track
3596,3.884615,0.48828033,1 (Jazz + Pop),rwc___rwc_popular_CD5_04/track
3597,4.969362,1.2762169,1 (Jazz + Pop),rwc___rwc_popular_CD5_05/track
3598,4.3489056,0.69949394,1 (Jazz + Pop),rwc___rwc_popular_CD5_06/track
3599,11.65892,-0.20267883,2 (Pop + Rock + HJDB + Hip-Hop),rwc___rwc_popular_CD5_07/track
3600,0.43049932,0.9407326,1 (Jazz + Pop),rwc___rwc_popular_CD5_08/track
3601,4.4074,4.3442636,1 (Jazz + Pop),rwc___rwc_popular_CD5_09/track
3602,4.9349923,2.1048524,1 (Jazz + Pop),rwc___rwc_popular_CD5_10/track
3603,2.1904445,3.6229699,1 (Jazz + Pop),rwc___rwc_popular_CD5_11/track
3604,-4.434357,-1.3192103,1 (Jazz + Pop),rwc___rwc_popular_CD5_12/track
3605,10.250771,-1.0335653,2 (Pop + Rock + HJDB + Hip-Hop),rwc___rwc_popular_CD5_13/track
3606,4.483109,-2.1053312,1 (Jazz + Pop),rwc___rwc_popular_CD5_14/track
3607,2.5559595,0.8823213,1 (Jazz + Pop),rwc___rwc_popular_CD5_15/track
3608,9.883482,-1.5282686,2 (Pop + Rock + HJDB + Hip-Hop),rwc___rwc_popular_CD5_16/track
3609,5.8570814,-1.7955439,1 (Jazz + Pop),rwc___rwc_popular_CD6_01/track
3610,14.150706,3.1916265,2 (Pop + Rock + HJDB + Hip-Hop),rwc___rwc_popular_CD6_02/track
3611,7.1299696,-4.4422884,2 (Pop + Rock + HJDB + Hip-Hop),rwc___rwc_popular_CD6_03/track
3612,14.186105,1.5494633,2 (Pop + Rock + HJDB + Hip-Hop),rwc___rwc_popular_CD6_04/track
3613,11.589048,-1.2052917,2 (Pop + Rock + HJDB + Hip-Hop),rwc___rwc_popular_CD6_05/track
3614,10.295153,2.5425868,2 (Pop + Rock + HJDB + Hip-Hop),rwc___rwc_popular_CD6_06/track
3615,9.910799,-1.0686951,2 (Pop + Rock + HJDB + Hip-Hop),rwc___rwc_popular_CD6_07/track
3616,13.265316,3.293793,2 (Pop + Rock + HJDB + Hip-Hop),rwc___rwc_popular_CD6_08/track
3617,8.805059,-1.4438212,2 (Pop + Rock + HJDB + Hip-Hop),rwc___rwc_popular_CD6_09/track
3618,13.453005,2.7020562,2 (Pop + Rock + HJDB + Hip-Hop),rwc___rwc_popular_CD6_10/track
3619,13.426073,0.8434872,2 (Pop + Rock + HJDB + Hip-Hop),rwc___rwc_popular_CD7_01/track
3620,11.394224,1.1985953,2 (Pop + Rock + HJDB + Hip-Hop),rwc___rwc_popular_CD7_02/track
3621,13.914472,0.55114824,2 (Pop + Rock + HJDB + Hip-Hop),rwc___rwc_popular_CD7_03/track
3622,10.172424,-0.3791653,2 (Pop + Rock + HJDB + Hip-Hop),rwc___rwc_popular_CD7_04/track
3623,14.585222,2.226071,2 (Pop + Rock + HJDB + Hip-Hop),rwc___rwc_popular_CD7_05/track
3624,12.002996,1.8129416,2 (Pop + Rock + HJDB + Hip-Hop),rwc___rwc_popular_CD7_06/track
3625,9.080448,-1.3903259,2 (Pop + Rock + HJDB + Hip-Hop),rwc___rwc_popular_CD7_07/track
3626,7.2431483,-2.578921,2 (Pop + Rock + HJDB + Hip-Hop),rwc___rwc_popular_CD7_08/track
3627,5.2040453,3.8317347,2 (Pop + Rock + HJDB + Hip-Hop),rwc___rwc_popular_CD7_09/track
3628,10.803789,0.6408301,2 (Pop + Rock + HJDB + Hip-Hop),rwc___rwc_popular_CD7_10/track
3629,4.000153,-0.95732355,1 (Jazz + Pop),rwc___rwc_royalty-free_CD1_01/track
3630,2.8053386,-1.0397245,1 (Jazz + Pop),rwc___rwc_royalty-free_CD1_02/track
3631,-2.7369685,-3.0477514,1 (Jazz + Pop),rwc___rwc_royalty-free_CD1_03/track
3632,0.9588502,0.82381606,1 (Jazz + Pop),rwc___rwc_royalty-free_CD1_04/track
3633,5.822321,-0.5478723,1 (Jazz + Pop),rwc___rwc_royalty-free_CD1_05/track
3634,6.409469,-1.5423173,1 (Jazz + Pop),rwc___rwc_royalty-free_CD1_06/track
3635,2.5330145,-5.4752173,1 (Jazz + Pop),rwc___rwc_royalty-free_CD1_07/track
3636,4.2044487,-2.6306245,1 (Jazz + Pop),rwc___rwc_royalty-free_CD1_08/track
3637,5.1500463,3.467033,1 (Jazz + Pop),rwc___rwc_royalty-free_CD1_09/track
3638,3.560363,-3.658348,1 (Jazz + Pop),rwc___rwc_royalty-free_CD1_10/track
3639,5.143171,1.5834394,1 (Jazz + Pop),rwc___rwc_royalty-free_CD1_11/track
3640,11.546714,2.2987096,2 (Pop + Rock + HJDB + Hip-Hop),rwc___rwc_royalty-free_CD1_12/track
3641,5.4858093,4.5566673,2 (Pop + Rock + HJDB + Hip-Hop),rwc___rwc_royalty-free_CD1_13/track
3642,12.170863,0.016426867,2 (Pop + Rock + HJDB + Hip-Hop),rwc___rwc_royalty-free_CD1_14/track
3643,5.353339,4.3506513,2 (Pop + Rock + HJDB + Hip-Hop),rwc___rwc_royalty-free_CD1_15/track
3644,0.7715706,-5.4960027,1 (Jazz + Pop),simac___simac_A_vida_me_fez_assim_01-Acalanto
3645,3.7361946,-2.5309036,1 (Jazz + Pop),simac___simac_A_vida_me_fez_assim_02-Viver
3646,3.096546,-3.1703062,1 (Jazz + Pop),simac___simac_A_vida_me_fez_assim_03-candeeiro
3647,3.032123,-2.316557,1 (Jazz + Pop),simac___simac_A_vida_me_fez_assim_04-O_passar_dos_anos
3648,3.1933322,-2.7179449,1 (Jazz + Pop),simac___simac_A_vida_me_fez_assim_05-Ja_era_(Palavra)
3649,1.6638962,-2.2361426,1 (Jazz + Pop),simac___simac_A_vida_me_fez_assim_06-Peito_sangrando
3650,-0.7593962,-1.5130848,1 (Jazz + Pop),simac___simac_A_vida_me_fez_assim_07-A_borboleta_e_o_passarinho
3651,3.7528794,-3.0309649,1 (Jazz + Pop),simac___simac_A_vida_me_fez_assim_08-Pedro_e_Tereza
3652,5.6904616,-3.6532493,1 (Jazz + Pop),simac___simac_A_vida_me_fez_assim_09-Um_calo_de_estimacao
3653,2.5338924,-3.056528,1 (Jazz + Pop),simac___simac_A_vida_me_fez_assim_10-Sorri
3654,4.0910473,-2.4840255,1 (Jazz + Pop),simac___simac_A_vida_me_fez_assim_11-Quantas_lagrimas
3655,0.90966624,-2.354134,1 (Jazz + Pop),simac___simac_A_vida_me_fez_assim_12-Lavoura
3656,3.6731591,-1.9449333,1 (Jazz + Pop),simac___simac_A_vida_me_fez_assim_13-Ana_agua_do_rio_A_vida_me_fez_assim
3657,2.9936483,-4.6086173,1 (Jazz + Pop),simac___simac_A_vida_me_fez_assim_14-Embala_eu_Samba_de_roda
3658,3.4337626,-1.9164009,1 (Jazz + Pop),simac___simac_A_vida_me_fez_assim_15-Portela
3659,-2.3924978,-3.05017,1 (Jazz + Pop),simac___simac_Albedo_0.39_01-Pulstar
3660,8.505971,0.9194752,2 (Pop + Rock + HJDB + Hip-Hop),simac___simac_Albedo_0.39_04-Main_Sequence
3661,-2.7183225,-4.345689,1 (Jazz + Pop),simac___simac_Albedo_0.39_06-Alpha
3662,9.113414,-2.784976,2 (Pop + Rock + HJDB + Hip-Hop),simac___simac_Alfagamabetizado_02-Pandeiro-Deiro
3663,4.752567,-2.561779,1 (Jazz + Pop),simac___simac_Alfagamabetizado_03-Covered_Saints
3664,9.105179,-1.9461247,2 (Pop + Rock + HJDB + Hip-Hop),simac___simac_Alfagamabetizado_04-Cumplicidade_de_Armario
3665,4.1762514,1.8894511,1 (Jazz + Pop),simac___simac_Alfagamabetizado_05-Argila
3666,6.400091,-5.451864,1 (Jazz + Pop),simac___simac_Alfagamabetizado_06-Tour
3667,8.556534,-3.6556275,2 (Pop + Rock + HJDB + Hip-Hop),simac___simac_Alfagamabetizado_07-Bog_La_Bag
3668,9.559805,-2.1024156,2 (Pop + Rock + HJDB + Hip-Hop),simac___simac_Alfagamabetizado_08-O_Bode
3669,-0.43437845,-2.329879,1 (Jazz + Pop),simac___simac_Alfagamabetizado_09-Comunidade-Lobos
3670,-0.42452303,-0.9481906,1 (Jazz + Pop),simac___simac_Alfagamabetizado_10-Frases_Ventias
3671,11.447308,-1.4047588,2 (Pop + Rock + HJDB + Hip-Hop),simac___simac_Alfagamabetizado_11-Quixabeira
3672,8.246308,-3.6736448,2 (Pop + Rock + HJDB + Hip-Hop),simac___simac_Alfagamabetizado_12-Seo_Ze
3673,8.303626,-2.0850525,2 (Pop + Rock + HJDB + Hip-Hop),simac___simac_Alfagamabetizado_13-Mares_de_Ti
3674,9.313977,-3.5508697,2 (Pop + Rock + HJDB + Hip-Hop),simac___simac_Alfagamabetizado_14-Zanza
3675,8.783906,-4.1974587,2 (Pop + Rock + HJDB + Hip-Hop),simac___simac_Alfagamabetizado_15-A_Namorada
3676,7.0630536,-2.583332,2 (Pop + Rock + HJDB + Hip-Hop),simac___simac_Alfagamabetizado_16-Vanju_Concessa
3677,-11.732092,5.283869,3 (Classical + Groove + Jazz),simac___simac_Amber_01-Foil
3678,5.607649,-1.7063636,1 (Jazz + Pop),simac___simac_Amber_02-Montreal
3679,8.950163,-1.2063922,2 (Pop + Rock + HJDB + Hip-Hop),simac___simac_Amber_03-Silverside
3680,1.1058832,-2.4247181,1 (Jazz + Pop),simac___simac_Amber_04-Slip
3681,-4.4890184,0.22945328,1 (Jazz + Pop),simac___simac_Amber_05-Glitch
3682,2.469261,-3.0024924,1 (Jazz + Pop),simac___simac_Amber_06-Piezo
3683,2.4315448,3.845784,1 (Jazz + Pop),simac___simac_Amber_08-Further
3684,6.261423,-4.4289727,1 (Jazz + Pop),simac___simac_Amber_10-Nil
3685,11.901704,-1.9444647,2 (Pop + Rock + HJDB + Hip-Hop),simac___simac_Amber_11-Teartear
3686,-3.899745,0.48384818,1 (Jazz + Pop),simac___simac_As_Time_Goes_By_01-as_time_goes_by
3687,-5.2993293,0.26410416,1 (Jazz + Pop),simac___simac_As_Time_Goes_By_02-manhattan
3688,-11.31997,-0.49024633,3 (Classical + Groove + Jazz),simac___simac_As_Time_Goes_By_03-blue_moon
3689,-12.5821705,-0.9206762,3 (Classical + Groove + Jazz),simac___simac_As_Time_Goes_By_04-theres_a_small_hotel
3690,-8.492278,-2.0789573,3 (Classical + Groove + Jazz),simac___simac_As_Time_Goes_By_06-therell_be_some_changes_made
3691,-11.943722,-1.996987,3 (Classical + Groove + Jazz),simac___simac_As_Time_Goes_By_09-this_funny_world
3692,-9.550509,-0.7221836,3 (Classical + Groove + Jazz),simac___simac_As_Time_Goes_By_10-i_used_to_be_colourblind
3693,-13.285207,-0.49709556,3 (Classical + Groove + Jazz),simac___simac_As_Time_Goes_By_11-spring_is_here
3694,-9.656606,-0.93989414,3 (Classical + Groove + Jazz),simac___simac_As_Time_Goes_By_12-i_could_write_a_book
3695,-8.473055,-1.2612045,3 (Classical + Groove + Jazz),simac___simac_As_time_goes_by_disk_2_01-The_lady_is_a_tramp
3696,-9.982192,-1.5091037,3 (Classical + Groove + Jazz),simac___simac_As_time_goes_by_disk_2_02-Ive_got_five_dollars
3697,-3.6185632,-1.562183,1 (Jazz + Pop),simac___simac_As_time_goes_by_disk_2_04-Life_is_beautiful
3698,-12.393911,-1.4066197,3 (Classical + Groove + Jazz),simac___simac_As_time_goes_by_disk_2_06-You_took_advantage_on_me
3699,-12.437499,-0.45389378,3 (Classical + Groove + Jazz),simac___simac_As_time_goes_by_disk_2_08-My_romance
3700,-10.087734,-1.5760878,3 (Classical + Groove + Jazz),simac___simac_As_time_goes_by_disk_2_11-Mountain_greenery
3701,-6.3445,0.3523874,3 (Classical + Groove + Jazz),simac___simac_As_time_goes_by_disk_2_13-Experiment
3702,-12.226753,-0.26183683,3 (Classical + Groove + Jazz),simac___simac_As_time_goes_by_disk_2_14-Isntit_romantic
3703,9.899978,-2.3635926,2 (Pop + Rock + HJDB + Hip-Hop),simac___simac_As_time_goes_by_disk_3_01-One
3704,-10.154651,-1.2359746,3 (Classical + Groove + Jazz),simac___simac_As_time_goes_by_disk_3_02-I_wish_I_were_in_love_again
3705,-10.644004,-3.0286477,3 (Classical + Groove + Jazz),simac___simac_As_time_goes_by_disk_3_05-This_cant_be_love
3706,-6.133102,-0.29856315,3 (Classical + Groove + Jazz),simac___simac_As_time_goes_by_disk_3_06-Mr._Magic
3707,-16.227083,0.17751019,3 (Classical + Groove + Jazz),simac___simac_As_time_goes_by_disk_3_07-Lover
3708,-9.896003,-1.6375704,3 (Classical + Groove + Jazz),simac___simac_As_time_goes_by_disk_3_08-Have_you_et_Miss_Jones
3709,-2.6502106,-1.1927348,1 (Jazz + Pop),simac___simac_As_time_goes_by_disk_3_09-All_mine
3710,-0.24716952,-1.0694401,1 (Jazz + Pop),simac___simac_As_time_goes_by_disk_3_10-Bridges
3711,-16.04268,0.9292197,3 (Classical + Groove + Jazz),simac___simac_As_time_goes_by_disk_3_11-You_swell
3712,-12.474001,-1.4043288,3 (Classical + Groove + Jazz),simac___simac_As_time_goes_by_disk_3_12-My_heart_stood_still
3713,-11.492614,-2.3665671,3 (Classical + Groove + Jazz),simac___simac_As_time_goes_by_disk_3_13-The_most_beautiful_girl_in_the_world
3714,-13.789955,3.705284,3 (Classical + Groove + Jazz),simac___simac_BACH_WTC_01-Prelude_and_Fugue_No._1_in_C_major_BWV_870_-_1._Praeludium
3715,-10.991271,3.135157,3 (Classical + Groove + Jazz),simac___simac_BACH_WTC_02-Prelude_and_Fugue_No._1_in_C_major_BWV_870_-_2._Fuga
3716,-11.061373,3.742232,3 (Classical + Groove + Jazz),simac___simac_BACH_WTC_03-Prelude_and_Fugue_No._2_in_C_minor_BWV_871_-_1._Praeludium
3717,-14.712779,2.875289,3 (Classical + Groove + Jazz),simac___simac_BACH_WTC_04-Prelude_and_Fugue_No._2_in_C_minor_BWV_871_-_2._Fuga
3718,-15.037886,3.2299092,3 (Classical + Groove + Jazz),simac___simac_BACH_WTC_05-Prelude_and_Fugue_No._3_in_C-sharp_major_BWV_872_-_1._Praeludium
3719,-15.816009,1.5423914,3 (Classical + Groove + Jazz),simac___simac_BACH_WTC_06-Prelude_and_Fugue_No._3_in_C-sharp_major_BWV_872_-_2._Fuga
3720,-17.795835,2.7361143,3 (Classical + Groove + Jazz),simac___simac_Bach_Bach_-_BWV_639_-_Ich_ruf_zu_dir_Herr_Jesu_Christ
3721,-10.47469,2.9245944,3 (Classical + Groove + Jazz),simac___simac_Bach_Bach_-_Cello_suite_1_G_-_01_Prelude
3722,-10.577157,2.296849,3 (Classical + Groove + Jazz),simac___simac_Bach_Bach_-_Cello_suite_1_G_-_03_Courante
3723,-10.974054,2.3940387,3 (Classical + Groove + Jazz),simac___simac_Bach_Bach_-_Cello_suite_2_d_-_01_Prelude
3724,-10.059099,4.2388206,3 (Classical + Groove + Jazz),simac___simac_Bach_The_Well-Tempered_Clavier_II_(Disc_1)_08-Prelude_and_Fugue_No._4_in_C-sharp_minor_BWV_873_-_2._Fuga
3725,-11.662788,1.5045459,3 (Classical + Groove + Jazz),simac___simac_Bach_The_Well-Tempered_Clavier_II_(Disc_1)_09-Prelude_and_Fugue_No._5_in_D_major_BWV_874_-_1._Praeludium
3726,-12.650655,3.0859435,3 (Classical + Groove + Jazz),simac___simac_Bach_The_Well-Tempered_Clavier_II_(Disc_1)_10-Prelude_and_Fugue_No._5_in_D_major_BWV_874_-_2._Fuga
3727,-10.970271,3.1656508,3 (Classical + Groove + Jazz),simac___simac_Bach_The_Well-Tempered_Clavier_II_(Disc_1)_11-Prelude_and_Fugue_No._6_in_D_minor_BWV_875_-_1._Praeludium
3728,-11.145837,3.8129432,3 (Classical + Groove + Jazz),simac___simac_Bach_The_Well-Tempered_Clavier_II_(Disc_1)_12-Prelude_and_Fugue_No._6_in_D_minor_BWV_875_-_2._Fuga
3729,-10.899426,3.1675427,3 (Classical + Groove + Jazz),simac___simac_Bach_The_Well-Tempered_Clavier_II_(Disc_1)_14-Prelude_and_Fugue_No._7_in_E-flat_major_BWV_876_-_2._Fuga
3730,-10.129889,3.691949,3 (Classical + Groove + Jazz),simac___simac_Bach_The_Well-Tempered_Clavier_II_(Disc_1)_15-Prelude_and_Fugue_No._8_in_D-sharp_minor_BWV_877_-_1._Praeludium
3731,-10.700952,4.114189,3 (Classical + Groove + Jazz),simac___simac_Bach_The_Well-Tempered_Clavier_II_(Disc_1)_16-Prelude_and_Fugue_No._8_in_D-sharp_minor_BWV_877_-_2._Fuga
3732,-14.007089,2.5685606,3 (Classical + Groove + Jazz),simac___simac_Bach_The_Well-Tempered_Clavier_II_(Disc_1)_17-Prelude_and_Fugue_No._9_in_E_major_BWV_878_-_1._Praeludium
3733,-10.4406595,3.8819194,3 (Classical + Groove + Jazz),simac___simac_Bach_The_Well-Tempered_Clavier_II_(Disc_1)_18-Prelude_and_Fugue_No._9_in_E_major_BWV_878_-_2._Fuga
3734,-11.069332,4.077617,3 (Classical + Groove + Jazz),simac___simac_Bach_The_Well-Tempered_Clavier_II_(Disc_1)_19-Prelude_and_Fugue_No._10_in_E_minor_BWV_879_-_1._Praeludium
3735,-10.784304,3.6428812,3 (Classical + Groove + Jazz),simac___simac_Bach_The_Well-Tempered_Clavier_II_(Disc_1)_20-Prelude_and_Fugue_No._10_in_E_minor_BWV_879_-_2._Fuga
3736,-12.65301,3.646473,3 (Classical + Groove + Jazz),simac___simac_Bach_The_Well-Tempered_Clavier_II_(Disc_1)_21-Prelude_and_Fugue_No._11_in_F_major_BWV_880_-_1._Praeludium
3737,-11.730719,3.6899204,3 (Classical + Groove + Jazz),simac___simac_Bach_The_Well-Tempered_Clavier_II_(Disc_1)_22-Prelude_and_Fugue_No._11_in_F_major_BWV_880_-_2._Fuga
3738,-14.510434,3.3375397,3 (Classical + Groove + Jazz),simac___simac_Bach_The_Well-Tempered_Clavier_II_(Disc_1)_23-Prelude_and_Fugue_No._12_in_F_minor_BWV_881_-_1._Praeludium
3739,-10.250664,3.9105203,3 (Classical + Groove + Jazz),simac___simac_Bach_The_Well-Tempered_Clavier_II_(Disc_1)_24-Prelude_and_Fugue_No._12_in_F_minor_BWV_881_-_2._Fuga
3740,-13.293874,3.7736678,3 (Classical + Groove + Jazz),simac___simac_Bach_The_Well-Tempered_Clavier_II_(Disc_2)_01-Prelude_and_Fugue_No._13_F-sharp_major_BWV_882_-_1._Praeludium
3741,-9.962939,4.083079,3 (Classical + Groove + Jazz),simac___simac_Bach_The_Well-Tempered_Clavier_II_(Disc_2)_02-Prelude_and_Fugue_No._13_F-sharp_major_BWV_882_-_2._Fuga
3742,-14.374446,3.0912762,3 (Classical + Groove + Jazz),simac___simac_Bach_The_Well-Tempered_Clavier_II_(Disc_2)_03-Prelude_and_Fugue_No._14_F-sharp_minor_BWV_883_-_1._Praeludium
3743,-10.229551,3.5426252,3 (Classical + Groove + Jazz),simac___simac_Bach_The_Well-Tempered_Clavier_II_(Disc_2)_04-Prelude_and_Fugue_No._14_F-sharp_minor_BWV_883_-_2._Fuga
3744,-10.92782,4.370758,3 (Classical + Groove + Jazz),simac___simac_Bach_The_Well-Tempered_Clavier_II_(Disc_2)_05-Prelude_and_Fugue_No._15_G_major_BWV_884_-_1._Praeludium
3745,-15.841491,2.6653347,3 (Classical + Groove + Jazz),simac___simac_Bach_The_Well-Tempered_Clavier_II_(Disc_2)_07-Prelude_and_Fugue_No._16_G_minor_BWV_885_-_1._Praeludium
3746,-10.588454,3.7771044,3 (Classical + Groove + Jazz),simac___simac_Bach_The_Well-Tempered_Clavier_II_(Disc_2)_08-Prelude_and_Fugue_No._16_G_minor_BWV_885_-_2._Fuga
3747,-10.436215,4.148175,3 (Classical + Groove + Jazz),simac___simac_Bach_The_Well-Tempered_Clavier_II_(Disc_2)_09-Prelude_and_Fugue_No._17_A-flat_major_BWV_886_-_1._Praeludium
3748,-10.863783,4.1117306,3 (Classical + Groove + Jazz),simac___simac_Bach_The_Well-Tempered_Clavier_II_(Disc_2)_10-Prelude_and_Fugue_No._17_A-flats_major_BWV_886_-_2._Fuga
3749,-13.288116,3.1093917,3 (Classical + Groove + Jazz),simac___simac_Bach_The_Well-Tempered_Clavier_II_(Disc_2)_12-Prelude_and_Fugue_No._18_G-sharp_minor_BWV_887_-_2._Fuga
3750,-11.26489,3.7962017,3 (Classical + Groove + Jazz),simac___simac_Bach_The_Well-Tempered_Clavier_II_(Disc_2)_13-Prelude_and_Fugue_No._19_A_major_BWV_888_-_1._Praeludium
3751,-8.977651,4.5595794,3 (Classical + Groove + Jazz),simac___simac_Bach_The_Well-Tempered_Clavier_II_(Disc_2)_14-Prelude_and_Fugue_No._19_A_major_BWV_888_-_2._Fuga
3752,-13.044961,3.5521564,3 (Classical + Groove + Jazz),simac___simac_Bach_The_Well-Tempered_Clavier_II_(Disc_2)_15-Prelude_and_Fugue_No._20_A_minor_BWV_889_-_1._Praeludium
3753,-10.481248,3.8905015,3 (Classical + Groove + Jazz),simac___simac_Bach_The_Well-Tempered_Clavier_II_(Disc_2)_16-Prelude_and_Fugue_No._20_A_minor_BWV_889_-_2._Fuga
3754,-12.157351,3.8352926,3 (Classical + Groove + Jazz),simac___simac_Bach_The_Well-Tempered_Clavier_II_(Disc_2)_18-Prelude_and_Fugue_No._21_B-flat_major_BWV_890_-_2._Fuga
3755,-11.144838,4.3261614,3 (Classical + Groove + Jazz),simac___simac_Bach_The_Well-Tempered_Clavier_II_(Disc_2)_19-Prelude_and_Fugue_No._22_B-flat_minor_BWV_891_-_1._Praeludium
3756,-11.237423,2.822689,3 (Classical + Groove + Jazz),simac___simac_Bach_The_Well-Tempered_Clavier_II_(Disc_2)_20-Prelude_and_Fugue_No._22_B-flat_minor_BWV_891_-_2._Fuga
3757,-12.311564,3.750527,3 (Classical + Groove + Jazz),simac___simac_Bach_The_Well-Tempered_Clavier_II_(Disc_2)_21-Prelude_and_Fugue_No._23_B_major_BWV_892_-_1._Praeludium
3758,-11.310866,4.203136,3 (Classical + Groove + Jazz),simac___simac_Bach_The_Well-Tempered_Clavier_II_(Disc_2)_22-Prelude_and_Fugue_No._23_B_major_BWV_892_-_2._Fuga
3759,-11.403058,3.8084383,3 (Classical + Groove + Jazz),simac___simac_Bach_The_Well-Tempered_Clavier_II_(Disc_2)_23-Prelude_and_Fugue_No._24_B_minor_BWV_893_-_1._Praeludium
3760,-11.076275,0.8085684,3 (Classical + Groove + Jazz),simac___simac_Beethoven_-_The_String_Quartets_#1_01-F_major_op._18_no._1_-_Allegro_con_brio
3761,-5.583682,1.5129566,3 (Classical + Groove + Jazz),simac___simac_Beethoven_-_The_String_Quartets_#1_03-F_major_op._18_no._1_-_Scherzo._Allegro_molto
3762,-8.826394,-0.06174324,3 (Classical + Groove + Jazz),simac___simac_Beethoven_-_The_String_Quartets_#1_04-F_major_op._18_no._1_-_Allegro
3763,-10.078218,-1.0014315,3 (Classical + Groove + Jazz),simac___simac_Beethoven_-_The_String_Quartets_#1_05-G_major_op._18_no._2_-_Allegro
3764,-8.814506,-0.25605503,3 (Classical + Groove + Jazz),simac___simac_Beethoven_-_The_String_Quartets_#1_07-G_major_op._18_no._2_-_Scherzo._Allegro
3765,-10.281999,-0.26183662,3 (Classical + Groove + Jazz),simac___simac_Beethoven_-_The_String_Quartets_#1_08-G_major_op._18_no._2_-_Allegro_molto_quasi_Presto
3766,-10.693439,-0.5747456,3 (Classical + Groove + Jazz),simac___simac_Beethoven_-_The_String_Quartets_#1_09-D_major_op._18_no._3_-_Allegro
3767,-12.57747,-0.47658527,3 (Classical + Groove + Jazz),simac___simac_Beethoven_-_The_String_Quartets_#1_10-D_major_op._18_no._3_-_Andante_con_moto
3768,-9.492326,0.33106518,3 (Classical + Groove + Jazz),simac___simac_Beethoven_-_The_String_Quartets_#1_12-D_major_op._18_no._3_-_Presto
3769,-10.158682,-0.89177436,3 (Classical + Groove + Jazz),simac___simac_Beethoven_The_String_Quartets_-_CD_3_01-String_Quartet_No_7_Op_59_No_1_-_I_Allegro
3770,-10.495738,-1.3822212,3 (Classical + Groove + Jazz),simac___simac_Beethoven_The_String_Quartets_-_CD_3_02-II_Allegretto_vivace_e_sempre_scherzando
3771,-7.652199,0.28334457,3 (Classical + Groove + Jazz),simac___simac_Beethoven_The_String_Quartets_-_CD_3_04-IV_Theme_russe-_Allegro
3772,-10.009344,-1.0018898,3 (Classical + Groove + Jazz),simac___simac_Beethoven_The_String_Quartets_-_CD_3_07-III_Allegretto_-_Maggiore_(Theme_russe)
3773,-8.743384,0.0014679723,3 (Classical + Groove + Jazz),simac___simac_Beethoven_The_String_Quartets_-_CD_3_08-IV_Finale-_Presto
3774,-10.757575,1.4354243,3 (Classical + Groove + Jazz),simac___simac_Bela_Bartok_01-The_Miraculous_Mandarin_1.1_Allegro_1.2_Curtain
3775,-15.830107,2.0532515,3 (Classical + Groove + Jazz),simac___simac_Bela_Bartok_02-The_Miraculous_Mandarin_2_1st_Decoy_Game
3776,-17.138899,2.094154,3 (Classical + Groove + Jazz),simac___simac_Bela_Bartok_03-The_Miraculous_Mandarin_3_2nd_Decoy_Game
3777,-14.778821,1.3814155,3 (Classical + Groove + Jazz),simac___simac_Bela_Bartok_05-The_Miraculous_Mandarin_5.1_Maestoso_5.2_Allegro
3778,-15.035404,1.369467,3 (Classical + Groove + Jazz),simac___simac_Bela_Bartok_06-The_Miraculous_Mandarin_6.1_Sempre_vivo_6.2_Adagio
3779,-17.939274,2.0592935,3 (Classical + Groove + Jazz),simac___simac_Bela_Bartok_07-The_Miraculous_Mandarin_7.1_Agitato_7.2_Molto_moderato
3780,-5.924825,-1.7923737,3 (Classical + Groove + Jazz),simac___simac_Bela_Bartok_09-Music_for_Strings_Percussion_and_Celesta_I_Andante_tranquillo
3781,-11.763493,2.5255604,3 (Classical + Groove + Jazz),simac___simac_Bela_Bartok_11-Music_for_Strings_Percussion_and_Celesta_III_Adagio
3782,-16.691668,1.4003928,3 (Classical + Groove + Jazz),simac___simac_Bernstein_conducts_Stravinsky_01-Introduction_Part_1-_The_adoration_of_the_earth_
3783,-17.793976,2.4888518,3 (Classical + Groove + Jazz),simac___simac_Bernstein_conducts_Stravinsky_02-The_augurs_of_spring
3784,-10.739617,-1.1045612,3 (Classical + Groove + Jazz),simac___simac_Bernstein_conducts_Stravinsky_04-Spring_round_dances
3785,-2.4455085,-0.37439415,1 (Jazz + Pop),simac___simac_Bernstein_conducts_Stravinsky_05-Games_of_the_rival_tribes
3786,6.1311736,-5.2244487,1 (Jazz + Pop),simac___simac_Bernstein_conducts_Stravinsky_06-Procession_of_the_wise_elder
3787,-6.1656756,-0.6452806,3 (Classical + Groove + Jazz),simac___simac_Bernstein_conducts_Stravinsky_08-Dance_of_the_earth
3788,-18.07145,2.7157598,3 (Classical + Groove + Jazz),simac___simac_Bernstein_conducts_Stravinsky_10-Mystical_circles_of_the_young_girls
3789,-5.191357,0.50640744,1 (Jazz + Pop),simac___simac_Bernstein_conducts_Stravinsky_11-Glorfication_of_the_chosen_victim
3790,-16.61253,1.2732313,3 (Classical + Groove + Jazz),simac___simac_Bernstein_conducts_Stravinsky_12-Summoning_of_the_ancestors
3791,3.1384542,3.538384,1 (Jazz + Pop),simac___simac_Bernstein_conducts_Stravinsky_14-Sacrifical_dance-_the_chosen_victim
3792,0.19519356,1.4526105,1 (Jazz + Pop),simac___simac_Bernstein_conducts_Stravinsky_15-Petrouchka_scene_1_-_The_shrovetide_fair
3793,-14.392203,-1.7806671,3 (Classical + Groove + Jazz),simac___simac_Bernstein_conducts_Stravinsky_16-Legerdemain_scene-_Russian_danse
3794,-17.39601,1.8990815,3 (Classical + Groove + Jazz),simac___simac_Bernstein_conducts_Stravinsky_17-Scene_2-_Petrushka_s_room
3795,-17.964502,2.2609916,3 (Classical + Groove + Jazz),simac___simac_Bernstein_conducts_Stravinsky_19-Waltz_ballerina_and_the_moor
3796,-8.557815,-0.4706788,3 (Classical + Groove + Jazz),simac___simac_Bernstein_conducts_Stravinsky_20-Scene_4-_The_Shrovetie_fair_toward_evening_
3797,-15.930618,0.08996671,3 (Classical + Groove + Jazz),simac___simac_Bernstein_conducts_Stravinsky_21-Danse_of_the_nursemaids
3798,-17.888723,2.6573446,3 (Classical + Groove + Jazz),simac___simac_Bernstein_conducts_Stravinsky_22-The_bear_and_the_peasant
3799,-5.6072483,-1.5909591,1 (Jazz + Pop),simac___simac_Bernstein_conducts_Stravinsky_23-The_jovial_merchant_with_two_gypsy_girls
3800,-9.654242,-2.1483502,3 (Classical + Groove + Jazz),simac___simac_Bernstein_conducts_Stravinsky_24-Danse_of_the_coachmen_and_grooms
3801,-1.3910595,0.73231786,1 (Jazz + Pop),simac___simac_Bernstein_conducts_Stravinsky_25-The_masqueraders
3802,-9.325751,2.7238767,3 (Classical + Groove + Jazz),simac___simac_Billie_Holiday_CD1_01-Summertime
3803,-10.195356,3.277675,3 (Classical + Groove + Jazz),simac___simac_Billie_Holiday_CD1_02-Carelessly
3804,-11.085121,3.2917423,3 (Classical + Groove + Jazz),simac___simac_Billie_Holiday_CD1_06-Who_loves_you
3805,-10.452133,3.0568945,3 (Classical + Groove + Jazz),simac___simac_Billie_Holiday_CD1_09-Lets_call_a_heart_to_heart
3806,-9.276982,1.5594634,3 (Classical + Groove + Jazz),simac___simac_Billie_Holiday_CD1_14-Loverman
3807,-0.92465067,0.1189133,1 (Jazz + Pop),simac___simac_Cafe_Zimmermann_01-3e_Concert_Brandebourgeois_en_sol_majeur_BWV_1048_-_Allegro_-_Adagio
3808,-0.5671993,0.06124803,1 (Jazz + Pop),simac___simac_Cafe_Zimmermann_02-3e_Concert_Brandebourgeois_en_sol_majeur_BWV_1048_-_Allegro
3809,0.025741726,0.5332494,1 (Jazz + Pop),simac___simac_Cafe_Zimmermann_03-Concerto_pour_deux_violons_&_cordes_en_r_mineur_BWV_1043_-_Vivace
3810,-7.5159407,-1.5509601,3 (Classical + Groove + Jazz),simac___simac_Cafe_Zimmermann_04-Concerto_pour_deux_violons_&_cordes_en_r_mineur_BWV_1043_-_Largo_ma_non_tanto
3811,-0.57650656,0.25362876,1 (Jazz + Pop),simac___simac_Cafe_Zimmermann_05-Concerto_pour_deux_violons_&_cordes_en_r_mineur_BWV_1043_-_Allegro
3812,-1.0075043,0.31566432,1 (Jazz + Pop),simac___simac_Cafe_Zimmermann_06-Suite_en_ut_majeur_BWV_1066_-_Ouverture
3813,-2.2780879,-0.13754134,1 (Jazz + Pop),simac___simac_Cafe_Zimmermann_07-Suite_en_ut_majeur_BWV_1066_-_Courante
3814,-0.95895886,0.33283088,1 (Jazz + Pop),simac___simac_Cafe_Zimmermann_08-Suite_en_ut_majeur_BWV_1066_-_OuvertureGavottes_I_&_II
3815,-0.2842136,0.5706359,1 (Jazz + Pop),simac___simac_Cafe_Zimmermann_09-Suite_en_ut_majeur_BWV_1066_-_Forlane
3816,-3.8542213,-1.2739846,1 (Jazz + Pop),simac___simac_Cafe_Zimmermann_10-Suite_en_ut_majeur_BWV_1066_-_Menuets_I_&_II
3817,-0.44514462,0.23973392,1 (Jazz + Pop),simac___simac_Cafe_Zimmermann_11-Suite_en_ut_majeur_BWV_1066_-_Bourres_I_&_II
3818,-0.99552256,0.70654726,1 (Jazz + Pop),simac___simac_Cafe_Zimmermann_13-Concerto_pour_hautbois_&_violon_en_ut_mineur_BWV_1060_-_Allegro
3819,-8.165316,-0.6328459,3 (Classical + Groove + Jazz),simac___simac_Cafe_Zimmermann_14-Concerto_pour_hautbois_&_violon_en_ut_mineur_BWV_1060_-_Adagio
3820,-0.79712015,0.5865401,1 (Jazz + Pop),simac___simac_Cafe_Zimmermann_15-Concerto_pour_hautbois_&_violon_en_ut_mineur_BWV_1060_-_Allegro
3821,1.3150641,-1.3157291,1 (Jazz + Pop),simac___simac_Chopin_Piano_Concerto_No._1_etc_01-I_Allegro_maestoso_risoluto
3822,-7.730956,1.0576501,3 (Classical + Groove + Jazz),simac___simac_Chopin_Piano_Concerto_No._1_etc_03-III_Rondo_(Vivace)
3823,9.348811,-4.55974,2 (Pop + Rock + HJDB + Hip-Hop),simac___simac_Clandestino_-_esperando_la_ultima_ola_01-Clandestino
3824,5.7255983,-4.525085,1 (Jazz + Pop),simac___simac_Clandestino_-_esperando_la_ultima_ola_02-Desaparecido
3825,2.2429829,-2.0844607,1 (Jazz + Pop),simac___simac_Clandestino_-_esperando_la_ultima_ola_03-Bongo_bong
3826,2.0312066,-1.5475435,1 (Jazz + Pop),simac___simac_Clandestino_-_esperando_la_ultima_ola_04-Je_ne_t_aime_plus
3827,9.22958,-3.9044244,2 (Pop + Rock + HJDB + Hip-Hop),simac___simac_Clandestino_-_esperando_la_ultima_ola_05-Mentira
3828,9.565076,-3.9783738,2 (Pop + Rock + HJDB + Hip-Hop),simac___simac_Clandestino_-_esperando_la_ultima_ola_06-Lagrimas_de_oro
3829,-16.886229,1.9234587,3 (Classical + Groove + Jazz),simac___simac_Classic_Borodin_-_String_quartet_2_D_01
3830,-14.401288,1.5534221,3 (Classical + Groove + Jazz),simac___simac_Classic_Pergolesi_-_Stabat_Mater_01
3831,-8.502163,-0.8396416,3 (Classical + Groove + Jazz),simac___simac_Classic_Pergolesi_-_Stabat_Mater_02
3832,-12.768315,-0.5612043,3 (Classical + Groove + Jazz),simac___simac_Classic_Track_01
3833,-9.870288,2.5966766,3 (Classical + Groove + Jazz),simac___simac_Classic_Track_04
3834,-7.491841,-0.8905835,3 (Classical + Groove + Jazz),simac___simac_Classic_Vivaldi_-_Stabat_Mater_01
3835,-6.3236766,0.36418134,3 (Classical + Groove + Jazz),simac___simac_Classic_Vivaldi_-_Stabat_Mater_09
3836,-12.009027,-1.3406501,3 (Classical + Groove + Jazz),simac___simac_Concert_01-Concerto_en_La_Majeur_pour_deux_Violons_A_Scordatura_et_basse_continue._Affetuoso
3837,-5.710521,-0.5594966,3 (Classical + Groove + Jazz),simac___simac_Concert_02-2._Vivace
3838,-5.1945696,-0.486036,1 (Jazz + Pop),simac___simac_Concert_04-4._Bourre
3839,-8.031527,-4.231241,3 (Classical + Groove + Jazz),simac___simac_Concert_06-2._Allegro
3840,-8.406545,-4.103906,3 (Classical + Groove + Jazz),simac___simac_Concert_08-4._Allegro
3841,-8.6802435,-1.3089026,3 (Classical + Groove + Jazz),simac___simac_Concert_11-3._Dolce
3842,-7.3629665,-1.3559595,3 (Classical + Groove + Jazz),simac___simac_Concert_12-4._Allegro
3843,-6.7882943,-1.395043,3 (Classical + Groove + Jazz),simac___simac_Concert_13-Concero_en_Sol_Mineur_pour_flute_a_bec_violons_et_basse_continue._Allegro
3844,-4.559687,-1.0978378,1 (Jazz + Pop),simac___simac_Concert_15-3._Bourre
3845,-7.3122888,-1.4921509,3 (Classical + Groove + Jazz),simac___simac_Concert_16-4._Menuet
3846,-8.114531,-4.1212645,3 (Classical + Groove + Jazz),simac___simac_Concert_18-2._Allegro
3847,-15.292865,-2.1725001,3 (Classical + Groove + Jazz),simac___simac_Concert_19-3._Largo_e_staccato
3848,-4.245375,0.8811186,1 (Jazz + Pop),simac___simac_Concert_22-2._Allegro
3849,-7.4339023,-1.6210085,3 (Classical + Groove + Jazz),simac___simac_Concert_24-4._Presto
3850,-6.6309752,2.8330112,3 (Classical + Groove + Jazz),simac___simac_DGG_419_047-2_02-Toccata_u._Fuge_d-moll_BWV_565_-_II_Fuge
3851,-6.340197,1.5989732,3 (Classical + Groove + Jazz),simac___simac_DGG_419_047-2_03-Praludium_u._Fuge_f-moll_BWV_534_-_I_Praludium
3852,-6.0929503,1.4978997,3 (Classical + Groove + Jazz),simac___simac_DGG_419_047-2_04-Praludium_u._Fuge_f-moll_BWV_534_-_II_Fuge
3853,-0.32580325,1.730615,1 (Jazz + Pop),simac___simac_DGG_419_047-2_06-Fantasie_u._Fuge_g-moll_BWV_542_-_II_Fuge
3854,-16.193779,1.674516,3 (Classical + Groove + Jazz),simac___simac_DGG_419_047-2_08-Toccata_Adagio_u._Fuge_C-dur_BWV_564_-_II_Adagio
3855,-2.7630737,3.7842393,1 (Jazz + Pop),simac___simac_DGG_419_047-2_09-Toccata_Adagio_u._Fuge_C-dur_BWV_564_-_III_Fuge
3856,-10.259131,2.64632,3 (Classical + Groove + Jazz),simac___simac_DGG_419_047-2_10-Triosonate_Nr._1_Es-Dur_BWV_525_-_I_(Allegro)
3857,-14.59812,3.901218,3 (Classical + Groove + Jazz),simac___simac_DGG_419_047-2_11-Triosonate_Nr._1_Es-Dur_BWV_525_-_II_Adagio
3858,-6.024565,1.2874178,3 (Classical + Groove + Jazz),simac___simac_DGG_419_047-2_12-Triosonate_Nr._1_Es-Dur_BWV_525_-_III_Allegro
3859,-10.114531,4.338427,3 (Classical + Groove + Jazz),simac___simac_Ella_&_Louis_01-Its_Only_A_Paper_Moon
3860,-7.9197783,3.8918328,3 (Classical + Groove + Jazz),simac___simac_Ella_&_Louis_02-We_Cant_Go_On_This_Way
3861,-2.8282404,2.903204,1 (Jazz + Pop),simac___simac_Ella_&_Louis_03-A_Tisket-A_Tasket
3862,-6.4047647,2.813152,3 (Classical + Groove + Jazz),simac___simac_Ella_&_Louis_04-Sing_Song_Swing
3863,-9.374098,2.7125645,3 (Classical + Groove + Jazz),simac___simac_Ella_&_Louis_05-Youll_Have_To_Swing_It
3864,-10.35287,3.4012358,3 (Classical + Groove + Jazz),simac___simac_Ella_&_Louis_07-Taking_A_Chance_On_Love
3865,-7.617602,4.6563926,3 (Classical + Groove + Jazz),simac___simac_Ella_&_Louis_08-Flying_Home
3866,-8.129591,3.955047,3 (Classical + Groove + Jazz),simac___simac_Ella_&_Louis_09-Oh_Lady_Be_Good
3867,-11.257688,3.9548984,3 (Classical + Groove + Jazz),simac___simac_Ella_&_Louis_10-Cow_Cow_Boogie
3868,-8.542132,4.340235,3 (Classical + Groove + Jazz),simac___simac_Ella_&_Louis_11-Oh_Johnny
3869,-0.91305226,2.4219472,1 (Jazz + Pop),simac___simac_Ella_&_Louis_12-Lover_Come_Back_To_Me
3870,-6.1421537,2.7497032,3 (Classical + Groove + Jazz),simac___simac_Ella_&_Louis_13-Holiday_In_Harlem
3871,-9.16058,0.56722933,3 (Classical + Groove + Jazz),simac___simac_Ella_&_Louis_14-Coochi_Coochi_Coo
3872,-13.429067,0.36551625,3 (Classical + Groove + Jazz),simac___simac_Ella_&_Louis_15-Billy
3873,-12.508596,-1.197282,3 (Classical + Groove + Jazz),simac___simac_Ella_&_Louis_16-If_You_Ever_Change_Your_Mind
3874,-6.620319,2.2748547,3 (Classical + Groove + Jazz),simac___simac_Ella_&_Louis_17-Three_Little_Words
3875,6.0197973,-5.874561,1 (Jazz + Pop),simac___simac_Eres_luz_01-Eres_luz_(Rumba)
3876,7.554873,-5.2343197,2 (Pop + Rock + HJDB + Hip-Hop),simac___simac_Eres_luz_04-Como_tu_ninguna_(Rumba)
3877,6.793004,-4.6408906,1 (Jazz + Pop),simac___simac_Eres_luz_07-En_una_canasta_(Rumba-Tango)
3878,7.1793637,-4.484299,2 (Pop + Rock + HJDB + Hip-Hop),simac___simac_Eres_luz_12-Genios_(Rumba-Cancion)
3879,-15.543198,1.6175982,3 (Classical + Groove + Jazz),simac___simac_Eventail_05-Fandango
3880,-18.211445,2.4189267,3 (Classical + Groove + Jazz),simac___simac_Eventail_07_Romanza_Del_Pescador
3881,-15.427612,0.8677579,3 (Classical + Groove + Jazz),simac___simac_Eventail_09-Asturias
3882,-13.823218,1.9401667,3 (Classical + Groove + Jazz),simac___simac_Eventail_10-Prld1
3883,-13.754779,1.18848,3 (Classical + Groove + Jazz),simac___simac_Eventail_14-Prld5
3884,-7.046949,3.8321924,3 (Classical + Groove + Jazz),simac___simac_Fado_01-AudioTrack_01
3885,-6.9488387,3.1651978,3 (Classical + Groove + Jazz),simac___simac_Fado_02-AudioTrack_02
3886,-3.9612224,2.1166337,1 (Jazz + Pop),simac___simac_Fado_03-AudioTrack_03
3887,-0.160763,-0.95103395,1 (Jazz + Pop),simac___simac_Fado_04-AudioTrack_04
3888,1.9334297,-2.3652666,1 (Jazz + Pop),simac___simac_Fado_05-AudioTrack_05
3889,-4.636292,0.8308207,1 (Jazz + Pop),simac___simac_Fado_07-AudioTrack_07
3890,-4.672269,-0.0711606,1 (Jazz + Pop),simac___simac_Fado_08-AudioTrack_08
3891,0.66991603,-5.036906,1 (Jazz + Pop),simac___simac_Fado_09-AudioTrack_09
3892,-2.9502478,0.4104301,1 (Jazz + Pop),simac___simac_Fado_10-AudioTrack_10
3893,-9.334882,-2.1590662,3 (Classical + Groove + Jazz),simac___simac_Fado_11-AudioTrack_11
3894,3.2464893,-5.4859753,1 (Jazz + Pop),simac___simac_Family_Tree_-_Greatest_Hits_As_Chosen_By_Bjork_01-Venus_As_A_Boy
3895,7.601925,-1.0617573,2 (Pop + Rock + HJDB + Hip-Hop),simac___simac_Family_Tree_-_Greatest_Hits_As_Chosen_By_Bjork_02-Hyperballad
3896,-6.976251,-0.5631603,3 (Classical + Groove + Jazz),simac___simac_Family_Tree_-_Greatest_Hits_As_Chosen_By_Bjork_03-You_ve_Been_Flirting_Again
3897,8.380177,-2.7802262,2 (Pop + Rock + HJDB + Hip-Hop),simac___simac_Family_Tree_-_Greatest_Hits_As_Chosen_By_Bjork_04-Isobel
3898,11.007085,-1.476307,2 (Pop + Rock + HJDB + Hip-Hop),simac___simac_Family_Tree_-_Greatest_Hits_As_Chosen_By_Bjork_05-Joga
3899,4.4773803,-1.3651358,1 (Jazz + Pop),simac___simac_Family_Tree_-_Greatest_Hits_As_Chosen_By_Bjork_06-Unravel
3900,14.586059,-1.3329425,2 (Pop + Rock + HJDB + Hip-Hop),simac___simac_Family_Tree_-_Greatest_Hits_As_Chosen_By_Bjork_07-Bachelorette
3901,13.462697,-2.5344234,2 (Pop + Rock + HJDB + Hip-Hop),simac___simac_Family_Tree_-_Greatest_Hits_As_Chosen_By_Bjork_08-All_Is_Full_Of_Love
3902,7.441607,-4.1872196,2 (Pop + Rock + HJDB + Hip-Hop),simac___simac_Family_Tree_-_Greatest_Hits_As_Chosen_By_Bjork_09-Scatterheart
3903,9.448998,-3.1514378,2 (Pop + Rock + HJDB + Hip-Hop),simac___simac_Family_Tree_-_Greatest_Hits_As_Chosen_By_Bjork_10-I_ve_Seen_It_All
3904,7.9063687,-4.054212,2 (Pop + Rock + HJDB + Hip-Hop),simac___simac_Family_Tree_-_Greatest_Hits_As_Chosen_By_Bjork_11-Pagan_Poetry
3905,2.9687698,-3.9559839,1 (Jazz + Pop),simac___simac_Family_Tree_-_Greatest_Hits_As_Chosen_By_Bjork_12-It_s_Not_Up_To_You
3906,8.749999,-5.0866685,2 (Pop + Rock + HJDB + Hip-Hop),simac___simac_Fight_To_Win_01-Do_your_best
3907,8.638934,-4.8041787,2 (Pop + Rock + HJDB + Hip-Hop),simac___simac_Fight_To_Win_02-Walk_on_the_right_side
3908,10.332555,-3.3754122,2 (Pop + Rock + HJDB + Hip-Hop),simac___simac_Fight_To_Win_03-Traitors_of_Africa
3909,3.958924,-5.3941755,1 (Jazz + Pop),simac___simac_Gold_-_Greatest_Hits_01-Dancing_Queen
3910,8.921984,-2.2068713,2 (Pop + Rock + HJDB + Hip-Hop),simac___simac_Gold_-_Greatest_Hits_02-Knowing_Me_Knowing_You
3911,3.7437487,-3.3625047,1 (Jazz + Pop),simac___simac_Gold_-_Greatest_Hits_03-Take_A_Chance_On_Me
3912,2.9379916,-5.461831,1 (Jazz + Pop),simac___simac_Gold_-_Greatest_Hits_04-Mamma_Mia
3913,-0.3604157,-4.342301,1 (Jazz + Pop),simac___simac_Gold_-_Greatest_Hits_05-Lay_All_Your_Love_On_Me
3914,-0.46564433,-2.8053305,1 (Jazz + Pop),simac___simac_Gold_-_Greatest_Hits_06-Super_Trouper
3915,-1.5779668,-3.792817,1 (Jazz + Pop),simac___simac_Gold_-_Greatest_Hits_07-I_Have_A_Dream
3916,-5.7804923,-4.0481205,1 (Jazz + Pop),simac___simac_Gold_-_Greatest_Hits_08-The_Winner_Takes_It_All
3917,2.0969665,-4.450759,1 (Jazz + Pop),simac___simac_Gold_-_Greatest_Hits_09-Money_Money_Money
3918,4.993211,-6.4144506,1 (Jazz + Pop),simac___simac_Gold_-_Greatest_Hits_10-S._O._S
3919,-9.024101,-2.972778,3 (Classical + Groove + Jazz),simac___simac_Gold_-_Greatest_Hits_11-Chiquitita
3920,-0.98918796,-1.5068803,1 (Jazz + Pop),simac___simac_Gold_-_Greatest_Hits_12-Fernando
3921,6.4335947,-3.2548432,1 (Jazz + Pop),simac___simac_Gold_-_Greatest_Hits_13-Voulez_Vous
3922,-1.1191913,-3.5094762,1 (Jazz + Pop),simac___simac_Gold_-_Greatest_Hits_14-Gimme_Gimme_Gimme_(A_Man_After_Midnight)
3923,9.508009,-2.5071347,2 (Pop + Rock + HJDB + Hip-Hop),simac___simac_Gold_-_Greatest_Hits_15-Does_Your_Mother_Know
3924,-3.1126418,-0.8100823,1 (Jazz + Pop),simac___simac_Gold_-_Greatest_Hits_16-One_Of_Us
3925,0.56500053,-3.0450013,1 (Jazz + Pop),simac___simac_Gold_-_Greatest_Hits_17-The_Name_Of_The_Game
3926,13.244408,-1.8383536,2 (Pop + Rock + HJDB + Hip-Hop),simac___simac_Gold_-_Greatest_Hits_19-Waterloo
3927,1.224452,0.83223754,1 (Jazz + Pop),simac___simac_Kocani_Orkester_03._Romski_Cocek
3928,9.355861,-4.6634173,2 (Pop + Rock + HJDB + Hip-Hop),simac___simac_Kocani_Orkester_Kocani_Orkestar_-_Burkan_Cocek
3929,4.2483397,-3.6475663,1 (Jazz + Pop),simac___simac_Kocani_Orkester_Trubaci_-_Nikol
3930,1.1828052,0.98926973,1 (Jazz + Pop),simac___simac_Kocani_Orkester_Trubaci_-_Solo_tapan
3931,-12.296076,1.540732,3 (Classical + Groove + Jazz),simac___simac_Ludwid_van_Beethoven_02-II._Adagio_ma_non_troppo_e_molto_cantabile_-_Andante_con_moto_-_Adagio_molto_espressivo
3932,-10.039121,-0.94005156,3 (Classical + Groove + Jazz),simac___simac_Ludwid_van_Beethoven_04-IV._Finale
3933,-12.6498995,0.83619785,3 (Classical + Groove + Jazz),simac___simac_Ludwid_van_Beethoven_05-Quartet_in_C-sharp_major_Op._131_I._Adagio_ma_non_troppo_e_molto_espressivo_-_attacca
3934,-13.048062,0.44497854,3 (Classical + Groove + Jazz),simac___simac_Ludwid_van_Beethoven_08-IV._Andante_ma_non_troppo_e_molto_cantabile_-_Andante_moderato_e_lusinghiero
3935,-15.130666,-0.24050333,3 (Classical + Groove + Jazz),simac___simac_Ludwid_van_Beethoven_10-VI._Adagio_quasi_un_poco_andante_-_attacca
3936,1.9338024,-1.91027,1 (Jazz + Pop),simac___simac_Niandra_LaDes_and_Usually_Just_a_T-Shirt_01-As_Can_Be
3937,-5.352216,1.992872,1 (Jazz + Pop),simac___simac_Niandra_LaDes_and_Usually_Just_a_T-Shirt_03-Head_(Beach_Arab)
3938,7.080142,-2.3872676,2 (Pop + Rock + HJDB + Hip-Hop),simac___simac_Niandra_LaDes_and_Usually_Just_a_T-Shirt_04-Big_Takeover
3939,2.1392434,-0.9010197,1 (Jazz + Pop),simac___simac_Niandra_LaDes_and_Usually_Just_a_T-Shirt_05-Curtains
3940,-0.6891834,0.24266928,1 (Jazz + Pop),simac___simac_Niandra_LaDes_and_Usually_Just_a_T-Shirt_06-Running_Away_Into_You
3941,-1.1159894,-1.1525888,1 (Jazz + Pop),simac___simac_Niandra_LaDes_and_Usually_Just_a_T-Shirt_07-Mascara
3942,5.415395,1.0274545,1 (Jazz + Pop),simac___simac_Niandra_LaDes_and_Usually_Just_a_T-Shirt_08-Been_Insane
3943,-5.0165386,-4.442999,1 (Jazz + Pop),simac___simac_Niandra_LaDes_and_Usually_Just_a_T-Shirt_09-Skin_Blues
3944,-5.16493,-0.8993318,1 (Jazz + Pop),simac___simac_Niandra_LaDes_and_Usually_Just_a_T-Shirt_10-Your_Pussys_Glued_to_a_Building_on_Fire
3945,-3.6632855,-0.41427818,1 (Jazz + Pop),simac___simac_Niandra_LaDes_and_Usually_Just_a_T-Shirt_11-Blood_on_My_Neck_From_Success
3946,-0.3166015,0.9980466,1 (Jazz + Pop),simac___simac_Niandra_LaDes_and_Usually_Just_a_T-Shirt_12-Ten_to_Butter_Blood_Voodoo
3947,-6.386498,2.453388,3 (Classical + Groove + Jazz),simac___simac_Niandra_LaDes_and_Usually_Just_a_T-Shirt_14-Usually_Just_a_T-Shirt_Untitled_2
3948,-5.841393,2.522624,3 (Classical + Groove + Jazz),simac___simac_Niandra_LaDes_and_Usually_Just_a_T-Shirt_15-Usually_Just_a_T-Shirt_Untitled_3
3949,-7.224804,1.9247111,3 (Classical + Groove + Jazz),simac___simac_Niandra_LaDes_and_Usually_Just_a_T-Shirt_16-Usually_Just_a_T-Shirt_Untitled_4
3950,-0.1697488,3.02935,1 (Jazz + Pop),simac___simac_Niandra_LaDes_and_Usually_Just_a_T-Shirt_18-Usually_Just_a_T-Shirt_Untitled_6
3951,-0.66421974,3.133441,1 (Jazz + Pop),simac___simac_Niandra_LaDes_and_Usually_Just_a_T-Shirt_19-Usually_Just_a_T-Shirt_Untitled_7
3952,-7.4208217,1.5011723,3 (Classical + Groove + Jazz),simac___simac_Niandra_LaDes_and_Usually_Just_a_T-Shirt_20-Usually_Just_a_T-Shirt_Untitled_8
3953,-12.508204,1.1737981,3 (Classical + Groove + Jazz),simac___simac_Niandra_LaDes_and_Usually_Just_a_T-Shirt_21-Usually_Just_a_T-Shirt_Untitled_9
3954,1.8751825,0.30950978,1 (Jazz + Pop),simac___simac_Papakonstantinou_01-AudioTrack_01
3955,-0.8197029,-1.5505072,1 (Jazz + Pop),simac___simac_Papakonstantinou_02-AudioTrack_02
3956,1.9545583,-2.8825858,1 (Jazz + Pop),simac___simac_Papakonstantinou_03-AudioTrack_03
3957,-1.802395,-0.7132804,1 (Jazz + Pop),simac___simac_Papakonstantinou_04-AudioTrack_04
3958,-3.6885285,-0.17872827,1 (Jazz + Pop),simac___simac_Papakonstantinou_05-AudioTrack_05
3959,1.1248586,-0.033376712,1 (Jazz + Pop),simac___simac_Papakonstantinou_06-AudioTrack_06
3960,7.2855706,-1.0451046,2 (Pop + Rock + HJDB + Hip-Hop),simac___simac_Papakonstantinou_07-AudioTrack_07
3961,-2.3385417,-0.07120019,1 (Jazz + Pop),simac___simac_Papakonstantinou_09-AudioTrack_09
3962,1.0788445,0.8957017,1 (Jazz + Pop),simac___simac_Papakonstantinou_10-AudioTrack_10
3963,-2.9966283,-1.1245714,1 (Jazz + Pop),simac___simac_Papakonstantinou_12-AudioTrack_12
3964,-4.7240596,0.29068118,1 (Jazz + Pop),simac___simac_Papakonstantinou_13-AudioTrack_13
3965,-1.7592574,-0.53171796,1 (Jazz + Pop),simac___simac_Papakonstantinou_14-AudioTrack_14
3966,-6.6756315,-0.12833461,3 (Classical + Groove + Jazz),simac___simac_Papakonstantinou_15-AudioTrack_15
3967,2.5641544,-2.173816,1 (Jazz + Pop),simac___simac_Papakonstantinou_16-AudioTrack_16
3968,-4.526518,0.50362754,1 (Jazz + Pop),simac___simac_Papakonstantinou_17-AudioTrack_17
3969,0.65017956,-0.71848714,1 (Jazz + Pop),simac___simac_Papakonstantinou_18-AudioTrack_18
3970,0.6015341,-1.3758771,1 (Jazz + Pop),simac___simac_Papakonstantinou_19-AudioTrack_19
3971,5.60462,-3.5717545,1 (Jazz + Pop),simac___simac_Papakonstantinou_20-AudioTrack_20
3972,1.5204349,-2.5038507,1 (Jazz + Pop),simac___simac_Papakonstantinou_21-AudioTrack_21
3973,-0.23888831,-4.5919857,1 (Jazz + Pop),simac___simac_Primer_Aliento_01-Sintonia_del_refugio_atomico
3974,1.1199512,-3.8856578,1 (Jazz + Pop),simac___simac_Primer_Aliento_02-Nuclear_si_por_supuesto_
3975,1.7093217,-4.0505705,1 (Jazz + Pop),simac___simac_Primer_Aliento_03-El_retorno_de_Godzilla
3976,4.016139,-2.1029303,1 (Jazz + Pop),simac___simac_Primer_Aliento_04-Varsovia_en_llamas
3977,6.199819,-6.7030916,1 (Jazz + Pop),simac___simac_Primer_Aliento_05-Programa_en_espiral
3978,4.810001,-0.654091,1 (Jazz + Pop),simac___simac_Primer_Aliento_06-La_persecucion
3979,-0.11731906,-0.40157288,1 (Jazz + Pop),simac___simac_Primer_Aliento_07-Telepatia
3980,4.6537895,-3.3468335,1 (Jazz + Pop),simac___simac_Primer_Aliento_08-El_ultimo_asalto_a_la_Bastilla
3981,5.1139436,0.015470354,1 (Jazz + Pop),simac___simac_Primer_Aliento_09-Brigada_de_demolicion
3982,3.0203369,-0.5628649,1 (Jazz + Pop),simac___simac_Primer_Aliento_10-Ondina
3983,5.0505023,0.5675586,1 (Jazz + Pop),simac___simac_Primer_Aliento_11-La_television_es_nutritiva
3984,8.579391,-3.0837002,2 (Pop + Rock + HJDB + Hip-Hop),simac___simac_Primer_Aliento_12-Cita_en_el_asteroide_Eden
3985,6.317187,-5.0344086,1 (Jazz + Pop),simac___simac_Primer_Aliento_13-Obsesion
3986,3.5724206,1.6145473,1 (Jazz + Pop),simac___simac_Primer_Aliento_14-Sintonia_de_la_moda_estandarizada
3987,4.4811935,-3.8541398,1 (Jazz + Pop),simac___simac_Primer_Aliento_15-El_laberinto_del_nuevo_Minotauro
3988,8.765338,-1.9189329,2 (Pop + Rock + HJDB + Hip-Hop),simac___simac_Primer_Aliento_16-Kraken
3989,4.5310817,-3.1630561,1 (Jazz + Pop),simac___simac_Primer_Aliento_17-Selector_de_frecuencias
3990,3.0752501,2.10296,1 (Jazz + Pop),simac___simac_Primer_Aliento_18-La_cicatriz_en_la_fabrica_roja
3991,4.303205,-1.5936189,1 (Jazz + Pop),simac___simac_Primer_Aliento_19-El_nacimiento_de_la_industria
3992,4.3474865,-5.2369285,1 (Jazz + Pop),simac___simac_R.A.F.I_01-Assassin
3993,8.160299,-0.67545354,2 (Pop + Rock + HJDB + Hip-Hop),simac___simac_R.A.F.I_02-Change
3994,11.315371,-3.5299704,2 (Pop + Rock + HJDB + Hip-Hop),simac___simac_R.A.F.I_03-Black_White
3995,9.167663,-4.2742877,2 (Pop + Rock + HJDB + Hip-Hop),simac___simac_R.A.F.I_04-Buzzing
3996,4.5025783,-4.0544057,1 (Jazz + Pop),simac___simac_R.A.F.I_05-Free_Satpal_Ram
3997,2.8908489,-5.119449,1 (Jazz + Pop),simac___simac_R.A.F.I_06-Modern_Apprentice
3998,2.5385072,-7.056831,1 (Jazz + Pop),simac___simac_R.A.F.I_07-Operation_Eagle_Lie
3999,7.05937,-5.6221414,1 (Jazz + Pop),simac___simac_R.A.F.I_08-Hypocrite
4000,2.5912898,-4.486595,1 (Jazz + Pop),simac___simac_R.A.F.I_09-Naxalite
4001,5.4644117,-6.5603857,1 (Jazz + Pop),simac___simac_R.A.F.I_10-Loot
4002,5.036031,-4.606517,1 (Jazz + Pop),simac___simac_R.A.F.I_11-Dub_Mentality
4003,4.0235763,-6.3625836,1 (Jazz + Pop),simac___simac_R.A.F.I_12-Culture_Move
4004,-2.812568,2.5617907,1 (Jazz + Pop),simac___simac_R.A.F.I_13-Real_Areas_For_Investigation
4005,0.7430027,-1.6956004,1 (Jazz + Pop),simac___simac_Samba_na_Madrugada_01-Arvoredo
4006,4.928629,-3.0092108,1 (Jazz + Pop),simac___simac_Samba_na_Madrugada_02-Maioria_sem_Nenhum
4007,4.6638813,-1.1986166,1 (Jazz + Pop),simac___simac_Samba_na_Madrugada_03-14_Anos
4008,3.3213735,-2.2283762,1 (Jazz + Pop),simac___simac_Samba_na_Madrugada_04-Sofreguidao
4009,6.741483,-3.406988,1 (Jazz + Pop),simac___simac_Samba_na_Madrugada_05-Momento_de_Fraqueza
4010,4.164692,-1.2763305,1 (Jazz + Pop),simac___simac_Samba_na_Madrugada_06-Minha_Cofissao
4011,-0.63169765,-1.0950816,1 (Jazz + Pop),simac___simac_Samba_na_Madrugada_07-Perfeito_Amor
4012,-2.550384,-1.1599511,1 (Jazz + Pop),simac___simac_Samba_na_Madrugada_08-Mascarada
4013,-0.6554193,-0.764099,1 (Jazz + Pop),simac___simac_Samba_na_Madrugada_09-Depois_de_Tanto_Amor
4014,4.238696,-3.3586707,1 (Jazz + Pop),simac___simac_Samba_na_Madrugada_10-Samba_Original
4015,3.6308992,-4.2153163,1 (Jazz + Pop),simac___simac_Samba_na_Madrugada_11-Alo_Alo
4016,-2.8780553,2.650199,1 (Jazz + Pop),simac___simac_Santana_01-Jingo
4017,-0.48109588,3.144385,1 (Jazz + Pop),simac___simac_Santana_02-El_Corazon_Manada
4018,-2.2742493,-1.4495726,1 (Jazz + Pop),simac___simac_Santana_03-La_Puesta_De_Sol
4019,9.307814,-3.6303756,2 (Pop + Rock + HJDB + Hip-Hop),simac___simac_Selling_England_By_The_Pound_01-Dancing_with_the_Moonlit_Knight
4020,9.292889,-2.7780466,2 (Pop + Rock + HJDB + Hip-Hop),simac___simac_Selling_England_By_The_Pound_02-I_Know_What_I_Like_In_Your_Wardrobe_
4021,-2.5087333,-0.43148443,1 (Jazz + Pop),simac___simac_So_Cartola_01-Quem_me_Ve_Sorrindo_Sei_Chorar_Alegria
4022,-3.8454664,-1.0424019,1 (Jazz + Pop),simac___simac_So_Cartola_02-Alvorada_Ao_Amanhecer
4023,-7.8532677,-1.2102125,3 (Classical + Groove + Jazz),simac___simac_So_Cartola_03-Sala_de_Recepcao
4024,-8.371283,-0.8653875,3 (Classical + Groove + Jazz),simac___simac_So_Cartola_05-Fiz_por_Voce_o_que_Pude
4025,-0.18099922,-1.5974094,1 (Jazz + Pop),simac___simac_So_Cartola_06-O_Inverno_do_Meu_Tempo
4026,3.7214043,-2.5233967,1 (Jazz + Pop),simac___simac_So_Cartola_07-Tive_Sim
4027,-4.29329,-0.2826206,1 (Jazz + Pop),simac___simac_So_Cartola_08-Amor_Proibido
4028,1.2187439,-2.3918774,1 (Jazz + Pop),simac___simac_So_Cartola_11-O_Que_e_Feito_de_Voce_
4029,1.5129732,-2.5500486,1 (Jazz + Pop),simac___simac_So_Cartola_12-Divina_Dama
4030,2.7841818,-2.319124,1 (Jazz + Pop),simac___simac_So_Cartola_13-Velho_Estacio
4031,3.0265636,-1.979195,1 (Jazz + Pop),simac___simac_So_Cartola_14-Ciume_Doentio
4032,2.2963123,-1.9225482,1 (Jazz + Pop),simac___simac_So_Cartola_16-Sofreguidao
4033,-4.8992963,0.0009609579,1 (Jazz + Pop),simac___simac_So_Cartola_17-A_Mesma_Historia
4034,1.7833451,-2.113886,1 (Jazz + Pop),simac___simac_So_Cartola_18-Peito_Vazio
4035,3.1153624,-2.2799065,1 (Jazz + Pop),simac___simac_So_Cartola_19-Injuria_O_Sol_Nascera
4036,1.0582231,-0.8663041,1 (Jazz + Pop),simac___simac_So_Cartola_20-As_Rosas_Nao_Falam
4037,1.3594215,-1.4027376,1 (Jazz + Pop),simac___simac_Songs_Adalberto_(Adalberto_Alvarez_y_su_son)_-_Pura_imagen
4038,-1.8328338,-2.1909025,1 (Jazz + Pop),simac___simac_Songs_Adalberto_(Adalberto_Alvarez_y_su_son)_-_Sobre_tu_piel
4039,-1.3413712,-1.4975044,1 (Jazz + Pop),simac___simac_Songs_Afrocuba_-_A_Luisa
4040,-0.69788796,-3.4566617,1 (Jazz + Pop),simac___simac_Songs_Afrocuba_-_Cambio_de_Clima
4041,-4.3151064,-1.5144249,1 (Jazz + Pop),simac___simac_Songs_Afrocuba_-_Mezquinidad
4042,4.7030725,-3.4617028,1 (Jazz + Pop),simac___simac_Songs_Alejandro_(Alex_Benson)_-_Golondrina
4043,3.4629765,-4.185888,1 (Jazz + Pop),simac___simac_Songs_Alejandro_(Alex_Benson)_-_Tengo_una_penita
4044,-4.6795306,-1.9535717,1 (Jazz + Pop),simac___simac_Songs_Alfredo_-_Ahora_somos_felices
4045,-0.19499436,-2.2891705,1 (Jazz + Pop),simac___simac_Songs_Alfredo_-_La_rumba_de_Alfredo
4046,-3.8361375,3.5710936,1 (Jazz + Pop),simac___simac_Songs_Caledonia_Blues_Band_-_Burning_Heart
4047,7.5060487,-4.9977884,2 (Pop + Rock + HJDB + Hip-Hop),simac___simac_Songs_Caracas_Latin_Brothers_-_El_espectaculo
4048,4.5090914,-3.8026197,1 (Jazz + Pop),simac___simac_Songs_Caracas_Latin_Brothers_-_Los_hombres_tambien_lo_mueven
4049,4.289932,-2.6519585,1 (Jazz + Pop),simac___simac_Songs_Pastora_-_Lola
4050,-13.671611,-6.6598697,3 (Classical + Groove + Jazz),simac___simac_Tales_Of_Mystery_And_Imagination_01-A_Dream_Within_A_Dream
4051,-9.878082,-1.8725905,3 (Classical + Groove + Jazz),simac___simac_Tales_Of_Mystery_And_Imagination_02-The_Raven
4052,-4.1920285,-2.1394765,1 (Jazz + Pop),simac___simac_Tales_Of_Mystery_And_Imagination_03-The_Tell-tale_Heart
4053,-4.692546,-0.3624049,1 (Jazz + Pop),simac___simac_Tales_Of_Mystery_And_Imagination_04-The_Cask_Of_Amontillado
4054,9.406084,-3.535835,2 (Pop + Rock + HJDB + Hip-Hop),simac___simac_Tales_Of_Mystery_And_Imagination_05-_The_System_Of_Doctor_Tarr_And_Professor_Fether
4055,5.2646575,-1.2905198,1 (Jazz + Pop),simac___simac_Tales_Of_Mystery_And_Imagination_07-The_Fall_Of_The_House_Of_Usher_II_Arrival
4056,-1.4892576,-0.8993036,1 (Jazz + Pop),simac___simac_Tales_Of_Mystery_And_Imagination_09-The_Fall_Of_The_House_Of_Usher_IV_Pavane
4057,6.28756,0.003995351,2 (Pop + Rock + HJDB + Hip-Hop),simac___simac_Tales_Of_Mystery_And_Imagination_11-To_One_In_Paradise
4058,5.746814,-2.0251822,1 (Jazz + Pop),simac___simac_Tanto_Tempo_01-Samba_da_Bencao
4059,4.361357,-1.9767646,1 (Jazz + Pop),simac___simac_Tanto_Tempo_02-August_Day_Song
4060,4.6350193,-3.2255561,1 (Jazz + Pop),simac___simac_Tanto_Tempo_04-Sem_Contencao
4061,-0.017372752,-2.6732333,1 (Jazz + Pop),simac___simac_Tanto_Tempo_05-Mais_Feliz
4062,7.974487,-0.44823787,2 (Pop + Rock + HJDB + Hip-Hop),simac___simac_Tanto_Tempo_06-Alguem
4063,2.2405064,0.0040575694,1 (Jazz + Pop),simac___simac_Tanto_Tempo_07-So_Nice_Summer_Samba_
4064,10.830834,-2.429567,2 (Pop + Rock + HJDB + Hip-Hop),simac___simac_Tanto_Tempo_08-Lonely
4065,2.9951575,-3.6977346,1 (Jazz + Pop),simac___simac_Tanto_Tempo_09-Bananeira
4066,-4.204045,1.5982807,1 (Jazz + Pop),simac___simac_Tanto_Tempo_10-Samba_e_Amor
4067,10.560021,-2.943098,2 (Pop + Rock + HJDB + Hip-Hop),simac___simac_Tanto_Tempo_11-Close_Your_Eyes
4068,-9.494377,2.9722219,3 (Classical + Groove + Jazz),simac___simac_The_Art_of_Spanish_Guitar_01-Tarrega_Recuerdos_de_la_Alhambra
4069,-8.47487,2.4099004,3 (Classical + Groove + Jazz),simac___simac_The_Art_of_Spanish_Guitar_02-Lauro_Dos_Valses_Venezolanos_-_Uno
4070,-7.956673,2.5277333,3 (Classical + Groove + Jazz),simac___simac_The_Art_of_Spanish_Guitar_04-Sojo_Guaso
4071,-11.774162,1.4849219,3 (Classical + Groove + Jazz),simac___simac_The_Art_of_Spanish_Guitar_05-Sojo_Cancion
4072,0.46495733,-3.012211,1 (Jazz + Pop),simac___simac_The_Crackdown_01-24-24
4073,1.2734916,-2.13561,1 (Jazz + Pop),simac___simac_The_Crackdown_02-In_the_Shadows
4074,4.160698,-3.1405327,1 (Jazz + Pop),simac___simac_The_Crackdown_03-Talking_Time
4075,9.249281,-2.3944016,2 (Pop + Rock + HJDB + Hip-Hop),simac___simac_The_Crackdown_04-Animation
4076,5.237672,-1.7294209,1 (Jazz + Pop),simac___simac_The_Crackdown_05-Over_and_Over
4077,6.777929,-0.7363007,2 (Pop + Rock + HJDB + Hip-Hop),simac___simac_The_Crackdown_06-Just_Fascination
4078,5.33973,-1.8351005,1 (Jazz + Pop),simac___simac_The_Crackdown_07-Why_Kill_Time_When_You_Can_Kill_Yourself_
4079,-0.36951342,-0.3439942,1 (Jazz + Pop),simac___simac_The_Crackdown_08-Haiti
4080,1.4601701,-5.291899,1 (Jazz + Pop),simac___simac_The_Crackdown_09-Crackdown
4081,10.545448,-3.0167692,2 (Pop + Rock + HJDB + Hip-Hop),simac___simac_The_Crackdown_10-Diskono
4082,-0.49524933,3.1774487,1 (Jazz + Pop),simac___simac_The_Crackdown_13-Moscow
4083,-1.7314463,-0.63992494,1 (Jazz + Pop),simac___simac_Tomatito_Tomatito-01.Barrio_negro
4084,-0.61642927,-2.2106116,1 (Jazz + Pop),simac___simac_Tomatito_Tomatito-02.La_voz_del_tiempo
4085,-1.5991447,-0.55291003,1 (Jazz + Pop),simac___simac_Tomatito_Tomatito-04.Armonias_del_Romane
4086,-0.7855707,-4.207268,1 (Jazz + Pop),simac___simac_Tomatito_Tomatito-05.A_mi_tao_El_Nino_Miguel
4087,-2.4829936,-0.2138171,1 (Jazz + Pop),simac___simac_Tomatito_Tomatito-06.Caminillo_viejo
4088,-6.7182384,-0.7444617,3 (Classical + Groove + Jazz),simac___simac_VOL.3_Musiques_pour_guitare_et_violoncelle_01-M._Baumann_Duo_pour_guitare_et_violoncelle_op.62_-_1._Prelude_(Lento_rubato)
4089,-18.137272,2.3965297,3 (Classical + Groove + Jazz),simac___simac_VOL.3_Musiques_pour_guitare_et_violoncelle_03-3._Berceuse_(Lento_molto)
4090,-15.868042,1.8316749,3 (Classical + Groove + Jazz),simac___simac_VOL.3_Musiques_pour_guitare_et_violoncelle_04-4._Hommage_ade_Falla_(Allegro)
4091,-12.020433,-0.88517046,3 (Classical + Groove + Jazz),simac___simac_VOL.3_Musiques_pour_guitare_et_violoncelle_06-E._Granados_Intermezzo_(de_Goyescas_)
4092,-13.350472,0.8230882,3 (Classical + Groove + Jazz),simac___simac_VOL.3_Musiques_pour_guitare_et_violoncelle_07-H._Villa-lobos_Bachianas_Brasileiras_No.5_(Aria)
4093,-12.530679,-0.23862286,3 (Classical + Groove + Jazz),simac___simac_VOL.3_Musiques_pour_guitare_et_violoncelle_09-M._de_Falla_7_chansons_populaires_espagnoles_(extraits)_-_El_pano_moruno
4094,-17.119547,0.7389444,3 (Classical + Groove + Jazz),simac___simac_VOL.3_Musiques_pour_guitare_et_violoncelle_11-Nana
4095,-13.781396,0.61983633,3 (Classical + Groove + Jazz),simac___simac_VOL.3_Musiques_pour_guitare_et_violoncelle_12-Cancion
4096,6.352585,-0.84540325,2 (Pop + Rock + HJDB + Hip-Hop),simac___simac_Xatzidakis_01-AudioTrack_01
4097,0.72912246,-0.8261252,1 (Jazz + Pop),simac___simac_Xatzidakis_02-AudioTrack_02
4098,0.26034668,-0.866453,1 (Jazz + Pop),simac___simac_Xatzidakis_03-AudioTrack_03
4099,1.3253455,0.36692664,1 (Jazz + Pop),simac___simac_Xatzidakis_05-AudioTrack_05
4100,1.2524498,0.000113235335,1 (Jazz + Pop),simac___simac_Xatzidakis_06-AudioTrack_06
4101,7.3440843,-0.98423827,2 (Pop + Rock + HJDB + Hip-Hop),simac___simac_Xatzidakis_08-AudioTrack_08
4102,0.32835257,-3.241113,1 (Jazz + Pop),simac___simac_Xatzidakis_09-AudioTrack_09
4103,-12.056442,0.18274005,3 (Classical + Groove + Jazz),simac___simac_Xatzidakis_10-AudioTrack_10
4104,-0.19842237,-0.43598416,1 (Jazz + Pop),simac___simac_Xatzidakis_11-AudioTrack_11
4105,1.6577259,-2.6732461,1 (Jazz + Pop),simac___simac_Xatzidakis_12-AudioTrack_12
4106,2.0893872,-2.273336,1 (Jazz + Pop),simac___simac_Xatzidakis_13-AudioTrack_13
4107,-3.2197201,1.637987,1 (Jazz + Pop),simac___simac_Xatzidakis_15-AudioTrack_15
4108,-3.850428,-0.24872169,1 (Jazz + Pop),simac___simac_Xatzidakis_16-AudioTrack_16
4109,-2.7481093,0.77804446,1 (Jazz + Pop),simac___simac_Xatzidakis_17-AudioTrack_17
4110,6.4815326,-4.823592,1 (Jazz + Pop),simac___simac_Xatzidakis_19-AudioTrack_19
4111,3.4925628,-2.5823069,1 (Jazz + Pop),simac___simac_Xatzidakis_22-AudioTrack_22
4112,6.1838965,-0.3144036,2 (Pop + Rock + HJDB + Hip-Hop),simac___simac_a_love_supreme_part_1_acknowledgement
4113,9.541511,-4.6193643,2 (Pop + Rock + HJDB + Hip-Hop),simac___simac_aire_01-Aire
4114,8.204352,-4.989198,2 (Pop + Rock + HJDB + Hip-Hop),simac___simac_aire_04-La_Vida_Sale
4115,2.4410317,-5.8999333,1 (Jazz + Pop),simac___simac_aire_06-Arrengao
4116,6.1699333,-5.0911927,1 (Jazz + Pop),simac___simac_aire_07-La_Alcoba_y_la_mosca
4117,-14.400503,0.2151413,3 (Classical + Groove + Jazz),simac___simac_blues_roots_cryin_blues
4118,-2.64994,-2.9459097,1 (Jazz + Pop),simac___simac_blues_roots_es_flat_ahs_flat_too
4119,-1.9604163,-2.3269618,1 (Jazz + Pop),simac___simac_blues_roots_moanin
4120,-2.9632132,-1.3955669,1 (Jazz + Pop),simac___simac_blues_roots_my_jelly_roll_soul
4121,-3.4415245,-2.4250667,1 (Jazz + Pop),simac___simac_blues_roots_tensions
4122,0.96630526,-1.9837466,1 (Jazz + Pop),simac___simac_blues_roots_wednesday_night_prayer_meeting
4123,-9.787324,-0.8288142,3 (Classical + Groove + Jazz),simac___simac_greek_01_H_mikri_Rallou
4124,8.057468,-4.310023,2 (Pop + Rock + HJDB + Hip-Hop),simac___simac_greek_07_Pikrodafni
4125,5.6304603,-3.8560913,1 (Jazz + Pop),simac___simac_greek_12_evzwnakia
4126,-1.9344373,-0.9074702,1 (Jazz + Pop),simac___simac_greek_Asteriadi_-_Mia_giorti
4127,7.607747,-5.1242075,2 (Pop + Rock + HJDB + Hip-Hop),simac___simac_greek_Gkoles_-_Atimi_tyxi
4128,8.735514,-5.219964,2 (Pop + Rock + HJDB + Hip-Hop),simac___simac_greek_Gkoles_-_Mou_fages_ta_daxtylidia
4129,7.3522654,-5.508894,1 (Jazz + Pop),simac___simac_greek_Gkoles_-_S_ena_apokrimno_akrogiali
4130,6.570494,-5.27594,1 (Jazz + Pop),simac___simac_greek_Gkoles_-_Zwi_mou_farmakw8ikes
4131,1.8886087,-1.4909667,1 (Jazz + Pop),simac___simac_greek_Mavili_-_Afto_t_agori
4132,5.2095084,-4.166943,1 (Jazz + Pop),simac___simac_greek_Mpellou_-_Nyxtwse_xwris_feggari
4133,6.9153028,-3.5343223,2 (Pop + Rock + HJDB + Hip-Hop),simac___simac_greek_Paisa_sti_vrysi_-_Velvento
4134,7.7958155,-6.1657424,2 (Pop + Rock + HJDB + Hip-Hop),simac___simac_greek_Perdika(xwris_logia)
4135,5.252127,-4.291178,1 (Jazz + Pop),simac___simac_greek_To_pasoumi_-_Smyrni
4136,-3.8711698,1.3474321,1 (Jazz + Pop),simac___simac_more_greek_03_Efriksen_i_gi
4137,2.9317195,-3.0418112,1 (Jazz + Pop),simac___simac_more_greek_03_Virginouda
4138,2.7612705,-3.7515728,1 (Jazz + Pop),simac___simac_more_greek_04_H_Stamoula
4139,-4.456814,0.49236742,1 (Jazz + Pop),simac___simac_more_greek_05_Odysseas
4140,-3.022913,-3.3264222,1 (Jazz + Pop),simac___simac_more_greek_07_Psevdoixos
4141,9.167774,-2.179789,2 (Pop + Rock + HJDB + Hip-Hop),simac___simac_more_greek_08_Hlios
4142,2.9690735,-1.0064569,1 (Jazz + Pop),simac___simac_more_greek_08_Kapoios_peftei...
4143,3.1820362,0.13113205,1 (Jazz + Pop),simac___simac_more_greek_Anagnwstopoulos_-_Hr8a_ki_apopse_sta_skalopatia_sou
4144,-0.482835,0.6099417,1 (Jazz + Pop),simac___simac_more_greek_Dionysiou_-_Na_eixa_to_kouragio
4145,-7.0774927,1.3272526,3 (Classical + Groove + Jazz),simac___simac_more_greek_Giannakopoulou_-_Marina
4146,-1.8450553,-0.9711373,1 (Jazz + Pop),simac___simac_more_greek_Giannakopoulou_-_O_kipos_empaine_sti_8alassa
4147,6.8171554,-4.5901213,1 (Jazz + Pop),simac___simac_more_greek_Gkoles_-_Filenaditsa_mou
4148,6.620316,-5.8515406,1 (Jazz + Pop),simac___simac_more_greek_Gkoles_-_H_tsigkouna
4149,7.6138544,-4.889188,2 (Pop + Rock + HJDB + Hip-Hop),simac___simac_more_greek_Gkoles_-_Keravnoi_ki_astropelekia
4150,0.92561805,-5.7329993,1 (Jazz + Pop),simac___simac_more_greek_Gkoles_-_Kori_paraxaidemeni
4151,5.9996014,-5.59806,1 (Jazz + Pop),simac___simac_more_greek_Gkoles_-_Ksaveriwtissa
4152,5.130271,-5.5642824,1 (Jazz + Pop),simac___simac_more_greek_Gkoles_-_Mortissa_ki_alanis
4153,4.4323587,-5.3248653,1 (Jazz + Pop),simac___simac_more_greek_Gkoles_-_O_8ermastis
4154,6.6486564,-5.55683,1 (Jazz + Pop),simac___simac_more_greek_Gkoles_-_O_pasatempos
4155,6.1689267,-5.6943684,1 (Jazz + Pop),simac___simac_more_greek_Gkoles_-_Peristeriwtissa
4156,5.0022454,-5.072413,1 (Jazz + Pop),simac___simac_more_greek_Gkoles_-_Rimakse_to_spitiko_mas
4157,7.5569983,-5.287614,2 (Pop + Rock + HJDB + Hip-Hop),simac___simac_more_greek_Gkoles_-_Xatzikyriakeio
4158,0.8494784,-2.407637,1 (Jazz + Pop),simac___simac_more_greek_Glykeria_-_Den_les_kouventa
4159,-2.5151563,-1.05661,1 (Jazz + Pop),simac___simac_more_greek_Glykeria_-_Odos_Aristotelous
4160,1.4711238,-2.3100612,1 (Jazz + Pop),simac___simac_more_greek_Glykeria_-_To_agalma
4161,2.709918,-1.6665609,1 (Jazz + Pop),simac___simac_more_greek_Kazantzidis_-_Oti_agapaw_egw_pe8ainei
4162,3.384263,-1.7542384,1 (Jazz + Pop),simac___simac_more_greek_Ksylouris_-_Afton_ton_kosmo_ton_kalo
4163,3.4735212,-2.2797458,1 (Jazz + Pop),simac___simac_more_greek_Ksylouris_-_Erwtiko_tragoudi_(Palikarou_palikarou)
4164,-2.1273863,0.12926808,1 (Jazz + Pop),simac___simac_more_greek_Ksylouris_-_Evale_o_8eos_simadi
4165,2.0532022,-1.0079142,1 (Jazz + Pop),simac___simac_more_greek_Ksylouris_-_Filentem
4166,-5.1509876,0.4602725,1 (Jazz + Pop),simac___simac_more_greek_Ksylouris_-_Htane_mia_fora
4167,-4.9927645,-0.27245474,1 (Jazz + Pop),simac___simac_more_greek_Ksylouris_-_Pote_8a_kanei_ksasteria
4168,0.03935952,-3.0546634,1 (Jazz + Pop),simac___simac_more_greek_Ksylouris_-_Xilia_myria_kymata
4169,3.686763,-2.0856476,1 (Jazz + Pop),simac___simac_more_greek_Makedonas_-_Ena_deilino
4170,-0.38688332,-0.86011004,1 (Jazz + Pop),simac___simac_more_greek_Makedonas_-_Savvatovrado_stin_Kaisariani
4171,-3.691229,0.02160553,1 (Jazz + Pop),simac___simac_more_greek_Marinella_-_Agapi_pou_gines_dikopo_maxairi
4172,1.7870392,0.44754055,1 (Jazz + Pop),simac___simac_more_greek_Marinella_-_Kane_ligaki_ypomoni
4173,2.3857496,-1.487389,1 (Jazz + Pop),simac___simac_more_greek_Marinella_-_Koita_me_sta_matia
4174,-6.732279,0.9351178,3 (Classical + Groove + Jazz),simac___simac_more_greek_Marinella_-_Omorfi_poli
4175,-0.7837059,-1.4093454,1 (Jazz + Pop),simac___simac_more_greek_Marinella_-_Pes_pws_m_antamwses
4176,2.7216473,-1.9093113,1 (Jazz + Pop),simac___simac_more_greek_Marinella_-_Prin_to_xarama
4177,4.5403476,-2.989789,1 (Jazz + Pop),simac___simac_more_greek_Marinella_-_Stalia_stalia
4178,0.87526107,-1.5396715,1 (Jazz + Pop),simac___simac_more_greek_Mitropanos_-_8essaloniki
4179,4.962663,-1.5236849,1 (Jazz + Pop),simac___simac_more_greek_Mitropanos_-_Brexei_sti_ftwxogeitonia
4180,3.2190578,-2.4007251,1 (Jazz + Pop),simac___simac_more_greek_Mitsias_-_Apopse_f8inopwriase
4181,2.8100312,-5.1343737,1 (Jazz + Pop),simac___simac_more_greek_Mosxoliou_-_Eipa_na_svisw_ta_palia
4182,-0.25987035,2.0367143,1 (Jazz + Pop),simac___simac_more_greek_Mosxoliou_-_Koimisou_palikari
4183,-0.86654294,-0.12411557,1 (Jazz + Pop),simac___simac_more_greek_Mosxoliou_-_Ta_deilina
4184,2.2169116,-2.0548277,1 (Jazz + Pop),simac___simac_more_greek_Mosxoliou_-_Xwrismos
4185,-2.7737322,-0.6962892,1 (Jazz + Pop),simac___simac_more_greek_Mosxoliou_Gkika_-_Den_klaiw_gia_twra
4186,-1.4481896,-0.32352415,1 (Jazz + Pop),simac___simac_more_greek_Mosxoliou_Gkika_-_Pira_ap_to_xeri_sou_nero
4187,-1.2673448,0.6606871,1 (Jazz + Pop),simac___simac_more_greek_Mpellou_-_Anastenazw_kai_ponw
4188,3.768355,-4.900085,1 (Jazz + Pop),simac___simac_more_greek_Mpellou_-_Antilaloune_ta_vouna
4189,1.5724782,-5.710621,1 (Jazz + Pop),simac___simac_more_greek_Mpellou_-_Apopse_kaneis_mpam
4190,-0.72938174,-1.5450264,1 (Jazz + Pop),simac___simac_more_greek_Mpellou_-_De_les_kouventa
4191,3.4814897,-1.0387628,1 (Jazz + Pop),simac___simac_more_greek_Mpellou_-_Kane_ligaki_ypomoni
4192,3.1481938,-3.8185685,1 (Jazz + Pop),simac___simac_more_greek_Mpellou_-_Kapoio_vrady_t_oneiro_mou
4193,5.1263175,-4.1759477,1 (Jazz + Pop),simac___simac_more_greek_Mpellou_-_Kardia_paraponiara
4194,4.199729,-4.5928288,1 (Jazz + Pop),simac___simac_more_greek_Mpellou_-_Ksimerwnei_kai_vradiazei
4195,4.624961,-5.0900564,1 (Jazz + Pop),simac___simac_more_greek_Mpellou_-_Liga_psixoula_agapis_sou_gyrevw
4196,-4.1726775,1.2075522,1 (Jazz + Pop),simac___simac_more_greek_Mpellou_-_Min_klais
4197,3.2086558,-3.2419398,1 (Jazz + Pop),simac___simac_more_greek_Mpellou_-_O_kosmos_einai_san_mpakses
4198,5.4916744,-4.519397,1 (Jazz + Pop),simac___simac_more_greek_Mpellou_-_Peftoun_tis_vroxis_oi_stales
4199,3.1603916,-4.5177546,1 (Jazz + Pop),simac___simac_more_greek_Mpellou_-_Prin_to_xarama_monaxos
4200,-2.3353794,0.18203552,1 (Jazz + Pop),simac___simac_more_greek_Mpellou_-_To_minore_tis_avgis
4201,2.0906036,-4.394057,1 (Jazz + Pop),simac___simac_more_greek_Mpellou_-_To_teleftaio_gramma_sou
4202,2.8713636,-3.2911685,1 (Jazz + Pop),simac___simac_more_greek_Mpellou_-_Xwrisame_ena_deilino
4203,1.8899244,-4.606219,1 (Jazz + Pop),simac___simac_more_greek_Mpellou_-_Zeimpekiko
4204,-7.212125,0.5812961,3 (Classical + Groove + Jazz),simac___simac_more_greek_Mpi8ikwtsis_-_Aspri_mera
4205,-1.1077821,1.9825952,1 (Jazz + Pop),simac___simac_more_greek_Mpi8ikwtsis_-_Brexei_sti_ftwxogeitonia
4206,4.5871344,0.21540047,1 (Jazz + Pop),simac___simac_more_greek_Mpi8ikwtsis_-_Drapetswna
4207,-1.8311892,2.3133323,1 (Jazz + Pop),simac___simac_more_greek_Mpi8ikwtsis_-_Eimai_aitos_xwris_ftera
4208,-1.2587441,1.9981725,1 (Jazz + Pop),simac___simac_more_greek_Mpi8ikwtsis_-_Gwnia_gwnia
4209,0.33301392,5.668392,1 (Jazz + Pop),simac___simac_more_greek_Mpi8ikwtsis_-_H_kyra
4210,0.9102646,-1.7210315,1 (Jazz + Pop),simac___simac_more_greek_Mpi8ikwtsis_-_H_mpalanta_tou_Antrikou
4211,-11.22888,-0.06432242,3 (Classical + Groove + Jazz),simac___simac_more_greek_Mpi8ikwtsis_-_Kokotas_-_Stou_O8wna_ta_xronia
4212,0.46008256,-1.9793112,1 (Jazz + Pop),simac___simac_more_greek_Mpi8ikwtsis_-_Mana_mou_kai_Panagia
4213,-0.8472186,0.67978877,1 (Jazz + Pop),simac___simac_more_greek_Mpi8ikwtsis_-_Matia_vourkwmena
4214,1.1984866,-1.6944388,1 (Jazz + Pop),simac___simac_more_greek_Mpi8ikwtsis_-_Mia_Kyriaki
4215,-3.433043,0.93093973,1 (Jazz + Pop),simac___simac_more_greek_Mpi8ikwtsis_-_Paei_o_kairos
4216,2.1079075,-1.9228177,1 (Jazz + Pop),simac___simac_more_greek_Mpi8ikwtsis_-_Sta_xeria_sou_megalwsan
4217,-7.3197327,1.7506397,3 (Classical + Groove + Jazz),simac___simac_more_greek_Mpi8ikwtsis_-_Sto_perigiali_to_kryfo
4218,3.2002492,-3.4226248,1 (Jazz + Pop),simac___simac_more_greek_Mpi8ikwtsis_-_Xrysoprasino_fyllo
4219,1.3699883,-0.87018067,1 (Jazz + Pop),simac___simac_more_greek_Mpi8ikwtsis_Xiwtis_-_Myrtia
4220,1.6442535,-1.2124823,1 (Jazz + Pop),simac___simac_more_greek_NinouTsitsanis_-_Synnefiasmeni_Kyriaki
4221,2.1457467,-1.726018,1 (Jazz + Pop),simac___simac_more_greek_Ninou_-_Apopse_kaneis_mpam
4222,8.537337,-3.7018373,2 (Pop + Rock + HJDB + Hip-Hop),simac___simac_more_greek_Ntalaras_-_Ta_matoklada_sou_lampoun
4223,4.48369,-4.3783484,1 (Jazz + Pop),simac___simac_more_greek_Panou_Dionysiou_Tsitsanis_-_Axaristi
4224,-2.1811838,-0.6142037,1 (Jazz + Pop),simac___simac_more_greek_Poulopoulos_-_Kamaroula_mia_stalia
4225,-0.38230014,-0.28301448,1 (Jazz + Pop),simac___simac_more_greek_Smokovitis_-_Mi_mou_8ymwneis_matia_mou
4226,-10.965651,0.33588845,3 (Classical + Groove + Jazz),simac___simac_more_greek_Smokovitis_-_Prwino_tsigaro
4227,-7.959393,2.0845063,3 (Classical + Groove + Jazz),simac___simac_more_greek_Vamvakaris_-_Fragkosyriani
4228,-7.776846,-3.4866867,3 (Classical + Groove + Jazz),simac___simac_selected_ambient_works_8592_actium
4229,-11.096994,-7.9583635,3 (Classical + Groove + Jazz),simac___simac_selected_ambient_works_8592_ageispolis
4230,-9.608022,-3.8125,3 (Classical + Groove + Jazz),simac___simac_selected_ambient_works_8592_delphium
4231,3.1847553,-2.0730634,1 (Jazz + Pop),simac___simac_selected_ambient_works_8592_green_calx
4232,-4.2277894,-3.6557105,1 (Jazz + Pop),simac___simac_selected_ambient_works_8592_hedphelym
4233,4.3526,2.557576,1 (Jazz + Pop),simac___simac_selected_ambient_works_8592_heliosphan
4234,0.25714332,-1.0177374,1 (Jazz + Pop),simac___simac_selected_ambient_works_8592_ptolemy
4235,-7.8954988,-3.085868,3 (Classical + Groove + Jazz),simac___simac_selected_ambient_works_8592_pulsewidth
4236,-3.6131165,-3.9698186,1 (Jazz + Pop),simac___simac_selected_ambient_works_8592_schottkey_7th_path
4237,-2.1267712,-3.5969853,1 (Jazz + Pop),simac___simac_selected_ambient_works_8592_we_are_the_music_makers
4238,-4.1381345,-3.7258275,1 (Jazz + Pop),simac___simac_selected_ambient_works_8592_xtal
4239,-14.017357,1.1501288,3 (Classical + Groove + Jazz),smc___smc_001
4240,-11.413125,0.17226246,3 (Classical + Groove + Jazz),smc___smc_002
4241,-13.196063,2.3675585,3 (Classical + Groove + Jazz),smc___smc_003
4242,-15.335284,1.5545022,3 (Classical + Groove + Jazz),smc___smc_004
4243,-16.68549,3.2913537,3 (Classical + Groove + Jazz),smc___smc_005
4244,-16.519642,2.4798057,3 (Classical + Groove + Jazz),smc___smc_006
4245,-18.080082,2.9569016,3 (Classical + Groove + Jazz),smc___smc_007
4246,-13.421652,5.32503,3 (Classical + Groove + Jazz),smc___smc_008
4247,-4.6981287,0.99188954,1 (Jazz + Pop),smc___smc_009
4248,-17.383196,1.392089,3 (Classical + Groove + Jazz),smc___smc_010
4249,-13.796092,0.9286231,3 (Classical + Groove + Jazz),smc___smc_011
4250,-8.411677,-1.6870456,3 (Classical + Groove + Jazz),smc___smc_012
4251,-12.318703,0.19683696,3 (Classical + Groove + Jazz),smc___smc_013
4252,-18.400673,2.8155398,3 (Classical + Groove + Jazz),smc___smc_014
4253,-12.075169,4.4385376,3 (Classical + Groove + Jazz),smc___smc_015
4254,-15.146269,2.4640756,3 (Classical + Groove + Jazz),smc___smc_016
4255,-7.403136,4.45074,3 (Classical + Groove + Jazz),smc___smc_017
4256,-15.8371525,2.626853,3 (Classical + Groove + Jazz),smc___smc_018
4257,-15.150221,1.2342055,3 (Classical + Groove + Jazz),smc___smc_019
4258,-7.6380053,4.811109,3 (Classical + Groove + Jazz),smc___smc_021
4259,-16.303753,1.8902553,3 (Classical + Groove + Jazz),smc___smc_022
4260,-14.627836,2.1146622,3 (Classical + Groove + Jazz),smc___smc_023
4261,-14.82416,2.4289296,3 (Classical + Groove + Jazz),smc___smc_024
4262,-16.760965,4.4232078,3 (Classical + Groove + Jazz),smc___smc_026
4263,-3.2104683,0.15989928,1 (Jazz + Pop),smc___smc_027
4264,-16.839039,1.6189355,3 (Classical + Groove + Jazz),smc___smc_028
4265,8.203478,-4.0853224,2 (Pop + Rock + HJDB + Hip-Hop),smc___smc_030
4266,-3.5429497,1.6785474,1 (Jazz + Pop),smc___smc_032
4267,-15.685384,2.0748787,3 (Classical + Groove + Jazz),smc___smc_033
4268,-14.035989,1.5160346,3 (Classical + Groove + Jazz),smc___smc_034
4269,-16.53092,4.3995833,3 (Classical + Groove + Jazz),smc___smc_035
4270,-16.382273,1.4398708,3 (Classical + Groove + Jazz),smc___smc_036
4271,-18.330273,2.9237347,3 (Classical + Groove + Jazz),smc___smc_037
4272,-16.594309,1.5384176,3 (Classical + Groove + Jazz),smc___smc_038
4273,-9.946092,-3.3996682,3 (Classical + Groove + Jazz),smc___smc_041
4274,-15.3153305,1.4329146,3 (Classical + Groove + Jazz),smc___smc_042
4275,-15.417478,0.5561602,3 (Classical + Groove + Jazz),smc___smc_043
4276,-17.201206,3.151572,3 (Classical + Groove + Jazz),smc___smc_044
4277,-9.331373,-1.7192602,3 (Classical + Groove + Jazz),smc___smc_046
4278,-16.907516,3.447868,3 (Classical + Groove + Jazz),smc___smc_047
4279,-17.746199,2.7529757,3 (Classical + Groove + Jazz),smc___smc_048
4280,-4.162457,0.11974238,1 (Jazz + Pop),smc___smc_051
4281,-4.7838283,0.36049473,1 (Jazz + Pop),smc___smc_052
4282,-11.097756,-3.975194,3 (Classical + Groove + Jazz),smc___smc_054
4283,-17.050964,3.5142126,3 (Classical + Groove + Jazz),smc___smc_055
4284,-14.948869,3.182399,3 (Classical + Groove + Jazz),smc___smc_056
4285,-13.957752,-0.7890207,3 (Classical + Groove + Jazz),smc___smc_057
4286,-14.54979,1.9505923,3 (Classical + Groove + Jazz),smc___smc_058
4287,-6.8160586,1.5721158,3 (Classical + Groove + Jazz),smc___smc_059
4288,-18.125418,2.7681353,3 (Classical + Groove + Jazz),smc___smc_060
4289,-18.09545,2.5736504,3 (Classical + Groove + Jazz),smc___smc_061
4290,-12.229269,6.160331,3 (Classical + Groove + Jazz),smc___smc_063
4291,-12.584444,6.062896,3 (Classical + Groove + Jazz),smc___smc_064
4292,-16.812216,1.8695513,3 (Classical + Groove + Jazz),smc___smc_065
4293,-6.035809,-1.9478995,3 (Classical + Groove + Jazz),smc___smc_066
4294,-4.5619116,0.9101905,1 (Jazz + Pop),smc___smc_067
4295,-14.956366,1.4949096,3 (Classical + Groove + Jazz),smc___smc_068
4296,-15.652143,2.7503862,3 (Classical + Groove + Jazz),smc___smc_069
4297,-15.009453,0.4791164,3 (Classical + Groove + Jazz),smc___smc_071
4298,-4.524082,0.027535409,1 (Jazz + Pop),smc___smc_072
4299,-4.85515,0.77877605,1 (Jazz + Pop),smc___smc_073
4300,-16.722178,3.4998262,3 (Classical + Groove + Jazz),smc___smc_074
4301,-10.789645,0.93261415,3 (Classical + Groove + Jazz),smc___smc_075
4302,-15.6539755,2.9038324,3 (Classical + Groove + Jazz),smc___smc_076
4303,-12.606306,5.0770984,3 (Classical + Groove + Jazz),smc___smc_079
4304,-15.444994,0.7674876,3 (Classical + Groove + Jazz),smc___smc_080
4305,-10.573161,-1.8635843,3 (Classical + Groove + Jazz),smc___smc_082
4306,-18.307184,3.0369015,3 (Classical + Groove + Jazz),smc___smc_084
4307,-13.946235,2.4380534,3 (Classical + Groove + Jazz),smc___smc_085
4308,-5.592174,0.2304722,3 (Classical + Groove + Jazz),smc___smc_086
4309,-11.652489,1.0643543,3 (Classical + Groove + Jazz),smc___smc_087
4310,-6.4701567,3.692091,3 (Classical + Groove + Jazz),smc___smc_088
4311,-16.766708,4.40033,3 (Classical + Groove + Jazz),smc___smc_089
4312,-10.905612,2.3501,3 (Classical + Groove + Jazz),smc___smc_092
4313,-15.657759,2.9157162,3 (Classical + Groove + Jazz),smc___smc_093
4314,-14.333493,1.9429251,3 (Classical + Groove + Jazz),smc___smc_095
4315,-13.102843,1.5375212,3 (Classical + Groove + Jazz),smc___smc_096
4316,-11.95471,-0.21900992,3 (Classical + Groove + Jazz),smc___smc_098
4317,-16.687216,3.088961,3 (Classical + Groove + Jazz),smc___smc_099
4318,-6.0009594,0.9579187,3 (Classical + Groove + Jazz),smc___smc_100
4319,-17.74155,3.111439,3 (Classical + Groove + Jazz),smc___smc_101
4320,-15.788832,1.9151692,3 (Classical + Groove + Jazz),smc___smc_103
4321,-18.158499,2.8703265,3 (Classical + Groove + Jazz),smc___smc_104
4322,-16.176056,1.9416895,3 (Classical + Groove + Jazz),smc___smc_105
4323,-14.584104,4.503947,3 (Classical + Groove + Jazz),smc___smc_106
4324,-3.8825006,-3.0189104,1 (Jazz + Pop),smc___smc_109
4325,-14.596458,4.082866,3 (Classical + Groove + Jazz),smc___smc_111
4326,-17.892006,2.905173,3 (Classical + Groove + Jazz),smc___smc_113
4327,-18.07476,1.7019235,3 (Classical + Groove + Jazz),smc___smc_114
4328,-0.47603673,1.770731,1 (Jazz + Pop),smc___smc_116
4329,-11.350887,0.4051618,3 (Classical + Groove + Jazz),smc___smc_117
4330,-16.419544,3.0941305,3 (Classical + Groove + Jazz),smc___smc_118
4331,-8.285263,5.054474,3 (Classical + Groove + Jazz),smc___smc_119
4332,-14.339352,0.541332,3 (Classical + Groove + Jazz),smc___smc_120
4333,-15.458552,1.5480804,3 (Classical + Groove + Jazz),smc___smc_121
4334,-15.598201,1.3535005,3 (Classical + Groove + Jazz),smc___smc_124
4335,-16.688969,4.0072613,3 (Classical + Groove + Jazz),smc___smc_126
4336,-11.849897,2.6056578,3 (Classical + Groove + Jazz),smc___smc_127
4337,-15.527341,0.390116,3 (Classical + Groove + Jazz),smc___smc_130
4338,-0.9832176,3.0841649,1 (Jazz + Pop),smc___smc_133
4339,-17.105505,0.63513076,3 (Classical + Groove + Jazz),smc___smc_135
4340,-15.334747,1.5594742,3 (Classical + Groove + Jazz),smc___smc_137
4341,0.14984782,-2.9097342,1 (Jazz + Pop),smc___smc_139
4342,-7.646932,4.312249,3 (Classical + Groove + Jazz),smc___smc_140
4343,-13.784835,-2.5434482,3 (Classical + Groove + Jazz),smc___smc_142
4344,2.5868795,-0.33666527,1 (Jazz + Pop),smc___smc_143
4345,-16.546751,2.9002903,3 (Classical + Groove + Jazz),smc___smc_146
4346,-6.931043,-1.1379558,3 (Classical + Groove + Jazz),smc___smc_147
4347,-12.251323,-4.4748907,3 (Classical + Groove + Jazz),smc___smc_148
4348,-10.074191,2.0721478,3 (Classical + Groove + Jazz),smc___smc_149
4349,-10.777514,1.6207206,3 (Classical + Groove + Jazz),smc___smc_150
4350,-8.336912,3.160864,3 (Classical + Groove + Jazz),smc___smc_151
4351,-15.9931755,3.8611956,3 (Classical + Groove + Jazz),smc___smc_152
4352,-17.43146,3.9293392,3 (Classical + Groove + Jazz),smc___smc_153
4353,-14.893694,2.1287565,3 (Classical + Groove + Jazz),smc___smc_154
4354,-10.133882,-3.193872,3 (Classical + Groove + Jazz),smc___smc_157
4355,-14.568364,-0.60121536,3 (Classical + Groove + Jazz),smc___smc_158
4356,-14.141478,1.4067053,3 (Classical + Groove + Jazz),smc___smc_159
4357,-14.992498,0.82667947,3 (Classical + Groove + Jazz),smc___smc_161
4358,-17.692308,1.6190716,3 (Classical + Groove + Jazz),smc___smc_166
4359,-18.084455,2.7144349,3 (Classical + Groove + Jazz),smc___smc_167
4360,-14.67983,2.5375366,3 (Classical + Groove + Jazz),smc___smc_168
4361,-14.955948,0.99088746,3 (Classical + Groove + Jazz),smc___smc_169
4362,-7.931595,3.0009696,3 (Classical + Groove + Jazz),smc___smc_170
4363,-8.898899,-2.553441,3 (Classical + Groove + Jazz),smc___smc_171
4364,-3.1769855,1.86463,1 (Jazz + Pop),smc___smc_172
4365,-2.231868,0.96797186,1 (Jazz + Pop),smc___smc_173
4366,-15.170611,2.0932622,3 (Classical + Groove + Jazz),smc___smc_174
4367,-16.945484,2.2113044,3 (Classical + Groove + Jazz),smc___smc_175
4368,-17.70985,2.9613764,3 (Classical + Groove + Jazz),smc___smc_176
4369,-13.155525,2.315955,3 (Classical + Groove + Jazz),smc___smc_178
4370,-16.716917,1.4261962,3 (Classical + Groove + Jazz),smc___smc_179
4371,-8.386214,4.0850563,3 (Classical + Groove + Jazz),smc___smc_181
4372,-7.6576076,3.0792596,3 (Classical + Groove + Jazz),smc___smc_182
4373,-15.897183,4.348281,3 (Classical + Groove + Jazz),smc___smc_184
4374,-16.189934,2.9011204,3 (Classical + Groove + Jazz),smc___smc_187
4375,-13.911629,1.7390157,3 (Classical + Groove + Jazz),smc___smc_188
4376,-4.6012435,-1.7969799,1 (Jazz + Pop),smc___smc_190
4377,-13.992185,3.5864146,3 (Classical + Groove + Jazz),smc___smc_192
4378,4.7952924,6.472528,2 (Pop + Rock + HJDB + Hip-Hop),smc___smc_193
4379,-7.8558664,-3.2887688,3 (Classical + Groove + Jazz),smc___smc_194
4380,-16.712759,1.9901296,3 (Classical + Groove + Jazz),smc___smc_195
4381,-16.864893,2.3303106,3 (Classical + Groove + Jazz),smc___smc_197
4382,-1.1111948,3.026665,1 (Jazz + Pop),smc___smc_198
4383,-5.313132,2.8369815,3 (Classical + Groove + Jazz),smc___smc_199
4384,-7.1002264,1.6908511,3 (Classical + Groove + Jazz),smc___smc_202
4385,-14.444669,0.72960263,3 (Classical + Groove + Jazz),smc___smc_203
4386,-7.583408,1.6225394,3 (Classical + Groove + Jazz),smc___smc_204
4387,-8.302739,2.0098734,3 (Classical + Groove + Jazz),smc___smc_205
4388,-12.951996,0.63957363,3 (Classical + Groove + Jazz),smc___smc_206
4389,-4.427704,0.8832642,1 (Jazz + Pop),smc___smc_207
4390,-13.950159,1.451598,3 (Classical + Groove + Jazz),smc___smc_208
4391,-9.669597,-1.3153064,3 (Classical + Groove + Jazz),smc___smc_209
4392,-12.150018,-2.6591194,3 (Classical + Groove + Jazz),smc___smc_211
4393,-14.84635,1.1991786,3 (Classical + Groove + Jazz),smc___smc_212
4394,-12.164917,2.7904384,3 (Classical + Groove + Jazz),smc___smc_213
4395,-17.90329,2.6330705,3 (Classical + Groove + Jazz),smc___smc_214
4396,-16.144966,3.5907946,3 (Classical + Groove + Jazz),smc___smc_215
4397,-6.202187,4.277977,3 (Classical + Groove + Jazz),smc___smc_216
4398,-17.196383,3.2603664,3 (Classical + Groove + Jazz),smc___smc_217
4399,-9.055875,-0.31344542,3 (Classical + Groove + Jazz),smc___smc_219
4400,4.9336185,6.399784,2 (Pop + Rock + HJDB + Hip-Hop),smc___smc_220
4401,-1.8815004,3.299576,1 (Jazz + Pop),smc___smc_221
4402,-5.853718,3.83632,3 (Classical + Groove + Jazz),smc___smc_222
4403,-8.480327,1.9485803,3 (Classical + Groove + Jazz),smc___smc_223
4404,-0.88700557,3.239339,1 (Jazz + Pop),smc___smc_224
4405,-1.6995375,3.2437792,1 (Jazz + Pop),smc___smc_225
4406,-15.557076,1.2835177,3 (Classical + Groove + Jazz),smc___smc_226
4407,-17.393147,2.9492018,3 (Classical + Groove + Jazz),smc___smc_227
4408,-11.788866,-0.051789597,3 (Classical + Groove + Jazz),smc___smc_229
4409,-14.888907,0.7591591,3 (Classical + Groove + Jazz),smc___smc_232
4410,-10.837115,5.0244994,3 (Classical + Groove + Jazz),smc___smc_235
4411,-6.5019417,3.2786324,3 (Classical + Groove + Jazz),smc___smc_236
4412,-8.479153,1.6833559,3 (Classical + Groove + Jazz),smc___smc_237
4413,-15.952827,3.3077111,3 (Classical + Groove + Jazz),smc___smc_239
4414,-9.275685,4.0850983,3 (Classical + Groove + Jazz),smc___smc_241
4415,-6.7471323,-1.5333742,3 (Classical + Groove + Jazz),smc___smc_242
4416,-12.938832,-5.4253144,3 (Classical + Groove + Jazz),smc___smc_243
4417,-8.381155,3.5505667,3 (Classical + Groove + Jazz),smc___smc_244
4418,-16.679508,2.6250696,3 (Classical + Groove + Jazz),smc___smc_248
4419,-7.5529084,4.2034893,3 (Classical + Groove + Jazz),smc___smc_249
4420,-13.749285,1.6430578,3 (Classical + Groove + Jazz),smc___smc_251
4421,-10.246686,-2.2680922,3 (Classical + Groove + Jazz),smc___smc_252
4422,-4.687747,-1.991883,1 (Jazz + Pop),smc___smc_253
4423,-16.645573,3.1525862,3 (Classical + Groove + Jazz),smc___smc_254
4424,-17.482279,2.5705051,3 (Classical + Groove + Jazz),smc___smc_255
4425,-16.32035,3.4482076,3 (Classical + Groove + Jazz),smc___smc_256
4426,-15.599769,2.458264,3 (Classical + Groove + Jazz),smc___smc_257
4427,-12.654385,5.1922784,3 (Classical + Groove + Jazz),smc___smc_258
4428,-8.460657,4.3779016,3 (Classical + Groove + Jazz),smc___smc_259
4429,-11.343825,-1.746836,3 (Classical + Groove + Jazz),smc___smc_260
4430,-14.390161,0.93614876,3 (Classical + Groove + Jazz),smc___smc_261
4431,-18.380842,2.9173493,3 (Classical + Groove + Jazz),smc___smc_262
4432,-10.337512,-4.619732,3 (Classical + Groove + Jazz),smc___smc_263
4433,-9.308556,4.369368,3 (Classical + Groove + Jazz),smc___smc_264
4434,-7.7987704,4.3169656,3 (Classical + Groove + Jazz),smc___smc_265
4435,-18.199549,2.7847939,3 (Classical + Groove + Jazz),smc___smc_266
4436,-16.254812,2.4361625,3 (Classical + Groove + Jazz),smc___smc_269
4437,-0.10576119,-4.5608296,1 (Jazz + Pop),smc___smc_271
4438,6.7381973,-1.1322978,2 (Pop + Rock + HJDB + Hip-Hop),smc___smc_272
4439,3.7917454,-5.237313,1 (Jazz + Pop),smc___smc_273
4440,1.1958796,-4.3164244,1 (Jazz + Pop),smc___smc_274
4441,-10.285243,-3.600692,3 (Classical + Groove + Jazz),smc___smc_275
4442,-7.6980405,-5.4522285,3 (Classical + Groove + Jazz),smc___smc_276
4443,12.296961,4.518115,2 (Pop + Rock + HJDB + Hip-Hop),smc___smc_277
4444,1.4208082,-5.782011,1 (Jazz + Pop),smc___smc_278
4445,5.809331,-0.98131704,1 (Jazz + Pop),smc___smc_279
4446,3.6316667,-5.492965,1 (Jazz + Pop),smc___smc_280
4447,6.330192,-3.9320438,1 (Jazz + Pop),smc___smc_281
4448,3.9541726,-3.7128687,1 (Jazz + Pop),smc___smc_282
4449,10.054104,-1.3093603,2 (Pop + Rock + HJDB + Hip-Hop),smc___smc_283
4450,8.937545,2.1195219,2 (Pop + Rock + HJDB + Hip-Hop),smc___smc_284
4451,-0.86389595,-2.5394297,1 (Jazz + Pop),smc___smc_285
4452,-0.50207686,-2.3385313,1 (Jazz + Pop),smc___smc_286
4453,6.1182995,-6.3294353,1 (Jazz + Pop),smc___smc_287
4454,3.072023,-4.524912,1 (Jazz + Pop),smc___smc_288
4455,-2.128841,0.26978722,1 (Jazz + Pop),smc___smc_289
4456,13.007585,3.5217483,2 (Pop + Rock + HJDB + Hip-Hop),tapcorrect___001_youtube_fV4DiAyExN0
4457,4.9095855,-0.5963429,1 (Jazz + Pop),tapcorrect___002_youtube_CvMfvuJsYmE
4458,13.574723,-0.5835902,2 (Pop + Rock + HJDB + Hip-Hop),tapcorrect___003_youtube_tXjqKzX28LI
4459,11.87367,3.4059186,2 (Pop + Rock + HJDB + Hip-Hop),tapcorrect___004_youtube_IwOfCgkyEj0
4460,5.446162,4.1296735,2 (Pop + Rock + HJDB + Hip-Hop),tapcorrect___005_youtube_RB-RcX5DS5A
4461,1.3504093,-0.12289173,1 (Jazz + Pop),tapcorrect___006_youtube_I3gHugP6bPE
4462,16.442856,2.853413,2 (Pop + Rock + HJDB + Hip-Hop),tapcorrect___007_youtube_9QnUOrTsxXA
4463,1.9783622,-5.363032,1 (Jazz + Pop),tapcorrect___008_youtube_bg7RjxsghNY
4464,10.98761,-0.798073,2 (Pop + Rock + HJDB + Hip-Hop),tapcorrect___009_youtube_hRFLv29K__o
4465,11.351603,2.3058386,2 (Pop + Rock + HJDB + Hip-Hop),tapcorrect___010_youtube_80tX5MLX8QY
4466,9.746134,-1.7817982,2 (Pop + Rock + HJDB + Hip-Hop),tapcorrect___011_youtube_M7u5SdjDSQQ
4467,2.6390307,-2.545283,1 (Jazz + Pop),tapcorrect___012_youtube_Va0vs1fhhNI
4468,11.436274,1.8536044,2 (Pop + Rock + HJDB + Hip-Hop),tapcorrect___013_youtube_6iGpdkgr57g
4469,8.930429,-0.35961074,2 (Pop + Rock + HJDB + Hip-Hop),tapcorrect___014_youtube_53FGAgfYVsw
4470,17.637262,2.2704325,2 (Pop + Rock + HJDB + Hip-Hop),tapcorrect___015_youtube_ltRgb4SJ1uk
4471,11.340117,-1.7034354,2 (Pop + Rock + HJDB + Hip-Hop),tapcorrect___016_youtube_eelfrHtmk68
4472,9.065962,-2.1353214,2 (Pop + Rock + HJDB + Hip-Hop),tapcorrect___017_youtube_S6Nt1ssPLBA
4473,-0.9290195,-0.48132017,1 (Jazz + Pop),tapcorrect___018_youtube_wVyggTKDcOE
4474,9.40993,7.1912813,2 (Pop + Rock + HJDB + Hip-Hop),tapcorrect___019_youtube_jSDukB1pc30
4475,10.725497,5.4072194,2 (Pop + Rock + HJDB + Hip-Hop),tapcorrect___020_youtube_0WrjMeHsfgM
4476,15.3869505,1.4041371,2 (Pop + Rock + HJDB + Hip-Hop),tapcorrect___021_youtube_lzdGpNGH9BI
4477,13.461723,0.0888853,2 (Pop + Rock + HJDB + Hip-Hop),tapcorrect___022_youtube_Z4z0LjchwOo
4478,-5.506834,-0.59520143,1 (Jazz + Pop),tapcorrect___024_youtube_S4X_l8PIobc
4479,10.811567,-3.7795548,2 (Pop + Rock + HJDB + Hip-Hop),tapcorrect___025_youtube_8jsFGdeWNPo
4480,16.273157,-0.7458495,2 (Pop + Rock + HJDB + Hip-Hop),tapcorrect___026_youtube__X6DCz3pkYA
4481,6.0102115,2.91042,2 (Pop + Rock + HJDB + Hip-Hop),tapcorrect___027_youtube_iYYRH4apXDo
4482,15.786836,0.6471267,2 (Pop + Rock + HJDB + Hip-Hop),tapcorrect___028_youtube_StFfXP4eAgU
4483,-6.0299425,-2.4144886,3 (Classical + Groove + Jazz),tapcorrect___029_youtube_41TNDPn9x2Y
4484,14.623602,3.8516994,2 (Pop + Rock + HJDB + Hip-Hop),tapcorrect___030_youtube_U8EDgciZZFc
4485,-1.6362875,-1.2320164,1 (Jazz + Pop),tapcorrect___031_youtube_Y8R9ZPT2T-I
4486,13.920867,-0.8773639,2 (Pop + Rock + HJDB + Hip-Hop),tapcorrect___032_youtube_zsmUOdmm02A
4487,2.6005893,-3.4261491,1 (Jazz + Pop),tapcorrect___033_youtube_0Jj9rOwkfLM
4488,11.8215885,-2.0547786,2 (Pop + Rock + HJDB + Hip-Hop),tapcorrect___034_youtube_F6Dw6ZFmM4c
4489,3.1227796,2.4720037,1 (Jazz + Pop),tapcorrect___035_youtube_NCnT_grZvLE
4490,4.5960817,-6.4052863,1 (Jazz + Pop),tapcorrect___036_youtube__-xZYhm6QgQ
4491,-9.081416,5.232218,3 (Classical + Groove + Jazz),tapcorrect___037_youtube_VYCOg-yglNM
4492,16.619102,2.835744,2 (Pop + Rock + HJDB + Hip-Hop),tapcorrect___038_youtube_eVTXPUF4Oz4
4493,11.028528,3.6509318,2 (Pop + Rock + HJDB + Hip-Hop),tapcorrect___039_youtube_ph9NQ8ASmX4
4494,0.5535259,-3.4186718,1 (Jazz + Pop),tapcorrect___040_youtube_1zrxnqejwCk
4495,-15.033239,1.1113911,3 (Classical + Groove + Jazz),tapcorrect___041_youtube_Eh44QPT1mPE
4496,17.7894,2.1867435,2 (Pop + Rock + HJDB + Hip-Hop),tapcorrect___042_youtube_uBMtdaRhDMY
4497,-10.249822,5.470836,3 (Classical + Groove + Jazz),tapcorrect___043_youtube_CWEqbuJ6DlQ
4498,3.8002276,-1.5861217,1 (Jazz + Pop),tapcorrect___044_youtube_BwKPJJxSnOE
4499,-3.7381127,0.5627947,1 (Jazz + Pop),tapcorrect___045_youtube_SYUgGs9IStY
4500,-3.9756982,-0.24895003,1 (Jazz + Pop),tapcorrect___046_youtube_ebZZpVFUQDY
4501,10.929387,-0.011267143,2 (Pop + Rock + HJDB + Hip-Hop),tapcorrect___047_youtube_WNa60w5HOB4
4502,12.957352,2.8971703,2 (Pop + Rock + HJDB + Hip-Hop),tapcorrect___048_youtube_B_e7QbWc5mI
4503,-12.492738,-3.437697,3 (Classical + Groove + Jazz),tapcorrect___049_youtube_rSktfVJc_IM
4504,11.564817,3.4706392,2 (Pop + Rock + HJDB + Hip-Hop),tapcorrect___050_youtube_vx2u5uUu3DE
4505,9.104261,-2.7081995,2 (Pop + Rock + HJDB + Hip-Hop),tapcorrect___051_youtube_InYVlCCEqFc
4506,17.269114,2.6502473,2 (Pop + Rock + HJDB + Hip-Hop),tapcorrect___052_youtube_LjffPO71TJs
4507,3.0411184,1.162962,1 (Jazz + Pop),tapcorrect___053_youtube_yuxchcK5Gek
4508,13.459475,3.3010175,2 (Pop + Rock + HJDB + Hip-Hop),tapcorrect___054_youtube_UgL4N4Hf1dk
4509,-5.1659846,-3.6262574,1 (Jazz + Pop),tapcorrect___055_youtube_LzLt9X4hoIE
4510,6.1300883,3.9294026,2 (Pop + Rock + HJDB + Hip-Hop),tapcorrect___056_youtube_alYFdNGVL1E
4511,14.099931,0.4959435,2 (Pop + Rock + HJDB + Hip-Hop),tapcorrect___057_youtube_UrN3-lDk9Rs
4512,-0.7300575,1.2697098,1 (Jazz + Pop),tapcorrect___058_youtube_c5dwksSbD34
4513,1.6630038,-5.57685,1 (Jazz + Pop),tapcorrect___059_youtube_-tJYN-eG1zk
4514,12.70594,-1.4505603,2 (Pop + Rock + HJDB + Hip-Hop),tapcorrect___060_youtube_FY9v147BZuE
4515,-3.8884425,4.540759,1 (Jazz + Pop),tapcorrect___061_youtube_KlujizeNNQM
4516,0.20518483,0.94001514,1 (Jazz + Pop),tapcorrect___062_youtube_Yi3GJEEMX4s
4517,5.3694086,3.9220545,2 (Pop + Rock + HJDB + Hip-Hop),tapcorrect___063_youtube_uFEK4fpYOS4
4518,3.144743,3.0240235,1 (Jazz + Pop),tapcorrect___064_youtube_Xlv1tm2h7pY
4519,11.995325,3.6797822,2 (Pop + Rock + HJDB + Hip-Hop),tapcorrect___065_youtube_u9Dg-g7t2l4
4520,13.032227,1.0236607,2 (Pop + Rock + HJDB + Hip-Hop),tapcorrect___066_youtube_H4BB9eGUEaE
4521,10.395531,4.168945,2 (Pop + Rock + HJDB + Hip-Hop),tapcorrect___067_youtube_MbmFqUtK2aw
4522,12.723427,1.6684091,2 (Pop + Rock + HJDB + Hip-Hop),tapcorrect___068_youtube_a8LcePfI6Hs
4523,15.686301,3.3911386,2 (Pop + Rock + HJDB + Hip-Hop),tapcorrect___069_youtube_8kl6q_9qZOs
4524,4.088165,-4.402347,1 (Jazz + Pop),tapcorrect___070_youtube_m-M1AtrxztU
4525,12.074987,-2.6343992,2 (Pop + Rock + HJDB + Hip-Hop),tapcorrect___071_youtube_WBQ03PXMpqY
4526,13.835037,-1.2782029,2 (Pop + Rock + HJDB + Hip-Hop),tapcorrect___072_youtube_sABVieMgwlA
4527,4.657552,-2.9065242,1 (Jazz + Pop),tapcorrect___073_youtube_qZuH-5St80A
4528,10.089938,-4.044626,2 (Pop + Rock + HJDB + Hip-Hop),tapcorrect___074_youtube_aBqT2qWxDL8
4529,3.784301,0.88767093,1 (Jazz + Pop),tapcorrect___075_youtube_p_6F5K_xP6Q
4530,0.77947193,-2.9859004,1 (Jazz + Pop),tapcorrect___076_youtube_pjcOzqxu4JQ
4531,16.287739,3.1689863,2 (Pop + Rock + HJDB + Hip-Hop),tapcorrect___077_youtube_g6FU3s6mbGI
4532,12.274884,-3.069186,2 (Pop + Rock + HJDB + Hip-Hop),tapcorrect___078_youtube_DL_uU76w5eQ
4533,-3.0878987,-0.4929043,1 (Jazz + Pop),tapcorrect___079_youtube_aEW001GcS9s
4534,5.972589,3.7200627,2 (Pop + Rock + HJDB + Hip-Hop),tapcorrect___080_youtube_9z1A1R8RQZs
4535,4.36431,-2.2662416,1 (Jazz + Pop),tapcorrect___081_youtube_pSdUOTuQzWQ
4536,1.5496528,-5.377038,1 (Jazz + Pop),tapcorrect___082_youtube_M84S81FL5FY
4537,-2.1705928,-2.5423465,1 (Jazz + Pop),tapcorrect___083_youtube_HfUoCF3dmbU
4538,11.724353,-5.588594,2 (Pop + Rock + HJDB + Hip-Hop),tapcorrect___084_youtube_zH9sXggRlxc
4539,0.30604392,1.195086,1 (Jazz + Pop),tapcorrect___085_youtube_KEl7WjfbnSA
4540,15.195942,0.97347206,2 (Pop + Rock + HJDB + Hip-Hop),tapcorrect___086_youtube_-2WQ_caqBiY
4541,12.0181055,3.087513,2 (Pop + Rock + HJDB + Hip-Hop),tapcorrect___087_youtube_ej93qIAlhXs
4542,3.3005593,-1.4205623,1 (Jazz + Pop),tapcorrect___088_youtube_D1ACUFvxAGQ
4543,5.8050857,-5.9109855,1 (Jazz + Pop),tapcorrect___089_youtube_Ghg70fI6HLI
4544,16.894186,3.2597606,2 (Pop + Rock + HJDB + Hip-Hop),tapcorrect___090_youtube_2tmc8rJgxUI
4545,12.284056,-2.5662649,2 (Pop + Rock + HJDB + Hip-Hop),tapcorrect___091_youtube_NCtzkaL2t_Y
4546,15.061646,-1.6616559,2 (Pop + Rock + HJDB + Hip-Hop),tapcorrect___092_youtube_oh2LWWORoiM
4547,13.631567,1.8642366,2 (Pop + Rock + HJDB + Hip-Hop),tapcorrect___093_youtube_C1lbOgBtE3w
4548,10.754498,-3.5331187,2 (Pop + Rock + HJDB + Hip-Hop),tapcorrect___094_youtube_FrGARptU-kQ
4549,4.489014,1.5923,1 (Jazz + Pop),tapcorrect___095_youtube_zO6D_BAuYCI
4550,4.471879,-7.3175683,1 (Jazz + Pop),tapcorrect___096_youtube_XAYhNHhxN0A
4551,12.904761,-0.1498192,2 (Pop + Rock + HJDB + Hip-Hop),tapcorrect___097_youtube_Nco69szMp0Y
4552,4.3196306,1.9713426,1 (Jazz + Pop),tapcorrect___098_youtube_MsduHmjQlgI
4553,-6.1099777,-1.60324,3 (Classical + Groove + Jazz),tapcorrect___099_youtube_WHWqj6gKS9g
4554,-3.59138,-3.896573,1 (Jazz + Pop),tapcorrect___100_youtube_QinABEXzutY
4555,-1.1604222,-0.45337623,1 (Jazz + Pop),tapcorrect___101_youtube_O64IDCVI3eM
4556,5.1793227,3.6105666,1 (Jazz + Pop),tapcorrect___102_youtube_4aiWPx8RU7I
4557,7.3290377,5.6894717,2 (Pop + Rock + HJDB + Hip-Hop),gtzan___gtzan_blues_00000
4558,-3.9278166,0.06651747,1 (Jazz + Pop),gtzan___gtzan_blues_00001
4559,7.143832,6.706102,2 (Pop + Rock + HJDB + Hip-Hop),gtzan___gtzan_blues_00002
4560,-3.847931,-0.20815256,1 (Jazz + Pop),gtzan___gtzan_blues_00003
4561,-1.4876479,2.024554,1 (Jazz + Pop),gtzan___gtzan_blues_00004
4562,-3.2215288,2.1836207,1 (Jazz + Pop),gtzan___gtzan_blues_00005
4563,-4.124886,2.7234287,1 (Jazz + Pop),gtzan___gtzan_blues_00006
4564,-3.0074034,2.14973,1 (Jazz + Pop),gtzan___gtzan_blues_00007
4565,7.1017184,5.7266126,2 (Pop + Rock + HJDB + Hip-Hop),gtzan___gtzan_blues_00008
4566,-6.1384406,1.3796808,3 (Classical + Groove + Jazz),gtzan___gtzan_blues_00009
4567,-3.972293,2.6997674,1 (Jazz + Pop),gtzan___gtzan_blues_00010
4568,-9.438513,-1.6843706,3 (Classical + Groove + Jazz),gtzan___gtzan_blues_00011
4569,-6.529468,1.9241575,3 (Classical + Groove + Jazz),gtzan___gtzan_blues_00012
4570,-6.665396,-1.9796814,3 (Classical + Groove + Jazz),gtzan___gtzan_blues_00013
4571,-12.382645,-1.3357217,3 (Classical + Groove + Jazz),gtzan___gtzan_blues_00014
4572,-8.811989,0.5994387,3 (Classical + Groove + Jazz),gtzan___gtzan_blues_00015
4573,-8.630196,0.6422794,3 (Classical + Groove + Jazz),gtzan___gtzan_blues_00016
4574,-8.659279,0.5811903,3 (Classical + Groove + Jazz),gtzan___gtzan_blues_00017
4575,-8.79161,-1.1592407,3 (Classical + Groove + Jazz),gtzan___gtzan_blues_00018
4576,-8.200486,0.9382534,3 (Classical + Groove + Jazz),gtzan___gtzan_blues_00019
4577,-6.8657875,-1.9391031,3 (Classical + Groove + Jazz),gtzan___gtzan_blues_00020
4578,-9.537452,-0.09127351,3 (Classical + Groove + Jazz),gtzan___gtzan_blues_00021
4579,-8.340452,0.7293668,3 (Classical + Groove + Jazz),gtzan___gtzan_blues_00022
4580,-8.139818,1.4096066,3 (Classical + Groove + Jazz),gtzan___gtzan_blues_00023
4581,-10.927983,0.16243869,3 (Classical + Groove + Jazz),gtzan___gtzan_blues_00024
4582,-9.108006,0.89826727,3 (Classical + Groove + Jazz),gtzan___gtzan_blues_00025
4583,-11.8242035,-0.6414683,3 (Classical + Groove + Jazz),gtzan___gtzan_blues_00026
4584,-8.289082,1.3987331,3 (Classical + Groove + Jazz),gtzan___gtzan_blues_00027
4585,-9.062772,0.9373071,3 (Classical + Groove + Jazz),gtzan___gtzan_blues_00028
4586,-5.4233913,-0.8745022,1 (Jazz + Pop),gtzan___gtzan_blues_00029
4587,-4.40342,-1.0345731,1 (Jazz + Pop),gtzan___gtzan_blues_00030
4588,-5.0823994,-0.7541178,1 (Jazz + Pop),gtzan___gtzan_blues_00031
4589,-9.453736,-2.62252,3 (Classical + Groove + Jazz),gtzan___gtzan_blues_00032
4590,-4.821511,-0.8684599,1 (Jazz + Pop),gtzan___gtzan_blues_00033
4591,-4.76501,-0.618211,1 (Jazz + Pop),gtzan___gtzan_blues_00034
4592,-1.5639,0.29620737,1 (Jazz + Pop),gtzan___gtzan_blues_00035
4593,-4.4790635,-0.7840853,1 (Jazz + Pop),gtzan___gtzan_blues_00036
4594,-12.501655,-1.3066103,3 (Classical + Groove + Jazz),gtzan___gtzan_blues_00037
4595,-4.1976566,-0.7117738,1 (Jazz + Pop),gtzan___gtzan_blues_00038
4596,-10.147913,-2.2881658,3 (Classical + Groove + Jazz),gtzan___gtzan_blues_00039
4597,7.875517,5.0554943,2 (Pop + Rock + HJDB + Hip-Hop),gtzan___gtzan_blues_00040
4598,8.045545,5.048975,2 (Pop + Rock + HJDB + Hip-Hop),gtzan___gtzan_blues_00041
4599,-2.4167695,-4.4124293,1 (Jazz + Pop),gtzan___gtzan_blues_00042
4600,7.8253946,5.3797526,2 (Pop + Rock + HJDB + Hip-Hop),gtzan___gtzan_blues_00043
4601,8.302774,4.992755,2 (Pop + Rock + HJDB + Hip-Hop),gtzan___gtzan_blues_00044
4602,-4.289094,-5.218083,1 (Jazz + Pop),gtzan___gtzan_blues_00045
4603,-4.425041,-4.404251,1 (Jazz + Pop),gtzan___gtzan_blues_00046
4604,-4.2538123,-5.277991,1 (Jazz + Pop),gtzan___gtzan_blues_00047
4605,8.241977,5.404105,2 (Pop + Rock + HJDB + Hip-Hop),gtzan___gtzan_blues_00048
4606,-6.6352496,-3.3754609,3 (Classical + Groove + Jazz),gtzan___gtzan_blues_00049
4607,8.663918,5.888087,2 (Pop + Rock + HJDB + Hip-Hop),gtzan___gtzan_blues_00050
4608,12.945447,5.7172165,2 (Pop + Rock + HJDB + Hip-Hop),gtzan___gtzan_blues_00051
4609,-8.117352,-1.7565362,3 (Classical + Groove + Jazz),gtzan___gtzan_blues_00052
4610,8.55351,6.1044836,2 (Pop + Rock + HJDB + Hip-Hop),gtzan___gtzan_blues_00053
4611,10.174433,5.817868,2 (Pop + Rock + HJDB + Hip-Hop),gtzan___gtzan_blues_00054
4612,7.93516,5.9129047,2 (Pop + Rock + HJDB + Hip-Hop),gtzan___gtzan_blues_00055
4613,0.15147907,0.53603804,1 (Jazz + Pop),gtzan___gtzan_blues_00056
4614,7.9045963,6.0921984,2 (Pop + Rock + HJDB + Hip-Hop),gtzan___gtzan_blues_00057
4615,7.5018,6.1708565,2 (Pop + Rock + HJDB + Hip-Hop),gtzan___gtzan_blues_00058
4616,9.14189,5.783039,2 (Pop + Rock + HJDB + Hip-Hop),gtzan___gtzan_blues_00059
4617,9.595915,5.869891,2 (Pop + Rock + HJDB + Hip-Hop),gtzan___gtzan_blues_00060
4618,9.826965,6.128753,2 (Pop + Rock + HJDB + Hip-Hop),gtzan___gtzan_blues_00061
4619,1.0386395,1.134885,1 (Jazz + Pop),gtzan___gtzan_blues_00062
4620,6.892633,5.216591,2 (Pop + Rock + HJDB + Hip-Hop),gtzan___gtzan_blues_00063
4621,10.627264,6.1281962,2 (Pop + Rock + HJDB + Hip-Hop),gtzan___gtzan_blues_00064
4622,7.4498267,5.217671,2 (Pop + Rock + HJDB + Hip-Hop),gtzan___gtzan_blues_00065
4623,7.0456533,5.5183015,2 (Pop + Rock + HJDB + Hip-Hop),gtzan___gtzan_blues_00066
4624,8.6578865,5.7407007,2 (Pop + Rock + HJDB + Hip-Hop),gtzan___gtzan_blues_00067
4625,7.8092217,5.2205496,2 (Pop + Rock + HJDB + Hip-Hop),gtzan___gtzan_blues_00068
4626,7.2004094,5.584952,2 (Pop + Rock + HJDB + Hip-Hop),gtzan___gtzan_blues_00069
4627,1.3249602,1.3078669,1 (Jazz + Pop),gtzan___gtzan_blues_00070
4628,10.612153,6.136451,2 (Pop + Rock + HJDB + Hip-Hop),gtzan___gtzan_blues_00071
4629,9.90533,6.869117,2 (Pop + Rock + HJDB + Hip-Hop),gtzan___gtzan_blues_00072
4630,13.940762,5.1574636,2 (Pop + Rock + HJDB + Hip-Hop),gtzan___gtzan_blues_00073
4631,9.302594,4.7654095,2 (Pop + Rock + HJDB + Hip-Hop),gtzan___gtzan_blues_00074
4632,4.9912047,-4.880749,1 (Jazz + Pop),gtzan___gtzan_blues_00075
4633,9.994469,5.3288827,2 (Pop + Rock + HJDB + Hip-Hop),gtzan___gtzan_blues_00076
4634,12.790406,5.0693774,2 (Pop + Rock + HJDB + Hip-Hop),gtzan___gtzan_blues_00077
4635,15.672507,4.944528,2 (Pop + Rock + HJDB + Hip-Hop),gtzan___gtzan_blues_00078
4636,15.624806,4.8509636,2 (Pop + Rock + HJDB + Hip-Hop),gtzan___gtzan_blues_00079
4637,8.949015,6.532748,2 (Pop + Rock + HJDB + Hip-Hop),gtzan___gtzan_blues_00080
4638,15.885964,-1.7974697,2 (Pop + Rock + HJDB + Hip-Hop),gtzan___gtzan_blues_00081
4639,13.369202,4.9887624,2 (Pop + Rock + HJDB + Hip-Hop),gtzan___gtzan_blues_00082
4640,14.382133,5.2033753,2 (Pop + Rock + HJDB + Hip-Hop),gtzan___gtzan_blues_00083
4641,10.290974,4.9253535,2 (Pop + Rock + HJDB + Hip-Hop),gtzan___gtzan_blues_00084
4642,-3.7128842,0.8065387,1 (Jazz + Pop),gtzan___gtzan_blues_00085
4643,-4.1909776,0.7562759,1 (Jazz + Pop),gtzan___gtzan_blues_00086
4644,0.18395545,0.94758767,1 (Jazz + Pop),gtzan___gtzan_blues_00087
4645,-4.7515235,-1.6329783,1 (Jazz + Pop),gtzan___gtzan_blues_00088
4646,-14.219355,0.05949557,3 (Classical + Groove + Jazz),gtzan___gtzan_blues_00089
4647,-2.7990599,0.22756515,1 (Jazz + Pop),gtzan___gtzan_blues_00090
4648,-5.143006,0.868484,1 (Jazz + Pop),gtzan___gtzan_blues_00091
4649,-12.115607,-0.88734776,3 (Classical + Groove + Jazz),gtzan___gtzan_blues_00092
4650,-15.932177,2.5237343,3 (Classical + Groove + Jazz),gtzan___gtzan_blues_00093
4651,-4.564335,0.6209389,1 (Jazz + Pop),gtzan___gtzan_blues_00094
4652,1.1763024,1.8938955,1 (Jazz + Pop),gtzan___gtzan_blues_00095
4653,-12.430707,-0.064037554,3 (Classical + Groove + Jazz),gtzan___gtzan_blues_00096
4654,0.4523928,1.1874017,1 (Jazz + Pop),gtzan___gtzan_blues_00097
4655,8.74168,5.8172717,2 (Pop + Rock + HJDB + Hip-Hop),gtzan___gtzan_blues_00098
4656,-3.403476,2.8023956,1 (Jazz + Pop),gtzan___gtzan_blues_00099
4657,-7.9487467,-0.36444885,3 (Classical + Groove + Jazz),gtzan___gtzan_classical_00000
4658,-14.016376,1.7648734,3 (Classical + Groove + Jazz),gtzan___gtzan_classical_00001
4659,-6.6833777,-1.4807799,3 (Classical + Groove + Jazz),gtzan___gtzan_classical_00002
4660,-13.390892,0.59716463,3 (Classical + Groove + Jazz),gtzan___gtzan_classical_00003
4661,-8.522226,0.15850987,3 (Classical + Groove + Jazz),gtzan___gtzan_classical_00004
4662,-9.822556,-0.1517689,3 (Classical + Groove + Jazz),gtzan___gtzan_classical_00005
4663,-11.793117,0.83378124,3 (Classical + Groove + Jazz),gtzan___gtzan_classical_00006
4664,-9.981571,-0.36304918,3 (Classical + Groove + Jazz),gtzan___gtzan_classical_00007
4665,-9.576029,0.36131963,3 (Classical + Groove + Jazz),gtzan___gtzan_classical_00008
4666,-14.885124,0.7846408,3 (Classical + Groove + Jazz),gtzan___gtzan_classical_00009
4667,-11.179676,0.17572342,3 (Classical + Groove + Jazz),gtzan___gtzan_classical_00010
4668,-15.986182,3.5335758,3 (Classical + Groove + Jazz),gtzan___gtzan_classical_00011
4669,-13.167618,-0.1789807,3 (Classical + Groove + Jazz),gtzan___gtzan_classical_00012
4670,-12.658179,-1.0960915,3 (Classical + Groove + Jazz),gtzan___gtzan_classical_00013
4671,-12.058303,0.76257086,3 (Classical + Groove + Jazz),gtzan___gtzan_classical_00014
4672,-16.539902,1.0856915,3 (Classical + Groove + Jazz),gtzan___gtzan_classical_00015
4673,-18.014292,2.4585223,3 (Classical + Groove + Jazz),gtzan___gtzan_classical_00016
4674,-10.438477,-0.57611936,3 (Classical + Groove + Jazz),gtzan___gtzan_classical_00017
4675,-16.74591,1.4144168,3 (Classical + Groove + Jazz),gtzan___gtzan_classical_00018
4676,-17.667986,2.1471956,3 (Classical + Groove + Jazz),gtzan___gtzan_classical_00019
4677,-11.047872,0.5739633,3 (Classical + Groove + Jazz),gtzan___gtzan_classical_00020
4678,-13.639812,1.4615046,3 (Classical + Groove + Jazz),gtzan___gtzan_classical_00021
4679,-9.369598,0.4793438,3 (Classical + Groove + Jazz),gtzan___gtzan_classical_00022
4680,-15.901628,2.0181308,3 (Classical + Groove + Jazz),gtzan___gtzan_classical_00023
4681,-7.698617,3.6342525,3 (Classical + Groove + Jazz),gtzan___gtzan_classical_00024
4682,-8.36321,4.831143,3 (Classical + Groove + Jazz),gtzan___gtzan_classical_00025
4683,-13.31146,1.0722522,3 (Classical + Groove + Jazz),gtzan___gtzan_classical_00026
4684,-14.223312,2.958785,3 (Classical + Groove + Jazz),gtzan___gtzan_classical_00027
4685,-8.3583355,2.2345066,3 (Classical + Groove + Jazz),gtzan___gtzan_classical_00028
4686,-10.35488,-0.2799045,3 (Classical + Groove + Jazz),gtzan___gtzan_classical_00029
4687,-11.895201,1.8188428,3 (Classical + Groove + Jazz),gtzan___gtzan_classical_00030
4688,-14.911304,1.6394953,3 (Classical + Groove + Jazz),gtzan___gtzan_classical_00031
4689,-17.92163,2.9042218,3 (Classical + Groove + Jazz),gtzan___gtzan_classical_00032
4690,-16.293968,0.3711882,3 (Classical + Groove + Jazz),gtzan___gtzan_classical_00033
4691,-11.8855095,0.22871427,3 (Classical + Groove + Jazz),gtzan___gtzan_classical_00034
4692,-13.833949,2.250814,3 (Classical + Groove + Jazz),gtzan___gtzan_classical_00035
4693,-16.499403,1.2276125,3 (Classical + Groove + Jazz),gtzan___gtzan_classical_00036
4694,-9.846898,0.22964069,3 (Classical + Groove + Jazz),gtzan___gtzan_classical_00037
4695,-9.956861,0.8350405,3 (Classical + Groove + Jazz),gtzan___gtzan_classical_00038
4696,-15.434204,-0.36876076,3 (Classical + Groove + Jazz),gtzan___gtzan_classical_00039
4697,-14.923911,0.9245376,3 (Classical + Groove + Jazz),gtzan___gtzan_classical_00040
4698,-14.59568,0.47326723,3 (Classical + Groove + Jazz),gtzan___gtzan_classical_00041
4699,-0.08924607,3.980112,1 (Jazz + Pop),gtzan___gtzan_classical_00042
4700,-11.372213,4.937694,3 (Classical + Groove + Jazz),gtzan___gtzan_classical_00043
4701,-15.3344145,1.9862238,3 (Classical + Groove + Jazz),gtzan___gtzan_classical_00044
4702,-0.40174598,3.9971619,1 (Jazz + Pop),gtzan___gtzan_classical_00045
4703,11.702651,4.390858,2 (Pop + Rock + HJDB + Hip-Hop),gtzan___gtzan_classical_00046
4704,-16.789097,2.2046902,3 (Classical + Groove + Jazz),gtzan___gtzan_classical_00047
4705,6.525741,-7.4025407,1 (Jazz + Pop),gtzan___gtzan_classical_00048
4706,8.28941,0.3150454,2 (Pop + Rock + HJDB + Hip-Hop),gtzan___gtzan_classical_00049
4707,-18.053053,2.8170967,3 (Classical + Groove + Jazz),gtzan___gtzan_classical_00050
4708,-11.324658,-2.7527409,3 (Classical + Groove + Jazz),gtzan___gtzan_classical_00051
4709,0.33019832,-1.9118584,1 (Jazz + Pop),gtzan___gtzan_classical_00052
4710,2.2528925,3.6193392,1 (Jazz + Pop),gtzan___gtzan_classical_00053
4711,6.3174853,7.3771553,2 (Pop + Rock + HJDB + Hip-Hop),gtzan___gtzan_classical_00054
4712,-17.640669,2.3852866,3 (Classical + Groove + Jazz),gtzan___gtzan_classical_00055
4713,10.456975,4.2910004,2 (Pop + Rock + HJDB + Hip-Hop),gtzan___gtzan_classical_00056
4714,-14.787674,-1.2377336,3 (Classical + Groove + Jazz),gtzan___gtzan_classical_00057
4715,-14.700764,2.7913256,3 (Classical + Groove + Jazz),gtzan___gtzan_classical_00058
4716,-0.84376997,1.5406634,1 (Jazz + Pop),gtzan___gtzan_classical_00059
4717,-0.48641068,1.5329729,1 (Jazz + Pop),gtzan___gtzan_classical_00060
4718,-7.9539876,-0.09834442,3 (Classical + Groove + Jazz),gtzan___gtzan_classical_00061
4719,-11.541519,-2.2759326,3 (Classical + Groove + Jazz),gtzan___gtzan_classical_00062
4720,-17.612967,3.2821064,3 (Classical + Groove + Jazz),gtzan___gtzan_classical_00063
4721,-17.64136,2.3383205,3 (Classical + Groove + Jazz),gtzan___gtzan_classical_00064
4722,-16.912027,2.8913934,3 (Classical + Groove + Jazz),gtzan___gtzan_classical_00065
4723,-17.31623,3.1712637,3 (Classical + Groove + Jazz),gtzan___gtzan_classical_00066
4724,-16.258392,0.6680982,3 (Classical + Groove + Jazz),gtzan___gtzan_classical_00067
4725,-7.5982785,0.45826954,3 (Classical + Groove + Jazz),gtzan___gtzan_classical_00068
4726,-13.204902,1.900088,3 (Classical + Groove + Jazz),gtzan___gtzan_classical_00069
4727,-12.626447,0.52127653,3 (Classical + Groove + Jazz),gtzan___gtzan_classical_00070
4728,-9.4042225,0.45488685,3 (Classical + Groove + Jazz),gtzan___gtzan_classical_00071
4729,-14.962853,0.48939803,3 (Classical + Groove + Jazz),gtzan___gtzan_classical_00072
4730,-11.105138,0.64383096,3 (Classical + Groove + Jazz),gtzan___gtzan_classical_00073
4731,-13.031277,1.0404887,3 (Classical + Groove + Jazz),gtzan___gtzan_classical_00074
4732,-16.576908,1.4156936,3 (Classical + Groove + Jazz),gtzan___gtzan_classical_00075
4733,-7.0369387,0.6160694,3 (Classical + Groove + Jazz),gtzan___gtzan_classical_00076
4734,-17.578724,2.5028327,3 (Classical + Groove + Jazz),gtzan___gtzan_classical_00077
4735,-18.210257,2.9362411,3 (Classical + Groove + Jazz),gtzan___gtzan_classical_00078
4736,-16.373686,2.7390795,3 (Classical + Groove + Jazz),gtzan___gtzan_classical_00079
4737,-18.445194,2.6550333,3 (Classical + Groove + Jazz),gtzan___gtzan_classical_00080
4738,-15.841321,1.8449347,3 (Classical + Groove + Jazz),gtzan___gtzan_classical_00081
4739,-9.45851,1.7463394,3 (Classical + Groove + Jazz),gtzan___gtzan_classical_00082
4740,-12.334316,3.578633,3 (Classical + Groove + Jazz),gtzan___gtzan_classical_00083
4741,-14.770386,2.1937416,3 (Classical + Groove + Jazz),gtzan___gtzan_classical_00084
4742,-6.6724625,-0.2705357,3 (Classical + Groove + Jazz),gtzan___gtzan_classical_00085
4743,-7.226941,-0.48746032,3 (Classical + Groove + Jazz),gtzan___gtzan_classical_00086
4744,-15.013782,2.7300923,3 (Classical + Groove + Jazz),gtzan___gtzan_classical_00087
4745,-11.639204,2.3732934,3 (Classical + Groove + Jazz),gtzan___gtzan_classical_00088
4746,-10.09771,-5.2846913,3 (Classical + Groove + Jazz),gtzan___gtzan_classical_00089
4747,-15.384966,-1.2695692,3 (Classical + Groove + Jazz),gtzan___gtzan_classical_00090
4748,-8.968871,-3.0206704,3 (Classical + Groove + Jazz),gtzan___gtzan_classical_00091
4749,-11.877044,-0.18576008,3 (Classical + Groove + Jazz),gtzan___gtzan_classical_00092
4750,-6.8837953,0.49489862,3 (Classical + Groove + Jazz),gtzan___gtzan_classical_00093
4751,-15.10389,0.24992988,3 (Classical + Groove + Jazz),gtzan___gtzan_classical_00094
4752,-15.449488,-1.455023,3 (Classical + Groove + Jazz),gtzan___gtzan_classical_00095
4753,-5.750063,-0.9860881,3 (Classical + Groove + Jazz),gtzan___gtzan_classical_00096
4754,-12.811072,1.5441521,3 (Classical + Groove + Jazz),gtzan___gtzan_classical_00097
4755,-8.977201,-1.3931282,3 (Classical + Groove + Jazz),gtzan___gtzan_classical_00098
4756,-17.318382,1.7108314,3 (Classical + Groove + Jazz),gtzan___gtzan_classical_00099
4757,14.8577585,1.5643396,2 (Pop + Rock + HJDB + Hip-Hop),gtzan___gtzan_country_00000
4758,15.933474,2.9040315,2 (Pop + Rock + HJDB + Hip-Hop),gtzan___gtzan_country_00001
4759,6.085224,2.3120716,2 (Pop + Rock + HJDB + Hip-Hop),gtzan___gtzan_country_00002
4760,11.016052,0.1048296,2 (Pop + Rock + HJDB + Hip-Hop),gtzan___gtzan_country_00003
4761,15.4982,3.1462,2 (Pop + Rock + HJDB + Hip-Hop),gtzan___gtzan_country_00004
4762,14.822324,2.151029,2 (Pop + Rock + HJDB + Hip-Hop),gtzan___gtzan_country_00005
4763,15.062942,2.1451132,2 (Pop + Rock + HJDB + Hip-Hop),gtzan___gtzan_country_00006
4764,14.906189,2.256674,2 (Pop + Rock + HJDB + Hip-Hop),gtzan___gtzan_country_00007
4765,15.272526,1.9098359,2 (Pop + Rock + HJDB + Hip-Hop),gtzan___gtzan_country_00008
4766,17.0813,3.0631864,2 (Pop + Rock + HJDB + Hip-Hop),gtzan___gtzan_country_00009
4767,-3.0500546,-0.546484,1 (Jazz + Pop),gtzan___gtzan_country_00010
4768,-1.4122611,-4.2273912,1 (Jazz + Pop),gtzan___gtzan_country_00011
4769,2.395317,2.2151155,1 (Jazz + Pop),gtzan___gtzan_country_00012
4770,5.395425,2.339557,1 (Jazz + Pop),gtzan___gtzan_country_00013
4771,5.241845,1.6335365,1 (Jazz + Pop),gtzan___gtzan_country_00014
4772,4.780849,3.1888895,1 (Jazz + Pop),gtzan___gtzan_country_00015
4773,-5.786829,-0.3140002,3 (Classical + Groove + Jazz),gtzan___gtzan_country_00016
4774,-0.78470397,0.8599369,1 (Jazz + Pop),gtzan___gtzan_country_00017
4775,4.3026333,2.4882717,1 (Jazz + Pop),gtzan___gtzan_country_00018
4776,-8.23779,1.1454973,3 (Classical + Groove + Jazz),gtzan___gtzan_country_00019
4777,-0.13841106,-2.2849598,1 (Jazz + Pop),gtzan___gtzan_country_00020
4778,-6.418161,0.2320685,3 (Classical + Groove + Jazz),gtzan___gtzan_country_00021
4779,-3.4109468,-1.4208583,1 (Jazz + Pop),gtzan___gtzan_country_00022
4780,-13.584913,-0.43636957,3 (Classical + Groove + Jazz),gtzan___gtzan_country_00023
4781,-3.1835368,0.52991855,1 (Jazz + Pop),gtzan___gtzan_country_00024
4782,-2.485719,-1.0292956,1 (Jazz + Pop),gtzan___gtzan_country_00025
4783,-5.418475,0.3427496,1 (Jazz + Pop),gtzan___gtzan_country_00026
4784,6.3571134,3.443512,2 (Pop + Rock + HJDB + Hip-Hop),gtzan___gtzan_country_00027
4785,-3.414557,-2.2920825,1 (Jazz + Pop),gtzan___gtzan_country_00028
4786,-0.3551436,2.6032245,1 (Jazz + Pop),gtzan___gtzan_country_00029
4787,-7.980361,-2.4384952,3 (Classical + Groove + Jazz),gtzan___gtzan_country_00030
4788,3.9980197,2.8622005,1 (Jazz + Pop),gtzan___gtzan_country_00031
4789,-6.9145947,-2.6963027,3 (Classical + Groove + Jazz),gtzan___gtzan_country_00032
4790,1.8301157,-1.1819209,1 (Jazz + Pop),gtzan___gtzan_country_00033
4791,-0.5594246,-1.7113931,1 (Jazz + Pop),gtzan___gtzan_country_00034
4792,5.212505,3.0198827,1 (Jazz + Pop),gtzan___gtzan_country_00035
4793,-11.343387,-4.9601207,3 (Classical + Groove + Jazz),gtzan___gtzan_country_00036
4794,-2.350242,-1.8541343,1 (Jazz + Pop),gtzan___gtzan_country_00037
4795,6.1317,2.6072454,2 (Pop + Rock + HJDB + Hip-Hop),gtzan___gtzan_country_00038
4796,8.367792,1.5319159,2 (Pop + Rock + HJDB + Hip-Hop),gtzan___gtzan_country_00039
4797,5.626274,2.0584638,2 (Pop + Rock + HJDB + Hip-Hop),gtzan___gtzan_country_00040
4798,5.140407,2.3738272,1 (Jazz + Pop),gtzan___gtzan_country_00041
4799,6.686102,3.3391092,2 (Pop + Rock + HJDB + Hip-Hop),gtzan___gtzan_country_00042
4800,5.921524,2.4916904,2 (Pop + Rock + HJDB + Hip-Hop),gtzan___gtzan_country_00043
4801,0.16611785,-1.5512087,1 (Jazz + Pop),gtzan___gtzan_country_00044
4802,11.208201,-0.23440525,2 (Pop + Rock + HJDB + Hip-Hop),gtzan___gtzan_country_00045
4803,3.4724677,1.9997972,1 (Jazz + Pop),gtzan___gtzan_country_00046
4804,0.24867529,2.1637964,1 (Jazz + Pop),gtzan___gtzan_country_00047
4805,2.4200056,-0.70925146,1 (Jazz + Pop),gtzan___gtzan_country_00048
4806,3.7306793,3.7221525,1 (Jazz + Pop),gtzan___gtzan_country_00049
4807,5.796514,5.4644055,2 (Pop + Rock + HJDB + Hip-Hop),gtzan___gtzan_country_00050
4808,-4.527781,-0.92169076,1 (Jazz + Pop),gtzan___gtzan_country_00051
4809,-8.033339,-1.6016972,3 (Classical + Groove + Jazz),gtzan___gtzan_country_00052
4810,9.516189,5.75978,2 (Pop + Rock + HJDB + Hip-Hop),gtzan___gtzan_country_00053
4811,-3.7097027,-2.6241982,1 (Jazz + Pop),gtzan___gtzan_country_00054
4812,9.782811,5.9387503,2 (Pop + Rock + HJDB + Hip-Hop),gtzan___gtzan_country_00055
4813,0.0915764,0.73560023,1 (Jazz + Pop),gtzan___gtzan_country_00056
4814,1.3284873,1.8545727,1 (Jazz + Pop),gtzan___gtzan_country_00057
4815,7.138251,5.9192443,2 (Pop + Rock + HJDB + Hip-Hop),gtzan___gtzan_country_00058
4816,-3.5359814,0.92155784,1 (Jazz + Pop),gtzan___gtzan_country_00059
4817,-2.608317,-0.6241512,1 (Jazz + Pop),gtzan___gtzan_country_00060
4818,-3.6269276,-0.50492686,1 (Jazz + Pop),gtzan___gtzan_country_00061
4819,8.963857,5.804752,2 (Pop + Rock + HJDB + Hip-Hop),gtzan___gtzan_country_00062
4820,-3.276687,0.4976155,1 (Jazz + Pop),gtzan___gtzan_country_00063
4821,-4.1030273,-0.75356543,1 (Jazz + Pop),gtzan___gtzan_country_00064
4822,-7.323951,1.5262144,3 (Classical + Groove + Jazz),gtzan___gtzan_country_00065
4823,8.847431,6.663157,2 (Pop + Rock + HJDB + Hip-Hop),gtzan___gtzan_country_00066
4824,-12.266431,-0.21976678,3 (Classical + Groove + Jazz),gtzan___gtzan_country_00067
4825,-6.5066366,0.06632372,3 (Classical + Groove + Jazz),gtzan___gtzan_country_00068
4826,-6.3421745,-0.0585741,3 (Classical + Groove + Jazz),gtzan___gtzan_country_00069
4827,9.064853,6.1600575,2 (Pop + Rock + HJDB + Hip-Hop),gtzan___gtzan_country_00070
4828,-2.7753403,2.2348635,1 (Jazz + Pop),gtzan___gtzan_country_00071
4829,9.401381,6.302414,2 (Pop + Rock + HJDB + Hip-Hop),gtzan___gtzan_country_00072
4830,0.34749216,1.7251573,1 (Jazz + Pop),gtzan___gtzan_country_00073
4831,-3.5709097,1.6679972,1 (Jazz + Pop),gtzan___gtzan_country_00074
4832,13.254244,5.433503,2 (Pop + Rock + HJDB + Hip-Hop),gtzan___gtzan_country_00075
4833,-2.7639396,2.1364627,1 (Jazz + Pop),gtzan___gtzan_country_00076
4834,7.6974897,6.972223,2 (Pop + Rock + HJDB + Hip-Hop),gtzan___gtzan_country_00077
4835,-15.286709,1.8607589,3 (Classical + Groove + Jazz),gtzan___gtzan_country_00078
4836,-4.2877464,1.6383126,1 (Jazz + Pop),gtzan___gtzan_country_00079
4837,7.2729564,6.155566,2 (Pop + Rock + HJDB + Hip-Hop),gtzan___gtzan_country_00080
4838,8.536965,6.076345,2 (Pop + Rock + HJDB + Hip-Hop),gtzan___gtzan_country_00081
4839,9.228422,5.8153806,2 (Pop + Rock + HJDB + Hip-Hop),gtzan___gtzan_country_00082
4840,0.7560696,1.7332822,1 (Jazz + Pop),gtzan___gtzan_country_00083
4841,8.518437,6.1489725,2 (Pop + Rock + HJDB + Hip-Hop),gtzan___gtzan_country_00084
4842,0.33168066,1.2304589,1 (Jazz + Pop),gtzan___gtzan_country_00085
4843,1.5350828,0.24004051,1 (Jazz + Pop),gtzan___gtzan_country_00086
4844,-2.270687,0.54705334,1 (Jazz + Pop),gtzan___gtzan_country_00087
4845,0.85971767,1.507862,1 (Jazz + Pop),gtzan___gtzan_country_00088
4846,-4.2735868,0.52199733,1 (Jazz + Pop),gtzan___gtzan_country_00089
4847,8.605867,6.0322676,2 (Pop + Rock + HJDB + Hip-Hop),gtzan___gtzan_country_00090
4848,-3.3236032,0.28457025,1 (Jazz + Pop),gtzan___gtzan_country_00091
4849,13.864487,5.4731727,2 (Pop + Rock + HJDB + Hip-Hop),gtzan___gtzan_country_00092
4850,-5.3854866,1.1446617,1 (Jazz + Pop),gtzan___gtzan_country_00093
4851,6.850034,6.4063897,2 (Pop + Rock + HJDB + Hip-Hop),gtzan___gtzan_country_00094
4852,1.4953563,2.167213,1 (Jazz + Pop),gtzan___gtzan_country_00095
4853,8.505061,6.62592,2 (Pop + Rock + HJDB + Hip-Hop),gtzan___gtzan_country_00096
4854,0.15733597,1.1768893,1 (Jazz + Pop),gtzan___gtzan_country_00097
4855,1.2421553,2.451289,1 (Jazz + Pop),gtzan___gtzan_country_00098
4856,13.036732,5.1464143,2 (Pop + Rock + HJDB + Hip-Hop),gtzan___gtzan_country_00099
4857,3.3036592,-0.60385394,1 (Jazz + Pop),gtzan___gtzan_disco_00000
4858,13.278901,0.7253635,2 (Pop + Rock + HJDB + Hip-Hop),gtzan___gtzan_disco_00001
4859,11.519195,1.5413301,2 (Pop + Rock + HJDB + Hip-Hop),gtzan___gtzan_disco_00002
4860,8.96275,-1.4443599,2 (Pop + Rock + HJDB + Hip-Hop),gtzan___gtzan_disco_00003
4861,9.477973,1.130115,2 (Pop + Rock + HJDB + Hip-Hop),gtzan___gtzan_disco_00004
4862,13.7651415,0.41896227,2 (Pop + Rock + HJDB + Hip-Hop),gtzan___gtzan_disco_00005
4863,15.929023,2.1353714,2 (Pop + Rock + HJDB + Hip-Hop),gtzan___gtzan_disco_00006
4864,10.703712,0.974087,2 (Pop + Rock + HJDB + Hip-Hop),gtzan___gtzan_disco_00007
4865,13.53128,0.46956724,2 (Pop + Rock + HJDB + Hip-Hop),gtzan___gtzan_disco_00008
4866,9.499574,-1.594417,2 (Pop + Rock + HJDB + Hip-Hop),gtzan___gtzan_disco_00009
4867,15.789396,1.8028148,2 (Pop + Rock + HJDB + Hip-Hop),gtzan___gtzan_disco_00010
4868,12.761893,1.5433743,2 (Pop + Rock + HJDB + Hip-Hop),gtzan___gtzan_disco_00011
4869,10.506479,-0.010225722,2 (Pop + Rock + HJDB + Hip-Hop),gtzan___gtzan_disco_00012
4870,13.134735,0.83066326,2 (Pop + Rock + HJDB + Hip-Hop),gtzan___gtzan_disco_00013
4871,15.167344,2.259739,2 (Pop + Rock + HJDB + Hip-Hop),gtzan___gtzan_disco_00014
4872,13.636469,-2.8502421,2 (Pop + Rock + HJDB + Hip-Hop),gtzan___gtzan_disco_00015
4873,12.86413,0.44882122,2 (Pop + Rock + HJDB + Hip-Hop),gtzan___gtzan_disco_00016
4874,5.341489,0.4909564,1 (Jazz + Pop),gtzan___gtzan_disco_00017
4875,6.0910397,-3.7566032,1 (Jazz + Pop),gtzan___gtzan_disco_00018
4876,5.679288,-6.9203067,1 (Jazz + Pop),gtzan___gtzan_disco_00019
4877,5.691624,0.6563824,1 (Jazz + Pop),gtzan___gtzan_disco_00020
4878,5.487618,2.0116518,1 (Jazz + Pop),gtzan___gtzan_disco_00021
4879,9.46506,2.2313645,2 (Pop + Rock + HJDB + Hip-Hop),gtzan___gtzan_disco_00022
4880,13.012531,-0.95584893,2 (Pop + Rock + HJDB + Hip-Hop),gtzan___gtzan_disco_00023
4881,12.030218,1.0329964,2 (Pop + Rock + HJDB + Hip-Hop),gtzan___gtzan_disco_00024
4882,3.017716,-0.47771484,1 (Jazz + Pop),gtzan___gtzan_disco_00025
4883,8.298862,-1.5932655,2 (Pop + Rock + HJDB + Hip-Hop),gtzan___gtzan_disco_00026
4884,-0.30362186,-3.9773998,1 (Jazz + Pop),gtzan___gtzan_disco_00027
4885,14.397961,1.3013039,2 (Pop + Rock + HJDB + Hip-Hop),gtzan___gtzan_disco_00028
4886,11.712659,0.91248477,2 (Pop + Rock + HJDB + Hip-Hop),gtzan___gtzan_disco_00029
4887,11.99912,1.024874,2 (Pop + Rock + HJDB + Hip-Hop),gtzan___gtzan_disco_00030
4888,11.833198,1.6727647,2 (Pop + Rock + HJDB + Hip-Hop),gtzan___gtzan_disco_00031
4889,3.0175517,-3.4434772,1 (Jazz + Pop),gtzan___gtzan_disco_00032
4890,12.235395,0.64594007,2 (Pop + Rock + HJDB + Hip-Hop),gtzan___gtzan_disco_00033
4891,12.247139,1.8665215,2 (Pop + Rock + HJDB + Hip-Hop),gtzan___gtzan_disco_00034
4892,11.614072,1.4405946,2 (Pop + Rock + HJDB + Hip-Hop),gtzan___gtzan_disco_00035
4893,13.574406,0.82720596,2 (Pop + Rock + HJDB + Hip-Hop),gtzan___gtzan_disco_00036
4894,13.784604,1.4826274,2 (Pop + Rock + HJDB + Hip-Hop),gtzan___gtzan_disco_00037
4895,8.853976,1.1296021,2 (Pop + Rock + HJDB + Hip-Hop),gtzan___gtzan_disco_00038
4896,5.6708217,0.042922664,1 (Jazz + Pop),gtzan___gtzan_disco_00039
4897,9.089208,-0.25504598,2 (Pop + Rock + HJDB + Hip-Hop),gtzan___gtzan_disco_00040
4898,2.472426,0.9976668,1 (Jazz + Pop),gtzan___gtzan_disco_00041
4899,11.46361,-0.8146543,2 (Pop + Rock + HJDB + Hip-Hop),gtzan___gtzan_disco_00042
4900,10.343389,-0.9868987,2 (Pop + Rock + HJDB + Hip-Hop),gtzan___gtzan_disco_00043
4901,9.949063,-2.4900599,2 (Pop + Rock + HJDB + Hip-Hop),gtzan___gtzan_disco_00044
4902,9.871899,-1.3380903,2 (Pop + Rock + HJDB + Hip-Hop),gtzan___gtzan_disco_00045
4903,1.6831417,0.9035815,1 (Jazz + Pop),gtzan___gtzan_disco_00046
4904,-10.289863,0.100698665,3 (Classical + Groove + Jazz),gtzan___gtzan_disco_00047
4905,7.5002575,5.614236,2 (Pop + Rock + HJDB + Hip-Hop),gtzan___gtzan_disco_00048
4906,9.990813,4.9162664,2 (Pop + Rock + HJDB + Hip-Hop),gtzan___gtzan_disco_00049
4907,13.03476,5.4343734,2 (Pop + Rock + HJDB + Hip-Hop),gtzan___gtzan_disco_00050
4908,10.480117,5.805423,2 (Pop + Rock + HJDB + Hip-Hop),gtzan___gtzan_disco_00051
4909,9.433301,5.8998833,2 (Pop + Rock + HJDB + Hip-Hop),gtzan___gtzan_disco_00052
4910,3.8394415,-6.103921,1 (Jazz + Pop),gtzan___gtzan_disco_00053
4911,-8.102064,-3.188268,3 (Classical + Groove + Jazz),gtzan___gtzan_disco_00054
4912,8.396204,5.890455,2 (Pop + Rock + HJDB + Hip-Hop),gtzan___gtzan_disco_00055
4913,-3.4607542,-0.9391422,1 (Jazz + Pop),gtzan___gtzan_disco_00056
4914,6.599923,5.334743,2 (Pop + Rock + HJDB + Hip-Hop),gtzan___gtzan_disco_00057
4915,6.535892,5.438877,2 (Pop + Rock + HJDB + Hip-Hop),gtzan___gtzan_disco_00058
4916,3.1100395,1.0033273,1 (Jazz + Pop),gtzan___gtzan_disco_00059
4917,7.260265,5.8215194,2 (Pop + Rock + HJDB + Hip-Hop),gtzan___gtzan_disco_00060
4918,4.615483,-4.6948495,1 (Jazz + Pop),gtzan___gtzan_disco_00061
4919,3.8950646,-3.5922806,1 (Jazz + Pop),gtzan___gtzan_disco_00062
4920,9.606024,4.808945,2 (Pop + Rock + HJDB + Hip-Hop),gtzan___gtzan_disco_00063
4921,-3.4579778,0.77157956,1 (Jazz + Pop),gtzan___gtzan_disco_00064
4922,2.8477576,0.18922305,1 (Jazz + Pop),gtzan___gtzan_disco_00065
4923,8.172032,6.517574,2 (Pop + Rock + HJDB + Hip-Hop),gtzan___gtzan_disco_00066
4924,7.9551144,5.3957133,2 (Pop + Rock + HJDB + Hip-Hop),gtzan___gtzan_disco_00067
4925,8.383388,5.251508,2 (Pop + Rock + HJDB + Hip-Hop),gtzan___gtzan_disco_00068
4926,9.186988,5.654877,2 (Pop + Rock + HJDB + Hip-Hop),gtzan___gtzan_disco_00069
4927,10.324035,5.795047,2 (Pop + Rock + HJDB + Hip-Hop),gtzan___gtzan_disco_00070
4928,8.542412,5.126765,2 (Pop + Rock + HJDB + Hip-Hop),gtzan___gtzan_disco_00071
4929,4.9187713,0.067962594,1 (Jazz + Pop),gtzan___gtzan_disco_00072
4930,8.16701,5.679529,2 (Pop + Rock + HJDB + Hip-Hop),gtzan___gtzan_disco_00073
4931,13.429212,5.2228627,2 (Pop + Rock + HJDB + Hip-Hop),gtzan___gtzan_disco_00074
4932,9.95881,5.7073903,2 (Pop + Rock + HJDB + Hip-Hop),gtzan___gtzan_disco_00075
4933,9.112448,6.1475415,2 (Pop + Rock + HJDB + Hip-Hop),gtzan___gtzan_disco_00076
4934,8.540222,6.4286942,2 (Pop + Rock + HJDB + Hip-Hop),gtzan___gtzan_disco_00077
4935,3.0020177,3.7500544,1 (Jazz + Pop),gtzan___gtzan_disco_00078
4936,-0.68183464,0.027002579,1 (Jazz + Pop),gtzan___gtzan_disco_00079
4937,-6.487391,-2.7628682,3 (Classical + Groove + Jazz),gtzan___gtzan_disco_00080
4938,-0.21908823,-3.3351572,1 (Jazz + Pop),gtzan___gtzan_disco_00081
4939,8.047666,-6.4655247,2 (Pop + Rock + HJDB + Hip-Hop),gtzan___gtzan_disco_00082
4940,-2.1213913,-0.46487314,1 (Jazz + Pop),gtzan___gtzan_disco_00083
4941,-3.0765424,-0.56868356,1 (Jazz + Pop),gtzan___gtzan_disco_00084
4942,-1.9695756,-4.083625,1 (Jazz + Pop),gtzan___gtzan_disco_00085
4943,6.8128047,6.3804235,2 (Pop + Rock + HJDB + Hip-Hop),gtzan___gtzan_disco_00086
4944,8.931278,5.7376237,2 (Pop + Rock + HJDB + Hip-Hop),gtzan___gtzan_disco_00087
4945,9.240354,5.780643,2 (Pop + Rock + HJDB + Hip-Hop),gtzan___gtzan_disco_00088
4946,7.7483377,5.848314,2 (Pop + Rock + HJDB + Hip-Hop),gtzan___gtzan_disco_00089
4947,7.442754,4.9029,2 (Pop + Rock + HJDB + Hip-Hop),gtzan___gtzan_disco_00090
4948,1.4972744,-4.001532,1 (Jazz + Pop),gtzan___gtzan_disco_00091
4949,6.694615,5.5602245,2 (Pop + Rock + HJDB + Hip-Hop),gtzan___gtzan_disco_00092
4950,6.589679,6.3726444,2 (Pop + Rock + HJDB + Hip-Hop),gtzan___gtzan_disco_00093
4951,6.005471,5.7512913,2 (Pop + Rock + HJDB + Hip-Hop),gtzan___gtzan_disco_00094
4952,-0.98239875,-0.6351671,1 (Jazz + Pop),gtzan___gtzan_disco_00095
4953,6.473556,5.5890083,2 (Pop + Rock + HJDB + Hip-Hop),gtzan___gtzan_disco_00096
4954,6.711451,5.002156,2 (Pop + Rock + HJDB + Hip-Hop),gtzan___gtzan_disco_00097
4955,8.193314,5.742028,2 (Pop + Rock + HJDB + Hip-Hop),gtzan___gtzan_disco_00098
4956,8.193295,5.7420297,2 (Pop + Rock + HJDB + Hip-Hop),gtzan___gtzan_disco_00099
4957,5.1537843,-4.619634,1 (Jazz + Pop),gtzan___gtzan_hiphop_00000
4958,5.3269234,-2.4095643,1 (Jazz + Pop),gtzan___gtzan_hiphop_00001
4959,-4.0318694,-0.16871189,1 (Jazz + Pop),gtzan___gtzan_hiphop_00002
4960,7.7329664,-5.8974223,2 (Pop + Rock + HJDB + Hip-Hop),gtzan___gtzan_hiphop_00003
4961,1.484589,-6.340878,1 (Jazz + Pop),gtzan___gtzan_hiphop_00004
4962,15.343258,4.7858706,2 (Pop + Rock + HJDB + Hip-Hop),gtzan___gtzan_hiphop_00005
4963,5.7589006,-5.607163,1 (Jazz + Pop),gtzan___gtzan_hiphop_00006
4964,9.551172,-3.0841053,2 (Pop + Rock + HJDB + Hip-Hop),gtzan___gtzan_hiphop_00007
4965,2.8863473,-6.126878,1 (Jazz + Pop),gtzan___gtzan_hiphop_00008
4966,4.962689,-0.47669548,1 (Jazz + Pop),gtzan___gtzan_hiphop_00009
4967,10.013338,5.7666397,2 (Pop + Rock + HJDB + Hip-Hop),gtzan___gtzan_hiphop_00010
4968,8.088961,6.014509,2 (Pop + Rock + HJDB + Hip-Hop),gtzan___gtzan_hiphop_00011
4969,8.830409,6.184193,2 (Pop + Rock + HJDB + Hip-Hop),gtzan___gtzan_hiphop_00012
4970,-1.5338519,2.4160838,1 (Jazz + Pop),gtzan___gtzan_hiphop_00013
4971,9.942847,5.3428254,2 (Pop + Rock + HJDB + Hip-Hop),gtzan___gtzan_hiphop_00014
4972,8.748603,5.6657014,2 (Pop + Rock + HJDB + Hip-Hop),gtzan___gtzan_hiphop_00015
4973,5.1511984,-2.0845635,1 (Jazz + Pop),gtzan___gtzan_hiphop_00016
4974,8.834504,5.6067424,2 (Pop + Rock + HJDB + Hip-Hop),gtzan___gtzan_hiphop_00017
4975,2.5225153,-6.093251,1 (Jazz + Pop),gtzan___gtzan_hiphop_00018
4976,7.6899996,-5.853482,2 (Pop + Rock + HJDB + Hip-Hop),gtzan___gtzan_hiphop_00019
4977,2.2858224,-6.269727,1 (Jazz + Pop),gtzan___gtzan_hiphop_00020
4978,13.505214,5.1241236,2 (Pop + Rock + HJDB + Hip-Hop),gtzan___gtzan_hiphop_00021
4979,3.313692,-2.0663064,1 (Jazz + Pop),gtzan___gtzan_hiphop_00022
4980,13.210146,5.5427756,2 (Pop + Rock + HJDB + Hip-Hop),gtzan___gtzan_hiphop_00023
4981,8.265057,-5.2403393,2 (Pop + Rock + HJDB + Hip-Hop),gtzan___gtzan_hiphop_00024
4982,9.881221,5.53203,2 (Pop + Rock + HJDB + Hip-Hop),gtzan___gtzan_hiphop_00025
4983,3.2904868,-4.8294835,1 (Jazz + Pop),gtzan___gtzan_hiphop_00026
4984,3.475726,-3.6252613,1 (Jazz + Pop),gtzan___gtzan_hiphop_00027
4985,7.1536417,-1.9397365,2 (Pop + Rock + HJDB + Hip-Hop),gtzan___gtzan_hiphop_00028
4986,8.524273,-0.36111173,2 (Pop + Rock + HJDB + Hip-Hop),gtzan___gtzan_hiphop_00029
4987,13.998,2.8187277,2 (Pop + Rock + HJDB + Hip-Hop),gtzan___gtzan_hiphop_00030
4988,13.981203,0.31922162,2 (Pop + Rock + HJDB + Hip-Hop),gtzan___gtzan_hiphop_00031
4989,0.14246376,-1.6910022,1 (Jazz + Pop),gtzan___gtzan_hiphop_00032
4990,13.379588,-0.7162376,2 (Pop + Rock + HJDB + Hip-Hop),gtzan___gtzan_hiphop_00033
4991,16.172821,2.2167256,2 (Pop + Rock + HJDB + Hip-Hop),gtzan___gtzan_hiphop_00034
4992,5.9968925,-0.8220563,1 (Jazz + Pop),gtzan___gtzan_hiphop_00035
4993,0.6422666,-6.590606,1 (Jazz + Pop),gtzan___gtzan_hiphop_00036
4994,3.0496697,-6.1412063,1 (Jazz + Pop),gtzan___gtzan_hiphop_00037
4995,11.403393,-4.4599824,2 (Pop + Rock + HJDB + Hip-Hop),gtzan___gtzan_hiphop_00038
4996,3.3778572,-5.0484834,1 (Jazz + Pop),gtzan___gtzan_hiphop_00039
4997,-0.36810324,-4.4240947,1 (Jazz + Pop),gtzan___gtzan_hiphop_00040
4998,8.215969,-1.9530867,2 (Pop + Rock + HJDB + Hip-Hop),gtzan___gtzan_hiphop_00041
4999,6.3694496,-2.753837,1 (Jazz + Pop),gtzan___gtzan_hiphop_00042
5000,1.8416547,0.87131953,1 (Jazz + Pop),gtzan___gtzan_hiphop_00043
5001,-8.421664,-2.5230958,3 (Classical + Groove + Jazz),gtzan___gtzan_hiphop_00044
5002,3.3778572,-5.0484834,1 (Jazz + Pop),gtzan___gtzan_hiphop_00045
5003,6.631384,-3.0236287,1 (Jazz + Pop),gtzan___gtzan_hiphop_00046
5004,6.8579392,-1.3753687,2 (Pop + Rock + HJDB + Hip-Hop),gtzan___gtzan_hiphop_00047
5005,6.9820366,-2.283123,2 (Pop + Rock + HJDB + Hip-Hop),gtzan___gtzan_hiphop_00048
5006,7.8883886,-1.1589247,2 (Pop + Rock + HJDB + Hip-Hop),gtzan___gtzan_hiphop_00049
5007,2.5288606,-1.6490752,1 (Jazz + Pop),gtzan___gtzan_hiphop_00050
5008,5.2689195,-3.4282525,1 (Jazz + Pop),gtzan___gtzan_hiphop_00051
5009,-0.23296261,-2.335394,1 (Jazz + Pop),gtzan___gtzan_hiphop_00052
5010,0.6597172,-4.5036383,1 (Jazz + Pop),gtzan___gtzan_hiphop_00053
5011,5.875028,-1.2703929,1 (Jazz + Pop),gtzan___gtzan_hiphop_00054
5012,-1.6248004,-1.6096467,1 (Jazz + Pop),gtzan___gtzan_hiphop_00055
5013,6.324299,1.0802398,2 (Pop + Rock + HJDB + Hip-Hop),gtzan___gtzan_hiphop_00056
5014,5.639054,0.969213,1 (Jazz + Pop),gtzan___gtzan_hiphop_00057
5015,4.9788384,-1.5291749,1 (Jazz + Pop),gtzan___gtzan_hiphop_00058
5016,3.419528,0.4069027,1 (Jazz + Pop),gtzan___gtzan_hiphop_00059
5017,-0.45197484,-2.436729,1 (Jazz + Pop),gtzan___gtzan_hiphop_00060
5018,2.2939665,-0.33017763,1 (Jazz + Pop),gtzan___gtzan_hiphop_00061
5019,1.2529271,-5.672228,1 (Jazz + Pop),gtzan___gtzan_hiphop_00062
5020,4.3855195,-3.31479,1 (Jazz + Pop),gtzan___gtzan_hiphop_00063
5021,6.2759376,-2.5272644,1 (Jazz + Pop),gtzan___gtzan_hiphop_00064
5022,0.6559845,-4.733632,1 (Jazz + Pop),gtzan___gtzan_hiphop_00065
5023,4.5197067,-2.5942004,1 (Jazz + Pop),gtzan___gtzan_hiphop_00066
5024,7.713227,-1.0366449,2 (Pop + Rock + HJDB + Hip-Hop),gtzan___gtzan_hiphop_00067
5025,7.636603,-2.6552947,2 (Pop + Rock + HJDB + Hip-Hop),gtzan___gtzan_hiphop_00068
5026,6.8617153,-1.941362,2 (Pop + Rock + HJDB + Hip-Hop),gtzan___gtzan_hiphop_00069
5027,5.339029,-2.4232442,1 (Jazz + Pop),gtzan___gtzan_hiphop_00070
5028,8.911863,1.9923512,2 (Pop + Rock + HJDB + Hip-Hop),gtzan___gtzan_hiphop_00071
5029,3.0950315,-0.97380835,1 (Jazz + Pop),gtzan___gtzan_hiphop_00072
5030,6.6251407,-2.1998672,2 (Pop + Rock + HJDB + Hip-Hop),gtzan___gtzan_hiphop_00073
5031,7.0104733,-1.6920173,2 (Pop + Rock + HJDB + Hip-Hop),gtzan___gtzan_hiphop_00074
5032,3.7028139,-4.7130904,1 (Jazz + Pop),gtzan___gtzan_hiphop_00075
5033,3.249979,-5.348775,1 (Jazz + Pop),gtzan___gtzan_hiphop_00076
5034,10.808374,-3.3998055,2 (Pop + Rock + HJDB + Hip-Hop),gtzan___gtzan_hiphop_00077
5035,3.2499845,-5.348775,1 (Jazz + Pop),gtzan___gtzan_hiphop_00078
5036,5.04928,-5.648265,1 (Jazz + Pop),gtzan___gtzan_hiphop_00079
5037,8.051709,-0.9590908,2 (Pop + Rock + HJDB + Hip-Hop),gtzan___gtzan_hiphop_00080
5038,-4.708641,-0.7558343,1 (Jazz + Pop),gtzan___gtzan_hiphop_00081
5039,8.875294,5.111433,2 (Pop + Rock + HJDB + Hip-Hop),gtzan___gtzan_hiphop_00082
5040,7.0735044,5.076328,2 (Pop + Rock + HJDB + Hip-Hop),gtzan___gtzan_hiphop_00083
5041,-5.3571935,-4.383549,1 (Jazz + Pop),gtzan___gtzan_hiphop_00084
5042,7.7128463,4.8004103,2 (Pop + Rock + HJDB + Hip-Hop),gtzan___gtzan_hiphop_00085
5043,-5.88837,-3.2686088,1 (Jazz + Pop),gtzan___gtzan_hiphop_00086
5044,-4.2590833,-4.730086,1 (Jazz + Pop),gtzan___gtzan_hiphop_00087
5045,8.435723,5.4199934,2 (Pop + Rock + HJDB + Hip-Hop),gtzan___gtzan_hiphop_00088
5046,8.246505,4.9203653,2 (Pop + Rock + HJDB + Hip-Hop),gtzan___gtzan_hiphop_00089
5047,8.442081,4.9851785,2 (Pop + Rock + HJDB + Hip-Hop),gtzan___gtzan_hiphop_00090
5048,8.181917,5.1153674,2 (Pop + Rock + HJDB + Hip-Hop),gtzan___gtzan_hiphop_00091
5049,-2.6938424,-3.6728644,1 (Jazz + Pop),gtzan___gtzan_hiphop_00092
5050,-5.0650454,-5.338642,1 (Jazz + Pop),gtzan___gtzan_hiphop_00093
5051,-3.0633125,-1.8314222,1 (Jazz + Pop),gtzan___gtzan_hiphop_00094
5052,10.779597,6.0082717,2 (Pop + Rock + HJDB + Hip-Hop),gtzan___gtzan_hiphop_00095
5053,6.3633747,5.4886518,2 (Pop + Rock + HJDB + Hip-Hop),gtzan___gtzan_hiphop_00096
5054,7.697216,4.6925673,2 (Pop + Rock + HJDB + Hip-Hop),gtzan___gtzan_hiphop_00097
5055,7.538845,4.802921,2 (Pop + Rock + HJDB + Hip-Hop),gtzan___gtzan_hiphop_00098
5056,-0.38743144,-0.13710833,1 (Jazz + Pop),gtzan___gtzan_hiphop_00099
5057,-3.786925,1.6341366,1 (Jazz + Pop),gtzan___gtzan_jazz_00000
5058,-11.819076,-0.9162489,3 (Classical + Groove + Jazz),gtzan___gtzan_jazz_00001
5059,-9.294011,1.5471448,3 (Classical + Groove + Jazz),gtzan___gtzan_jazz_00002
5060,-8.494902,2.0638871,3 (Classical + Groove + Jazz),gtzan___gtzan_jazz_00003
5061,-9.389142,-0.10881445,3 (Classical + Groove + Jazz),gtzan___gtzan_jazz_00004
5062,-10.883592,-2.1749475,3 (Classical + Groove + Jazz),gtzan___gtzan_jazz_00005
5063,-4.995032,1.6438001,1 (Jazz + Pop),gtzan___gtzan_jazz_00006
5064,-10.942936,0.24751101,3 (Classical + Groove + Jazz),gtzan___gtzan_jazz_00007
5065,-3.0828211,-0.17431565,1 (Jazz + Pop),gtzan___gtzan_jazz_00008
5066,-13.6353445,5.2978663,3 (Classical + Groove + Jazz),gtzan___gtzan_jazz_00009
5067,-10.904865,-0.41612133,3 (Classical + Groove + Jazz),gtzan___gtzan_jazz_00010
5068,-5.714954,-2.2399158,1 (Jazz + Pop),gtzan___gtzan_jazz_00011
5069,-6.8436947,-1.9525931,3 (Classical + Groove + Jazz),gtzan___gtzan_jazz_00012
5070,-5.713819,-2.9041986,1 (Jazz + Pop),gtzan___gtzan_jazz_00013
5071,-13.672048,0.35448065,3 (Classical + Groove + Jazz),gtzan___gtzan_jazz_00014
5072,-5.9007573,-2.191033,3 (Classical + Groove + Jazz),gtzan___gtzan_jazz_00015
5073,-8.9341135,0.2725339,3 (Classical + Groove + Jazz),gtzan___gtzan_jazz_00016
5074,-6.5301356,-2.1466722,3 (Classical + Groove + Jazz),gtzan___gtzan_jazz_00017
5075,-5.1242547,-3.7383194,1 (Jazz + Pop),gtzan___gtzan_jazz_00018
5076,-8.589485,-0.10915867,3 (Classical + Groove + Jazz),gtzan___gtzan_jazz_00019
5077,-16.13194,1.0040115,3 (Classical + Groove + Jazz),gtzan___gtzan_jazz_00020
5078,-4.4455857,-4.3748517,1 (Jazz + Pop),gtzan___gtzan_jazz_00021
5079,-12.927314,0.61423093,3 (Classical + Groove + Jazz),gtzan___gtzan_jazz_00022
5080,-4.981371,-4.073833,1 (Jazz + Pop),gtzan___gtzan_jazz_00023
5081,-5.3407416,-1.6207296,1 (Jazz + Pop),gtzan___gtzan_jazz_00024
5082,-7.36326,-2.1229496,3 (Classical + Groove + Jazz),gtzan___gtzan_jazz_00025
5083,-16.407219,0.10146444,3 (Classical + Groove + Jazz),gtzan___gtzan_jazz_00026
5084,-7.352195,-2.4710257,3 (Classical + Groove + Jazz),gtzan___gtzan_jazz_00027
5085,-6.633863,-1.9741113,3 (Classical + Groove + Jazz),gtzan___gtzan_jazz_00028
5086,-6.440349,-2.6277492,3 (Classical + Groove + Jazz),gtzan___gtzan_jazz_00029
5087,-12.653492,0.39392093,3 (Classical + Groove + Jazz),gtzan___gtzan_jazz_00030
5088,-6.740911,-2.0288267,3 (Classical + Groove + Jazz),gtzan___gtzan_jazz_00031
5089,-14.449778,0.52499586,3 (Classical + Groove + Jazz),gtzan___gtzan_jazz_00032
5090,-9.503079,0.14737867,3 (Classical + Groove + Jazz),gtzan___gtzan_jazz_00033
5091,-0.06717638,1.0277846,1 (Jazz + Pop),gtzan___gtzan_jazz_00034
5092,-9.594021,3.1715376,3 (Classical + Groove + Jazz),gtzan___gtzan_jazz_00035
5093,-6.582296,3.2280672,3 (Classical + Groove + Jazz),gtzan___gtzan_jazz_00036
5094,-6.431356,0.41967258,3 (Classical + Groove + Jazz),gtzan___gtzan_jazz_00037
5095,-3.3473043,-1.6792656,1 (Jazz + Pop),gtzan___gtzan_jazz_00038
5096,-8.5436735,0.7890653,3 (Classical + Groove + Jazz),gtzan___gtzan_jazz_00039
5097,-5.792178,3.1391122,3 (Classical + Groove + Jazz),gtzan___gtzan_jazz_00040
5098,-6.2042093,2.0384943,3 (Classical + Groove + Jazz),gtzan___gtzan_jazz_00041
5099,-5.1055937,2.4007573,1 (Jazz + Pop),gtzan___gtzan_jazz_00042
5100,-2.644257,0.31300732,1 (Jazz + Pop),gtzan___gtzan_jazz_00043
5101,-8.564137,1.4719806,3 (Classical + Groove + Jazz),gtzan___gtzan_jazz_00044
5102,-7.974574,2.57339,3 (Classical + Groove + Jazz),gtzan___gtzan_jazz_00045
5103,-7.2868457,2.0385864,3 (Classical + Groove + Jazz),gtzan___gtzan_jazz_00046
5104,-5.459145,-2.6687021,1 (Jazz + Pop),gtzan___gtzan_jazz_00047
5105,-5.603578,-2.3433344,1 (Jazz + Pop),gtzan___gtzan_jazz_00048
5106,-0.29521275,-1.607634,1 (Jazz + Pop),gtzan___gtzan_jazz_00049
5107,13.494063,3.5176575,2 (Pop + Rock + HJDB + Hip-Hop),gtzan___gtzan_jazz_00050
5108,-9.414993,0.04943895,3 (Classical + Groove + Jazz),gtzan___gtzan_jazz_00051
5109,6.541505,1.8526189,2 (Pop + Rock + HJDB + Hip-Hop),gtzan___gtzan_jazz_00052
5110,0.16251567,0.6081604,1 (Jazz + Pop),gtzan___gtzan_jazz_00053
5111,4.745738,3.869952,1 (Jazz + Pop),gtzan___gtzan_jazz_00054
5112,-9.504539,3.0891373,3 (Classical + Groove + Jazz),gtzan___gtzan_jazz_00055
5113,13.975809,2.7362742,2 (Pop + Rock + HJDB + Hip-Hop),gtzan___gtzan_jazz_00056
5114,-9.350663,0.24090427,3 (Classical + Groove + Jazz),gtzan___gtzan_jazz_00057
5115,-6.3415847,3.1247895,3 (Classical + Groove + Jazz),gtzan___gtzan_jazz_00058
5116,-3.4467566,-1.5647293,1 (Jazz + Pop),gtzan___gtzan_jazz_00059
5117,-5.230253,-1.1490173,1 (Jazz + Pop),gtzan___gtzan_jazz_00060
5118,15.084647,1.7827691,2 (Pop + Rock + HJDB + Hip-Hop),gtzan___gtzan_jazz_00061
5119,-2.9164844,-1.9939388,1 (Jazz + Pop),gtzan___gtzan_jazz_00062
5120,13.516727,2.7283719,2 (Pop + Rock + HJDB + Hip-Hop),gtzan___gtzan_jazz_00063
5121,12.751333,3.9651418,2 (Pop + Rock + HJDB + Hip-Hop),gtzan___gtzan_jazz_00064
5122,-8.460878,0.6951025,3 (Classical + Groove + Jazz),gtzan___gtzan_jazz_00065
5123,2.1892016,2.8668528,1 (Jazz + Pop),gtzan___gtzan_jazz_00066
5124,-5.5615926,3.0091295,3 (Classical + Groove + Jazz),gtzan___gtzan_jazz_00067
5125,-4.949219,2.316106,1 (Jazz + Pop),gtzan___gtzan_jazz_00068
5126,-0.85534424,-1.5963641,1 (Jazz + Pop),gtzan___gtzan_jazz_00069
5127,-7.94725,1.0127842,3 (Classical + Groove + Jazz),gtzan___gtzan_jazz_00070
5128,-7.7761393,2.409683,3 (Classical + Groove + Jazz),gtzan___gtzan_jazz_00071
5129,-7.133359,1.890823,3 (Classical + Groove + Jazz),gtzan___gtzan_jazz_00072
5130,9.08981,0.6979922,2 (Pop + Rock + HJDB + Hip-Hop),gtzan___gtzan_jazz_00073
5131,-0.1080165,-1.9724365,1 (Jazz + Pop),gtzan___gtzan_jazz_00074
5132,9.1673355,0.66897804,2 (Pop + Rock + HJDB + Hip-Hop),gtzan___gtzan_jazz_00075
5133,1.1176895,-0.819629,1 (Jazz + Pop),gtzan___gtzan_jazz_00076
5134,8.9761305,0.43977478,2 (Pop + Rock + HJDB + Hip-Hop),gtzan___gtzan_jazz_00077
5135,0.93794197,-1.9624752,1 (Jazz + Pop),gtzan___gtzan_jazz_00078
5136,-3.470408,-4.3895187,1 (Jazz + Pop),gtzan___gtzan_jazz_00079
5137,7.1462,2.635219,2 (Pop + Rock + HJDB + Hip-Hop),gtzan___gtzan_jazz_00080
5138,-6.1507077,-3.7501254,3 (Classical + Groove + Jazz),gtzan___gtzan_jazz_00081
5139,6.336331,2.1192834,2 (Pop + Rock + HJDB + Hip-Hop),gtzan___gtzan_jazz_00082
5140,6.542818,2.3775425,2 (Pop + Rock + HJDB + Hip-Hop),gtzan___gtzan_jazz_00083
5141,-3.435476,-4.3807425,1 (Jazz + Pop),gtzan___gtzan_jazz_00084
5142,6.0666513,2.3771622,2 (Pop + Rock + HJDB + Hip-Hop),gtzan___gtzan_jazz_00085
5143,-3.072307,-5.4174466,1 (Jazz + Pop),gtzan___gtzan_jazz_00086
5144,-15.311485,-0.20304094,3 (Classical + Groove + Jazz),gtzan___gtzan_jazz_00087
5145,-5.085727,-3.4595423,1 (Jazz + Pop),gtzan___gtzan_jazz_00088
5146,-16.885967,0.22122987,3 (Classical + Groove + Jazz),gtzan___gtzan_jazz_00089
5147,-5.4124136,-2.8333323,1 (Jazz + Pop),gtzan___gtzan_jazz_00090
5148,-10.862968,-6.1643147,3 (Classical + Groove + Jazz),gtzan___gtzan_jazz_00091
5149,-16.668081,-0.743748,3 (Classical + Groove + Jazz),gtzan___gtzan_jazz_00092
5150,-5.330237,-2.6434388,1 (Jazz + Pop),gtzan___gtzan_jazz_00093
5151,-15.05714,0.5124868,3 (Classical + Groove + Jazz),gtzan___gtzan_jazz_00094
5152,-5.961182,-2.3780239,3 (Classical + Groove + Jazz),gtzan___gtzan_jazz_00095
5153,-9.207326,-2.8788886,3 (Classical + Groove + Jazz),gtzan___gtzan_jazz_00096
5154,-17.643782,2.0871537,3 (Classical + Groove + Jazz),gtzan___gtzan_jazz_00097
5155,-6.206663,-2.3914065,3 (Classical + Groove + Jazz),gtzan___gtzan_jazz_00098
5156,-14.615159,0.5335472,3 (Classical + Groove + Jazz),gtzan___gtzan_jazz_00099
5157,13.791031,4.674856,2 (Pop + Rock + HJDB + Hip-Hop),gtzan___gtzan_metal_00000
5158,11.964373,5.9210854,2 (Pop + Rock + HJDB + Hip-Hop),gtzan___gtzan_metal_00001
5159,13.631543,5.731566,2 (Pop + Rock + HJDB + Hip-Hop),gtzan___gtzan_metal_00002
5160,13.95396,5.7379084,2 (Pop + Rock + HJDB + Hip-Hop),gtzan___gtzan_metal_00003
5161,8.521452,3.7013683,2 (Pop + Rock + HJDB + Hip-Hop),gtzan___gtzan_metal_00004
5162,11.987275,6.0285287,2 (Pop + Rock + HJDB + Hip-Hop),gtzan___gtzan_metal_00005
5163,7.560505,3.8066425,2 (Pop + Rock + HJDB + Hip-Hop),gtzan___gtzan_metal_00006
5164,11.842465,6.2409654,2 (Pop + Rock + HJDB + Hip-Hop),gtzan___gtzan_metal_00007
5165,5.741978,3.1901991,2 (Pop + Rock + HJDB + Hip-Hop),gtzan___gtzan_metal_00008
5166,16.914791,4.541697,2 (Pop + Rock + HJDB + Hip-Hop),gtzan___gtzan_metal_00009
5167,12.561765,6.1532764,2 (Pop + Rock + HJDB + Hip-Hop),gtzan___gtzan_metal_00010
5168,16.742502,4.704927,2 (Pop + Rock + HJDB + Hip-Hop),gtzan___gtzan_metal_00011
5169,12.615511,6.1082187,2 (Pop + Rock + HJDB + Hip-Hop),gtzan___gtzan_metal_00012
5170,11.729204,6.147996,2 (Pop + Rock + HJDB + Hip-Hop),gtzan___gtzan_metal_00013
5171,10.78382,6.479636,2 (Pop + Rock + HJDB + Hip-Hop),gtzan___gtzan_metal_00014
5172,12.200921,6.2251725,2 (Pop + Rock + HJDB + Hip-Hop),gtzan___gtzan_metal_00015
5173,17.05487,4.5512557,2 (Pop + Rock + HJDB + Hip-Hop),gtzan___gtzan_metal_00016
5174,12.158391,6.100166,2 (Pop + Rock + HJDB + Hip-Hop),gtzan___gtzan_metal_00017
5175,12.908616,6.3272448,2 (Pop + Rock + HJDB + Hip-Hop),gtzan___gtzan_metal_00018
5176,9.927326,5.6850233,2 (Pop + Rock + HJDB + Hip-Hop),gtzan___gtzan_metal_00019
5177,12.10318,6.0835323,2 (Pop + Rock + HJDB + Hip-Hop),gtzan___gtzan_metal_00020
5178,11.974508,6.164698,2 (Pop + Rock + HJDB + Hip-Hop),gtzan___gtzan_metal_00021
5179,14.105724,5.6766925,2 (Pop + Rock + HJDB + Hip-Hop),gtzan___gtzan_metal_00022
5180,14.337054,5.657034,2 (Pop + Rock + HJDB + Hip-Hop),gtzan___gtzan_metal_00023
5181,15.6101055,5.0496883,2 (Pop + Rock + HJDB + Hip-Hop),gtzan___gtzan_metal_00024
5182,9.980567,6.203381,2 (Pop + Rock + HJDB + Hip-Hop),gtzan___gtzan_metal_00025
5183,12.450853,6.1320934,2 (Pop + Rock + HJDB + Hip-Hop),gtzan___gtzan_metal_00026
5184,15.248195,5.168905,2 (Pop + Rock + HJDB + Hip-Hop),gtzan___gtzan_metal_00027
5185,15.734682,5.1360817,2 (Pop + Rock + HJDB + Hip-Hop),gtzan___gtzan_metal_00028
5186,8.573501,5.035815,2 (Pop + Rock + HJDB + Hip-Hop),gtzan___gtzan_metal_00029
5187,12.220211,6.180672,2 (Pop + Rock + HJDB + Hip-Hop),gtzan___gtzan_metal_00030
5188,15.815557,4.8000474,2 (Pop + Rock + HJDB + Hip-Hop),gtzan___gtzan_metal_00031
5189,10.513131,5.714661,2 (Pop + Rock + HJDB + Hip-Hop),gtzan___gtzan_metal_00032
5190,13.631812,6.118946,2 (Pop + Rock + HJDB + Hip-Hop),gtzan___gtzan_metal_00033
5191,5.915678,6.469297,2 (Pop + Rock + HJDB + Hip-Hop),gtzan___gtzan_metal_00034
5192,16.902706,4.714786,2 (Pop + Rock + HJDB + Hip-Hop),gtzan___gtzan_metal_00035
5193,12.005185,5.969179,2 (Pop + Rock + HJDB + Hip-Hop),gtzan___gtzan_metal_00036
5194,12.472912,6.0083,2 (Pop + Rock + HJDB + Hip-Hop),gtzan___gtzan_metal_00037
5195,5.22639,6.878851,2 (Pop + Rock + HJDB + Hip-Hop),gtzan___gtzan_metal_00038
5196,12.039655,6.1784863,2 (Pop + Rock + HJDB + Hip-Hop),gtzan___gtzan_metal_00039
5197,12.035168,6.064801,2 (Pop + Rock + HJDB + Hip-Hop),gtzan___gtzan_metal_00040
5198,11.40194,6.166092,2 (Pop + Rock + HJDB + Hip-Hop),gtzan___gtzan_metal_00041
5199,11.8006735,6.1893773,2 (Pop + Rock + HJDB + Hip-Hop),gtzan___gtzan_metal_00042
5200,8.096857,5.662312,2 (Pop + Rock + HJDB + Hip-Hop),gtzan___gtzan_metal_00043
5201,11.718574,6.149755,2 (Pop + Rock + HJDB + Hip-Hop),gtzan___gtzan_metal_00044
5202,0.3767889,-2.4982972,1 (Jazz + Pop),gtzan___gtzan_metal_00045
5203,16.53697,4.753781,2 (Pop + Rock + HJDB + Hip-Hop),gtzan___gtzan_metal_00046
5204,16.501139,4.7957253,2 (Pop + Rock + HJDB + Hip-Hop),gtzan___gtzan_metal_00047
5205,16.725424,4.67343,2 (Pop + Rock + HJDB + Hip-Hop),gtzan___gtzan_metal_00048
5206,16.781555,4.702827,2 (Pop + Rock + HJDB + Hip-Hop),gtzan___gtzan_metal_00049
5207,16.87627,4.626365,2 (Pop + Rock + HJDB + Hip-Hop),gtzan___gtzan_metal_00050
5208,16.768984,4.7269177,2 (Pop + Rock + HJDB + Hip-Hop),gtzan___gtzan_metal_00051
5209,16.06157,4.8994794,2 (Pop + Rock + HJDB + Hip-Hop),gtzan___gtzan_metal_00052
5210,16.715939,4.649494,2 (Pop + Rock + HJDB + Hip-Hop),gtzan___gtzan_metal_00053
5211,16.637203,4.734225,2 (Pop + Rock + HJDB + Hip-Hop),gtzan___gtzan_metal_00054
5212,16.757801,4.7133555,2 (Pop + Rock + HJDB + Hip-Hop),gtzan___gtzan_metal_00055
5213,16.817303,4.63668,2 (Pop + Rock + HJDB + Hip-Hop),gtzan___gtzan_metal_00056
5214,15.398575,5.0800586,2 (Pop + Rock + HJDB + Hip-Hop),gtzan___gtzan_metal_00057
5215,15.886865,4.972427,2 (Pop + Rock + HJDB + Hip-Hop),gtzan___gtzan_metal_00058
5216,16.298761,4.9871497,2 (Pop + Rock + HJDB + Hip-Hop),gtzan___gtzan_metal_00059
5217,14.101728,5.760618,2 (Pop + Rock + HJDB + Hip-Hop),gtzan___gtzan_metal_00060
5218,12.035168,6.064801,2 (Pop + Rock + HJDB + Hip-Hop),gtzan___gtzan_metal_00061
5219,11.401941,6.1660914,2 (Pop + Rock + HJDB + Hip-Hop),gtzan___gtzan_metal_00062
5220,11.80067,6.1893764,2 (Pop + Rock + HJDB + Hip-Hop),gtzan___gtzan_metal_00063
5221,8.096855,5.6623116,2 (Pop + Rock + HJDB + Hip-Hop),gtzan___gtzan_metal_00064
5222,11.718572,6.1497574,2 (Pop + Rock + HJDB + Hip-Hop),gtzan___gtzan_metal_00065
5223,0.37679377,-2.4982958,1 (Jazz + Pop),gtzan___gtzan_metal_00066
5224,11.045528,5.9783916,2 (Pop + Rock + HJDB + Hip-Hop),gtzan___gtzan_metal_00067
5225,8.035319,5.9875154,2 (Pop + Rock + HJDB + Hip-Hop),gtzan___gtzan_metal_00068
5226,8.681425,5.535179,2 (Pop + Rock + HJDB + Hip-Hop),gtzan___gtzan_metal_00069
5227,-5.301093,-4.2310867,1 (Jazz + Pop),gtzan___gtzan_metal_00070
5228,9.464836,5.5842113,2 (Pop + Rock + HJDB + Hip-Hop),gtzan___gtzan_metal_00071
5229,14.98791,5.293742,2 (Pop + Rock + HJDB + Hip-Hop),gtzan___gtzan_metal_00072
5230,16.174051,4.6663146,2 (Pop + Rock + HJDB + Hip-Hop),gtzan___gtzan_metal_00073
5231,-4.607552,-4.6402626,1 (Jazz + Pop),gtzan___gtzan_metal_00074
5232,11.02363,4.9653854,2 (Pop + Rock + HJDB + Hip-Hop),gtzan___gtzan_metal_00075
5233,11.673461,6.182576,2 (Pop + Rock + HJDB + Hip-Hop),gtzan___gtzan_metal_00076
5234,14.531376,5.4623895,2 (Pop + Rock + HJDB + Hip-Hop),gtzan___gtzan_metal_00077
5235,16.093798,4.8095937,2 (Pop + Rock + HJDB + Hip-Hop),gtzan___gtzan_metal_00078
5236,11.454738,5.96654,2 (Pop + Rock + HJDB + Hip-Hop),gtzan___gtzan_metal_00079
5237,9.491622,5.520353,2 (Pop + Rock + HJDB + Hip-Hop),gtzan___gtzan_metal_00080
5238,16.038939,5.148145,2 (Pop + Rock + HJDB + Hip-Hop),gtzan___gtzan_metal_00081
5239,12.73949,5.9164934,2 (Pop + Rock + HJDB + Hip-Hop),gtzan___gtzan_metal_00082
5240,15.069964,5.4826083,2 (Pop + Rock + HJDB + Hip-Hop),gtzan___gtzan_metal_00083
5241,16.22245,4.6792026,2 (Pop + Rock + HJDB + Hip-Hop),gtzan___gtzan_metal_00084
5242,13.431923,5.462032,2 (Pop + Rock + HJDB + Hip-Hop),gtzan___gtzan_metal_00085
5243,9.527848,5.680887,2 (Pop + Rock + HJDB + Hip-Hop),gtzan___gtzan_metal_00086
5244,16.877766,4.5207577,2 (Pop + Rock + HJDB + Hip-Hop),gtzan___gtzan_metal_00087
5245,-0.7491063,-0.24984972,1 (Jazz + Pop),gtzan___gtzan_metal_00088
5246,10.760084,6.315497,2 (Pop + Rock + HJDB + Hip-Hop),gtzan___gtzan_metal_00089
5247,10.568962,6.143717,2 (Pop + Rock + HJDB + Hip-Hop),gtzan___gtzan_metal_00090
5248,8.672615,5.740086,2 (Pop + Rock + HJDB + Hip-Hop),gtzan___gtzan_metal_00091
5249,12.2688055,5.7199945,2 (Pop + Rock + HJDB + Hip-Hop),gtzan___gtzan_metal_00092
5250,11.827098,6.281335,2 (Pop + Rock + HJDB + Hip-Hop),gtzan___gtzan_metal_00093
5251,5.915677,6.4692903,2 (Pop + Rock + HJDB + Hip-Hop),gtzan___gtzan_metal_00094
5252,14.659974,5.192981,2 (Pop + Rock + HJDB + Hip-Hop),gtzan___gtzan_metal_00095
5253,12.608612,5.091697,2 (Pop + Rock + HJDB + Hip-Hop),gtzan___gtzan_metal_00096
5254,11.04344,5.7215896,2 (Pop + Rock + HJDB + Hip-Hop),gtzan___gtzan_metal_00097
5255,9.653888,5.666095,2 (Pop + Rock + HJDB + Hip-Hop),gtzan___gtzan_metal_00098
5256,10.574341,5.6454186,2 (Pop + Rock + HJDB + Hip-Hop),gtzan___gtzan_metal_00099
5257,6.1612253,-0.6151479,1 (Jazz + Pop),gtzan___gtzan_pop_00000
5258,6.1453457,-5.659423,1 (Jazz + Pop),gtzan___gtzan_pop_00001
5259,10.680137,0.3995864,2 (Pop + Rock + HJDB + Hip-Hop),gtzan___gtzan_pop_00002
5260,3.6021821,3.1858644,1 (Jazz + Pop),gtzan___gtzan_pop_00003
5261,15.9660845,2.2387936,2 (Pop + Rock + HJDB + Hip-Hop),gtzan___gtzan_pop_00004
5262,5.5327578,-6.567791,1 (Jazz + Pop),gtzan___gtzan_pop_00005
5263,-3.3910575,-3.0319347,1 (Jazz + Pop),gtzan___gtzan_pop_00006
5264,-7.313155,-3.2277782,3 (Classical + Groove + Jazz),gtzan___gtzan_pop_00007
5265,13.045241,2.1216853,2 (Pop + Rock + HJDB + Hip-Hop),gtzan___gtzan_pop_00008
5266,14.053108,1.7832787,2 (Pop + Rock + HJDB + Hip-Hop),gtzan___gtzan_pop_00009
5267,3.8551562,0.32079467,1 (Jazz + Pop),gtzan___gtzan_pop_00010
5268,-6.8704953,-1.035831,3 (Classical + Groove + Jazz),gtzan___gtzan_pop_00011
5269,11.120427,-0.37447882,2 (Pop + Rock + HJDB + Hip-Hop),gtzan___gtzan_pop_00012
5270,-1.4343121,-2.1307085,1 (Jazz + Pop),gtzan___gtzan_pop_00013
5271,4.9631824,3.265305,1 (Jazz + Pop),gtzan___gtzan_pop_00014
5272,8.944254,-2.808583,2 (Pop + Rock + HJDB + Hip-Hop),gtzan___gtzan_pop_00015
5273,5.0166917,-3.7676954,1 (Jazz + Pop),gtzan___gtzan_pop_00016
5274,13.170958,2.5435717,2 (Pop + Rock + HJDB + Hip-Hop),gtzan___gtzan_pop_00017
5275,10.23,-0.11935878,2 (Pop + Rock + HJDB + Hip-Hop),gtzan___gtzan_pop_00018
5276,11.36388,-3.4803786,2 (Pop + Rock + HJDB + Hip-Hop),gtzan___gtzan_pop_00019
5277,15.111686,-1.1606997,2 (Pop + Rock + HJDB + Hip-Hop),gtzan___gtzan_pop_00020
5278,11.719617,-3.5873878,2 (Pop + Rock + HJDB + Hip-Hop),gtzan___gtzan_pop_00021
5279,8.947751,-2.817014,2 (Pop + Rock + HJDB + Hip-Hop),gtzan___gtzan_pop_00022
5280,7.6864996,-4.2371364,2 (Pop + Rock + HJDB + Hip-Hop),gtzan___gtzan_pop_00023
5281,11.35342,-2.058965,2 (Pop + Rock + HJDB + Hip-Hop),gtzan___gtzan_pop_00024
5282,4.2455425,-1.7430142,1 (Jazz + Pop),gtzan___gtzan_pop_00025
5283,9.659773,-2.7635567,2 (Pop + Rock + HJDB + Hip-Hop),gtzan___gtzan_pop_00026
5284,5.653241,-3.233097,1 (Jazz + Pop),gtzan___gtzan_pop_00027
5285,11.079271,-0.62916845,2 (Pop + Rock + HJDB + Hip-Hop),gtzan___gtzan_pop_00028
5286,11.167835,-1.4522898,2 (Pop + Rock + HJDB + Hip-Hop),gtzan___gtzan_pop_00029
5287,14.249743,-1.7017448,2 (Pop + Rock + HJDB + Hip-Hop),gtzan___gtzan_pop_00030
5288,13.952198,-2.0649374,2 (Pop + Rock + HJDB + Hip-Hop),gtzan___gtzan_pop_00031
5289,3.3542237,-4.0457106,1 (Jazz + Pop),gtzan___gtzan_pop_00032
5290,5.146396,-5.7621603,1 (Jazz + Pop),gtzan___gtzan_pop_00033
5291,8.0469885,-3.3987496,2 (Pop + Rock + HJDB + Hip-Hop),gtzan___gtzan_pop_00034
5292,16.354664,-0.4915963,2 (Pop + Rock + HJDB + Hip-Hop),gtzan___gtzan_pop_00035
5293,8.403828,-4.1108794,2 (Pop + Rock + HJDB + Hip-Hop),gtzan___gtzan_pop_00036
5294,12.700472,-3.2348285,2 (Pop + Rock + HJDB + Hip-Hop),gtzan___gtzan_pop_00037
5295,13.145685,-2.021546,2 (Pop + Rock + HJDB + Hip-Hop),gtzan___gtzan_pop_00038
5296,11.643131,-4.0855217,2 (Pop + Rock + HJDB + Hip-Hop),gtzan___gtzan_pop_00039
5297,11.541876,-1.9136039,2 (Pop + Rock + HJDB + Hip-Hop),gtzan___gtzan_pop_00040
5298,-3.794175,-0.86614066,1 (Jazz + Pop),gtzan___gtzan_pop_00041
5299,9.865626,-3.0312598,2 (Pop + Rock + HJDB + Hip-Hop),gtzan___gtzan_pop_00042
5300,9.8506365,-0.49119857,2 (Pop + Rock + HJDB + Hip-Hop),gtzan___gtzan_pop_00043
5301,8.524953,-2.98054,2 (Pop + Rock + HJDB + Hip-Hop),gtzan___gtzan_pop_00044
5302,6.8885226,-6.0327177,1 (Jazz + Pop),gtzan___gtzan_pop_00045
5303,6.8255415,-6.038001,1 (Jazz + Pop),gtzan___gtzan_pop_00046
5304,9.965832,-3.267023,2 (Pop + Rock + HJDB + Hip-Hop),gtzan___gtzan_pop_00047
5305,8.8854265,-0.7985402,2 (Pop + Rock + HJDB + Hip-Hop),gtzan___gtzan_pop_00048
5306,-2.6466475,-0.5266227,1 (Jazz + Pop),gtzan___gtzan_pop_00049
5307,6.457045,-3.2934873,1 (Jazz + Pop),gtzan___gtzan_pop_00050
5308,12.142786,-2.8855069,2 (Pop + Rock + HJDB + Hip-Hop),gtzan___gtzan_pop_00051
5309,8.672221,-5.874532,2 (Pop + Rock + HJDB + Hip-Hop),gtzan___gtzan_pop_00052
5310,2.11687,-6.4681597,1 (Jazz + Pop),gtzan___gtzan_pop_00053
5311,7.4851832,-4.724127,2 (Pop + Rock + HJDB + Hip-Hop),gtzan___gtzan_pop_00054
5312,8.208323,-5.415606,2 (Pop + Rock + HJDB + Hip-Hop),gtzan___gtzan_pop_00055
5313,4.021259,-5.6467905,1 (Jazz + Pop),gtzan___gtzan_pop_00056
5314,8.712713,-5.8622694,2 (Pop + Rock + HJDB + Hip-Hop),gtzan___gtzan_pop_00057
5315,5.0394955,-5.481683,1 (Jazz + Pop),gtzan___gtzan_pop_00058
5316,4.1098957,-5.6760716,1 (Jazz + Pop),gtzan___gtzan_pop_00059
5317,7.4850407,-4.724135,2 (Pop + Rock + HJDB + Hip-Hop),gtzan___gtzan_pop_00060
5318,8.035879,-1.9025488,2 (Pop + Rock + HJDB + Hip-Hop),gtzan___gtzan_pop_00061
5319,11.475275,-4.7369223,2 (Pop + Rock + HJDB + Hip-Hop),gtzan___gtzan_pop_00062
5320,3.6993632,2.6284013,1 (Jazz + Pop),gtzan___gtzan_pop_00063
5321,3.5220072,-6.2932115,1 (Jazz + Pop),gtzan___gtzan_pop_00064
5322,4.501303,-1.0815729,1 (Jazz + Pop),gtzan___gtzan_pop_00065
5323,6.039092,-3.5567036,1 (Jazz + Pop),gtzan___gtzan_pop_00066
5324,8.675596,-0.5457422,2 (Pop + Rock + HJDB + Hip-Hop),gtzan___gtzan_pop_00067
5325,10.42779,-4.5145164,2 (Pop + Rock + HJDB + Hip-Hop),gtzan___gtzan_pop_00068
5326,14.340263,1.5244551,2 (Pop + Rock + HJDB + Hip-Hop),gtzan___gtzan_pop_00069
5327,8.326859,-1.4670413,2 (Pop + Rock + HJDB + Hip-Hop),gtzan___gtzan_pop_00070
5328,8.675592,-0.5457386,2 (Pop + Rock + HJDB + Hip-Hop),gtzan___gtzan_pop_00071
5329,16.376795,0.37803876,2 (Pop + Rock + HJDB + Hip-Hop),gtzan___gtzan_pop_00072
5330,13.816336,-1.4102097,2 (Pop + Rock + HJDB + Hip-Hop),gtzan___gtzan_pop_00073
5331,5.2546883,-3.7391477,1 (Jazz + Pop),gtzan___gtzan_pop_00074
5332,7.311785,-1.066405,2 (Pop + Rock + HJDB + Hip-Hop),gtzan___gtzan_pop_00075
5333,8.778722,-4.1340284,2 (Pop + Rock + HJDB + Hip-Hop),gtzan___gtzan_pop_00076
5334,8.160521,-4.578771,2 (Pop + Rock + HJDB + Hip-Hop),gtzan___gtzan_pop_00077
5335,8.744746,-4.2446785,2 (Pop + Rock + HJDB + Hip-Hop),gtzan___gtzan_pop_00078
5336,-8.931395,-2.7485642,3 (Classical + Groove + Jazz),gtzan___gtzan_pop_00079
5337,9.976787,-3.2602665,2 (Pop + Rock + HJDB + Hip-Hop),gtzan___gtzan_pop_00080
5338,0.34972152,-0.20846786,1 (Jazz + Pop),gtzan___gtzan_pop_00081
5339,10.611333,1.0968087,2 (Pop + Rock + HJDB + Hip-Hop),gtzan___gtzan_pop_00082
5340,5.8580627,1.3270563,2 (Pop + Rock + HJDB + Hip-Hop),gtzan___gtzan_pop_00083
5341,3.2245853,-4.897729,1 (Jazz + Pop),gtzan___gtzan_pop_00084
5342,5.547103,-5.691295,1 (Jazz + Pop),gtzan___gtzan_pop_00085
5343,12.295382,1.3967986,2 (Pop + Rock + HJDB + Hip-Hop),gtzan___gtzan_pop_00086
5344,11.012003,0.29092342,2 (Pop + Rock + HJDB + Hip-Hop),gtzan___gtzan_pop_00087
5345,8.3245735,-4.7429957,2 (Pop + Rock + HJDB + Hip-Hop),gtzan___gtzan_pop_00088
5346,5.840448,-6.025386,1 (Jazz + Pop),gtzan___gtzan_pop_00089
5347,11.07003,0.3194007,2 (Pop + Rock + HJDB + Hip-Hop),gtzan___gtzan_pop_00090
5348,11.499513,-4.1144843,2 (Pop + Rock + HJDB + Hip-Hop),gtzan___gtzan_pop_00091
5349,14.953194,0.3946216,2 (Pop + Rock + HJDB + Hip-Hop),gtzan___gtzan_pop_00092
5350,14.04639,1.0120617,2 (Pop + Rock + HJDB + Hip-Hop),gtzan___gtzan_pop_00093
5351,12.306383,-1.272823,2 (Pop + Rock + HJDB + Hip-Hop),gtzan___gtzan_pop_00094
5352,10.403673,-3.0007572,2 (Pop + Rock + HJDB + Hip-Hop),gtzan___gtzan_pop_00095
5353,8.307013,-3.0157354,2 (Pop + Rock + HJDB + Hip-Hop),gtzan___gtzan_pop_00096
5354,1.176929,-4.0211654,1 (Jazz + Pop),gtzan___gtzan_pop_00097
5355,8.556046,-4.2902517,2 (Pop + Rock + HJDB + Hip-Hop),gtzan___gtzan_pop_00098
5356,3.6210763,-2.2061548,1 (Jazz + Pop),gtzan___gtzan_pop_00099
5357,-1.2697299,-0.1222546,1 (Jazz + Pop),gtzan___gtzan_reggae_00000
5358,-5.1879134,-1.8786763,1 (Jazz + Pop),gtzan___gtzan_reggae_00001
5359,-3.7887642,0.56116813,1 (Jazz + Pop),gtzan___gtzan_reggae_00002
5360,-3.8446307,-0.031716112,1 (Jazz + Pop),gtzan___gtzan_reggae_00003
5361,-2.3541012,0.39790905,1 (Jazz + Pop),gtzan___gtzan_reggae_00004
5362,-3.1778293,0.17422548,1 (Jazz + Pop),gtzan___gtzan_reggae_00005
5363,-3.8846338,0.36054984,1 (Jazz + Pop),gtzan___gtzan_reggae_00006
5364,-3.5026398,0.5101405,1 (Jazz + Pop),gtzan___gtzan_reggae_00007
5365,-3.712204,0.6991872,1 (Jazz + Pop),gtzan___gtzan_reggae_00008
5366,-8.150306,-1.2859837,3 (Classical + Groove + Jazz),gtzan___gtzan_reggae_00009
5367,-4.595181,-0.4055756,1 (Jazz + Pop),gtzan___gtzan_reggae_00010
5368,-3.83923,-0.89494276,1 (Jazz + Pop),gtzan___gtzan_reggae_00011
5369,-3.304989,-0.7159416,1 (Jazz + Pop),gtzan___gtzan_reggae_00012
5370,-3.674637,0.4706709,1 (Jazz + Pop),gtzan___gtzan_reggae_00013
5371,-4.130646,-0.015634954,1 (Jazz + Pop),gtzan___gtzan_reggae_00014
5372,-1.3608891,-0.34703112,1 (Jazz + Pop),gtzan___gtzan_reggae_00015
5373,7.879223,6.3586946,2 (Pop + Rock + HJDB + Hip-Hop),gtzan___gtzan_reggae_00016
5374,-0.73741764,0.054858264,1 (Jazz + Pop),gtzan___gtzan_reggae_00017
5375,-2.3672063,-0.21686527,1 (Jazz + Pop),gtzan___gtzan_reggae_00018
5376,-3.5580146,1.2755334,1 (Jazz + Pop),gtzan___gtzan_reggae_00019
5377,-3.2763042,0.4285415,1 (Jazz + Pop),gtzan___gtzan_reggae_00020
5378,9.148914,5.7217274,2 (Pop + Rock + HJDB + Hip-Hop),gtzan___gtzan_reggae_00021
5379,8.025705,5.9050217,2 (Pop + Rock + HJDB + Hip-Hop),gtzan___gtzan_reggae_00022
5380,-4.159191,-4.938238,1 (Jazz + Pop),gtzan___gtzan_reggae_00023
5381,-2.6856565,0.4647798,1 (Jazz + Pop),gtzan___gtzan_reggae_00024
5382,-3.6304493,1.6148401,1 (Jazz + Pop),gtzan___gtzan_reggae_00025
5383,-3.2486422,0.72837394,1 (Jazz + Pop),gtzan___gtzan_reggae_00026
5384,-3.1339204,0.13990088,1 (Jazz + Pop),gtzan___gtzan_reggae_00027
5385,-8.787402,-2.1328392,3 (Classical + Groove + Jazz),gtzan___gtzan_reggae_00028
5386,-4.0623875,-0.3973387,1 (Jazz + Pop),gtzan___gtzan_reggae_00029
5387,-8.579675,-2.5307965,3 (Classical + Groove + Jazz),gtzan___gtzan_reggae_00030
5388,-8.589807,-2.3205688,3 (Classical + Groove + Jazz),gtzan___gtzan_reggae_00031
5389,-7.664201,-2.0236442,3 (Classical + Groove + Jazz),gtzan___gtzan_reggae_00032
5390,-8.4765625,-2.1138456,3 (Classical + Groove + Jazz),gtzan___gtzan_reggae_00033
5391,-7.901021,-1.8171928,3 (Classical + Groove + Jazz),gtzan___gtzan_reggae_00034
5392,-7.799947,-1.8097862,3 (Classical + Groove + Jazz),gtzan___gtzan_reggae_00035
5393,-8.391389,-2.9052763,3 (Classical + Groove + Jazz),gtzan___gtzan_reggae_00036
5394,-8.733438,-2.3852937,3 (Classical + Groove + Jazz),gtzan___gtzan_reggae_00037
5395,-8.387255,-1.4500245,3 (Classical + Groove + Jazz),gtzan___gtzan_reggae_00038
5396,-10.96902,-3.19677,3 (Classical + Groove + Jazz),gtzan___gtzan_reggae_00039
5397,-9.73104,-2.3177872,3 (Classical + Groove + Jazz),gtzan___gtzan_reggae_00040
5398,-1.4481089,-1.8031721,1 (Jazz + Pop),gtzan___gtzan_reggae_00041
5399,-1.3262744,-2.912321,1 (Jazz + Pop),gtzan___gtzan_reggae_00042
5400,0.0996523,2.303105,1 (Jazz + Pop),gtzan___gtzan_reggae_00043
5401,4.6600904,-0.07212078,1 (Jazz + Pop),gtzan___gtzan_reggae_00044
5402,1.1716183,-5.0722184,1 (Jazz + Pop),gtzan___gtzan_reggae_00045
5403,-2.589228,-2.816285,1 (Jazz + Pop),gtzan___gtzan_reggae_00046
5404,0.8662359,-3.0195484,1 (Jazz + Pop),gtzan___gtzan_reggae_00047
5405,1.0741538,-3.0564218,1 (Jazz + Pop),gtzan___gtzan_reggae_00048
5406,3.0827394,-0.9344375,1 (Jazz + Pop),gtzan___gtzan_reggae_00049
5407,4.429603,-2.6854012,1 (Jazz + Pop),gtzan___gtzan_reggae_00050
5408,-1.4726512,-5.778182,1 (Jazz + Pop),gtzan___gtzan_reggae_00051
5409,6.188547,-1.9539416,1 (Jazz + Pop),gtzan___gtzan_reggae_00052
5410,-8.948077,-2.5375562,3 (Classical + Groove + Jazz),gtzan___gtzan_reggae_00053
5411,-0.83142006,-3.8495917,1 (Jazz + Pop),gtzan___gtzan_reggae_00054
5412,-0.44917923,-2.0491805,1 (Jazz + Pop),gtzan___gtzan_reggae_00055
5413,-0.61895597,-2.2554052,1 (Jazz + Pop),gtzan___gtzan_reggae_00056
5414,-2.9007235,0.07363621,1 (Jazz + Pop),gtzan___gtzan_reggae_00057
5415,0.12916273,-3.4921236,1 (Jazz + Pop),gtzan___gtzan_reggae_00058
5416,5.357952,-2.6273286,1 (Jazz + Pop),gtzan___gtzan_reggae_00059
5417,-10.339829,-4.700959,3 (Classical + Groove + Jazz),gtzan___gtzan_reggae_00060
5418,7.010532,-2.9278927,2 (Pop + Rock + HJDB + Hip-Hop),gtzan___gtzan_reggae_00061
5419,-10.014673,-4.5670433,3 (Classical + Groove + Jazz),gtzan___gtzan_reggae_00062
5420,-0.72640204,-0.69614077,1 (Jazz + Pop),gtzan___gtzan_reggae_00063
5421,7.0257363,-1.9221063,2 (Pop + Rock + HJDB + Hip-Hop),gtzan___gtzan_reggae_00064
5422,5.877969,-6.8634205,1 (Jazz + Pop),gtzan___gtzan_reggae_00065
5423,0.56390864,0.015377567,1 (Jazz + Pop),gtzan___gtzan_reggae_00066
5424,3.072802,2.214968,1 (Jazz + Pop),gtzan___gtzan_reggae_00067
5425,-1.3433632,-3.9749951,1 (Jazz + Pop),gtzan___gtzan_reggae_00068
5426,1.5493938,-1.6935141,1 (Jazz + Pop),gtzan___gtzan_reggae_00069
5427,0.6784287,-3.344079,1 (Jazz + Pop),gtzan___gtzan_reggae_00070
5428,0.54884833,-5.3778577,1 (Jazz + Pop),gtzan___gtzan_reggae_00071
5429,4.9685245,-4.877042,1 (Jazz + Pop),gtzan___gtzan_reggae_00072
5430,5.804839,2.3946445,2 (Pop + Rock + HJDB + Hip-Hop),gtzan___gtzan_reggae_00073
5431,5.8072224,2.3947957,2 (Pop + Rock + HJDB + Hip-Hop),gtzan___gtzan_reggae_00074
5432,11.099102,-2.0449493,2 (Pop + Rock + HJDB + Hip-Hop),gtzan___gtzan_reggae_00075
5433,1.9635607,-5.67808,1 (Jazz + Pop),gtzan___gtzan_reggae_00076
5434,-1.7561711,-1.7236617,1 (Jazz + Pop),gtzan___gtzan_reggae_00077
5435,-0.5522812,-3.726623,1 (Jazz + Pop),gtzan___gtzan_reggae_00078
5436,-1.6577123,-4.972861,1 (Jazz + Pop),gtzan___gtzan_reggae_00079
5437,3.2427242,-4.389312,1 (Jazz + Pop),gtzan___gtzan_reggae_00080
5438,2.6079814,-4.5613065,1 (Jazz + Pop),gtzan___gtzan_reggae_00081
5439,2.6079814,-4.5613065,1 (Jazz + Pop),gtzan___gtzan_reggae_00082
5440,-9.195525,-1.4722106,3 (Classical + Groove + Jazz),gtzan___gtzan_reggae_00083
5441,-0.43218082,-0.79242855,1 (Jazz + Pop),gtzan___gtzan_reggae_00084
5442,-2.1941473,1.6398683,1 (Jazz + Pop),gtzan___gtzan_reggae_00085
5443,3.4969482,-4.837784,1 (Jazz + Pop),gtzan___gtzan_reggae_00087
5444,8.018374,-0.8273,2 (Pop + Rock + HJDB + Hip-Hop),gtzan___gtzan_reggae_00088
5445,-4.2163477,1.9309733,1 (Jazz + Pop),gtzan___gtzan_reggae_00089
5446,1.3284904,-3.17711,1 (Jazz + Pop),gtzan___gtzan_reggae_00090
5447,1.4431343,0.33301705,1 (Jazz + Pop),gtzan___gtzan_reggae_00091
5448,2.06501,0.60599023,1 (Jazz + Pop),gtzan___gtzan_reggae_00092
5449,1.5531749,-1.8936524,1 (Jazz + Pop),gtzan___gtzan_reggae_00093
5450,5.54893,2.8925378,2 (Pop + Rock + HJDB + Hip-Hop),gtzan___gtzan_reggae_00094
5451,10.24165,1.3193628,2 (Pop + Rock + HJDB + Hip-Hop),gtzan___gtzan_reggae_00095
5452,-2.2270017,1.4956532,1 (Jazz + Pop),gtzan___gtzan_reggae_00096
5453,0.39569995,-0.19381584,1 (Jazz + Pop),gtzan___gtzan_reggae_00097
5454,0.62816846,-1.5235215,1 (Jazz + Pop),gtzan___gtzan_reggae_00098
5455,9.307943,4.550007,2 (Pop + Rock + HJDB + Hip-Hop),gtzan___gtzan_reggae_00099
5456,2.147814,0.9047599,1 (Jazz + Pop),gtzan___gtzan_rock_00000
5457,8.270077,6.3353148,2 (Pop + Rock + HJDB + Hip-Hop),gtzan___gtzan_rock_00001
5458,1.6884503,-3.0636418,1 (Jazz + Pop),gtzan___gtzan_rock_00002
5459,0.090369895,0.94056726,1 (Jazz + Pop),gtzan___gtzan_rock_00003
5460,6.4095445,5.665549,2 (Pop + Rock + HJDB + Hip-Hop),gtzan___gtzan_rock_00004
5461,13.090499,6.493086,2 (Pop + Rock + HJDB + Hip-Hop),gtzan___gtzan_rock_00005
5462,7.002673,6.7153454,2 (Pop + Rock + HJDB + Hip-Hop),gtzan___gtzan_rock_00006
5463,4.381109,4.792165,1 (Jazz + Pop),gtzan___gtzan_rock_00007
5464,15.882764,5.2670655,2 (Pop + Rock + HJDB + Hip-Hop),gtzan___gtzan_rock_00008
5465,-1.5046492,1.1973871,1 (Jazz + Pop),gtzan___gtzan_rock_00009
5466,7.5339646,5.758224,2 (Pop + Rock + HJDB + Hip-Hop),gtzan___gtzan_rock_00010
5467,-2.886941,-1.8915521,1 (Jazz + Pop),gtzan___gtzan_rock_00011
5468,-4.1337314,-0.3794444,1 (Jazz + Pop),gtzan___gtzan_rock_00012
5469,-4.4673147,-1.325256,1 (Jazz + Pop),gtzan___gtzan_rock_00013
5470,-4.931062,-0.052189454,1 (Jazz + Pop),gtzan___gtzan_rock_00014
5471,-1.6185414,-0.3336055,1 (Jazz + Pop),gtzan___gtzan_rock_00015
5472,15.886865,4.972427,2 (Pop + Rock + HJDB + Hip-Hop),gtzan___gtzan_rock_00016
5473,13.597118,5.527032,2 (Pop + Rock + HJDB + Hip-Hop),gtzan___gtzan_rock_00017
5474,11.418409,5.701599,2 (Pop + Rock + HJDB + Hip-Hop),gtzan___gtzan_rock_00018
5475,11.428352,5.8645916,2 (Pop + Rock + HJDB + Hip-Hop),gtzan___gtzan_rock_00019
5476,11.035869,5.598068,2 (Pop + Rock + HJDB + Hip-Hop),gtzan___gtzan_rock_00020
5477,12.829153,5.406851,2 (Pop + Rock + HJDB + Hip-Hop),gtzan___gtzan_rock_00021
5478,14.807429,5.2829833,2 (Pop + Rock + HJDB + Hip-Hop),gtzan___gtzan_rock_00022
5479,9.260462,5.95183,2 (Pop + Rock + HJDB + Hip-Hop),gtzan___gtzan_rock_00023
5480,13.81946,5.4861307,2 (Pop + Rock + HJDB + Hip-Hop),gtzan___gtzan_rock_00024
5481,14.073224,5.4381356,2 (Pop + Rock + HJDB + Hip-Hop),gtzan___gtzan_rock_00025
5482,12.657652,5.5784907,2 (Pop + Rock + HJDB + Hip-Hop),gtzan___gtzan_rock_00026
5483,6.636786,1.8115883,2 (Pop + Rock + HJDB + Hip-Hop),gtzan___gtzan_rock_00027
5484,10.289331,3.247299,2 (Pop + Rock + HJDB + Hip-Hop),gtzan___gtzan_rock_00028
5485,14.713188,3.3103952,2 (Pop + Rock + HJDB + Hip-Hop),gtzan___gtzan_rock_00029
5486,3.422136,0.50895447,1 (Jazz + Pop),gtzan___gtzan_rock_00030
5487,7.2947574,-2.690706,2 (Pop + Rock + HJDB + Hip-Hop),gtzan___gtzan_rock_00031
5488,15.3256445,2.3160143,2 (Pop + Rock + HJDB + Hip-Hop),gtzan___gtzan_rock_00032
5489,4.254141,3.6429207,1 (Jazz + Pop),gtzan___gtzan_rock_00033
5490,14.884327,2.6278875,2 (Pop + Rock + HJDB + Hip-Hop),gtzan___gtzan_rock_00034
5491,5.257573,3.3344498,1 (Jazz + Pop),gtzan___gtzan_rock_00035
5492,16.189785,2.1154468,2 (Pop + Rock + HJDB + Hip-Hop),gtzan___gtzan_rock_00036
5493,11.281998,2.419056,2 (Pop + Rock + HJDB + Hip-Hop),gtzan___gtzan_rock_00037
5494,15.511884,1.4077842,2 (Pop + Rock + HJDB + Hip-Hop),gtzan___gtzan_rock_00038
5495,14.302853,3.386936,2 (Pop + Rock + HJDB + Hip-Hop),gtzan___gtzan_rock_00039
5496,9.305984,0.54016703,2 (Pop + Rock + HJDB + Hip-Hop),gtzan___gtzan_rock_00040
5497,14.226554,2.0998974,2 (Pop + Rock + HJDB + Hip-Hop),gtzan___gtzan_rock_00041
5498,10.816608,0.4100308,2 (Pop + Rock + HJDB + Hip-Hop),gtzan___gtzan_rock_00042
5499,10.062027,-2.7902155,2 (Pop + Rock + HJDB + Hip-Hop),gtzan___gtzan_rock_00043
5500,4.2119966,3.7048266,1 (Jazz + Pop),gtzan___gtzan_rock_00044
5501,5.165044,5.6743016,2 (Pop + Rock + HJDB + Hip-Hop),gtzan___gtzan_rock_00045
5502,10.461732,2.7128603,2 (Pop + Rock + HJDB + Hip-Hop),gtzan___gtzan_rock_00046
5503,11.49248,1.6198766,2 (Pop + Rock + HJDB + Hip-Hop),gtzan___gtzan_rock_00047
5504,10.96733,4.9303355,2 (Pop + Rock + HJDB + Hip-Hop),gtzan___gtzan_rock_00048
5505,3.009765,0.7435163,1 (Jazz + Pop),gtzan___gtzan_rock_00049
5506,-1.8977861,-1.91396,1 (Jazz + Pop),gtzan___gtzan_rock_00050
5507,10.200395,1.4602813,2 (Pop + Rock + HJDB + Hip-Hop),gtzan___gtzan_rock_00051
5508,-3.4942148,1.086456,1 (Jazz + Pop),gtzan___gtzan_rock_00052
5509,16.50254,2.7660928,2 (Pop + Rock + HJDB + Hip-Hop),gtzan___gtzan_rock_00053
5510,3.916653,2.2248535,1 (Jazz + Pop),gtzan___gtzan_rock_00054
5511,4.932637,4.583305,1 (Jazz + Pop),gtzan___gtzan_rock_00055
5512,16.33926,2.8439105,2 (Pop + Rock + HJDB + Hip-Hop),gtzan___gtzan_rock_00056
5513,12.023988,1.9734192,2 (Pop + Rock + HJDB + Hip-Hop),gtzan___gtzan_rock_00057
5514,3.6118677,2.6654701,1 (Jazz + Pop),gtzan___gtzan_rock_00058
5515,-5.693308,-3.0248792,1 (Jazz + Pop),gtzan___gtzan_rock_00059
5516,10.638687,2.8106108,2 (Pop + Rock + HJDB + Hip-Hop),gtzan___gtzan_rock_00060
5517,-3.435597,-1.2440803,1 (Jazz + Pop),gtzan___gtzan_rock_00061
5518,-6.126619,-3.5962923,3 (Classical + Groove + Jazz),gtzan___gtzan_rock_00062
5519,-9.433773,-2.7387207,3 (Classical + Groove + Jazz),gtzan___gtzan_rock_00063
5520,7.489457,5.910948,2 (Pop + Rock + HJDB + Hip-Hop),gtzan___gtzan_rock_00064
5521,8.770901,5.8587284,2 (Pop + Rock + HJDB + Hip-Hop),gtzan___gtzan_rock_00065
5522,-8.461133,-1.0686029,3 (Classical + Groove + Jazz),gtzan___gtzan_rock_00066
5523,6.923372,5.3638434,2 (Pop + Rock + HJDB + Hip-Hop),gtzan___gtzan_rock_00067
5524,7.81937,5.241119,2 (Pop + Rock + HJDB + Hip-Hop),gtzan___gtzan_rock_00068
5525,-5.0625052,-3.9159954,1 (Jazz + Pop),gtzan___gtzan_rock_00069
5526,-4.2168074,-0.99832064,1 (Jazz + Pop),gtzan___gtzan_rock_00070
5527,8.359403,5.956827,2 (Pop + Rock + HJDB + Hip-Hop),gtzan___gtzan_rock_00071
5528,7.453843,5.7490053,2 (Pop + Rock + HJDB + Hip-Hop),gtzan___gtzan_rock_00072
5529,10.737402,5.7422175,2 (Pop + Rock + HJDB + Hip-Hop),gtzan___gtzan_rock_00073
5530,9.542697,5.7613773,2 (Pop + Rock + HJDB + Hip-Hop),gtzan___gtzan_rock_00074
5531,7.0188236,5.5005913,2 (Pop + Rock + HJDB + Hip-Hop),gtzan___gtzan_rock_00075
5532,6.154587,5.5313396,2 (Pop + Rock + HJDB + Hip-Hop),gtzan___gtzan_rock_00076
5533,8.01536,5.5671825,2 (Pop + Rock + HJDB + Hip-Hop),gtzan___gtzan_rock_00077
5534,6.4586196,5.5050125,2 (Pop + Rock + HJDB + Hip-Hop),gtzan___gtzan_rock_00078
5535,8.955769,5.819966,2 (Pop + Rock + HJDB + Hip-Hop),gtzan___gtzan_rock_00079
5536,9.88701,5.8000054,2 (Pop + Rock + HJDB + Hip-Hop),gtzan___gtzan_rock_00080
5537,3.3047132,-0.3978307,1 (Jazz + Pop),gtzan___gtzan_rock_00081
5538,8.312374,5.4136896,2 (Pop + Rock + HJDB + Hip-Hop),gtzan___gtzan_rock_00082
5539,7.91422,5.3936977,2 (Pop + Rock + HJDB + Hip-Hop),gtzan___gtzan_rock_00083
5540,8.983502,5.659341,2 (Pop + Rock + HJDB + Hip-Hop),gtzan___gtzan_rock_00084
5541,-1.5185498,-0.22521102,1 (Jazz + Pop),gtzan___gtzan_rock_00085
5542,1.1162767,-6.100802,1 (Jazz + Pop),gtzan___gtzan_rock_00086
5543,14.626833,5.294695,2 (Pop + Rock + HJDB + Hip-Hop),gtzan___gtzan_rock_00087
5544,3.5782537,-0.061241366,1 (Jazz + Pop),gtzan___gtzan_rock_00088
5545,1.6078374,2.65675,1 (Jazz + Pop),gtzan___gtzan_rock_00089
5546,7.862058,6.6897845,2 (Pop + Rock + HJDB + Hip-Hop),gtzan___gtzan_rock_00090
5547,11.703617,5.8143125,2 (Pop + Rock + HJDB + Hip-Hop),gtzan___gtzan_rock_00091
5548,12.650807,5.902894,2 (Pop + Rock + HJDB + Hip-Hop),gtzan___gtzan_rock_00092
5549,10.839232,6.3951793,2 (Pop + Rock + HJDB + Hip-Hop),gtzan___gtzan_rock_00093
5550,12.034506,6.2413807,2 (Pop + Rock + HJDB + Hip-Hop),gtzan___gtzan_rock_00094
5551,6.2522936,5.347405,2 (Pop + Rock + HJDB + Hip-Hop),gtzan___gtzan_rock_00095
5552,7.0138316,5.641343,2 (Pop + Rock + HJDB + Hip-Hop),gtzan___gtzan_rock_00096
5553,9.89457,6.08716,2 (Pop + Rock + HJDB + Hip-Hop),gtzan___gtzan_rock_00097
5554,-3.1866508,0.58020663,1 (Jazz + Pop),gtzan___gtzan_rock_00098
5555,-4.0398016,1.1332486,1 (Jazz + Pop),gtzan___gtzan_rock_00099
