,t-SNE dimension 1,t-SNE dimension 2,label,file
0,-10.260985,-5.0943522,1 (Classical + Groove + Jazz),asap___Bach_Fugue_bwv_846_Shi05M
1,-12.2827835,-5.940876,1 (Classical + Groove + Jazz),asap___Bach_Fugue_bwv_848_Denisova06M
2,-8.626779,-6.2074223,1 (Classical + Groove + Jazz),asap___Bach_Fugue_bwv_848_Lee01M
3,-12.931595,-4.703982,1 (Classical + Groove + Jazz),asap___Bach_Fugue_bwv_848_LeeSH01M
4,-12.41045,-5.4438295,1 (Classical + Groove + Jazz),asap___Bach_Fugue_bwv_848_Lin04M
5,-9.510062,-6.002642,1 (Classical + Groove + Jazz),asap___Bach_Fugue_bwv_848_Lou01M
6,-12.464398,-3.225452,1 (Classical + Groove + Jazz),asap___Bach_Fugue_bwv_848_MiyashitaM01M
7,-8.925193,-6.032559,1 (Classical + Groove + Jazz),asap___Bach_Fugue_bwv_848_Mizumoto03M
8,-11.001846,-5.046364,1 (Classical + Groove + Jazz),asap___Bach_Fugue_bwv_848_SunY01M
9,-9.604518,-5.987497,1 (Classical + Groove + Jazz),asap___Bach_Fugue_bwv_848_Zhou01M
10,-13.371008,-2.9795642,1 (Classical + Groove + Jazz),asap___Bach_Fugue_bwv_854_LuA01M
11,-11.3892565,-5.0147347,1 (Classical + Groove + Jazz),asap___Bach_Fugue_bwv_854_MiyashitaM01M
12,-9.041131,-6.0736938,1 (Classical + Groove + Jazz),asap___Bach_Fugue_bwv_854_Ozaki01M
13,-14.36013,-4.310051,1 (Classical + Groove + Jazz),asap___Bach_Fugue_bwv_854_Richardson01M
14,-11.8160515,-4.8171005,1 (Classical + Groove + Jazz),asap___Bach_Fugue_bwv_854_WangA01M
15,-13.1526575,-3.1360407,1 (Classical + Groove + Jazz),asap___Bach_Fugue_bwv_856_LuoJ01M
16,-12.695883,-4.079819,1 (Classical + Groove + Jazz),asap___Bach_Fugue_bwv_857_Bult-ItoS02M
17,-14.019844,-4.6062016,1 (Classical + Groove + Jazz),asap___Bach_Fugue_bwv_857_Lisiecki04M
18,-12.452986,-4.8525577,1 (Classical + Groove + Jazz),asap___Bach_Fugue_bwv_857_ToA01M
19,-13.5867405,-4.092854,1 (Classical + Groove + Jazz),asap___Bach_Fugue_bwv_857_WangA01M
20,-12.256192,-4.4739428,1 (Classical + Groove + Jazz),asap___Bach_Fugue_bwv_857_YuP01M
21,-15.645023,-3.878398,1 (Classical + Groove + Jazz),asap___Bach_Fugue_bwv_858_VuV01M
22,-10.144024,-5.8749204,1 (Classical + Groove + Jazz),asap___Bach_Fugue_bwv_858_Zhang01M
23,-12.224587,-5.3338304,1 (Classical + Groove + Jazz),asap___Bach_Fugue_bwv_860_Ko04M
24,-11.510992,-5.5215483,1 (Classical + Groove + Jazz),asap___Bach_Fugue_bwv_860_Nikiforov05M
25,-11.579926,-4.8568077,1 (Classical + Groove + Jazz),asap___Bach_Fugue_bwv_860_Tetzloff04M
26,-11.672116,-3.9718425,1 (Classical + Groove + Jazz),asap___Bach_Fugue_bwv_860_TuanS01M
27,-13.562355,-2.6294217,1 (Classical + Groove + Jazz),asap___Bach_Fugue_bwv_860_YoungS01M
28,-13.040038,-4.8503885,1 (Classical + Groove + Jazz),asap___Bach_Fugue_bwv_860_ZhangH04M
29,-14.230153,-4.5368643,1 (Classical + Groove + Jazz),asap___Bach_Fugue_bwv_862_Song04M
30,-14.485541,-3.834309,1 (Classical + Groove + Jazz),asap___Bach_Fugue_bwv_863_LeeN01M
31,-11.233734,-4.701391,1 (Classical + Groove + Jazz),asap___Bach_Fugue_bwv_863_Shychko01M
32,-13.522959,-4.564533,1 (Classical + Groove + Jazz),asap___Bach_Fugue_bwv_863_TongB01M
33,-12.364468,-2.9179132,1 (Classical + Groove + Jazz),asap___Bach_Fugue_bwv_864_SunD01M
34,-9.13586,-6.03661,1 (Classical + Groove + Jazz),asap___Bach_Fugue_bwv_865_Teo01M
35,-13.170233,-4.5509596,1 (Classical + Groove + Jazz),asap___Bach_Fugue_bwv_865_ZhangE01M
36,-14.694427,-3.5970013,1 (Classical + Groove + Jazz),asap___Bach_Fugue_bwv_867_HuNY01M
37,-10.818039,-4.982328,1 (Classical + Groove + Jazz),asap___Bach_Fugue_bwv_867_Sham01M
38,-13.156673,-4.5306325,1 (Classical + Groove + Jazz),asap___Bach_Fugue_bwv_868_GonzalezJ05M
39,-9.936953,-3.3649623,1 (Classical + Groove + Jazz),asap___Bach_Fugue_bwv_870_ChenW01M
40,-12.066811,-3.3634186,1 (Classical + Groove + Jazz),asap___Bach_Fugue_bwv_870_LeeE01M
41,-11.747074,-5.784664,1 (Classical + Groove + Jazz),asap___Bach_Fugue_bwv_870_MaximovI01M
42,-13.061371,-5.3803945,1 (Classical + Groove + Jazz),asap___Bach_Fugue_bwv_873_Lisiecki13M
43,-15.274887,-4.857245,1 (Classical + Groove + Jazz),asap___Bach_Fugue_bwv_874_BianF01
44,-11.529777,-5.4456925,1 (Classical + Groove + Jazz),asap___Bach_Fugue_bwv_874_Kurz01M
45,-12.568424,-3.5074017,1 (Classical + Groove + Jazz),asap___Bach_Fugue_bwv_874_WongWY01M
46,-9.308193,-5.4744487,1 (Classical + Groove + Jazz),asap___Bach_Fugue_bwv_875_Ahfat01M
47,-13.728202,-4.1086607,1 (Classical + Groove + Jazz),asap___Bach_Fugue_bwv_875_CaoJ01M
48,-12.847235,-4.471101,1 (Classical + Groove + Jazz),asap___Bach_Fugue_bwv_876_SirajA01M
49,-9.523214,-5.5626655,1 (Classical + Groove + Jazz),asap___Bach_Fugue_bwv_876_Song01M
50,-11.925471,-4.8219256,1 (Classical + Groove + Jazz),asap___Bach_Fugue_bwv_880_LeungR01M
51,-11.742996,-5.646238,1 (Classical + Groove + Jazz),asap___Bach_Fugue_bwv_880_WangA04M
52,-14.99375,-3.9405837,1 (Classical + Groove + Jazz),asap___Bach_Fugue_bwv_883_GuoE01M
53,-14.940311,-4.020008,1 (Classical + Groove + Jazz),asap___Bach_Fugue_bwv_883_Herbert02
54,-10.849951,-4.4657016,1 (Classical + Groove + Jazz),asap___Bach_Fugue_bwv_883_KaiRuiR03
55,-15.43673,-4.692094,1 (Classical + Groove + Jazz),asap___Bach_Fugue_bwv_883_Khmara04
56,-13.195977,-2.5243924,1 (Classical + Groove + Jazz),asap___Bach_Fugue_bwv_883_LuM01M
57,-12.515598,-4.5357203,1 (Classical + Groove + Jazz),asap___Bach_Fugue_bwv_884_LiA01M
58,-8.918273,-5.8214536,1 (Classical + Groove + Jazz),asap___Bach_Fugue_bwv_885_Guo01M
59,-11.900131,-5.2157617,1 (Classical + Groove + Jazz),asap___Bach_Fugue_bwv_885_Huang04M
60,-11.225937,-3.0475783,1 (Classical + Groove + Jazz),asap___Bach_Fugue_bwv_885_JeonH01M
61,-9.19418,-5.8855004,1 (Classical + Groove + Jazz),asap___Bach_Fugue_bwv_885_SINKEV06
62,-15.742296,-3.692174,1 (Classical + Groove + Jazz),asap___Bach_Fugue_bwv_887_LiYZ01M
63,-12.787506,-2.6893158,1 (Classical + Groove + Jazz),asap___Bach_Fugue_bwv_888_ZhaoK01M
64,-8.170004,-5.721287,1 (Classical + Groove + Jazz),asap___Bach_Fugue_bwv_889_Giesbrecht01M
65,-11.573853,-4.238827,1 (Classical + Groove + Jazz),asap___Bach_Fugue_bwv_889_LiuY01M
66,-11.482278,-1.9537714,1 (Classical + Groove + Jazz),asap___Bach_Fugue_bwv_889_MunA01M
67,-8.300592,-5.9334993,1 (Classical + Groove + Jazz),asap___Bach_Fugue_bwv_889_Wang01M
68,-11.846827,-3.6198165,1 (Classical + Groove + Jazz),asap___Bach_Fugue_bwv_889_YangY02M
69,-11.411495,-4.078748,1 (Classical + Groove + Jazz),asap___Bach_Fugue_bwv_889_ZhangW02M
70,-11.67354,-5.7732434,1 (Classical + Groove + Jazz),asap___Bach_Fugue_bwv_891_Duepree06M
71,-9.75484,-5.5460615,1 (Classical + Groove + Jazz),asap___Bach_Fugue_bwv_892_Hou01M
72,-13.043199,-4.7628284,1 (Classical + Groove + Jazz),asap___Bach_Fugue_bwv_892_KabuliL01M
73,-12.237259,-5.769647,1 (Classical + Groove + Jazz),asap___Bach_Fugue_bwv_893_Kleisen04M
74,-10.577931,-5.9455953,1 (Classical + Groove + Jazz),asap___Bach_Fugue_bwv_893_Levitsky04M
75,-13.941677,-4.2545815,1 (Classical + Groove + Jazz),asap___Bach_Fugue_bwv_893_Wong01M
76,-12.059838,-6.2714252,1 (Classical + Groove + Jazz),asap___Bach_Prelude_bwv_846_Shi05M
77,-13.1245365,-5.622561,1 (Classical + Groove + Jazz),asap___Bach_Prelude_bwv_848_Denisova06M
78,-11.138817,-5.966883,1 (Classical + Groove + Jazz),asap___Bach_Prelude_bwv_848_Lee01M
79,-13.444006,-4.4301276,1 (Classical + Groove + Jazz),asap___Bach_Prelude_bwv_848_LeeSH01M
80,-13.987608,-5.3470807,1 (Classical + Groove + Jazz),asap___Bach_Prelude_bwv_848_Lin04M
81,-11.319112,-5.8536777,1 (Classical + Groove + Jazz),asap___Bach_Prelude_bwv_848_Lou01M
82,-13.073374,-3.0855434,1 (Classical + Groove + Jazz),asap___Bach_Prelude_bwv_848_MiyashitaM01M
83,-10.810742,-5.6907353,1 (Classical + Groove + Jazz),asap___Bach_Prelude_bwv_848_Mizumoto03M
84,-13.215019,-4.722986,1 (Classical + Groove + Jazz),asap___Bach_Prelude_bwv_848_SunY01M
85,-9.886527,-5.878248,1 (Classical + Groove + Jazz),asap___Bach_Prelude_bwv_848_Zhou01M
86,-15.583474,-3.6579869,1 (Classical + Groove + Jazz),asap___Bach_Prelude_bwv_854_LuA01M
87,-13.744125,-4.563981,1 (Classical + Groove + Jazz),asap___Bach_Prelude_bwv_854_MiyashitaM01M
88,-10.453414,-5.600615,1 (Classical + Groove + Jazz),asap___Bach_Prelude_bwv_854_Ozaki01M
89,-15.768706,-4.1361065,1 (Classical + Groove + Jazz),asap___Bach_Prelude_bwv_854_Richardson01M
90,-14.395098,-4.3058076,1 (Classical + Groove + Jazz),asap___Bach_Prelude_bwv_854_WangA01M
91,-13.146276,-3.7275565,1 (Classical + Groove + Jazz),asap___Bach_Prelude_bwv_856_LuoJ01M
92,-14.429837,-3.3991134,1 (Classical + Groove + Jazz),asap___Bach_Prelude_bwv_857_Bult-ItoS02M
93,-10.681389,-5.770554,1 (Classical + Groove + Jazz),asap___Bach_Prelude_bwv_857_Lan01M
94,-15.563023,-4.4522343,1 (Classical + Groove + Jazz),asap___Bach_Prelude_bwv_857_Lisiecki04M
95,-15.128625,-4.401148,1 (Classical + Groove + Jazz),asap___Bach_Prelude_bwv_857_ToA01M
96,-15.745115,-3.8172224,1 (Classical + Groove + Jazz),asap___Bach_Prelude_bwv_857_WangA01M
97,-14.091572,-4.403822,1 (Classical + Groove + Jazz),asap___Bach_Prelude_bwv_857_YuP01M
98,-16.049528,-3.813736,1 (Classical + Groove + Jazz),asap___Bach_Prelude_bwv_858_VuV01M
99,-9.898943,-5.329667,1 (Classical + Groove + Jazz),asap___Bach_Prelude_bwv_858_Zhang01M
100,-11.189802,-5.808751,1 (Classical + Groove + Jazz),asap___Bach_Prelude_bwv_860_Ko04M
101,-12.051872,-5.5509195,1 (Classical + Groove + Jazz),asap___Bach_Prelude_bwv_860_Nikiforov05M
102,-11.814265,-5.170097,1 (Classical + Groove + Jazz),asap___Bach_Prelude_bwv_860_Tetzloff04M
103,-10.997133,-4.6002545,1 (Classical + Groove + Jazz),asap___Bach_Prelude_bwv_860_TuanS01M
104,-13.499452,-2.9386876,1 (Classical + Groove + Jazz),asap___Bach_Prelude_bwv_860_YoungS01M
105,-12.449124,-5.3979053,1 (Classical + Groove + Jazz),asap___Bach_Prelude_bwv_860_ZhangH04M
106,-12.683203,-5.19345,1 (Classical + Groove + Jazz),asap___Bach_Prelude_bwv_862_Song04M
107,-14.062596,-3.9913607,1 (Classical + Groove + Jazz),asap___Bach_Prelude_bwv_863_LeeN01M
108,-9.241771,-5.9437194,1 (Classical + Groove + Jazz),asap___Bach_Prelude_bwv_863_Shychko01M
109,-13.058604,-5.1005616,1 (Classical + Groove + Jazz),asap___Bach_Prelude_bwv_863_TongB01M
110,-13.475223,-2.907752,1 (Classical + Groove + Jazz),asap___Bach_Prelude_bwv_864_SunD01M
111,-8.567051,-5.841531,1 (Classical + Groove + Jazz),asap___Bach_Prelude_bwv_865_Rizikov01M
112,-9.0501,-5.8005137,1 (Classical + Groove + Jazz),asap___Bach_Prelude_bwv_865_Teo01M
113,-12.160262,-4.4555416,1 (Classical + Groove + Jazz),asap___Bach_Prelude_bwv_865_ZhangE01M
114,-15.305003,-3.389327,1 (Classical + Groove + Jazz),asap___Bach_Prelude_bwv_867_HuNY01M
115,-13.678165,-3.6804233,1 (Classical + Groove + Jazz),asap___Bach_Prelude_bwv_867_Sham01M
116,-13.456257,-5.1045504,1 (Classical + Groove + Jazz),asap___Bach_Prelude_bwv_868_GonzalezJ05M
117,-12.654826,-3.3648415,1 (Classical + Groove + Jazz),asap___Bach_Prelude_bwv_870_ChenW01M
118,-14.774014,-3.7088537,1 (Classical + Groove + Jazz),asap___Bach_Prelude_bwv_870_LeeE01M
119,-15.3242,-4.7529974,1 (Classical + Groove + Jazz),asap___Bach_Prelude_bwv_870_MaximovI01M
120,-15.706541,-4.1499667,1 (Classical + Groove + Jazz),asap___Bach_Prelude_bwv_873_Lisiecki13M
121,-8.426751,-5.8525014,1 (Classical + Groove + Jazz),asap___Bach_Prelude_bwv_874_BianF01M
122,-10.785385,-2.6845756,1 (Classical + Groove + Jazz),asap___Bach_Prelude_bwv_874_WongWY01M
123,-8.922141,-5.465016,1 (Classical + Groove + Jazz),asap___Bach_Prelude_bwv_875_Ahfat01M
124,-13.819061,-4.51583,1 (Classical + Groove + Jazz),asap___Bach_Prelude_bwv_875_CaoJ01M
125,-8.938039,-5.721178,1 (Classical + Groove + Jazz),asap___Bach_Prelude_bwv_875_HONG04M
126,-12.4620285,-4.1569486,1 (Classical + Groove + Jazz),asap___Bach_Prelude_bwv_876_SirajA01M
127,-9.917146,-5.467269,1 (Classical + Groove + Jazz),asap___Bach_Prelude_bwv_876_Song01M
128,-14.818083,-5.0276003,1 (Classical + Groove + Jazz),asap___Bach_Prelude_bwv_880_LeungR01M
129,-13.822127,-5.598371,1 (Classical + Groove + Jazz),asap___Bach_Prelude_bwv_880_WangA04M
130,-15.808616,-4.1631665,1 (Classical + Groove + Jazz),asap___Bach_Prelude_bwv_883_GuoE01M
131,-15.479548,-3.6181092,1 (Classical + Groove + Jazz),asap___Bach_Prelude_bwv_883_LuM01M
132,-12.70212,-4.6035147,1 (Classical + Groove + Jazz),asap___Bach_Prelude_bwv_884_LiA01M
133,-10.676063,-5.0561414,1 (Classical + Groove + Jazz),asap___Bach_Prelude_bwv_885_Guo01M
134,-14.334419,-4.853278,1 (Classical + Groove + Jazz),asap___Bach_Prelude_bwv_885_Huang04M
135,-16.123999,-4.176195,1 (Classical + Groove + Jazz),asap___Bach_Prelude_bwv_885_JeonH01M
136,-13.843942,-4.9313674,1 (Classical + Groove + Jazz),asap___Bach_Prelude_bwv_885_SINKEV06
137,-13.141334,-3.1217663,1 (Classical + Groove + Jazz),asap___Bach_Prelude_bwv_887_LiYZ01M
138,-15.508255,-3.378439,1 (Classical + Groove + Jazz),asap___Bach_Prelude_bwv_888_ZhaoK01M
139,-10.046482,-5.048633,1 (Classical + Groove + Jazz),asap___Bach_Prelude_bwv_889_Giesbrecht01M
140,-15.096374,-4.159991,1 (Classical + Groove + Jazz),asap___Bach_Prelude_bwv_889_LiuY01M
141,-13.12205,-2.7920384,1 (Classical + Groove + Jazz),asap___Bach_Prelude_bwv_889_MunA01M
142,-10.236435,-5.178782,1 (Classical + Groove + Jazz),asap___Bach_Prelude_bwv_889_Wang01M
143,-13.467793,-3.6082232,1 (Classical + Groove + Jazz),asap___Bach_Prelude_bwv_889_YangY02M
144,-12.962531,-3.9374068,1 (Classical + Groove + Jazz),asap___Bach_Prelude_bwv_889_ZhangW02M
145,-9.881111,-5.919727,1 (Classical + Groove + Jazz),asap___Bach_Prelude_bwv_891_BLINOV04M
146,-12.993143,-5.7170916,1 (Classical + Groove + Jazz),asap___Bach_Prelude_bwv_891_Duepree06M
147,-10.123171,-5.495479,1 (Classical + Groove + Jazz),asap___Bach_Prelude_bwv_892_Hou01M
148,-13.117855,-4.7309055,1 (Classical + Groove + Jazz),asap___Bach_Prelude_bwv_892_KabuliL01M
149,-13.975641,-5.0026236,1 (Classical + Groove + Jazz),asap___Bach_Prelude_bwv_893_Kleisen04M
150,-14.150617,-5.0570526,1 (Classical + Groove + Jazz),asap___Bach_Prelude_bwv_893_Levitsky04M
151,-15.1466255,-3.9477732,1 (Classical + Groove + Jazz),asap___Bach_Prelude_bwv_893_Wong01M
152,-7.9161763,-6.1795983,1 (Classical + Groove + Jazz),asap___Balakirev_Islamey_CHEN10M
153,-8.171302,-5.7010746,1 (Classical + Groove + Jazz),asap___Balakirev_Islamey_Na08M
154,-9.356002,-5.0223436,1 (Classical + Groove + Jazz),asap___Balakirev_Islamey_Yi04M
155,-10.336833,0.84063023,1 (Classical + Groove + Jazz),asap___Beethoven_Piano_Sonatas_10-1_Hou02M
156,-12.0567045,-5.6953716,1 (Classical + Groove + Jazz),asap___Beethoven_Piano_Sonatas_11-1_LiC03M
157,-11.514978,-4.5073013,1 (Classical + Groove + Jazz),asap___Beethoven_Piano_Sonatas_11-1_LiYZ03M
158,-12.479534,-6.014487,1 (Classical + Groove + Jazz),asap___Beethoven_Piano_Sonatas_11-1_MaximovI02M
159,-11.940521,-4.399992,1 (Classical + Groove + Jazz),asap___Beethoven_Piano_Sonatas_11-1_ZhaoK02M
160,-13.346628,-4.882263,1 (Classical + Groove + Jazz),asap___Beethoven_Piano_Sonatas_12-1_Kleisen05M
161,-8.344984,-6.116978,1 (Classical + Groove + Jazz),asap___Beethoven_Piano_Sonatas_16-1_BuiJL02M
162,-8.230669,-6.021945,1 (Classical + Groove + Jazz),asap___Beethoven_Piano_Sonatas_16-1_Khmara05M
163,-8.834979,-4.4626646,1 (Classical + Groove + Jazz),asap___Beethoven_Piano_Sonatas_16-1_LeeSH02M
164,-11.233486,-4.852795,1 (Classical + Groove + Jazz),asap___Beethoven_Piano_Sonatas_16-1_LuoJ03M
165,-10.472692,-5.397418,1 (Classical + Groove + Jazz),asap___Beethoven_Piano_Sonatas_16-1_Woo05M
166,-14.87734,-4.6459174,1 (Classical + Groove + Jazz),asap___Beethoven_Piano_Sonatas_17-1_KaszoS09M
167,-8.508338,-5.138798,1 (Classical + Groove + Jazz),asap___Beethoven_Piano_Sonatas_17-1_no_repeat_GuoE02M
168,-7.869181,-5.982655,1 (Classical + Groove + Jazz),asap___Beethoven_Piano_Sonatas_17-1_no_repeat_KabuliL02M
169,-8.885861,-5.9958024,1 (Classical + Groove + Jazz),asap___Beethoven_Piano_Sonatas_17-1_no_repeat_Richardson02M
170,-7.6177797,-5.831178,1 (Classical + Groove + Jazz),asap___Beethoven_Piano_Sonatas_17-1_no_repeat_TuanS02M
171,-7.711671,-6.0701113,1 (Classical + Groove + Jazz),asap___Beethoven_Piano_Sonatas_17-1_no_repeat_WangH03M
172,-15.252873,-4.6765084,1 (Classical + Groove + Jazz),asap___Beethoven_Piano_Sonatas_17-2_USHIKI05M
173,-11.513358,-5.1873307,1 (Classical + Groove + Jazz),asap___Beethoven_Piano_Sonatas_17-3_KaszoS11M
174,-9.064723,-5.0046015,1 (Classical + Groove + Jazz),asap___Beethoven_Piano_Sonatas_17-3_USHIKI05M
175,-13.362603,-3.0675216,1 (Classical + Groove + Jazz),asap___Beethoven_Piano_Sonatas_18-1_ChenGuang03M
176,-11.0945215,-4.3098984,1 (Classical + Groove + Jazz),asap___Beethoven_Piano_Sonatas_18-1_KOLESO06M
177,-11.752997,-3.4176085,1 (Classical + Groove + Jazz),asap___Beethoven_Piano_Sonatas_18-1_LeungR02M
178,-12.2796545,-5.068844,1 (Classical + Groove + Jazz),asap___Beethoven_Piano_Sonatas_18-1_Levitsky05M
179,-12.305399,-5.402917,1 (Classical + Groove + Jazz),asap___Beethoven_Piano_Sonatas_18-1_ZhangH05M
180,-10.442548,-4.5353813,1 (Classical + Groove + Jazz),asap___Beethoven_Piano_Sonatas_18-4_ChenGuang06M
181,-10.065276,-4.547358,1 (Classical + Groove + Jazz),asap___Beethoven_Piano_Sonatas_18-4_KOLESO06M
182,-8.203196,-6.0279913,1 (Classical + Groove + Jazz),asap___Beethoven_Piano_Sonatas_21-1_KaiRuiR02M
183,-9.456804,-3.2288113,1 (Classical + Groove + Jazz),asap___Beethoven_Piano_Sonatas_21-1_Sekino05M
184,-10.157409,-4.8371696,1 (Classical + Groove + Jazz),asap___Beethoven_Piano_Sonatas_21-1_no_repeat_GonzalezJ06M
185,-10.94214,-4.8278403,1 (Classical + Groove + Jazz),asap___Beethoven_Piano_Sonatas_21-1_no_repeat_KimSY02M
186,-11.892029,-3.1543474,1 (Classical + Groove + Jazz),asap___Beethoven_Piano_Sonatas_21-1_no_repeat_LeeN02M
187,-11.440062,-1.8346002,1 (Classical + Groove + Jazz),asap___Beethoven_Piano_Sonatas_21-1_no_repeat_RichardsonC02M
188,-9.0167265,-4.938567,1 (Classical + Groove + Jazz),asap___Beethoven_Piano_Sonatas_21-1_no_repeat_Shychko02M
189,-9.04252,-6.1084375,1 (Classical + Groove + Jazz),asap___Beethoven_Piano_Sonatas_21-1_no_repeat_Sladek02M
190,-10.492457,-5.04917,1 (Classical + Groove + Jazz),asap___Beethoven_Piano_Sonatas_21-1_no_repeat_Song03M
191,-9.36868,-2.4366155,1 (Classical + Groove + Jazz),asap___Beethoven_Piano_Sonatas_21-1_no_repeat_SunY02M
192,-9.916338,-3.648952,1 (Classical + Groove + Jazz),asap___Beethoven_Piano_Sonatas_21-1_no_repeat_Tetzloff05M
193,-11.199108,-4.325722,1 (Classical + Groove + Jazz),asap___Beethoven_Piano_Sonatas_21-1_no_repeat_ToA02M
194,-9.031767,-3.9464555,1 (Classical + Groove + Jazz),asap___Beethoven_Piano_Sonatas_21-1_no_repeat_TongB03M
195,-9.756497,-3.130926,1 (Classical + Groove + Jazz),asap___Beethoven_Piano_Sonatas_21-1_no_repeat_WangA02M
196,-12.164526,-2.2693093,1 (Classical + Groove + Jazz),asap___Beethoven_Piano_Sonatas_21-1_no_repeat_YeZ02M
197,-9.05525,-2.851351,1 (Classical + Groove + Jazz),asap___Beethoven_Piano_Sonatas_21-1_no_repeat_ZhangW01M
198,-15.794047,-4.44111,1 (Classical + Groove + Jazz),asap___Beethoven_Piano_Sonatas_21-2_YOO05M
199,-14.943559,-4.9627676,1 (Classical + Groove + Jazz),asap___Beethoven_Piano_Sonatas_21-3_KimSY04M
200,-15.641772,-4.911785,1 (Classical + Groove + Jazz),asap___Beethoven_Piano_Sonatas_21-3_Sekino05M
201,-14.512929,-4.7703657,1 (Classical + Groove + Jazz),asap___Beethoven_Piano_Sonatas_21-3_YOO05M
202,-12.002695,-4.86361,1 (Classical + Groove + Jazz),asap___Beethoven_Piano_Sonatas_22-2_KOLESO04M
203,-9.592724,-2.206151,1 (Classical + Groove + Jazz),asap___Beethoven_Piano_Sonatas_23-1_Duepree05M
204,-7.2041473,-6.2592626,1 (Classical + Groove + Jazz),asap___Beethoven_Piano_Sonatas_23-1_Guo03M
205,-7.930293,-5.998602,1 (Classical + Groove + Jazz),asap___Beethoven_Piano_Sonatas_23-1_LiuC02M
206,-7.2137785,-6.54414,1 (Classical + Groove + Jazz),asap___Beethoven_Piano_Sonatas_23-1_Mizumoto06M
207,-8.560553,-4.3249846,1 (Classical + Groove + Jazz),asap___Beethoven_Piano_Sonatas_23-1_Teo02M
208,-7.460004,-6.472987,1 (Classical + Groove + Jazz),asap___Beethoven_Piano_Sonatas_23-1_Yi02M
209,-13.62408,-0.82416046,1 (Classical + Groove + Jazz),asap___Beethoven_Piano_Sonatas_24-1_Lisiecki05M
210,-12.237754,-4.983198,1 (Classical + Groove + Jazz),asap___Beethoven_Piano_Sonatas_24-1_no_2_repeat_Cui06M
211,-12.05661,-4.647546,1 (Classical + Groove + Jazz),asap___Beethoven_Piano_Sonatas_24-1_no_2_repeat_DeTurck06M
212,-11.279296,-5.3308268,1 (Classical + Groove + Jazz),asap___Beethoven_Piano_Sonatas_24-1_no_repeat_Lou02M
213,-12.457456,-1.2654163,1 (Classical + Groove + Jazz),asap___Beethoven_Piano_Sonatas_24-2_Lisiecki05M
214,-15.697219,-2.0782955,1 (Classical + Groove + Jazz),asap___Beethoven_Piano_Sonatas_26-1_HuNY02M
215,-10.926338,-2.0664058,1 (Classical + Groove + Jazz),asap___Beethoven_Piano_Sonatas_26-1_Sham03M
216,-13.361006,-0.7367489,1 (Classical + Groove + Jazz),asap___Beethoven_Piano_Sonatas_26-1_Zhdanov05M
217,-11.745333,-3.8805864,1 (Classical + Groove + Jazz),asap___Beethoven_Piano_Sonatas_26-1_no_repeat_Kim02M
218,-15.84638,-3.9267159,1 (Classical + Groove + Jazz),asap___Beethoven_Piano_Sonatas_26-2_HONG05M
219,-16.869333,-4.574916,1 (Classical + Groove + Jazz),asap___Beethoven_Piano_Sonatas_26-2_LEE_K05M
220,-12.013432,-5.394596,1 (Classical + Groove + Jazz),asap___Beethoven_Piano_Sonatas_26-3_HONG05M
221,-8.213419,-4.28454,1 (Classical + Groove + Jazz),asap___Beethoven_Piano_Sonatas_26-3_Zhdanov05M
222,-11.9030285,-0.024864897,1 (Classical + Groove + Jazz),asap___Beethoven_Piano_Sonatas_27-1_GiacomelliN04M
223,-11.047988,0.045362305,1 (Classical + Groove + Jazz),asap___Beethoven_Piano_Sonatas_27-1_Ko05M
224,-10.4577675,-2.7287812,1 (Classical + Groove + Jazz),asap___Beethoven_Piano_Sonatas_27-1_MiyashitaM02M
225,-14.424035,-5.3713,1 (Classical + Groove + Jazz),asap___Beethoven_Piano_Sonatas_27-2_GiacomelliN05M
226,-12.53083,-2.804035,1 (Classical + Groove + Jazz),asap___Beethoven_Piano_Sonatas_28-1_KimHJ02M
227,-13.194163,-3.2742138,1 (Classical + Groove + Jazz),asap___Beethoven_Piano_Sonatas_28-1_KyykhynenT06M
228,-12.652695,-3.1678958,1 (Classical + Groove + Jazz),asap___Beethoven_Piano_Sonatas_28-1_WangY04M
229,-16.205503,-3.7805617,1 (Classical + Groove + Jazz),asap___Beethoven_Piano_Sonatas_3-2_MiyashitaM04M
230,-11.518597,-5.796728,1 (Classical + Groove + Jazz),asap___Beethoven_Piano_Sonatas_31-1_ADIG05M
231,-12.851127,-5.097972,1 (Classical + Groove + Jazz),asap___Beethoven_Piano_Sonatas_31-1_AbdelmoulaJS03M
232,-10.949644,-5.9117846,1 (Classical + Groove + Jazz),asap___Beethoven_Piano_Sonatas_31-1_Ahfat02M
233,-12.190008,-5.3154483,1 (Classical + Groove + Jazz),asap___Beethoven_Piano_Sonatas_31-1_BrendleA03M
234,-13.716903,-4.7883883,1 (Classical + Groove + Jazz),asap___Beethoven_Piano_Sonatas_31-1_HuangSW08M
235,-13.589539,-5.4176846,1 (Classical + Groove + Jazz),asap___Beethoven_Piano_Sonatas_31-1_LeungM03M
236,-11.386932,-5.2563796,1 (Classical + Groove + Jazz),asap___Beethoven_Piano_Sonatas_31-1_Na06M
237,-11.108024,-4.906167,1 (Classical + Groove + Jazz),asap___Beethoven_Piano_Sonatas_31-1_Zuber04M
238,-11.851566,-0.5050104,1 (Classical + Groove + Jazz),asap___Beethoven_Piano_Sonatas_31-2_ADIG05M
239,-11.438266,-6.112592,1 (Classical + Groove + Jazz),asap___Beethoven_Piano_Sonatas_32-1_DupreeF03M
240,-9.014516,-5.910693,1 (Classical + Groove + Jazz),asap___Beethoven_Piano_Sonatas_32-1_HouY04M
241,-8.897179,-4.4613233,1 (Classical + Groove + Jazz),asap___Beethoven_Piano_Sonatas_32-1_Jussow06M
242,-10.838898,-3.1260993,1 (Classical + Groove + Jazz),asap___Beethoven_Piano_Sonatas_4-1_Chon03M
243,-13.34086,-1.4617558,1 (Classical + Groove + Jazz),asap___Beethoven_Piano_Sonatas_4-1_LeeE02M
244,-11.675011,-0.115777485,1 (Classical + Groove + Jazz),asap___Beethoven_Piano_Sonatas_4-1_LiA04M
245,-11.662792,-3.2024515,1 (Classical + Groove + Jazz),asap___Beethoven_Piano_Sonatas_4-1_SirajA02M
246,-12.31137,-4.685094,1 (Classical + Groove + Jazz),asap___Beethoven_Piano_Sonatas_5-1_Colafelice02M
247,-12.420845,-3.0508215,1 (Classical + Groove + Jazz),asap___Beethoven_Piano_Sonatas_5-1_SunD02M
248,-10.830533,-5.890459,1 (Classical + Groove + Jazz),asap___Beethoven_Piano_Sonatas_7-1_Hebert01M
249,-8.783973,-5.9335704,1 (Classical + Groove + Jazz),asap___Beethoven_Piano_Sonatas_7-1_Larionova04M
250,-9.897933,-5.9189715,1 (Classical + Groove + Jazz),asap___Beethoven_Piano_Sonatas_7-1_LeeS02M
251,-8.370355,-5.866774,1 (Classical + Groove + Jazz),asap___Beethoven_Piano_Sonatas_7-1_Wang02M
252,-10.228457,-5.103594,1 (Classical + Groove + Jazz),asap___Beethoven_Piano_Sonatas_7-1_WangY01M
253,-9.519492,-4.667601,1 (Classical + Groove + Jazz),asap___Beethoven_Piano_Sonatas_7-1_ZhangE02M
254,-12.362565,-1.4192017,1 (Classical + Groove + Jazz),asap___Beethoven_Piano_Sonatas_7-4_Larionova04M
255,-14.918175,-3.7670631,1 (Classical + Groove + Jazz),asap___Beethoven_Piano_Sonatas_7-4_LeeS05M
256,-14.652154,-2.5006695,1 (Classical + Groove + Jazz),asap___Beethoven_Piano_Sonatas_8-1_Na06M
257,-8.920336,-5.5183997,1 (Classical + Groove + Jazz),asap___Beethoven_Piano_Sonatas_8-3_Na06M
258,-12.086387,-5.19089,1 (Classical + Groove + Jazz),asap___Beethoven_Piano_Sonatas_9-1_Tysman05M
259,-9.958865,-2.4592211,1 (Classical + Groove + Jazz),asap___Beethoven_Piano_Sonatas_9-3_Tysman05M
260,-14.891005,-3.6022086,1 (Classical + Groove + Jazz),asap___Chopin_Ballades_1_BuiJL04M
261,-10.676638,-3.0325227,1 (Classical + Groove + Jazz),asap___Chopin_Ballades_1_JIA06M
262,-8.805213,-4.3188257,1 (Classical + Groove + Jazz),asap___Chopin_Ballades_1_KimSuyeon04M
263,-12.464283,-2.2465477,1 (Classical + Groove + Jazz),asap___Chopin_Ballades_1_Mo07M
264,-9.341164,-2.584096,1 (Classical + Groove + Jazz),asap___Chopin_Ballades_1_MunA19M
265,-11.617541,-2.6111178,1 (Classical + Groove + Jazz),asap___Chopin_Ballades_1_Richardson13M
266,-10.773204,-4.489166,1 (Classical + Groove + Jazz),asap___Chopin_Ballades_1_Sladek04M
267,-7.575702,-6.555207,1 (Classical + Groove + Jazz),asap___Chopin_Ballades_1_Zhou06M
268,-15.513177,-4.936717,1 (Classical + Groove + Jazz),asap___Chopin_Ballades_3_Ko11M
269,-15.56568,-4.9323664,1 (Classical + Groove + Jazz),asap___Chopin_Ballades_3_LinPeng06M
270,-10.206926,-5.137379,1 (Classical + Groove + Jazz),asap___Chopin_Ballades_4_ChenC04M
271,-10.448612,-4.7608733,1 (Classical + Groove + Jazz),asap___Chopin_Ballades_4_Kociuban07M
272,-13.2325,-4.8552127,1 (Classical + Groove + Jazz),asap___Chopin_Ballades_4_Levitsky18M
273,-12.762545,-4.392839,1 (Classical + Groove + Jazz),asap___Chopin_Ballades_4_LuEric04M
274,-10.053298,-5.124903,1 (Classical + Groove + Jazz),asap___Chopin_Ballades_4_MiyashitaM04M
275,-11.6998415,-4.5149136,1 (Classical + Groove + Jazz),asap___Chopin_Ballades_4_Mizumoto02M
276,-12.425485,-4.8485174,1 (Classical + Groove + Jazz),asap___Chopin_Ballades_4_Nikiforov13M
277,-13.349111,-5.244335,1 (Classical + Groove + Jazz),asap___Chopin_Barcarolle_LeeSH05M
278,-8.829785,-3.5228786,1 (Classical + Groove + Jazz),asap___Chopin_Barcarolle_Na09M
279,-13.006552,-4.960055,1 (Classical + Groove + Jazz),asap___Chopin_Barcarolle_Ozel10M
280,-14.89722,-4.7993593,1 (Classical + Groove + Jazz),asap___Chopin_Barcarolle_Park10M
281,-9.172302,-6.263176,1 (Classical + Groove + Jazz),asap___Chopin_Barcarolle_Rozanski07M
282,-14.131286,-5.056423,1 (Classical + Groove + Jazz),asap___Chopin_Berceuse_op_57_LeungM07M
283,-13.3775,-4.7822714,1 (Classical + Groove + Jazz),asap___Chopin_Berceuse_op_57_MiyashitaM06M
284,-14.279126,-5.3070993,1 (Classical + Groove + Jazz),asap___Chopin_Berceuse_op_57_Tario07M
285,-11.212794,-6.18142,1 (Classical + Groove + Jazz),asap___Chopin_Berceuse_op_57_Teo11M
286,-14.461656,-4.8270426,1 (Classical + Groove + Jazz),asap___Chopin_Berceuse_op_57_ZhangE09M
287,-8.41562,-6.029705,1 (Classical + Groove + Jazz),asap___Chopin_Etudes_op_10_10_WangH02M
288,-7.393483,-5.8142905,1 (Classical + Groove + Jazz),asap___Chopin_Etudes_op_10_12_Bult-ItoS04M
289,-8.188431,-4.8501863,1 (Classical + Groove + Jazz),asap___Chopin_Etudes_op_10_12_HuNY03M
290,-7.160528,-6.0234747,1 (Classical + Groove + Jazz),asap___Chopin_Etudes_op_10_12_LuoJ08M
291,-7.5134573,-5.348121,1 (Classical + Groove + Jazz),asap___Chopin_Etudes_op_10_12_WuuE06M
292,-7.6775956,-6.556047,1 (Classical + Groove + Jazz),asap___Chopin_Etudes_op_10_12_ZhangYunling02M
293,-7.274079,-4.94554,1 (Classical + Groove + Jazz),asap___Chopin_Etudes_op_10_1_ChenW03M
294,-7.6975713,-6.2926784,1 (Classical + Groove + Jazz),asap___Chopin_Etudes_op_10_1_KaiRuiR03M
295,-7.119445,-5.749555,1 (Classical + Groove + Jazz),asap___Chopin_Etudes_op_10_1_LiYZ02M
296,-8.420149,-3.0001333,1 (Classical + Groove + Jazz),asap___Chopin_Etudes_op_10_1_LuM02M
297,-7.936667,-5.0159774,1 (Classical + Groove + Jazz),asap___Chopin_Etudes_op_10_1_MunA07M
298,-7.968298,-5.817588,1 (Classical + Groove + Jazz),asap___Chopin_Etudes_op_10_1_SunY03M
299,-9.00599,-6.1400037,1 (Classical + Groove + Jazz),asap___Chopin_Etudes_op_10_1_YeF03M
300,-7.9948726,-5.824953,1 (Classical + Groove + Jazz),asap___Chopin_Etudes_op_10_1_YuP02M
301,-12.771739,-4.47814,1 (Classical + Groove + Jazz),asap___Chopin_Etudes_op_10_2_Hebert03M
302,-11.013058,-2.6313312,1 (Classical + Groove + Jazz),asap___Chopin_Etudes_op_10_2_JeonH02M
303,-8.945575,-5.3559856,1 (Classical + Groove + Jazz),asap___Chopin_Etudes_op_10_4_Duepree06M
304,-10.8636675,-3.6101065,1 (Classical + Groove + Jazz),asap___Chopin_Etudes_op_10_4_Knoll03M
305,-8.968844,-5.158007,1 (Classical + Groove + Jazz),asap___Chopin_Etudes_op_10_4_Kurz03M
306,-8.885401,-4.282774,1 (Classical + Groove + Jazz),asap___Chopin_Etudes_op_10_4_LeeSH03M
307,-10.956938,-4.658864,1 (Classical + Groove + Jazz),asap___Chopin_Etudes_op_10_4_Richardson_2013_03M
308,-8.797973,-5.745197,1 (Classical + Groove + Jazz),asap___Chopin_Etudes_op_10_4_Sladek03M
309,-8.959837,-5.657475,1 (Classical + Groove + Jazz),asap___Chopin_Etudes_op_10_4_Yi03M
310,-9.681093,-4.777696,1 (Classical + Groove + Jazz),asap___Chopin_Etudes_op_10_4_ZhangE03M
311,-9.020774,-4.8325205,1 (Classical + Groove + Jazz),asap___Chopin_Etudes_op_10_4_ZhaoA03M
312,-11.298872,-5.142232,1 (Classical + Groove + Jazz),asap___Chopin_Etudes_op_10_5_LiA03M
313,-10.619701,-5.469754,1 (Classical + Groove + Jazz),asap___Chopin_Etudes_op_10_5_LiC02M
314,-11.707795,-4.97096,1 (Classical + Groove + Jazz),asap___Chopin_Etudes_op_10_5_ZhangW03M
315,-9.88541,-5.8797603,1 (Classical + Groove + Jazz),asap___Chopin_Etudes_op_10_8_KyykhynenT09M
316,-8.746212,-5.7842665,1 (Classical + Groove + Jazz),asap___Chopin_Etudes_op_10_8_Lou03M
317,-11.478267,-3.8123627,1 (Classical + Groove + Jazz),asap___Chopin_Etudes_op_10_8_LuEric03M
318,-10.116861,-4.6183805,1 (Classical + Groove + Jazz),asap___Chopin_Etudes_op_10_8_MiyashitaM05M
319,-8.716511,-5.8367286,1 (Classical + Groove + Jazz),asap___Chopin_Etudes_op_10_8_Rizikov03M
320,-10.422915,-5.8492346,1 (Classical + Groove + Jazz),asap___Chopin_Etudes_op_10_8_Tetzloff07M
321,-8.98301,-6.030322,1 (Classical + Groove + Jazz),asap___Chopin_Etudes_op_10_8_Zhou03M
322,-13.769272,-5.3935633,1 (Classical + Groove + Jazz),asap___Chopin_Etudes_op_25_10_Guo02M
323,-14.506631,-4.3471093,1 (Classical + Groove + Jazz),asap___Chopin_Etudes_op_25_10_Ozel05M
324,-12.867853,-4.9107313,1 (Classical + Groove + Jazz),asap___Chopin_Etudes_op_25_10_WangA03M
325,-8.406396,-5.316176,1 (Classical + Groove + Jazz),asap___Chopin_Etudes_op_25_11_KimSuyeon03M
326,-8.920422,-5.593022,1 (Classical + Groove + Jazz),asap___Chopin_Etudes_op_25_11_KyykhynenT10M
327,-9.99792,-5.356371,1 (Classical + Groove + Jazz),asap___Chopin_Etudes_op_25_11_Lisiecki07M
328,-8.777729,-4.5917544,1 (Classical + Groove + Jazz),asap___Chopin_Etudes_op_25_11_MiyashitaM03M
329,-9.967991,-5.8461785,1 (Classical + Groove + Jazz),asap___Chopin_Etudes_op_25_11_Richardson_2013_08M
330,-9.178446,-4.295165,1 (Classical + Groove + Jazz),asap___Chopin_Etudes_op_25_11_Richardson_2015_03M
331,-8.339873,-5.66326,1 (Classical + Groove + Jazz),asap___Chopin_Etudes_op_25_11_Sham02M
332,-8.006975,-6.244377,1 (Classical + Groove + Jazz),asap___Chopin_Etudes_op_25_11_Shychko03M
333,-7.9767594,-6.3293133,1 (Classical + Groove + Jazz),asap___Chopin_Etudes_op_25_11_Song02M
334,-8.793611,-4.6196995,1 (Classical + Groove + Jazz),asap___Chopin_Etudes_op_25_11_WangA02M
335,-7.28284,-6.217959,1 (Classical + Groove + Jazz),asap___Chopin_Etudes_op_25_12_BorickC04M
336,-7.3985844,-6.6676855,1 (Classical + Groove + Jazz),asap___Chopin_Etudes_op_25_12_HouKimberly03M
337,-7.018714,-6.450252,1 (Classical + Groove + Jazz),asap___Chopin_Etudes_op_25_12_LuA04M
338,-11.189123,-4.754039,1 (Classical + Groove + Jazz),asap___Chopin_Etudes_op_25_1_LeeN03M
339,-9.634813,-6.136359,1 (Classical + Groove + Jazz),asap___Chopin_Etudes_op_25_1_TongB02M
340,-11.179503,-5.397611,1 (Classical + Groove + Jazz),asap___Chopin_Etudes_op_25_1_TuanS04M
341,-13.171436,-5.7342887,1 (Classical + Groove + Jazz),asap___Chopin_Etudes_op_25_1_Wong03M
342,-16.032251,-4.9595027,1 (Classical + Groove + Jazz),asap___Chopin_Scherzos_20_Kurz04M
343,-15.90185,-4.562384,1 (Classical + Groove + Jazz),asap___Chopin_Scherzos_20_Wong04M
344,-15.099066,-5.540073,1 (Classical + Groove + Jazz),asap___Chopin_Scherzos_20_ZhangYunling04M
345,-15.201589,-2.0105288,1 (Classical + Groove + Jazz),asap___Chopin_Scherzos_31_ChenW04M
346,-15.940119,-3.84565,1 (Classical + Groove + Jazz),asap___Chopin_Scherzos_31_HuNY08M
347,-16.184092,-4.362731,1 (Classical + Groove + Jazz),asap___Chopin_Scherzos_31_Jussow11M
348,-16.030842,-3.7767231,1 (Classical + Groove + Jazz),asap___Chopin_Scherzos_31_LeeN04M
349,-14.990388,-3.7167566,1 (Classical + Groove + Jazz),asap___Chopin_Scherzos_31_LinTami06M
350,-14.222475,-3.3456802,1 (Classical + Groove + Jazz),asap___Chopin_Scherzos_31_LuoJ12M
351,-15.794451,-3.7067854,1 (Classical + Groove + Jazz),asap___Chopin_Scherzos_31_SunD04M
352,-15.170889,-3.8079994,1 (Classical + Groove + Jazz),asap___Chopin_Scherzos_31_TongB04M
353,-15.119685,-4.1598077,1 (Classical + Groove + Jazz),asap___Chopin_Scherzos_31_TuanS05M
354,-14.803694,-3.99551,1 (Classical + Groove + Jazz),asap___Chopin_Scherzos_31_ZhangW04M
355,-11.05302,-4.648402,1 (Classical + Groove + Jazz),asap___Chopin_Scherzos_39_Arciglione13M
356,-11.932263,-3.110552,1 (Classical + Groove + Jazz),asap___Chopin_Scherzos_39_Bult-ItoS05M
357,-11.2517605,-6.584798,1 (Classical + Groove + Jazz),asap___Chopin_Sonata_2_4th_KaszoS16M
358,-9.258666,-6.169045,1 (Classical + Groove + Jazz),asap___Chopin_Sonata_3_4th_GarritsonL11M
359,-10.732179,-4.846185,1 (Classical + Groove + Jazz),asap___Chopin_Sonata_3_4th_HuangSW06M
360,-8.532581,-5.839608,1 (Classical + Groove + Jazz),asap___Chopin_Sonata_3_4th_KimSJ10M
361,-10.315875,-5.849975,1 (Classical + Groove + Jazz),asap___Chopin_Sonata_3_4th_KimSY23M
362,-10.526682,-4.946357,1 (Classical + Groove + Jazz),asap___Debussy_Images_Book_1_1_Reflets_dans_lEau_Kleisen11M
363,-11.180133,-3.6601717,1 (Classical + Groove + Jazz),asap___Debussy_Images_Book_1_1_Reflets_dans_lEau_ParkJH13M
364,-13.803095,-4.2118773,1 (Classical + Groove + Jazz),asap___Haydn_Keyboard_Sonatas_31-1_Song05M
365,-10.512698,-4.1143823,1 (Classical + Groove + Jazz),asap___Haydn_Keyboard_Sonatas_39-1_Yarden07M
366,-9.96254,-4.680615,1 (Classical + Groove + Jazz),asap___Haydn_Keyboard_Sonatas_39-3_Yarden07M
367,-14.098248,-0.5502776,1 (Classical + Groove + Jazz),asap___Haydn_Keyboard_Sonatas_46-1_WongWY02M
368,-12.739423,-2.3914673,1 (Classical + Groove + Jazz),asap___Haydn_Keyboard_Sonatas_46-1_YuP03M
369,-15.409633,-3.8045125,1 (Classical + Groove + Jazz),asap___Haydn_Keyboard_Sonatas_48-1_GarritsonL02M
370,-16.012627,-4.1715946,1 (Classical + Groove + Jazz),asap___Haydn_Keyboard_Sonatas_48-1_PrjevalskayaM02M
371,-12.980809,-4.776279,1 (Classical + Groove + Jazz),asap___Haydn_Keyboard_Sonatas_48-2_GarritsonL03M
372,-12.592606,-5.015779,1 (Classical + Groove + Jazz),asap___Haydn_Keyboard_Sonatas_48-2_PrjevalskayaM03M
373,-15.025403,-4.358831,1 (Classical + Groove + Jazz),asap___Haydn_Keyboard_Sonatas_50-1_no_repeat_GalantM02M
374,-15.599086,-4.380656,1 (Classical + Groove + Jazz),asap___Haydn_Keyboard_Sonatas_50-1_no_repeat_HamSY02M
375,-11.944987,-2.6241019,1 (Classical + Groove + Jazz),asap___Haydn_Keyboard_Sonatas_50-1_no_repeat_Huang05M
376,-13.209649,-0.3566488,1 (Classical + Groove + Jazz),asap___Haydn_Keyboard_Sonatas_50-1_no_repeat_JeonH03M
377,-12.468769,-4.199992,1 (Classical + Groove + Jazz),asap___Haydn_Keyboard_Sonatas_50-1_no_repeat_KARYAG06M
378,-12.887182,-2.664312,1 (Classical + Groove + Jazz),asap___Haydn_Keyboard_Sonatas_50-1_no_repeat_Shi07M
379,-14.422268,-1.4606946,1 (Classical + Groove + Jazz),asap___Haydn_Keyboard_Sonatas_50-1_no_repeat_YoungS02M
380,-14.948779,-3.943917,1 (Classical + Groove + Jazz),asap___Liszt_Annees_de_pelerinage_2_1_Gondoliera_LeungM08M
381,-15.292455,-3.6231365,1 (Classical + Groove + Jazz),asap___Liszt_Annees_de_pelerinage_2_1_Gondoliera_LeungM12M
382,-16.371624,-4.8283787,1 (Classical + Groove + Jazz),asap___Liszt_Ballade_2_GarritsonL04M
383,-14.33124,-5.249452,1 (Classical + Groove + Jazz),asap___Liszt_Ballade_2_Jin07M
384,-13.493169,-5.623213,1 (Classical + Groove + Jazz),asap___Liszt_Ballade_2_Min06M
385,-7.6900725,-6.607389,1 (Classical + Groove + Jazz),asap___Liszt_Concert_Etude_S145_1_Kleisen06M
386,-7.422637,-6.3573675,1 (Classical + Groove + Jazz),asap___Liszt_Concert_Etude_S145_1_Woo06M
387,-10.213581,-4.8742404,1 (Classical + Groove + Jazz),asap___Liszt_Concert_Etude_S145_2_Lu03M
388,-11.571368,-4.6385226,1 (Classical + Groove + Jazz),asap___Liszt_Concert_Etude_S145_2_Tario06M
389,-12.748964,-3.305256,1 (Classical + Groove + Jazz),asap___Liszt_Gran_Etudes_de_Paganini_2_La_campanella_BuiJL03M
390,-13.256495,-3.7298646,1 (Classical + Groove + Jazz),asap___Liszt_Gran_Etudes_de_Paganini_2_La_campanella_LeungR04M
391,-14.120619,-4.458716,1 (Classical + Groove + Jazz),asap___Liszt_Gran_Etudes_de_Paganini_2_La_campanella_Levitsky06M
392,-13.072477,-4.3042593,1 (Classical + Groove + Jazz),asap___Liszt_Gran_Etudes_de_Paganini_2_La_campanella_Lin07M
393,-14.662407,-2.035867,1 (Classical + Groove + Jazz),asap___Liszt_Gran_Etudes_de_Paganini_2_La_campanella_LiuC05M
394,-12.334496,-3.4020329,1 (Classical + Groove + Jazz),asap___Liszt_Gran_Etudes_de_Paganini_2_La_campanella_LiuY03M
395,-12.749024,-2.8785665,1 (Classical + Groove + Jazz),asap___Liszt_Gran_Etudes_de_Paganini_2_La_campanella_MunA08M
396,-13.322344,-2.698708,1 (Classical + Groove + Jazz),asap___Liszt_Gran_Etudes_de_Paganini_2_La_campanella_VuV06M
397,-15.116266,-3.0770724,1 (Classical + Groove + Jazz),asap___Liszt_Gran_Etudes_de_Paganini_2_La_campanella_Yang05M
398,-12.143632,-3.8492177,1 (Classical + Groove + Jazz),asap___Liszt_Gran_Etudes_de_Paganini_2_La_campanella_ZhangH07M
399,-11.422842,-4.5788956,1 (Classical + Groove + Jazz),asap___Liszt_Gran_Etudes_de_Paganini_6_Theme_and_Variations_WangA07M
400,-14.390184,-4.471764,1 (Classical + Groove + Jazz),asap___Liszt_Gran_Etudes_de_Paganini_6_Theme_and_Variations_repeat_KanM09M
401,-13.87455,-4.9113226,1 (Classical + Groove + Jazz),asap___Liszt_Transcendental_Etudes_3_Huang14M
402,-13.938704,-3.843798,1 (Classical + Groove + Jazz),asap___Liszt_Transcendental_Etudes_5_Huang16M
403,-14.533351,-4.060503,1 (Classical + Groove + Jazz),asap___Liszt_Transcendental_Etudes_5_LiuY06M
404,-15.135795,-3.164809,1 (Classical + Groove + Jazz),asap___Liszt_Transcendental_Etudes_5_Min03M
405,-15.548488,-3.4606416,1 (Classical + Groove + Jazz),asap___Liszt_Transcendental_Etudes_5_Park03M
406,-11.282713,-4.5118914,1 (Classical + Groove + Jazz),asap___Liszt_Transcendental_Etudes_5_Wang06M
407,-11.9365835,-2.653745,1 (Classical + Groove + Jazz),asap___Liszt_Transcendental_Etudes_5_WangY02M
408,-11.874668,-0.7982454,1 (Classical + Groove + Jazz),asap___Mozart_Piano_Sonatas_12-1_MunA03M
409,-12.9900055,-1.8660729,1 (Classical + Groove + Jazz),asap___Mozart_Piano_Sonatas_12-1_WuuE02M
410,-12.48888,-2.8665357,1 (Classical + Groove + Jazz),asap___Mozart_Piano_Sonatas_12-3_MunA05M
411,-11.825118,-2.9459379,1 (Classical + Groove + Jazz),asap___Mozart_Piano_Sonatas_12-3_WuuE04M
412,-15.33031,-4.8318405,1 (Classical + Groove + Jazz),asap___Rachmaninoff_Preludes_op_23_4_ChenGuang12M
413,-13.057892,-3.9336023,1 (Classical + Groove + Jazz),asap___Rachmaninoff_Preludes_op_23_4_WuuE07M
414,-14.08808,-4.872498,1 (Classical + Groove + Jazz),asap___Rachmaninoff_Preludes_op_23_6_Nikiforov14M
415,-10.978839,-3.5339866,1 (Classical + Groove + Jazz),asap___Schubert_Impromptu_op.90_D.899_1_Duepree08M
416,-12.439147,-4.088369,1 (Classical + Groove + Jazz),asap___Schubert_Impromptu_op.90_D.899_1_Jin05M
417,-10.5493355,-3.4008255,1 (Classical + Groove + Jazz),asap___Schubert_Impromptu_op.90_D.899_1_Teo06M
418,-10.894165,-6.005134,1 (Classical + Groove + Jazz),asap___Schubert_Impromptu_op.90_D.899_2_Denisova11M
419,-12.858722,-4.503427,1 (Classical + Groove + Jazz),asap___Schubert_Impromptu_op.90_D.899_2_FaB06M
420,-12.127644,-3.6460836,1 (Classical + Groove + Jazz),asap___Schubert_Impromptu_op.90_D.899_2_HuNY06M
421,-10.801965,-3.9354057,1 (Classical + Groove + Jazz),asap___Schubert_Impromptu_op.90_D.899_2_KaiRuiR05M
422,-12.416666,-5.1997485,1 (Classical + Groove + Jazz),asap___Schubert_Impromptu_op.90_D.899_2_Levitsky09M
423,-12.188207,-5.265183,1 (Classical + Groove + Jazz),asap___Schubert_Impromptu_op.90_D.899_2_Nikiforov09M
424,-9.654041,-6.0930276,1 (Classical + Groove + Jazz),asap___Schubert_Impromptu_op.90_D.899_3_Hou06M
425,-11.781767,-5.7064977,1 (Classical + Groove + Jazz),asap___Schubert_Impromptu_op.90_D.899_3_JeonH06M
426,-11.495712,-5.403959,1 (Classical + Groove + Jazz),asap___Schubert_Impromptu_op.90_D.899_3_Ko08M
427,-11.030636,-5.686196,1 (Classical + Groove + Jazz),asap___Schubert_Impromptu_op.90_D.899_3_Kociuban10M
428,-12.140588,-5.693936,1 (Classical + Groove + Jazz),asap___Schubert_Impromptu_op.90_D.899_3_LEE_K04M
429,-10.707944,-5.863667,1 (Classical + Groove + Jazz),asap___Schubert_Impromptu_op.90_D.899_3_LeeSH08M
430,-8.668165,-6.319794,1 (Classical + Groove + Jazz),asap___Schubert_Impromptu_op.90_D.899_3_Mizumoto07M
431,-13.550563,-5.055589,1 (Classical + Groove + Jazz),asap___Schubert_Impromptu_op.90_D.899_3_Woo10M
432,-12.260142,-3.7047248,1 (Classical + Groove + Jazz),asap___Schubert_Impromptu_op.90_D.899_3_WuuE10M
433,-11.728458,-4.9949503,1 (Classical + Groove + Jazz),asap___Schubert_Impromptu_op.90_D.899_3_ZhangW07M
434,-13.097333,-3.888814,1 (Classical + Groove + Jazz),asap___Schubert_Impromptu_op.90_D.899_3_ZhaoK10M
435,-13.950104,-4.999246,1 (Classical + Groove + Jazz),asap___Schubert_Impromptu_op.90_D.899_4_no_repeat_Huang10M
436,-13.969769,-5.124904,1 (Classical + Groove + Jazz),asap___Schubert_Impromptu_op.90_D.899_4_no_repeat_Lin11M
437,-13.858696,-4.144204,1 (Classical + Groove + Jazz),asap___Schubert_Impromptu_op.90_D.899_4_no_repeat_LuoJ09M
438,-9.391501,-5.9931097,1 (Classical + Groove + Jazz),asap___Schubert_Impromptu_op.90_D.899_4_no_repeat_WongWY08M
439,-12.437578,-5.7109675,1 (Classical + Groove + Jazz),asap___Schubert_Impromptu_op142_1_Kleisen10M
440,-14.968647,-5.3236446,1 (Classical + Groove + Jazz),asap___Schubert_Impromptu_op142_1_Lisiecki10M
441,-9.931503,-6.198631,1 (Classical + Groove + Jazz),asap___Schubert_Impromptu_op142_1_Ozaki07M
442,-14.659134,-4.948114,1 (Classical + Groove + Jazz),asap___Schubert_Impromptu_op142_3_Richardson07M
443,-13.11055,-3.688518,1 (Classical + Groove + Jazz),asap___Schubert_Impromptu_op142_3_RichardsonC06M
444,-11.498024,-4.370875,1 (Classical + Groove + Jazz),asap___Schubert_Impromptu_op142_3_SunY08M
445,-14.322873,-5.1173034,1 (Classical + Groove + Jazz),asap___Schubert_Impromptu_op142_3_WangH06M
446,-14.418231,-3.8105414,1 (Classical + Groove + Jazz),asap___Schubert_Impromptu_op142_3_YoungS06M
447,-16.224436,-4.714594,1 (Classical + Groove + Jazz),asap___Schubert_Moment_Musical_no_1_MunA10M
448,-12.429953,-4.666336,1 (Classical + Groove + Jazz),asap___Schubert_Moment_musical_no_3_Tetzloff09M
449,-16.602358,-4.507254,1 (Classical + Groove + Jazz),asap___Schubert_Piano_Sonatas_664-1_BuiJL06M
450,-13.526811,-2.6881793,1 (Classical + Groove + Jazz),asap___Schubert_Piano_Sonatas_664-1_KabuliL10M
451,-16.522694,-4.418852,1 (Classical + Groove + Jazz),asap___Schubert_Piano_Sonatas_664-1_Mo10M
452,-10.483384,-4.371967,1 (Classical + Groove + Jazz),asap___Schubert_Piano_Sonatas_664-3_KabuliL12M
453,-15.7281275,-4.0611672,1 (Classical + Groove + Jazz),asap___Schubert_Piano_Sonatas_894-2_Yeletskiy08M
454,-15.859741,-4.0105963,1 (Classical + Groove + Jazz),asap___Schubert_Piano_Sonatas_894-2_no_repeat_CHEN11M
455,-13.665727,-3.5977008,1 (Classical + Groove + Jazz),asap___Schubert_Piano_Sonatas_894-2_no_repeat_Lee10M
456,-14.414178,-3.8704197,1 (Classical + Groove + Jazz),asap___Schubert_Piano_Sonatas_894-2_no_repeat_SINKEV12M
457,-15.251625,-5.2320166,1 (Classical + Groove + Jazz),asap___Schubert_Wanderer_fantasie_Larionova05M
458,-14.29388,-5.3981533,1 (Classical + Groove + Jazz),asap___Schubert_Wanderer_fantasie_SunY10M
459,-15.158886,-4.7569847,1 (Classical + Groove + Jazz),asap___Schumann_Arabeske_Min09M
460,-14.239358,-5.4132457,1 (Classical + Groove + Jazz),asap___Schumann_Arabeske_ParkS15M
461,-15.25875,-4.874358,1 (Classical + Groove + Jazz),asap___Schumann_Kreisleriana_1_ParkJH04M
462,-14.41437,-5.3942294,1 (Classical + Groove + Jazz),asap___Schumann_Kreisleriana_1_Yarden09M
463,-15.542981,-4.8270354,1 (Classical + Groove + Jazz),asap___Schumann_Kreisleriana_1_no_first_repeat_JohannsonP02M
464,-11.190727,-5.967428,1 (Classical + Groove + Jazz),asap___Schumann_Toccata_WangY07M
465,-8.542047,-5.865551,1 (Classical + Groove + Jazz),asap___Schumann_Toccata_no_repeat_DupreeF13M
466,-15.655364,-4.873696,1 (Classical + Groove + Jazz),asap___Scriabin_Etudes_op_8_11_Shi08M
467,-8.330289,-5.753244,1 (Classical + Groove + Jazz),asap___Scriabin_Sonatas_5_ChernovA06M
468,-8.028763,-6.0354605,1 (Classical + Groove + Jazz),asap___Scriabin_Sonatas_5_FaB05M
469,-8.210446,-5.687803,1 (Classical + Groove + Jazz),asap___Scriabin_Sonatas_5_GarritsonL06M
470,-7.7722254,-4.2270203,1 (Classical + Groove + Jazz),asap___Scriabin_Sonatas_5_Ko07M
471,-7.4287047,-4.946247,1 (Classical + Groove + Jazz),asap___Scriabin_Sonatas_5_Na07M
472,-8.317012,-5.448188,1 (Classical + Groove + Jazz),asap___Scriabin_Sonatas_5_Yeletskiy07M
473,-0.10139906,-2.4510868,3 (Jazz + Pop + Rock),ballroom___ballroom_Albums-AnaBelen_Veneo-01
474,11.973223,1.9607991,2 (Pop + Rock + HJDB + Hip-Hop),ballroom___ballroom_Albums-AnaBelen_Veneo-02
475,-0.0630757,-2.1234753,3 (Jazz + Pop + Rock),ballroom___ballroom_Albums-AnaBelen_Veneo-03
476,2.5006988,-3.6123662,3 (Jazz + Pop + Rock),ballroom___ballroom_Albums-AnaBelen_Veneo-11
477,-3.3765686,0.57515067,3 (Jazz + Pop + Rock),ballroom___ballroom_Albums-AnaBelen_Veneo-13
478,-3.7909672,-5.658646,3 (Jazz + Pop + Rock),ballroom___ballroom_Albums-Ballroom_Classics4-01
479,0.8705152,-2.5071747,3 (Jazz + Pop + Rock),ballroom___ballroom_Albums-Ballroom_Classics4-02
480,-3.8193026,-4.080454,3 (Jazz + Pop + Rock),ballroom___ballroom_Albums-Ballroom_Classics4-03
481,-1.1179031,-3.3614066,3 (Jazz + Pop + Rock),ballroom___ballroom_Albums-Ballroom_Classics4-04
482,-0.7155067,-2.716136,3 (Jazz + Pop + Rock),ballroom___ballroom_Albums-Ballroom_Classics4-05
483,0.6417868,-0.30062273,3 (Jazz + Pop + Rock),ballroom___ballroom_Albums-Ballroom_Classics4-06
484,6.5569725,0.8615131,2 (Pop + Rock + HJDB + Hip-Hop),ballroom___ballroom_Albums-Ballroom_Classics4-07
485,7.06065,-2.3099558,2 (Pop + Rock + HJDB + Hip-Hop),ballroom___ballroom_Albums-Ballroom_Classics4-08
486,5.0531054,-1.9042553,3 (Jazz + Pop + Rock),ballroom___ballroom_Albums-Ballroom_Classics4-09
487,-3.3633506,-0.17150931,3 (Jazz + Pop + Rock),ballroom___ballroom_Albums-Ballroom_Classics4-10
488,2.1035686,-1.0838617,3 (Jazz + Pop + Rock),ballroom___ballroom_Albums-Ballroom_Classics4-11
489,-2.2905433,-0.00019346873,3 (Jazz + Pop + Rock),ballroom___ballroom_Albums-Ballroom_Classics4-12
490,0.74678034,-0.6115991,3 (Jazz + Pop + Rock),ballroom___ballroom_Albums-Ballroom_Classics4-13
491,2.119933,-1.7711319,3 (Jazz + Pop + Rock),ballroom___ballroom_Albums-Ballroom_Classics4-14
492,7.177922,0.26531962,2 (Pop + Rock + HJDB + Hip-Hop),ballroom___ballroom_Albums-Ballroom_Classics4-18
493,2.3788948,4.306032,3 (Jazz + Pop + Rock),ballroom___ballroom_Albums-Ballroom_Classics4-19
494,4.466664,2.7130723,3 (Jazz + Pop + Rock),ballroom___ballroom_Albums-Ballroom_Classics4-20
495,2.014258,-3.5313387,3 (Jazz + Pop + Rock),ballroom___ballroom_Albums-Ballroom_Magic-01
496,4.775537,-3.313666,3 (Jazz + Pop + Rock),ballroom___ballroom_Albums-Ballroom_Magic-02
497,-10.9740715,2.8565156,1 (Classical + Groove + Jazz),ballroom___ballroom_Albums-Ballroom_Magic-03
498,-1.9344742,-3.1930552,3 (Jazz + Pop + Rock),ballroom___ballroom_Albums-Ballroom_Magic-04
499,-0.8140803,-4.8124776,3 (Jazz + Pop + Rock),ballroom___ballroom_Albums-Ballroom_Magic-05
500,4.856047,-2.6515183,3 (Jazz + Pop + Rock),ballroom___ballroom_Albums-Ballroom_Magic-06
501,1.7945141,4.141515,3 (Jazz + Pop + Rock),ballroom___ballroom_Albums-Ballroom_Magic-07
502,7.1402183,1.1315908,2 (Pop + Rock + HJDB + Hip-Hop),ballroom___ballroom_Albums-Ballroom_Magic-08
503,4.966474,-5.5004435,3 (Jazz + Pop + Rock),ballroom___ballroom_Albums-Ballroom_Magic-09
504,5.1384654,-3.1151392,3 (Jazz + Pop + Rock),ballroom___ballroom_Albums-Ballroom_Magic-10
505,1.7040132,1.1566423,3 (Jazz + Pop + Rock),ballroom___ballroom_Albums-Ballroom_Magic-11
506,-2.3575993,3.6538107,3 (Jazz + Pop + Rock),ballroom___ballroom_Albums-Ballroom_Magic-15
507,3.0238678,-0.9859585,3 (Jazz + Pop + Rock),ballroom___ballroom_Albums-Ballroom_Magic-16
508,-0.07359011,-1.8340864,3 (Jazz + Pop + Rock),ballroom___ballroom_Albums-Ballroom_Magic-17
509,8.934382,3.637343,2 (Pop + Rock + HJDB + Hip-Hop),ballroom___ballroom_Albums-Cafe_Paradiso-01
510,11.093779,0.11900665,2 (Pop + Rock + HJDB + Hip-Hop),ballroom___ballroom_Albums-Cafe_Paradiso-02
511,10.9788065,3.9924645,2 (Pop + Rock + HJDB + Hip-Hop),ballroom___ballroom_Albums-Cafe_Paradiso-03
512,11.052447,-0.99070644,2 (Pop + Rock + HJDB + Hip-Hop),ballroom___ballroom_Albums-Cafe_Paradiso-04
513,10.492221,2.0142875,2 (Pop + Rock + HJDB + Hip-Hop),ballroom___ballroom_Albums-Cafe_Paradiso-05
514,-1.4133376,5.7594576,3 (Jazz + Pop + Rock),ballroom___ballroom_Albums-Cafe_Paradiso-06
515,1.53007,4.065749,3 (Jazz + Pop + Rock),ballroom___ballroom_Albums-Cafe_Paradiso-07
516,4.839923,4.6170917,3 (Jazz + Pop + Rock),ballroom___ballroom_Albums-Cafe_Paradiso-08
517,-3.9412246,-1.4742153,3 (Jazz + Pop + Rock),ballroom___ballroom_Albums-Cafe_Paradiso-09
518,2.2633243,-3.2723916,3 (Jazz + Pop + Rock),ballroom___ballroom_Albums-Cafe_Paradiso-10
519,-3.8710577,-1.2958149,3 (Jazz + Pop + Rock),ballroom___ballroom_Albums-Cafe_Paradiso-11
520,5.591086,-2.033538,3 (Jazz + Pop + Rock),ballroom___ballroom_Albums-Cafe_Paradiso-12
521,12.054004,-0.054003477,2 (Pop + Rock + HJDB + Hip-Hop),ballroom___ballroom_Albums-Cafe_Paradiso-14
522,6.3382235,3.066161,2 (Pop + Rock + HJDB + Hip-Hop),ballroom___ballroom_Albums-Cafe_Paradiso-15
523,9.349921,4.4071894,2 (Pop + Rock + HJDB + Hip-Hop),ballroom___ballroom_Albums-Cafe_Paradiso-16
524,-4.891313,-0.4309057,3 (Jazz + Pop + Rock),ballroom___ballroom_Albums-Chrisanne1-01
525,-3.5906022,3.5163715,3 (Jazz + Pop + Rock),ballroom___ballroom_Albums-Chrisanne1-02
526,-3.9472518,-3.986263,3 (Jazz + Pop + Rock),ballroom___ballroom_Albums-Chrisanne1-03
527,-0.45998508,1.7069947,3 (Jazz + Pop + Rock),ballroom___ballroom_Albums-Chrisanne1-04
528,5.872892,-1.4871837,3 (Jazz + Pop + Rock),ballroom___ballroom_Albums-Chrisanne1-05
529,0.3178892,0.96079487,3 (Jazz + Pop + Rock),ballroom___ballroom_Albums-Chrisanne1-06
530,10.484402,-3.9677436,2 (Pop + Rock + HJDB + Hip-Hop),ballroom___ballroom_Albums-Chrisanne1-07
531,2.729251,-2.4036608,3 (Jazz + Pop + Rock),ballroom___ballroom_Albums-Chrisanne1-08
532,-1.9329513,2.998164,3 (Jazz + Pop + Rock),ballroom___ballroom_Albums-Chrisanne1-12
533,-2.8090746,-2.063266,3 (Jazz + Pop + Rock),ballroom___ballroom_Albums-Chrisanne1-13
534,1.0042989,1.0350583,3 (Jazz + Pop + Rock),ballroom___ballroom_Albums-Chrisanne1-14
535,-5.633036,-3.9557855,1 (Classical + Groove + Jazz),ballroom___ballroom_Albums-Chrisanne2-01
536,-10.68738,-7.7464237,1 (Classical + Groove + Jazz),ballroom___ballroom_Albums-Chrisanne2-02
537,-2.0922198,-1.2371302,3 (Jazz + Pop + Rock),ballroom___ballroom_Albums-Chrisanne2-03
538,-0.47437382,2.44029,3 (Jazz + Pop + Rock),ballroom___ballroom_Albums-Chrisanne2-04
539,1.7740213,-1.936497,3 (Jazz + Pop + Rock),ballroom___ballroom_Albums-Chrisanne2-05
540,1.1587362,-2.687084,3 (Jazz + Pop + Rock),ballroom___ballroom_Albums-Chrisanne2-06
541,-1.1432902,-3.059156,3 (Jazz + Pop + Rock),ballroom___ballroom_Albums-Chrisanne2-07
542,0.10215999,0.30718905,3 (Jazz + Pop + Rock),ballroom___ballroom_Albums-Chrisanne2-11
543,-3.2361412,-1.0815461,3 (Jazz + Pop + Rock),ballroom___ballroom_Albums-Chrisanne3-01
544,-4.9345875,-4.18659,1 (Classical + Groove + Jazz),ballroom___ballroom_Albums-Chrisanne3-02
545,-5.175924,-0.39395824,3 (Jazz + Pop + Rock),ballroom___ballroom_Albums-Chrisanne3-03
546,-2.4861515,-1.457943,3 (Jazz + Pop + Rock),ballroom___ballroom_Albums-Chrisanne3-04
547,-2.099612,-1.142442,3 (Jazz + Pop + Rock),ballroom___ballroom_Albums-Chrisanne3-05
548,2.5660465,1.0215056,3 (Jazz + Pop + Rock),ballroom___ballroom_Albums-Chrisanne3-06
549,2.6747396,-4.1573853,3 (Jazz + Pop + Rock),ballroom___ballroom_Albums-Chrisanne3-07
550,2.0333128,-3.6288924,3 (Jazz + Pop + Rock),ballroom___ballroom_Albums-Chrisanne3-08
551,3.2497983,-2.6113367,3 (Jazz + Pop + Rock),ballroom___ballroom_Albums-Chrisanne3-09
552,0.4043826,1.3615447,3 (Jazz + Pop + Rock),ballroom___ballroom_Albums-Chrisanne3-13
553,6.4173393,-0.03772629,2 (Pop + Rock + HJDB + Hip-Hop),ballroom___ballroom_Albums-Chrisanne3-14
554,-3.4382873,3.7959642,3 (Jazz + Pop + Rock),ballroom___ballroom_Albums-Chrisanne3-15
555,14.263124,2.2908342,2 (Pop + Rock + HJDB + Hip-Hop),ballroom___ballroom_Albums-Commitments-08
556,3.4756176,-3.1442716,3 (Jazz + Pop + Rock),ballroom___ballroom_Albums-Commitments-10
557,-7.048714,2.288464,1 (Classical + Groove + Jazz),ballroom___ballroom_Albums-Commitments-11
558,1.9457526,0.19737847,3 (Jazz + Pop + Rock),ballroom___ballroom_Albums-Fire-01
559,4.0884905,-3.9357145,3 (Jazz + Pop + Rock),ballroom___ballroom_Albums-Fire-02
560,-1.2426665,-4.3946524,3 (Jazz + Pop + Rock),ballroom___ballroom_Albums-Fire-03
561,12.259279,1.6166204,2 (Pop + Rock + HJDB + Hip-Hop),ballroom___ballroom_Albums-Fire-07
562,1.404233,-3.0898716,3 (Jazz + Pop + Rock),ballroom___ballroom_Albums-Fire-08
563,1.1377987,-3.7786036,3 (Jazz + Pop + Rock),ballroom___ballroom_Albums-Fire-10
564,12.655458,3.0262227,2 (Pop + Rock + HJDB + Hip-Hop),ballroom___ballroom_Albums-Fire-12
565,-1.0742589,-4.484593,3 (Jazz + Pop + Rock),ballroom___ballroom_Albums-Fire-13
566,0.21333672,-2.7165325,3 (Jazz + Pop + Rock),ballroom___ballroom_Albums-Fire-14
567,3.4043696,-4.2885995,3 (Jazz + Pop + Rock),ballroom___ballroom_Albums-Fire-15
568,-5.0035443,0.97758067,3 (Jazz + Pop + Rock),ballroom___ballroom_Albums-GloriaEstefan_MiTierra-01
569,-1.7658511,-1.3249092,3 (Jazz + Pop + Rock),ballroom___ballroom_Albums-GloriaEstefan_MiTierra-04
570,0.16501428,0.8536527,3 (Jazz + Pop + Rock),ballroom___ballroom_Albums-GloriaEstefan_MiTierra-06
571,-3.5081975,0.937377,3 (Jazz + Pop + Rock),ballroom___ballroom_Albums-GloriaEstefan_MiTierra-08
572,0.06054973,-2.657608,3 (Jazz + Pop + Rock),ballroom___ballroom_Albums-GloriaEstefan_MiTierra-11
573,1.16015,2.8622673,3 (Jazz + Pop + Rock),ballroom___ballroom_Albums-I_Like_It2-01
574,2.127367,-0.060434714,3 (Jazz + Pop + Rock),ballroom___ballroom_Albums-I_Like_It2-02
575,-2.6537344,2.1734688,3 (Jazz + Pop + Rock),ballroom___ballroom_Albums-I_Like_It2-09
576,0.9490531,4.0721316,3 (Jazz + Pop + Rock),ballroom___ballroom_Albums-Latin_Jam-01
577,4.063917,-1.6012214,3 (Jazz + Pop + Rock),ballroom___ballroom_Albums-Latin_Jam-02
578,9.14419,3.612035,2 (Pop + Rock + HJDB + Hip-Hop),ballroom___ballroom_Albums-Latin_Jam-03
579,-1.0003235,4.7605567,3 (Jazz + Pop + Rock),ballroom___ballroom_Albums-Latin_Jam-04
580,4.0557046,-1.1760669,3 (Jazz + Pop + Rock),ballroom___ballroom_Albums-Latin_Jam-05
581,8.709471,2.5838265,2 (Pop + Rock + HJDB + Hip-Hop),ballroom___ballroom_Albums-Latin_Jam-06
582,7.55944,4.251582,2 (Pop + Rock + HJDB + Hip-Hop),ballroom___ballroom_Albums-Latin_Jam-07
583,5.203793,-1.9299237,3 (Jazz + Pop + Rock),ballroom___ballroom_Albums-Latin_Jam-08
584,9.496321,3.3898869,2 (Pop + Rock + HJDB + Hip-Hop),ballroom___ballroom_Albums-Latin_Jam-09
585,0.06044083,3.8346002,3 (Jazz + Pop + Rock),ballroom___ballroom_Albums-Latin_Jam-11
586,12.2974205,-0.66481704,2 (Pop + Rock + HJDB + Hip-Hop),ballroom___ballroom_Albums-Latin_Jam-12
587,8.263659,1.668968,2 (Pop + Rock + HJDB + Hip-Hop),ballroom___ballroom_Albums-Latin_Jam2-01
588,11.147608,-0.83631223,2 (Pop + Rock + HJDB + Hip-Hop),ballroom___ballroom_Albums-Latin_Jam2-02
589,9.53572,3.271628,2 (Pop + Rock + HJDB + Hip-Hop),ballroom___ballroom_Albums-Latin_Jam2-03
590,-2.2003534,4.822222,3 (Jazz + Pop + Rock),ballroom___ballroom_Albums-Latin_Jam2-04
591,9.394114,3.1528287,2 (Pop + Rock + HJDB + Hip-Hop),ballroom___ballroom_Albums-Latin_Jam2-05
592,2.663411,3.2012913,3 (Jazz + Pop + Rock),ballroom___ballroom_Albums-Latin_Jam2-06
593,5.4671116,-1.0526983,3 (Jazz + Pop + Rock),ballroom___ballroom_Albums-Latin_Jam2-07
594,0.06457395,0.4732777,3 (Jazz + Pop + Rock),ballroom___ballroom_Albums-Latin_Jam2-08
595,3.908066,-0.6133909,3 (Jazz + Pop + Rock),ballroom___ballroom_Albums-Latin_Jam2-09
596,13.169071,0.75671244,2 (Pop + Rock + HJDB + Hip-Hop),ballroom___ballroom_Albums-Latin_Jam2-11
597,16.17606,-1.2710651,2 (Pop + Rock + HJDB + Hip-Hop),ballroom___ballroom_Albums-Latin_Jam2-12
598,10.24288,3.0056803,2 (Pop + Rock + HJDB + Hip-Hop),ballroom___ballroom_Albums-Latin_Jam3-01
599,8.817479,2.4255157,2 (Pop + Rock + HJDB + Hip-Hop),ballroom___ballroom_Albums-Latin_Jam3-02
600,10.980907,0.96343946,2 (Pop + Rock + HJDB + Hip-Hop),ballroom___ballroom_Albums-Latin_Jam3-03
601,13.297069,2.2127109,2 (Pop + Rock + HJDB + Hip-Hop),ballroom___ballroom_Albums-Latin_Jam3-04
602,10.283061,3.245698,2 (Pop + Rock + HJDB + Hip-Hop),ballroom___ballroom_Albums-Latin_Jam3-05
603,11.298202,0.9115267,2 (Pop + Rock + HJDB + Hip-Hop),ballroom___ballroom_Albums-Latin_Jam3-06
604,-0.54649055,-3.5269885,3 (Jazz + Pop + Rock),ballroom___ballroom_Albums-Latin_Jam3-07
605,5.2145834,-1.8955132,3 (Jazz + Pop + Rock),ballroom___ballroom_Albums-Latin_Jam3-08
606,2.605445,0.705988,3 (Jazz + Pop + Rock),ballroom___ballroom_Albums-Latin_Jam3-09
607,11.282654,-1.8861059,2 (Pop + Rock + HJDB + Hip-Hop),ballroom___ballroom_Albums-Latin_Jam3-11
608,14.313084,-0.80125153,2 (Pop + Rock + HJDB + Hip-Hop),ballroom___ballroom_Albums-Latin_Jam3-12
609,14.282262,-0.82696533,2 (Pop + Rock + HJDB + Hip-Hop),ballroom___ballroom_Albums-Latin_Jam4-01
610,11.403006,0.625757,2 (Pop + Rock + HJDB + Hip-Hop),ballroom___ballroom_Albums-Latin_Jam4-02
611,0.6452756,5.5567327,3 (Jazz + Pop + Rock),ballroom___ballroom_Albums-Latin_Jam4-03
612,14.807667,-0.71626884,2 (Pop + Rock + HJDB + Hip-Hop),ballroom___ballroom_Albums-Latin_Jam4-05
613,11.298854,-0.44927543,2 (Pop + Rock + HJDB + Hip-Hop),ballroom___ballroom_Albums-Latin_Jam4-06
614,10.157386,1.5965976,2 (Pop + Rock + HJDB + Hip-Hop),ballroom___ballroom_Albums-Latin_Jam4-07
615,3.9410272,1.7525047,3 (Jazz + Pop + Rock),ballroom___ballroom_Albums-Latin_Jam4-08
616,14.424014,-1.4214463,2 (Pop + Rock + HJDB + Hip-Hop),ballroom___ballroom_Albums-Latin_Jam4-10
617,11.80249,-2.1652887,2 (Pop + Rock + HJDB + Hip-Hop),ballroom___ballroom_Albums-Latin_Jam4-11
618,10.938752,-0.03419791,2 (Pop + Rock + HJDB + Hip-Hop),ballroom___ballroom_Albums-Latin_Jam4-12
619,0.6590919,-1.5946738,3 (Jazz + Pop + Rock),ballroom___ballroom_Albums-Latin_Jam4-13
620,9.368852,2.8182347,2 (Pop + Rock + HJDB + Hip-Hop),ballroom___ballroom_Albums-Latin_Jam5-01
621,0.23668441,1.8262496,3 (Jazz + Pop + Rock),ballroom___ballroom_Albums-Latin_Jam5-02
622,-0.40320814,0.44533,3 (Jazz + Pop + Rock),ballroom___ballroom_Albums-Latin_Jam5-03
623,3.6032498,-2.4800014,3 (Jazz + Pop + Rock),ballroom___ballroom_Albums-Latin_Jam5-04
624,2.5587265,1.7908208,3 (Jazz + Pop + Rock),ballroom___ballroom_Albums-Latin_Jam5-06
625,2.683506,1.4252634,3 (Jazz + Pop + Rock),ballroom___ballroom_Albums-Latin_Jam5-07
626,5.164913,-1.6980876,3 (Jazz + Pop + Rock),ballroom___ballroom_Albums-Latin_Jam5-08
627,16.068962,-0.040470634,2 (Pop + Rock + HJDB + Hip-Hop),ballroom___ballroom_Albums-Latin_Jam5-09
628,11.534513,1.6000885,2 (Pop + Rock + HJDB + Hip-Hop),ballroom___ballroom_Albums-Latin_Jam5-10
629,9.137998,2.0259144,2 (Pop + Rock + HJDB + Hip-Hop),ballroom___ballroom_Albums-Latin_Jam5-11
630,-0.59156424,-3.252539,3 (Jazz + Pop + Rock),ballroom___ballroom_Albums-Latin_Jam5-12
631,-0.87992066,-0.5282046,3 (Jazz + Pop + Rock),ballroom___ballroom_Albums-Latino_Latino-01
632,-1.679215,-0.801925,3 (Jazz + Pop + Rock),ballroom___ballroom_Albums-Latino_Latino-03
633,0.14038324,-1.340331,3 (Jazz + Pop + Rock),ballroom___ballroom_Albums-Latino_Latino-04
634,-0.75997096,1.7290008,3 (Jazz + Pop + Rock),ballroom___ballroom_Albums-Latino_Latino-05
635,-3.7722228,1.0921991,3 (Jazz + Pop + Rock),ballroom___ballroom_Albums-Latino_Latino-06
636,2.9508357,-2.2233715,3 (Jazz + Pop + Rock),ballroom___ballroom_Albums-Latino_Latino-09
637,-0.1203651,0.7891672,3 (Jazz + Pop + Rock),ballroom___ballroom_Albums-Latino_Latino-10
638,1.2864072,-7.391691,3 (Jazz + Pop + Rock),ballroom___ballroom_Albums-Macumba-01
639,1.5074307,-7.444374,3 (Jazz + Pop + Rock),ballroom___ballroom_Albums-Macumba-02
640,1.4839841,-7.4144387,3 (Jazz + Pop + Rock),ballroom___ballroom_Albums-Macumba-03
641,1.3312616,-7.3979115,3 (Jazz + Pop + Rock),ballroom___ballroom_Albums-Macumba-04
642,1.5070435,-7.4322996,3 (Jazz + Pop + Rock),ballroom___ballroom_Albums-Macumba-05
643,1.4622521,-7.414511,3 (Jazz + Pop + Rock),ballroom___ballroom_Albums-Macumba-06
644,1.4795114,-7.427451,3 (Jazz + Pop + Rock),ballroom___ballroom_Albums-Macumba-07
645,1.3405519,-7.3926687,3 (Jazz + Pop + Rock),ballroom___ballroom_Albums-Macumba-08
646,1.0718216,-7.3242073,3 (Jazz + Pop + Rock),ballroom___ballroom_Albums-Macumba-09
647,1.3692632,-7.3692837,3 (Jazz + Pop + Rock),ballroom___ballroom_Albums-Macumba-10
648,0.69561857,-7.252067,3 (Jazz + Pop + Rock),ballroom___ballroom_Albums-Macumba-11
649,-0.07747829,-7.2381206,3 (Jazz + Pop + Rock),ballroom___ballroom_Albums-Macumba-12
650,1.6404692,-7.4886675,3 (Jazz + Pop + Rock),ballroom___ballroom_Albums-Macumba-14
651,1.5487887,-7.458993,3 (Jazz + Pop + Rock),ballroom___ballroom_Albums-Macumba-15
652,1.3205508,-7.3945847,3 (Jazz + Pop + Rock),ballroom___ballroom_Albums-Macumba-16
653,0.13496184,0.031879064,3 (Jazz + Pop + Rock),ballroom___ballroom_Albums-Mambo_Kings-03
654,3.1979222,0.06958583,3 (Jazz + Pop + Rock),ballroom___ballroom_Albums-Mambo_Kings-10
655,-0.81955,0.21670422,3 (Jazz + Pop + Rock),ballroom___ballroom_Albums-Mambo_Kings-11
656,-0.058681373,2.69228,3 (Jazz + Pop + Rock),ballroom___ballroom_Albums-Mambo_Kings-12
657,12.803074,1.4093627,2 (Pop + Rock + HJDB + Hip-Hop),ballroom___ballroom_Albums-Pais_Tropical-01
658,9.54989,2.8762136,2 (Pop + Rock + HJDB + Hip-Hop),ballroom___ballroom_Albums-Pais_Tropical-02
659,4.675446,2.3065488,3 (Jazz + Pop + Rock),ballroom___ballroom_Albums-Pais_Tropical-03
660,12.014032,-0.9499463,2 (Pop + Rock + HJDB + Hip-Hop),ballroom___ballroom_Albums-Pais_Tropical-04
661,6.598796,1.5236348,2 (Pop + Rock + HJDB + Hip-Hop),ballroom___ballroom_Albums-Pais_Tropical-05
662,5.8742776,1.8876591,3 (Jazz + Pop + Rock),ballroom___ballroom_Albums-Pais_Tropical-06
663,10.327453,-0.019382255,2 (Pop + Rock + HJDB + Hip-Hop),ballroom___ballroom_Albums-Pais_Tropical-07
664,7.826457,0.32277122,2 (Pop + Rock + HJDB + Hip-Hop),ballroom___ballroom_Albums-Pais_Tropical-08
665,5.7228217,-1.7864853,3 (Jazz + Pop + Rock),ballroom___ballroom_Albums-Pais_Tropical-09
666,13.670601,1.6753513,2 (Pop + Rock + HJDB + Hip-Hop),ballroom___ballroom_Albums-Pais_Tropical-10
667,4.322634,-1.5670216,3 (Jazz + Pop + Rock),ballroom___ballroom_Albums-Pais_Tropical-11
668,3.5453277,-4.643331,3 (Jazz + Pop + Rock),ballroom___ballroom_Albums-Pais_Tropical-12
669,12.438403,1.034725,2 (Pop + Rock + HJDB + Hip-Hop),ballroom___ballroom_Albums-Pais_Tropical-13
670,15.110703,-0.3124402,2 (Pop + Rock + HJDB + Hip-Hop),ballroom___ballroom_Albums-Pais_Tropical-14
671,11.866779,0.8156489,2 (Pop + Rock + HJDB + Hip-Hop),ballroom___ballroom_Albums-Pais_Tropical-15
672,10.549272,1.2838951,2 (Pop + Rock + HJDB + Hip-Hop),ballroom___ballroom_Albums-Pais_Tropical-16
673,-4.3185105,-2.9280362,3 (Jazz + Pop + Rock),ballroom___ballroom_Albums-Secret_Garden-01
674,-0.55968213,-5.3538866,3 (Jazz + Pop + Rock),ballroom___ballroom_Albums-Secret_Garden-02
675,-11.734112,-6.4838014,1 (Classical + Groove + Jazz),ballroom___ballroom_Albums-Secret_Garden-05
676,-2.0558636,-4.8295193,3 (Jazz + Pop + Rock),ballroom___ballroom_Albums-Secret_Garden-06
677,-8.704902,-2.3280115,1 (Classical + Groove + Jazz),ballroom___ballroom_Albums-Step_By_Step-01
678,-6.556917,0.37249145,1 (Classical + Groove + Jazz),ballroom___ballroom_Albums-Step_By_Step-02
679,-3.6296496,-5.07611,3 (Jazz + Pop + Rock),ballroom___ballroom_Albums-Step_By_Step-03
680,-5.8192024,1.4198973,1 (Classical + Groove + Jazz),ballroom___ballroom_Albums-Step_By_Step-04
681,-0.564615,3.0018299,3 (Jazz + Pop + Rock),ballroom___ballroom_Albums-Step_By_Step-05
682,-2.5898652,2.669634,3 (Jazz + Pop + Rock),ballroom___ballroom_Albums-Step_By_Step-06
683,-0.19020398,2.8845139,3 (Jazz + Pop + Rock),ballroom___ballroom_Albums-Step_By_Step-07
684,0.14686322,3.638165,3 (Jazz + Pop + Rock),ballroom___ballroom_Albums-Step_By_Step-08
685,-0.7646756,5.1856217,3 (Jazz + Pop + Rock),ballroom___ballroom_Albums-Step_By_Step-09
686,-8.007841,-3.4850428,1 (Classical + Groove + Jazz),ballroom___ballroom_Albums-Step_By_Step-10
687,-2.6546488,-5.6150093,3 (Jazz + Pop + Rock),ballroom___ballroom_Albums-Step_By_Step-11
688,0.5220593,5.1371994,3 (Jazz + Pop + Rock),ballroom___ballroom_Albums-Step_By_Step-15
689,3.52297,4.0401816,3 (Jazz + Pop + Rock),ballroom___ballroom_Albums-Step_By_Step-16
690,5.1144476,3.478851,3 (Jazz + Pop + Rock),ballroom___ballroom_Albums-Step_By_Step-17
691,2.3289247,4.29297,3 (Jazz + Pop + Rock),ballroom___ballroom_Albums-Step_By_Step-18
692,-1.785144,3.3715558,3 (Jazz + Pop + Rock),ballroom___ballroom_Albums-StrictlyDancing_Tango-01
693,-1.5914329,-0.9293349,3 (Jazz + Pop + Rock),ballroom___ballroom_Albums-StrictlyDancing_Tango-02
694,-1.6671988,-1.341552,3 (Jazz + Pop + Rock),ballroom___ballroom_Albums-StrictlyDancing_Tango-03
695,-1.3400898,-0.7605532,3 (Jazz + Pop + Rock),ballroom___ballroom_Albums-StrictlyDancing_Tango-04
696,-6.607463,-5.138839,1 (Classical + Groove + Jazz),ballroom___ballroom_Albums-StrictlyDancing_Tango-05
697,-1.4048464,0.7124424,3 (Jazz + Pop + Rock),ballroom___ballroom_Albums-StrictlyDancing_Tango-06
698,-3.9606736,1.3493911,3 (Jazz + Pop + Rock),ballroom___ballroom_Albums-StrictlyDancing_Tango-07
699,-2.6549304,2.1653545,3 (Jazz + Pop + Rock),ballroom___ballroom_Albums-StrictlyDancing_Tango-08
700,-1.3265852,0.24848704,3 (Jazz + Pop + Rock),ballroom___ballroom_Albums-StrictlyDancing_Tango-09
701,-2.235368,1.713347,3 (Jazz + Pop + Rock),ballroom___ballroom_Albums-StrictlyDancing_Tango-10
702,-1.2705212,-0.2265958,3 (Jazz + Pop + Rock),ballroom___ballroom_Albums-StrictlyDancing_Tango-11
703,-0.9519682,-0.71024907,3 (Jazz + Pop + Rock),ballroom___ballroom_Albums-StrictlyDancing_Tango-12
704,-1.2373743,-0.35694247,3 (Jazz + Pop + Rock),ballroom___ballroom_Albums-StrictlyDancing_Tango-13
705,-0.40958744,-0.29106846,3 (Jazz + Pop + Rock),ballroom___ballroom_Albums-StrictlyDancing_Tango-14
706,-3.922301,1.3743773,3 (Jazz + Pop + Rock),ballroom___ballroom_Albums-StrictlyDancing_Tango-15
707,-6.814188,-7.4137588,1 (Classical + Groove + Jazz),ballroom___ballroom_Media-100601
708,-0.39928228,-7.2301455,3 (Jazz + Pop + Rock),ballroom___ballroom_Media-100602
709,0.13266946,-7.186416,3 (Jazz + Pop + Rock),ballroom___ballroom_Media-100603
710,-8.452522,-3.2619152,1 (Classical + Groove + Jazz),ballroom___ballroom_Media-100604
711,0.35687962,-7.246728,3 (Jazz + Pop + Rock),ballroom___ballroom_Media-100605
712,1.0759394,-7.35823,3 (Jazz + Pop + Rock),ballroom___ballroom_Media-100606
713,1.021028,-7.3512316,3 (Jazz + Pop + Rock),ballroom___ballroom_Media-100607
714,0.15135862,-7.2127657,3 (Jazz + Pop + Rock),ballroom___ballroom_Media-100608
715,-7.691846,-2.0326843,1 (Classical + Groove + Jazz),ballroom___ballroom_Media-100609
716,0.75700206,-7.204601,3 (Jazz + Pop + Rock),ballroom___ballroom_Media-100610
717,1.377652,-7.4169664,3 (Jazz + Pop + Rock),ballroom___ballroom_Media-100614
718,1.5232291,-7.4439406,3 (Jazz + Pop + Rock),ballroom___ballroom_Media-100615
719,1.4085269,-7.41352,3 (Jazz + Pop + Rock),ballroom___ballroom_Media-100616
720,-1.9844276,-2.208748,3 (Jazz + Pop + Rock),ballroom___ballroom_Media-103301
721,-5.377608,-0.40430874,1 (Classical + Groove + Jazz),ballroom___ballroom_Media-103302
722,4.381336,-4.5319777,3 (Jazz + Pop + Rock),ballroom___ballroom_Media-103303
723,-0.090270065,-1.2965057,3 (Jazz + Pop + Rock),ballroom___ballroom_Media-103304
724,-5.4412656,-1.5872395,1 (Classical + Groove + Jazz),ballroom___ballroom_Media-103305
725,-3.1766155,2.8621206,3 (Jazz + Pop + Rock),ballroom___ballroom_Media-103306
726,5.941203,1.2991562,3 (Jazz + Pop + Rock),ballroom___ballroom_Media-103307
727,-7.802903,1.2672396,1 (Classical + Groove + Jazz),ballroom___ballroom_Media-103308
728,4.693504,3.6392844,3 (Jazz + Pop + Rock),ballroom___ballroom_Media-103312
729,-1.326231,2.0503676,3 (Jazz + Pop + Rock),ballroom___ballroom_Media-103313
730,7.9312935,-0.17249735,2 (Pop + Rock + HJDB + Hip-Hop),ballroom___ballroom_Media-103314
731,0.5511721,-0.121546246,3 (Jazz + Pop + Rock),ballroom___ballroom_Media-103315
732,4.836243,3.6636453,3 (Jazz + Pop + Rock),ballroom___ballroom_Media-103401
733,5.9396067,3.8306243,3 (Jazz + Pop + Rock),ballroom___ballroom_Media-103402
734,7.130627,1.1252345,2 (Pop + Rock + HJDB + Hip-Hop),ballroom___ballroom_Media-103403
735,8.825118,-0.12348277,2 (Pop + Rock + HJDB + Hip-Hop),ballroom___ballroom_Media-103404
736,5.417735,3.5530834,3 (Jazz + Pop + Rock),ballroom___ballroom_Media-103405
737,8.163177,0.41231364,2 (Pop + Rock + HJDB + Hip-Hop),ballroom___ballroom_Media-103406
738,4.885433,4.41127,3 (Jazz + Pop + Rock),ballroom___ballroom_Media-103407
739,12.236983,-2.6389425,2 (Pop + Rock + HJDB + Hip-Hop),ballroom___ballroom_Media-103408
740,5.035375,4.07268,3 (Jazz + Pop + Rock),ballroom___ballroom_Media-103409
741,10.765079,-2.2378395,2 (Pop + Rock + HJDB + Hip-Hop),ballroom___ballroom_Media-103410
742,7.110294,1.1869147,2 (Pop + Rock + HJDB + Hip-Hop),ballroom___ballroom_Media-103411
743,10.288176,-1.937079,2 (Pop + Rock + HJDB + Hip-Hop),ballroom___ballroom_Media-103412
744,-0.55017364,6.6767936,3 (Jazz + Pop + Rock),ballroom___ballroom_Media-103413
745,-0.19647837,5.803222,3 (Jazz + Pop + Rock),ballroom___ballroom_Media-103416
746,1.5148079,6.3773,3 (Jazz + Pop + Rock),ballroom___ballroom_Media-103417
747,2.094891,1.8136021,3 (Jazz + Pop + Rock),ballroom___ballroom_Media-103501
748,5.455715,2.4761395,3 (Jazz + Pop + Rock),ballroom___ballroom_Media-103502
749,2.4694417,4.6374426,3 (Jazz + Pop + Rock),ballroom___ballroom_Media-103503
750,-2.318772,5.305206,3 (Jazz + Pop + Rock),ballroom___ballroom_Media-103504
751,-0.09042189,6.2705455,3 (Jazz + Pop + Rock),ballroom___ballroom_Media-103505
752,6.2274303,6.134102,3 (Jazz + Pop + Rock),ballroom___ballroom_Media-103506
753,3.7971075,0.879613,3 (Jazz + Pop + Rock),ballroom___ballroom_Media-103507
754,1.3688985,2.27566,3 (Jazz + Pop + Rock),ballroom___ballroom_Media-103508
755,1.5978028,5.434488,3 (Jazz + Pop + Rock),ballroom___ballroom_Media-103509
756,2.8455317,5.710748,3 (Jazz + Pop + Rock),ballroom___ballroom_Media-103510
757,-4.0381203,4.6446743,3 (Jazz + Pop + Rock),ballroom___ballroom_Media-103511
758,-4.31896,-2.1286378,3 (Jazz + Pop + Rock),ballroom___ballroom_Media-103512
759,0.44789347,-0.51423305,3 (Jazz + Pop + Rock),ballroom___ballroom_Media-103513
760,-0.87058026,2.9666336,3 (Jazz + Pop + Rock),ballroom___ballroom_Media-103514
761,9.156319,-2.0491316,2 (Pop + Rock + HJDB + Hip-Hop),ballroom___ballroom_Media-103515
762,4.4345555,3.3863373,3 (Jazz + Pop + Rock),ballroom___ballroom_Media-103516
763,6.5543265,1.730003,2 (Pop + Rock + HJDB + Hip-Hop),ballroom___ballroom_Media-103517
764,8.336833,3.6696074,2 (Pop + Rock + HJDB + Hip-Hop),ballroom___ballroom_Media-103601
765,3.088755,5.2343993,3 (Jazz + Pop + Rock),ballroom___ballroom_Media-103602
766,6.712134,3.2641382,2 (Pop + Rock + HJDB + Hip-Hop),ballroom___ballroom_Media-103603
767,9.346728,1.6801285,2 (Pop + Rock + HJDB + Hip-Hop),ballroom___ballroom_Media-103604
768,1.1602204,5.3023486,3 (Jazz + Pop + Rock),ballroom___ballroom_Media-103605
769,5.6530275,1.0230416,3 (Jazz + Pop + Rock),ballroom___ballroom_Media-103606
770,11.740949,2.4006116,2 (Pop + Rock + HJDB + Hip-Hop),ballroom___ballroom_Media-103607
771,-2.1257865,1.308645,3 (Jazz + Pop + Rock),ballroom___ballroom_Media-103608
772,-4.236422,1.0020238,3 (Jazz + Pop + Rock),ballroom___ballroom_Media-103609
773,2.1045396,-4.2586064,3 (Jazz + Pop + Rock),ballroom___ballroom_Media-103610
774,-0.46243182,-2.7761445,3 (Jazz + Pop + Rock),ballroom___ballroom_Media-103611
775,7.4199967,3.1507604,2 (Pop + Rock + HJDB + Hip-Hop),ballroom___ballroom_Media-103612
776,-1.0841094,6.3516192,3 (Jazz + Pop + Rock),ballroom___ballroom_Media-103613
777,-2.8147106,4.7712574,3 (Jazz + Pop + Rock),ballroom___ballroom_Media-103614
778,-10.264646,0.4256926,1 (Classical + Groove + Jazz),ballroom___ballroom_Media-103615
779,-6.4074526,1.903538,1 (Classical + Groove + Jazz),ballroom___ballroom_Media-103616
780,7.270784,0.36913508,2 (Pop + Rock + HJDB + Hip-Hop),ballroom___ballroom_Media-103617
781,8.697891,1.7873029,2 (Pop + Rock + HJDB + Hip-Hop),ballroom___ballroom_Media-103618
782,-2.9098983,3.8618188,3 (Jazz + Pop + Rock),ballroom___ballroom_Media-103619
783,8.10678,1.9312801,2 (Pop + Rock + HJDB + Hip-Hop),ballroom___ballroom_Media-103701
784,2.796519,5.5074654,3 (Jazz + Pop + Rock),ballroom___ballroom_Media-103702
785,3.084868,6.722848,3 (Jazz + Pop + Rock),ballroom___ballroom_Media-103703
786,8.63059,-0.5984342,2 (Pop + Rock + HJDB + Hip-Hop),ballroom___ballroom_Media-103704
787,9.365643,2.220375,2 (Pop + Rock + HJDB + Hip-Hop),ballroom___ballroom_Media-103705
788,4.937006,5.6026535,3 (Jazz + Pop + Rock),ballroom___ballroom_Media-103706
789,11.159698,0.39899492,2 (Pop + Rock + HJDB + Hip-Hop),ballroom___ballroom_Media-103707
790,7.5071073,4.2585187,2 (Pop + Rock + HJDB + Hip-Hop),ballroom___ballroom_Media-103708
791,4.775399,-2.8366945,3 (Jazz + Pop + Rock),ballroom___ballroom_Media-103709
792,1.9959836,3.0968964,3 (Jazz + Pop + Rock),ballroom___ballroom_Media-103710
793,-2.5368514,0.77254444,3 (Jazz + Pop + Rock),ballroom___ballroom_Media-103711
794,-2.075772,5.481568,3 (Jazz + Pop + Rock),ballroom___ballroom_Media-103712
795,4.012015,5.0486336,3 (Jazz + Pop + Rock),ballroom___ballroom_Media-103713
796,5.5193033,3.3935776,3 (Jazz + Pop + Rock),ballroom___ballroom_Media-103714
797,-0.09213055,3.6497154,3 (Jazz + Pop + Rock),ballroom___ballroom_Media-103715
798,-1.1214907,5.6839976,3 (Jazz + Pop + Rock),ballroom___ballroom_Media-103716
799,4.1860356,-1.2799662,3 (Jazz + Pop + Rock),ballroom___ballroom_Media-103717
800,6.192306,2.1925335,3 (Jazz + Pop + Rock),ballroom___ballroom_Media-103718
801,3.6374323,3.0894802,3 (Jazz + Pop + Rock),ballroom___ballroom_Media-103719
802,2.6229863,5.5853066,3 (Jazz + Pop + Rock),ballroom___ballroom_Media-103801
803,5.769642,4.0667825,3 (Jazz + Pop + Rock),ballroom___ballroom_Media-103802
804,7.6966424,1.8926911,2 (Pop + Rock + HJDB + Hip-Hop),ballroom___ballroom_Media-103803
805,4.7139187,5.6768985,3 (Jazz + Pop + Rock),ballroom___ballroom_Media-103804
806,7.5503683,3.023163,2 (Pop + Rock + HJDB + Hip-Hop),ballroom___ballroom_Media-103805
807,7.4896655,3.0601752,2 (Pop + Rock + HJDB + Hip-Hop),ballroom___ballroom_Media-103806
808,10.710772,-0.581059,2 (Pop + Rock + HJDB + Hip-Hop),ballroom___ballroom_Media-103807
809,8.487657,3.168791,2 (Pop + Rock + HJDB + Hip-Hop),ballroom___ballroom_Media-103808
810,-4.4433417,2.2275314,3 (Jazz + Pop + Rock),ballroom___ballroom_Media-103809
811,-4.802826,1.0453233,3 (Jazz + Pop + Rock),ballroom___ballroom_Media-103810
812,2.8880613,0.08907082,3 (Jazz + Pop + Rock),ballroom___ballroom_Media-103811
813,-1.9573779,4.074622,3 (Jazz + Pop + Rock),ballroom___ballroom_Media-103812
814,7.8039923,-0.3420391,2 (Pop + Rock + HJDB + Hip-Hop),ballroom___ballroom_Media-103813
815,7.1568685,1.6944573,2 (Pop + Rock + HJDB + Hip-Hop),ballroom___ballroom_Media-103814
816,2.442664,6.2485113,3 (Jazz + Pop + Rock),ballroom___ballroom_Media-103815
817,1.9376544,6.123461,3 (Jazz + Pop + Rock),ballroom___ballroom_Media-103816
818,0.5034405,0.23983824,3 (Jazz + Pop + Rock),ballroom___ballroom_Media-103817
819,-2.4854932,2.07647,3 (Jazz + Pop + Rock),ballroom___ballroom_Media-103818
820,1.1497772,3.3832123,3 (Jazz + Pop + Rock),ballroom___ballroom_Media-103819
821,-0.9120912,6.2506223,3 (Jazz + Pop + Rock),ballroom___ballroom_Media-103901
822,4.5888467,4.8509216,3 (Jazz + Pop + Rock),ballroom___ballroom_Media-103902
823,3.7560725,6.239176,3 (Jazz + Pop + Rock),ballroom___ballroom_Media-103903
824,6.1708465,1.4941906,3 (Jazz + Pop + Rock),ballroom___ballroom_Media-103904
825,0.3131624,6.1602077,3 (Jazz + Pop + Rock),ballroom___ballroom_Media-103905
826,9.790098,-0.33098903,2 (Pop + Rock + HJDB + Hip-Hop),ballroom___ballroom_Media-103906
827,6.0360475,3.9341826,3 (Jazz + Pop + Rock),ballroom___ballroom_Media-103907
828,5.45684,1.7100135,3 (Jazz + Pop + Rock),ballroom___ballroom_Media-103908
829,8.72614,0.42129254,2 (Pop + Rock + HJDB + Hip-Hop),ballroom___ballroom_Media-103909
830,3.1133957,4.325229,3 (Jazz + Pop + Rock),ballroom___ballroom_Media-103910
831,-0.73747903,0.21289955,3 (Jazz + Pop + Rock),ballroom___ballroom_Media-103911
832,1.4093854,1.8744838,3 (Jazz + Pop + Rock),ballroom___ballroom_Media-103912
833,0.009744555,4.96593,3 (Jazz + Pop + Rock),ballroom___ballroom_Media-103913
834,3.5897036,3.2008069,3 (Jazz + Pop + Rock),ballroom___ballroom_Media-103914
835,1.9896818,5.17266,3 (Jazz + Pop + Rock),ballroom___ballroom_Media-103917
836,7.674283,-0.78987986,2 (Pop + Rock + HJDB + Hip-Hop),ballroom___ballroom_Media-103918
837,8.367276,-0.7486049,2 (Pop + Rock + HJDB + Hip-Hop),ballroom___ballroom_Media-103919
838,13.442579,-1.8308547,2 (Pop + Rock + HJDB + Hip-Hop),ballroom___ballroom_Media-103920
839,7.133316,2.3368487,2 (Pop + Rock + HJDB + Hip-Hop),ballroom___ballroom_Media-104001
840,8.047612,3.6368618,2 (Pop + Rock + HJDB + Hip-Hop),ballroom___ballroom_Media-104002
841,7.0804296,-0.3343722,2 (Pop + Rock + HJDB + Hip-Hop),ballroom___ballroom_Media-104003
842,2.1248446,0.0038904944,3 (Jazz + Pop + Rock),ballroom___ballroom_Media-104004
843,-3.0841753,2.2315814,3 (Jazz + Pop + Rock),ballroom___ballroom_Media-104005
844,1.7897631,1.7362164,3 (Jazz + Pop + Rock),ballroom___ballroom_Media-104006
845,0.18309236,2.8021357,3 (Jazz + Pop + Rock),ballroom___ballroom_Media-104007
846,-4.855645,4.0531187,3 (Jazz + Pop + Rock),ballroom___ballroom_Media-104008
847,9.797228,-0.8876801,2 (Pop + Rock + HJDB + Hip-Hop),ballroom___ballroom_Media-104009
848,3.5619717,5.2005215,3 (Jazz + Pop + Rock),ballroom___ballroom_Media-104010
849,-1.4318411,6.1267104,3 (Jazz + Pop + Rock),ballroom___ballroom_Media-104011
850,3.6561332,6.2702565,3 (Jazz + Pop + Rock),ballroom___ballroom_Media-104012
851,1.9406278,-1.0419862,3 (Jazz + Pop + Rock),ballroom___ballroom_Media-104015
852,2.844031,5.679419,3 (Jazz + Pop + Rock),ballroom___ballroom_Media-104016
853,3.0490654,1.0283818,3 (Jazz + Pop + Rock),ballroom___ballroom_Media-104017
854,11.020992,2.9493256,2 (Pop + Rock + HJDB + Hip-Hop),ballroom___ballroom_Media-104101
855,7.915634,2.9766693,2 (Pop + Rock + HJDB + Hip-Hop),ballroom___ballroom_Media-104102
856,8.202713,2.1669989,2 (Pop + Rock + HJDB + Hip-Hop),ballroom___ballroom_Media-104103
857,6.9555798,5.3076305,2 (Pop + Rock + HJDB + Hip-Hop),ballroom___ballroom_Media-104104
858,6.166491,-0.17131001,3 (Jazz + Pop + Rock),ballroom___ballroom_Media-104105
859,7.3603964,2.6697419,2 (Pop + Rock + HJDB + Hip-Hop),ballroom___ballroom_Media-104106
860,8.678504,-0.11057322,2 (Pop + Rock + HJDB + Hip-Hop),ballroom___ballroom_Media-104107
861,3.7529073,4.791778,3 (Jazz + Pop + Rock),ballroom___ballroom_Media-104108
862,6.177197,1.4735692,3 (Jazz + Pop + Rock),ballroom___ballroom_Media-104109
863,0.9927977,6.5123773,3 (Jazz + Pop + Rock),ballroom___ballroom_Media-104110
864,4.7236648,4.7170177,3 (Jazz + Pop + Rock),ballroom___ballroom_Media-104111
865,-6.3424735,3.4795666,1 (Classical + Groove + Jazz),ballroom___ballroom_Media-104112
866,0.88792914,4.438744,3 (Jazz + Pop + Rock),ballroom___ballroom_Media-104113
867,-6.033815,3.3232837,1 (Classical + Groove + Jazz),ballroom___ballroom_Media-104114
868,-3.2954047,1.8007313,3 (Jazz + Pop + Rock),ballroom___ballroom_Media-104115
869,9.556261,1.0844958,2 (Pop + Rock + HJDB + Hip-Hop),ballroom___ballroom_Media-104116
870,0.2688876,6.240513,3 (Jazz + Pop + Rock),ballroom___ballroom_Media-104117
871,5.559448,4.47571,3 (Jazz + Pop + Rock),ballroom___ballroom_Media-104118
872,8.189125,1.0149542,2 (Pop + Rock + HJDB + Hip-Hop),ballroom___ballroom_Media-104119
873,-4.1488247,-4.9927125,3 (Jazz + Pop + Rock),ballroom___ballroom_Media-104201
874,0.96586406,2.2757304,3 (Jazz + Pop + Rock),ballroom___ballroom_Media-104202
875,-2.6712127,-6.3517036,3 (Jazz + Pop + Rock),ballroom___ballroom_Media-104203
876,-8.469959,1.7573384,1 (Classical + Groove + Jazz),ballroom___ballroom_Media-104204
877,-7.491965,-6.4286036,1 (Classical + Groove + Jazz),ballroom___ballroom_Media-104205
878,1.4085935,2.4617133,3 (Jazz + Pop + Rock),ballroom___ballroom_Media-104206
879,4.303399,4.003878,3 (Jazz + Pop + Rock),ballroom___ballroom_Media-104207
880,1.6022743,3.5887866,3 (Jazz + Pop + Rock),ballroom___ballroom_Media-104208
881,2.8775742,-0.3379876,3 (Jazz + Pop + Rock),ballroom___ballroom_Media-104209
882,-0.85182446,4.208384,3 (Jazz + Pop + Rock),ballroom___ballroom_Media-104210
883,-3.6571152,1.1077365,3 (Jazz + Pop + Rock),ballroom___ballroom_Media-104211
884,-8.609834,1.3562458,1 (Classical + Groove + Jazz),ballroom___ballroom_Media-104212
885,4.4816594,4.9299674,3 (Jazz + Pop + Rock),ballroom___ballroom_Media-104216
886,4.854919,3.6448078,3 (Jazz + Pop + Rock),ballroom___ballroom_Media-104217
887,8.158104,0.18735148,2 (Pop + Rock + HJDB + Hip-Hop),ballroom___ballroom_Media-104218
888,3.0681353,1.7659866,3 (Jazz + Pop + Rock),ballroom___ballroom_Media-104219
889,0.25012276,0.49868518,3 (Jazz + Pop + Rock),ballroom___ballroom_Media-104301
890,-2.7872167,-0.47371623,3 (Jazz + Pop + Rock),ballroom___ballroom_Media-104302
891,-5.6135254,-0.99460435,1 (Classical + Groove + Jazz),ballroom___ballroom_Media-104303
892,1.2863977,-0.9611989,3 (Jazz + Pop + Rock),ballroom___ballroom_Media-104304
893,-1.1591872,3.429739,3 (Jazz + Pop + Rock),ballroom___ballroom_Media-104305
894,1.5278162,-0.39743292,3 (Jazz + Pop + Rock),ballroom___ballroom_Media-104306
895,0.48565716,2.4731417,3 (Jazz + Pop + Rock),ballroom___ballroom_Media-104307
896,-1.4618746,-1.7448142,3 (Jazz + Pop + Rock),ballroom___ballroom_Media-104308
897,0.62078774,-0.2002647,3 (Jazz + Pop + Rock),ballroom___ballroom_Media-104309
898,1.2611376,0.7958085,3 (Jazz + Pop + Rock),ballroom___ballroom_Media-104314
899,-2.5582414,0.6201841,3 (Jazz + Pop + Rock),ballroom___ballroom_Media-104315
900,1.2492307,1.176296,3 (Jazz + Pop + Rock),ballroom___ballroom_Media-104316
901,0.9507969,-2.3537014,3 (Jazz + Pop + Rock),ballroom___ballroom_Media-104317
902,-5.972819,1.1871257,1 (Classical + Groove + Jazz),ballroom___ballroom_Media-104401
903,0.0077523584,1.5923817,3 (Jazz + Pop + Rock),ballroom___ballroom_Media-104402
904,-2.892654,1.6022995,3 (Jazz + Pop + Rock),ballroom___ballroom_Media-104403
905,5.887618,-1.1484025,3 (Jazz + Pop + Rock),ballroom___ballroom_Media-104404
906,5.756835,-5.5741944,3 (Jazz + Pop + Rock),ballroom___ballroom_Media-104405
907,-3.5345495,-0.08980026,3 (Jazz + Pop + Rock),ballroom___ballroom_Media-104406
908,-0.7930032,2.3951054,3 (Jazz + Pop + Rock),ballroom___ballroom_Media-104407
909,12.541458,-0.47914782,2 (Pop + Rock + HJDB + Hip-Hop),ballroom___ballroom_Media-104408
910,-0.99328923,1.1600082,3 (Jazz + Pop + Rock),ballroom___ballroom_Media-104409
911,14.447189,0.44676948,2 (Pop + Rock + HJDB + Hip-Hop),ballroom___ballroom_Media-104415
912,-2.8540204,4.894055,3 (Jazz + Pop + Rock),ballroom___ballroom_Media-104416
913,4.0556593,0.73038614,3 (Jazz + Pop + Rock),ballroom___ballroom_Media-104417
914,-3.480725,3.0917895,3 (Jazz + Pop + Rock),ballroom___ballroom_Media-104418
915,-5.44631,0.5504892,3 (Jazz + Pop + Rock),ballroom___ballroom_Media-104501
916,0.5070417,3.9935124,3 (Jazz + Pop + Rock),ballroom___ballroom_Media-104502
917,1.4658164,-1.7372438,3 (Jazz + Pop + Rock),ballroom___ballroom_Media-104503
918,-2.5458207,-1.1675308,3 (Jazz + Pop + Rock),ballroom___ballroom_Media-104504
919,-4.4454184,3.019491,3 (Jazz + Pop + Rock),ballroom___ballroom_Media-104505
920,-3.2345824,3.3382359,3 (Jazz + Pop + Rock),ballroom___ballroom_Media-104506
921,2.1017323,-0.68192786,3 (Jazz + Pop + Rock),ballroom___ballroom_Media-104507
922,1.4448352,-1.5675894,3 (Jazz + Pop + Rock),ballroom___ballroom_Media-104508
923,-2.1865125,4.0270576,3 (Jazz + Pop + Rock),ballroom___ballroom_Media-104514
924,-1.8055052,4.5660377,3 (Jazz + Pop + Rock),ballroom___ballroom_Media-104515
925,4.5904126,-2.0342147,3 (Jazz + Pop + Rock),ballroom___ballroom_Media-104516
926,0.39819625,3.425667,3 (Jazz + Pop + Rock),ballroom___ballroom_Media-104601
927,-2.1091764,0.8833976,3 (Jazz + Pop + Rock),ballroom___ballroom_Media-104602
928,3.013425,-0.7971948,3 (Jazz + Pop + Rock),ballroom___ballroom_Media-104603
929,-4.5013785,2.6616774,3 (Jazz + Pop + Rock),ballroom___ballroom_Media-104604
930,-0.51674956,2.4118328,3 (Jazz + Pop + Rock),ballroom___ballroom_Media-104605
931,-0.66174865,5.7378464,3 (Jazz + Pop + Rock),ballroom___ballroom_Media-104606
932,-4.7610674,0.5462602,3 (Jazz + Pop + Rock),ballroom___ballroom_Media-104607
933,0.11921458,0.033739403,3 (Jazz + Pop + Rock),ballroom___ballroom_Media-104608
934,1.0943027,-3.3922198,3 (Jazz + Pop + Rock),ballroom___ballroom_Media-104609
935,-8.001825,1.7127441,1 (Classical + Groove + Jazz),ballroom___ballroom_Media-104615
936,-0.27316183,-1.0385308,3 (Jazz + Pop + Rock),ballroom___ballroom_Media-104616
937,5.3638062,-2.9218621,3 (Jazz + Pop + Rock),ballroom___ballroom_Media-104617
938,-3.632519,1.6362301,3 (Jazz + Pop + Rock),ballroom___ballroom_Media-104618
939,-5.908644,-2.542559,1 (Classical + Groove + Jazz),ballroom___ballroom_Media-104701
940,-4.148204,-1.0726143,3 (Jazz + Pop + Rock),ballroom___ballroom_Media-104702
941,-0.6979999,-0.32204795,3 (Jazz + Pop + Rock),ballroom___ballroom_Media-104703
942,-8.012117,-3.439466,1 (Classical + Groove + Jazz),ballroom___ballroom_Media-104704
943,4.0368853,1.5106109,3 (Jazz + Pop + Rock),ballroom___ballroom_Media-104706
944,3.9319685,2.3116238,3 (Jazz + Pop + Rock),ballroom___ballroom_Media-104707
945,0.24621622,3.9711795,3 (Jazz + Pop + Rock),ballroom___ballroom_Media-104708
946,-8.192079,0.3961231,1 (Classical + Groove + Jazz),ballroom___ballroom_Media-104709
947,-10.767764,-0.117506795,1 (Classical + Groove + Jazz),ballroom___ballroom_Media-104710
948,-0.12132451,5.2403784,3 (Jazz + Pop + Rock),ballroom___ballroom_Media-104711
949,1.2990135,-2.42403,3 (Jazz + Pop + Rock),ballroom___ballroom_Media-104712
950,-0.961228,1.9256979,3 (Jazz + Pop + Rock),ballroom___ballroom_Media-104716
951,-1.6891801,1.6873959,3 (Jazz + Pop + Rock),ballroom___ballroom_Media-104717
952,-0.29427132,2.3272164,3 (Jazz + Pop + Rock),ballroom___ballroom_Media-104718
953,-1.7453848,-2.191523,3 (Jazz + Pop + Rock),ballroom___ballroom_Media-104801
954,0.6811102,-0.5011759,3 (Jazz + Pop + Rock),ballroom___ballroom_Media-104802
955,5.4523664,-2.7902255,3 (Jazz + Pop + Rock),ballroom___ballroom_Media-104803
956,1.5545585,-0.37441137,3 (Jazz + Pop + Rock),ballroom___ballroom_Media-104804
957,6.316661,-0.10385322,2 (Pop + Rock + HJDB + Hip-Hop),ballroom___ballroom_Media-104805
958,-2.3996363,3.0588083,3 (Jazz + Pop + Rock),ballroom___ballroom_Media-104806
959,2.1149116,-0.47092155,3 (Jazz + Pop + Rock),ballroom___ballroom_Media-104807
960,-5.459326,0.46395937,1 (Classical + Groove + Jazz),ballroom___ballroom_Media-104808
961,-1.262554,0.43892857,3 (Jazz + Pop + Rock),ballroom___ballroom_Media-104809
962,0.99634695,-3.1065378,3 (Jazz + Pop + Rock),ballroom___ballroom_Media-104810
963,0.16846846,-1.4173044,3 (Jazz + Pop + Rock),ballroom___ballroom_Media-104811
964,0.9637264,5.324621,3 (Jazz + Pop + Rock),ballroom___ballroom_Media-104815
965,-4.4652877,4.712037,3 (Jazz + Pop + Rock),ballroom___ballroom_Media-104816
966,-1.6600301,-1.3185059,3 (Jazz + Pop + Rock),ballroom___ballroom_Media-104901
967,-2.8231537,-0.30886558,3 (Jazz + Pop + Rock),ballroom___ballroom_Media-104902
968,-1.892227,-0.04443569,3 (Jazz + Pop + Rock),ballroom___ballroom_Media-104903
969,-0.3660622,4.450412,3 (Jazz + Pop + Rock),ballroom___ballroom_Media-104904
970,-3.1582685,2.5555117,3 (Jazz + Pop + Rock),ballroom___ballroom_Media-104905
971,3.109407,2.0495408,3 (Jazz + Pop + Rock),ballroom___ballroom_Media-104906
972,-8.517614,2.8215811,1 (Classical + Groove + Jazz),ballroom___ballroom_Media-104907
973,-2.2450428,3.0103316,3 (Jazz + Pop + Rock),ballroom___ballroom_Media-104908
974,3.0478299,1.5373803,3 (Jazz + Pop + Rock),ballroom___ballroom_Media-104909
975,-1.6679426,3.9477353,3 (Jazz + Pop + Rock),ballroom___ballroom_Media-104915
976,4.166669,2.0139968,3 (Jazz + Pop + Rock),ballroom___ballroom_Media-104916
977,6.491544,1.8526902,2 (Pop + Rock + HJDB + Hip-Hop),ballroom___ballroom_Media-104917
978,-0.00096047425,2.1336875,3 (Jazz + Pop + Rock),ballroom___ballroom_Media-104918
979,1.2114893,-1.2430562,3 (Jazz + Pop + Rock),ballroom___ballroom_Media-105001
980,0.38988045,0.9229533,3 (Jazz + Pop + Rock),ballroom___ballroom_Media-105002
981,1.365651,1.2310406,3 (Jazz + Pop + Rock),ballroom___ballroom_Media-105003
982,-2.0773137,2.011009,3 (Jazz + Pop + Rock),ballroom___ballroom_Media-105004
983,4.041652,-0.11632253,3 (Jazz + Pop + Rock),ballroom___ballroom_Media-105005
984,-1.3423759,-1.1151072,3 (Jazz + Pop + Rock),ballroom___ballroom_Media-105006
985,0.24120565,3.86971,3 (Jazz + Pop + Rock),ballroom___ballroom_Media-105007
986,-0.16231811,4.3181796,3 (Jazz + Pop + Rock),ballroom___ballroom_Media-105008
987,5.9610524,0.43433076,3 (Jazz + Pop + Rock),ballroom___ballroom_Media-105009
988,2.772541,-2.0700386,3 (Jazz + Pop + Rock),ballroom___ballroom_Media-105010
989,-1.7791895,-0.22794338,3 (Jazz + Pop + Rock),ballroom___ballroom_Media-105011
990,5.861423,-1.7255808,3 (Jazz + Pop + Rock),ballroom___ballroom_Media-105016
991,6.151602,1.4425786,3 (Jazz + Pop + Rock),ballroom___ballroom_Media-105017
992,3.966266,0.47575814,3 (Jazz + Pop + Rock),ballroom___ballroom_Media-105018
993,1.707753,5.3004622,3 (Jazz + Pop + Rock),ballroom___ballroom_Media-105019
994,0.95494944,1.80508,3 (Jazz + Pop + Rock),ballroom___ballroom_Media-105020
995,2.0181408,2.1890714,3 (Jazz + Pop + Rock),ballroom___ballroom_Media-105101
996,2.8114722,-5.6400332,3 (Jazz + Pop + Rock),ballroom___ballroom_Media-105102
997,5.1381707,-0.7547789,3 (Jazz + Pop + Rock),ballroom___ballroom_Media-105103
998,-2.1845095,2.2637553,3 (Jazz + Pop + Rock),ballroom___ballroom_Media-105104
999,-2.1953573,-4.2429166,3 (Jazz + Pop + Rock),ballroom___ballroom_Media-105105
1000,0.393156,-1.5937839,3 (Jazz + Pop + Rock),ballroom___ballroom_Media-105106
1001,6.333072,0.5364234,2 (Pop + Rock + HJDB + Hip-Hop),ballroom___ballroom_Media-105107
1002,5.5239606,0.020488335,3 (Jazz + Pop + Rock),ballroom___ballroom_Media-105108
1003,1.2773032,2.8559442,3 (Jazz + Pop + Rock),ballroom___ballroom_Media-105109
1004,1.9066606,-0.33328584,3 (Jazz + Pop + Rock),ballroom___ballroom_Media-105110
1005,8.007242,-1.681678,2 (Pop + Rock + HJDB + Hip-Hop),ballroom___ballroom_Media-105111
1006,5.7787547,0.81183183,3 (Jazz + Pop + Rock),ballroom___ballroom_Media-105112
1007,2.431569,3.8963947,3 (Jazz + Pop + Rock),ballroom___ballroom_Media-105119
1008,7.752418,1.1169772,2 (Pop + Rock + HJDB + Hip-Hop),ballroom___ballroom_Media-105120
1009,3.7980993,4.2878995,3 (Jazz + Pop + Rock),ballroom___ballroom_Media-105121
1010,6.477998,1.3469079,2 (Pop + Rock + HJDB + Hip-Hop),ballroom___ballroom_Media-105122
1011,0.06220816,0.08191444,3 (Jazz + Pop + Rock),ballroom___ballroom_Media-105207
1012,-4.3045607,-3.1480515,3 (Jazz + Pop + Rock),ballroom___ballroom_Media-105209
1013,2.7444348,-4.052794,3 (Jazz + Pop + Rock),ballroom___ballroom_Media-105210
1014,4.6981144,-3.0278232,3 (Jazz + Pop + Rock),ballroom___ballroom_Media-105211
1015,2.8885744,-5.0648775,3 (Jazz + Pop + Rock),ballroom___ballroom_Media-105212
1016,-0.2120373,-3.3206859,3 (Jazz + Pop + Rock),ballroom___ballroom_Media-105213
1017,-4.598048,-2.2142575,3 (Jazz + Pop + Rock),ballroom___ballroom_Media-105214
1018,-1.551614,-3.7735012,3 (Jazz + Pop + Rock),ballroom___ballroom_Media-105215
1019,-7.532851,-6.755336,1 (Classical + Groove + Jazz),ballroom___ballroom_Media-105301
1020,-2.6007411,0.2671676,3 (Jazz + Pop + Rock),ballroom___ballroom_Media-105302
1021,-7.9796786,0.36143786,1 (Classical + Groove + Jazz),ballroom___ballroom_Media-105303
1022,-4.8143916,1.4697767,3 (Jazz + Pop + Rock),ballroom___ballroom_Media-105304
1023,4.4452343,-0.24859217,3 (Jazz + Pop + Rock),ballroom___ballroom_Media-105305
1024,-0.28568202,-1.8721539,3 (Jazz + Pop + Rock),ballroom___ballroom_Media-105306
1025,3.7489057,-1.2992766,3 (Jazz + Pop + Rock),ballroom___ballroom_Media-105307
1026,0.9653055,2.0810263,3 (Jazz + Pop + Rock),ballroom___ballroom_Media-105308
1027,4.116431,0.34614944,3 (Jazz + Pop + Rock),ballroom___ballroom_Media-105309
1028,5.0631614,3.2636802,3 (Jazz + Pop + Rock),ballroom___ballroom_Media-105313
1029,-0.28279707,6.186637,3 (Jazz + Pop + Rock),ballroom___ballroom_Media-105314
1030,12.0453005,-1.1671865,2 (Pop + Rock + HJDB + Hip-Hop),ballroom___ballroom_Media-105315
1031,-3.620362,1.518988,3 (Jazz + Pop + Rock),ballroom___ballroom_Media-105316
1032,3.2631145,1.3837433,3 (Jazz + Pop + Rock),ballroom___ballroom_Media-105317
1033,3.0837,2.5153863,3 (Jazz + Pop + Rock),ballroom___ballroom_Media-105318
1034,2.7039816,4.384725,3 (Jazz + Pop + Rock),ballroom___ballroom_Media-105320
1035,6.7916374,3.3952186,2 (Pop + Rock + HJDB + Hip-Hop),ballroom___ballroom_Media-105401
1036,3.2215557,1.8176128,3 (Jazz + Pop + Rock),ballroom___ballroom_Media-105402
1037,7.179489,2.4120703,2 (Pop + Rock + HJDB + Hip-Hop),ballroom___ballroom_Media-105403
1038,3.708761,3.2347434,3 (Jazz + Pop + Rock),ballroom___ballroom_Media-105404
1039,6.571803,3.3290498,2 (Pop + Rock + HJDB + Hip-Hop),ballroom___ballroom_Media-105405
1040,10.361768,-1.0575497,2 (Pop + Rock + HJDB + Hip-Hop),ballroom___ballroom_Media-105406
1041,3.8540225,0.34100544,3 (Jazz + Pop + Rock),ballroom___ballroom_Media-105407
1042,-0.76093936,2.9558206,3 (Jazz + Pop + Rock),ballroom___ballroom_Media-105408
1043,-0.8279615,4.0007076,3 (Jazz + Pop + Rock),ballroom___ballroom_Media-105409
1044,-2.1977441,3.6191914,3 (Jazz + Pop + Rock),ballroom___ballroom_Media-105410
1045,-1.2261027,4.1687264,3 (Jazz + Pop + Rock),ballroom___ballroom_Media-105411
1046,11.068403,-1.5102135,2 (Pop + Rock + HJDB + Hip-Hop),ballroom___ballroom_Media-105412
1047,11.04075,-0.04828338,2 (Pop + Rock + HJDB + Hip-Hop),ballroom___ballroom_Media-105413
1048,9.604824,-0.25247666,2 (Pop + Rock + HJDB + Hip-Hop),ballroom___ballroom_Media-105414
1049,14.325666,-2.0395312,2 (Pop + Rock + HJDB + Hip-Hop),ballroom___ballroom_Media-105415
1050,4.244978,3.081931,3 (Jazz + Pop + Rock),ballroom___ballroom_Media-105416
1051,2.443632,5.710497,3 (Jazz + Pop + Rock),ballroom___ballroom_Media-105417
1052,-2.0505178,1.7798034,3 (Jazz + Pop + Rock),ballroom___ballroom_Media-105418
1053,0.9756735,-1.4412315,3 (Jazz + Pop + Rock),ballroom___ballroom_Media-105419
1054,0.7665992,6.2966223,3 (Jazz + Pop + Rock),ballroom___ballroom_Media-105420
1055,-7.8195205,-4.8267374,1 (Classical + Groove + Jazz),ballroom___ballroom_Media-105501
1056,-4.9571514,-5.645399,1 (Classical + Groove + Jazz),ballroom___ballroom_Media-105502
1057,-4.1606927,1.0923753,3 (Jazz + Pop + Rock),ballroom___ballroom_Media-105503
1058,1.1122622,-2.2568235,3 (Jazz + Pop + Rock),ballroom___ballroom_Media-105504
1059,-0.32584608,2.5329063,3 (Jazz + Pop + Rock),ballroom___ballroom_Media-105505
1060,2.3649411,4.855895,3 (Jazz + Pop + Rock),ballroom___ballroom_Media-105506
1061,0.36509198,2.1905572,3 (Jazz + Pop + Rock),ballroom___ballroom_Media-105507
1062,1.7511287,1.3490318,3 (Jazz + Pop + Rock),ballroom___ballroom_Media-105508
1063,-9.770837,0.88430023,1 (Classical + Groove + Jazz),ballroom___ballroom_Media-105509
1064,4.456409,0.8750692,3 (Jazz + Pop + Rock),ballroom___ballroom_Media-105510
1065,-0.5419716,0.30074102,3 (Jazz + Pop + Rock),ballroom___ballroom_Media-105511
1066,7.3615,-0.38907698,2 (Pop + Rock + HJDB + Hip-Hop),ballroom___ballroom_Media-105516
1067,9.664088,-0.8816837,2 (Pop + Rock + HJDB + Hip-Hop),ballroom___ballroom_Media-105517
1068,4.3340597,3.3757093,3 (Jazz + Pop + Rock),ballroom___ballroom_Media-105518
1069,3.7652915,5.3192635,3 (Jazz + Pop + Rock),ballroom___ballroom_Media-105601
1070,4.243723,5.120563,3 (Jazz + Pop + Rock),ballroom___ballroom_Media-105602
1071,6.498443,3.1386664,2 (Pop + Rock + HJDB + Hip-Hop),ballroom___ballroom_Media-105603
1072,6.4008574,3.4013033,2 (Pop + Rock + HJDB + Hip-Hop),ballroom___ballroom_Media-105604
1073,6.802245,1.5610349,2 (Pop + Rock + HJDB + Hip-Hop),ballroom___ballroom_Media-105605
1074,2.2221146,6.317844,3 (Jazz + Pop + Rock),ballroom___ballroom_Media-105606
1075,9.914691,1.9640296,2 (Pop + Rock + HJDB + Hip-Hop),ballroom___ballroom_Media-105607
1076,7.5566406,3.6388187,2 (Pop + Rock + HJDB + Hip-Hop),ballroom___ballroom_Media-105608
1077,6.525765,3.7660868,2 (Pop + Rock + HJDB + Hip-Hop),ballroom___ballroom_Media-105609
1078,-1.0572705,4.7415333,3 (Jazz + Pop + Rock),ballroom___ballroom_Media-105611
1079,-1.7917805,5.2429433,3 (Jazz + Pop + Rock),ballroom___ballroom_Media-105612
1080,2.5911818,1.9240991,3 (Jazz + Pop + Rock),ballroom___ballroom_Media-105613
1081,3.209145,1.6020254,3 (Jazz + Pop + Rock),ballroom___ballroom_Media-105614
1082,-0.88945717,3.2861989,3 (Jazz + Pop + Rock),ballroom___ballroom_Media-105615
1083,-6.8978877,0.09569025,1 (Classical + Groove + Jazz),ballroom___ballroom_Media-105701
1084,6.1236725,-1.367284,3 (Jazz + Pop + Rock),ballroom___ballroom_Media-105702
1085,-3.2239182,-4.9980025,3 (Jazz + Pop + Rock),ballroom___ballroom_Media-105703
1086,-9.737695,-6.4074917,1 (Classical + Groove + Jazz),ballroom___ballroom_Media-105704
1087,0.12428767,2.3446875,3 (Jazz + Pop + Rock),ballroom___ballroom_Media-105705
1088,0.49483112,2.869213,3 (Jazz + Pop + Rock),ballroom___ballroom_Media-105706
1089,6.069365,0.8887287,3 (Jazz + Pop + Rock),ballroom___ballroom_Media-105707
1090,0.25659692,4.3201647,3 (Jazz + Pop + Rock),ballroom___ballroom_Media-105708
1091,5.036402,-0.9675337,3 (Jazz + Pop + Rock),ballroom___ballroom_Media-105709
1092,0.43153802,0.23229475,3 (Jazz + Pop + Rock),ballroom___ballroom_Media-105710
1093,3.7545943,3.800186,3 (Jazz + Pop + Rock),ballroom___ballroom_Media-105715
1094,0.65093434,4.646054,3 (Jazz + Pop + Rock),ballroom___ballroom_Media-105716
1095,2.7674205,5.668419,3 (Jazz + Pop + Rock),ballroom___ballroom_Media-105717
1096,-0.20204669,-1.0653511,3 (Jazz + Pop + Rock),ballroom___ballroom_Media-105801
1097,-7.9338026,-3.7831392,1 (Classical + Groove + Jazz),ballroom___ballroom_Media-105802
1098,-7.6082134,0.844861,1 (Classical + Groove + Jazz),ballroom___ballroom_Media-105803
1099,-5.834076,2.193559,1 (Classical + Groove + Jazz),ballroom___ballroom_Media-105804
1100,-6.2960143,-4.3006206,1 (Classical + Groove + Jazz),ballroom___ballroom_Media-105805
1101,3.8187954,1.8631237,3 (Jazz + Pop + Rock),ballroom___ballroom_Media-105806
1102,-0.27766868,5.055062,3 (Jazz + Pop + Rock),ballroom___ballroom_Media-105807
1103,-0.4005887,5.895684,3 (Jazz + Pop + Rock),ballroom___ballroom_Media-105808
1104,-5.3580904,-5.836896,1 (Classical + Groove + Jazz),ballroom___ballroom_Media-105809
1105,-1.4221435,1.919183,3 (Jazz + Pop + Rock),ballroom___ballroom_Media-105810
1106,4.9932957,-0.5780767,3 (Jazz + Pop + Rock),ballroom___ballroom_Media-105811
1107,-1.7947029,-0.87061894,3 (Jazz + Pop + Rock),ballroom___ballroom_Media-105812
1108,4.626005,2.7198832,3 (Jazz + Pop + Rock),ballroom___ballroom_Media-105816
1109,5.4825134,2.637174,3 (Jazz + Pop + Rock),ballroom___ballroom_Media-105817
1110,4.4292135,2.7066057,3 (Jazz + Pop + Rock),ballroom___ballroom_Media-105818
1111,9.228165,0.6260307,2 (Pop + Rock + HJDB + Hip-Hop),ballroom___ballroom_Media-105819
1112,4.2596326,2.4167173,3 (Jazz + Pop + Rock),ballroom___ballroom_Media-105820
1113,-9.147037,-1.4274766,1 (Classical + Groove + Jazz),ballroom___ballroom_Media-105901
1114,-9.764947,1.3939167,1 (Classical + Groove + Jazz),ballroom___ballroom_Media-105902
1115,-4.2304783,1.8523,3 (Jazz + Pop + Rock),ballroom___ballroom_Media-105903
1116,-2.3274636,1.7842824,3 (Jazz + Pop + Rock),ballroom___ballroom_Media-105904
1117,-10.142178,1.1539401,1 (Classical + Groove + Jazz),ballroom___ballroom_Media-105905
1118,-0.3563025,3.685099,3 (Jazz + Pop + Rock),ballroom___ballroom_Media-105906
1119,0.9037607,0.8905859,3 (Jazz + Pop + Rock),ballroom___ballroom_Media-105907
1120,-1.4158819,2.5460727,3 (Jazz + Pop + Rock),ballroom___ballroom_Media-105911
1121,-0.14975975,1.1101269,3 (Jazz + Pop + Rock),ballroom___ballroom_Media-105912
1122,1.4458063,0.78037256,3 (Jazz + Pop + Rock),ballroom___ballroom_Media-105913
1123,-1.565241,2.0251362,3 (Jazz + Pop + Rock),ballroom___ballroom_Media-105914
1124,7.9788017,2.9814098,2 (Pop + Rock + HJDB + Hip-Hop),ballroom___ballroom_Media-106001
1125,7.494832,3.3328538,2 (Pop + Rock + HJDB + Hip-Hop),ballroom___ballroom_Media-106002
1126,5.6633453,2.2669048,3 (Jazz + Pop + Rock),ballroom___ballroom_Media-106003
1127,7.383864,4.39751,2 (Pop + Rock + HJDB + Hip-Hop),ballroom___ballroom_Media-106004
1128,6.2263503,2.294754,3 (Jazz + Pop + Rock),ballroom___ballroom_Media-106005
1129,5.468812,4.9858956,3 (Jazz + Pop + Rock),ballroom___ballroom_Media-106006
1130,6.409596,5.6949034,2 (Pop + Rock + HJDB + Hip-Hop),ballroom___ballroom_Media-106007
1131,6.11406,2.137819,3 (Jazz + Pop + Rock),ballroom___ballroom_Media-106008
1132,3.3203223,0.5012676,3 (Jazz + Pop + Rock),ballroom___ballroom_Media-106009
1133,2.395348,-0.7111538,3 (Jazz + Pop + Rock),ballroom___ballroom_Media-106010
1134,-0.47239286,1.526076,3 (Jazz + Pop + Rock),ballroom___ballroom_Media-106011
1135,-0.42796594,4.0543647,3 (Jazz + Pop + Rock),ballroom___ballroom_Media-106012
1136,10.734704,-1.388697,2 (Pop + Rock + HJDB + Hip-Hop),ballroom___ballroom_Media-106015
1137,6.490461,4.4286075,2 (Pop + Rock + HJDB + Hip-Hop),ballroom___ballroom_Media-106016
1138,10.200988,3.0440598,2 (Pop + Rock + HJDB + Hip-Hop),ballroom___ballroom_Media-106017
1139,5.1390753,2.628559,3 (Jazz + Pop + Rock),ballroom___ballroom_Media-106101
1140,8.5097475,1.2398897,2 (Pop + Rock + HJDB + Hip-Hop),ballroom___ballroom_Media-106102
1141,4.039086,3.1472166,3 (Jazz + Pop + Rock),ballroom___ballroom_Media-106103
1142,5.916332,0.11170632,3 (Jazz + Pop + Rock),ballroom___ballroom_Media-106104
1143,-0.19026686,5.0886865,3 (Jazz + Pop + Rock),ballroom___ballroom_Media-106105
1144,6.7611074,5.215677,2 (Pop + Rock + HJDB + Hip-Hop),ballroom___ballroom_Media-106106
1145,10.163553,1.8138688,2 (Pop + Rock + HJDB + Hip-Hop),ballroom___ballroom_Media-106107
1146,2.519923,5.4317856,3 (Jazz + Pop + Rock),ballroom___ballroom_Media-106108
1147,12.998934,-1.2628245,2 (Pop + Rock + HJDB + Hip-Hop),ballroom___ballroom_Media-106109
1148,1.9384403,0.52604514,3 (Jazz + Pop + Rock),ballroom___ballroom_Media-106110
1149,-0.55950123,3.6947865,3 (Jazz + Pop + Rock),ballroom___ballroom_Media-106111
1150,-0.60533875,3.3883777,3 (Jazz + Pop + Rock),ballroom___ballroom_Media-106112
1151,3.1444142,0.9791157,3 (Jazz + Pop + Rock),ballroom___ballroom_Media-106113
1152,12.211278,-1.4490466,2 (Pop + Rock + HJDB + Hip-Hop),ballroom___ballroom_Media-106114
1153,12.09379,-2.0983822,2 (Pop + Rock + HJDB + Hip-Hop),ballroom___ballroom_Media-106115
1154,11.512515,-2.4951086,2 (Pop + Rock + HJDB + Hip-Hop),ballroom___ballroom_Media-106116
1155,-0.95271754,3.3954406,3 (Jazz + Pop + Rock),ballroom___ballroom_Media-106117
1156,2.639111,4.9337773,3 (Jazz + Pop + Rock),ballroom___ballroom_Media-106118
1157,1.6954958,2.491492,3 (Jazz + Pop + Rock),ballroom___ballroom_Media-106119
1158,16.191862,-2.3778188,2 (Pop + Rock + HJDB + Hip-Hop),beatles___beatles_01_Please_Please_Me_01_I_Saw_Her_Standing_There
1159,12.35134,-1.6586831,2 (Pop + Rock + HJDB + Hip-Hop),beatles___beatles_01_Please_Please_Me_02_Misery
1160,9.64491,-1.5091338,2 (Pop + Rock + HJDB + Hip-Hop),beatles___beatles_01_Please_Please_Me_03_Anna_(Go_To_Him)
1161,12.221597,-1.4627868,2 (Pop + Rock + HJDB + Hip-Hop),beatles___beatles_01_Please_Please_Me_04_Chains
1162,16.220705,-1.8602208,2 (Pop + Rock + HJDB + Hip-Hop),beatles___beatles_01_Please_Please_Me_05_Boys
1163,7.9779587,-0.21306,2 (Pop + Rock + HJDB + Hip-Hop),beatles___beatles_01_Please_Please_Me_06_Ask_Me_Why
1164,15.578526,-2.7094774,2 (Pop + Rock + HJDB + Hip-Hop),beatles___beatles_01_Please_Please_Me_07_Please_Please_Me
1165,9.447315,-1.1266466,2 (Pop + Rock + HJDB + Hip-Hop),beatles___beatles_01_Please_Please_Me_08_Love_Me_Do
1166,11.217166,-2.842314,2 (Pop + Rock + HJDB + Hip-Hop),beatles___beatles_01_Please_Please_Me_09_P_S_I_Love_You
1167,12.611807,-0.471243,2 (Pop + Rock + HJDB + Hip-Hop),beatles___beatles_01_Please_Please_Me_10_Baby_Its_You
1168,7.189337,-0.038890157,2 (Pop + Rock + HJDB + Hip-Hop),beatles___beatles_01_Please_Please_Me_11_Do_You_Want_To_Know_A_Secret
1169,7.420007,-0.78823596,2 (Pop + Rock + HJDB + Hip-Hop),beatles___beatles_01_Please_Please_Me_12_A_Taste_Of_Honey
1170,14.110506,-2.9752278,2 (Pop + Rock + HJDB + Hip-Hop),beatles___beatles_01_Please_Please_Me_13_Theres_A_Place
1171,13.880055,-1.5688787,2 (Pop + Rock + HJDB + Hip-Hop),beatles___beatles_01_Please_Please_Me_14_Twist_And_Shout
1172,15.311408,-1.820996,2 (Pop + Rock + HJDB + Hip-Hop),beatles___beatles_02_With_the_Beatles_01_It_Wont_Be_Long
1173,8.317369,0.79955727,2 (Pop + Rock + HJDB + Hip-Hop),beatles___beatles_02_With_the_Beatles_02_All_Ive_Got_To_Do
1174,9.072018,0.016783586,2 (Pop + Rock + HJDB + Hip-Hop),beatles___beatles_02_With_the_Beatles_03_All_My_Loving
1175,13.8099,-0.027292984,2 (Pop + Rock + HJDB + Hip-Hop),beatles___beatles_02_With_the_Beatles_04_Dont_Bother_Me
1176,16.36786,-1.1327162,2 (Pop + Rock + HJDB + Hip-Hop),beatles___beatles_02_With_the_Beatles_05_Little_Child
1177,0.6082348,-0.13798317,3 (Jazz + Pop + Rock),beatles___beatles_02_With_the_Beatles_06_Till_There_Was_You
1178,16.404484,-1.7176275,2 (Pop + Rock + HJDB + Hip-Hop),beatles___beatles_02_With_the_Beatles_07_Please_Mister_Postman
1179,14.186501,-1.3564392,2 (Pop + Rock + HJDB + Hip-Hop),beatles___beatles_02_With_the_Beatles_08_Roll_Over_Beethoven
1180,14.1226845,0.48161972,2 (Pop + Rock + HJDB + Hip-Hop),beatles___beatles_02_With_the_Beatles_09_Hold_Me_Tight
1181,7.6630507,0.9381508,2 (Pop + Rock + HJDB + Hip-Hop),beatles___beatles_02_With_the_Beatles_10_You_Really_Got_A_Hold_On_Me
1182,15.6501045,-1.6616045,2 (Pop + Rock + HJDB + Hip-Hop),beatles___beatles_02_With_the_Beatles_11_I_Wanna_Be_Your_Man
1183,14.508326,-1.5467253,2 (Pop + Rock + HJDB + Hip-Hop),beatles___beatles_02_With_the_Beatles_12_Devil_In_Her_Heart
1184,14.895986,0.15718648,2 (Pop + Rock + HJDB + Hip-Hop),beatles___beatles_02_With_the_Beatles_13_Not_A_Second_Time
1185,15.574677,-1.442462,2 (Pop + Rock + HJDB + Hip-Hop),beatles___beatles_02_With_the_Beatles_14_Money
1186,16.897999,-1.8693591,2 (Pop + Rock + HJDB + Hip-Hop),beatles___beatles_03_A_Hard_Days_Night_01_A_Hard_Days_Night
1187,11.255913,-0.4980965,2 (Pop + Rock + HJDB + Hip-Hop),beatles___beatles_03_A_Hard_Days_Night_02_I_Should_Have_Known_Better
1188,9.840302,-1.2544075,2 (Pop + Rock + HJDB + Hip-Hop),beatles___beatles_03_A_Hard_Days_Night_03_If_I_Fell
1189,15.501594,-2.0056355,2 (Pop + Rock + HJDB + Hip-Hop),beatles___beatles_03_A_Hard_Days_Night_04_Im_Happy_Just_To_Dance_With_You
1190,4.608736,0.16105072,3 (Jazz + Pop + Rock),beatles___beatles_03_A_Hard_Days_Night_05_And_I_Love_Her
1191,16.261484,-2.059389,2 (Pop + Rock + HJDB + Hip-Hop),beatles___beatles_03_A_Hard_Days_Night_06_Tell_Me_Why
1192,13.504288,-1.3506343,2 (Pop + Rock + HJDB + Hip-Hop),beatles___beatles_03_A_Hard_Days_Night_07_Cant_Buy_Me_Love
1193,15.06012,-1.2777871,2 (Pop + Rock + HJDB + Hip-Hop),beatles___beatles_03_A_Hard_Days_Night_08_Any_Time_At_All
1194,15.310189,-1.3760656,2 (Pop + Rock + HJDB + Hip-Hop),beatles___beatles_03_A_Hard_Days_Night_09_Ill_Cry_Instead
1195,12.761039,-0.19364192,2 (Pop + Rock + HJDB + Hip-Hop),beatles___beatles_03_A_Hard_Days_Night_10_Things_We_Said_Today
1196,15.87639,-2.3320558,2 (Pop + Rock + HJDB + Hip-Hop),beatles___beatles_03_A_Hard_Days_Night_11_When_I_Get_Home
1197,15.212596,-2.0363977,2 (Pop + Rock + HJDB + Hip-Hop),beatles___beatles_03_A_Hard_Days_Night_12_You_Cant_Do_That
1198,9.598827,-0.5301647,2 (Pop + Rock + HJDB + Hip-Hop),beatles___beatles_03_A_Hard_Days_Night_13_Ill_Be_Back
1199,7.937934,-1.0069497,2 (Pop + Rock + HJDB + Hip-Hop),beatles___beatles_04_Beatles_for_Sale_01_No_Reply
1200,15.630153,-0.36891747,2 (Pop + Rock + HJDB + Hip-Hop),beatles___beatles_04_Beatles_for_Sale_02_Im_a_Loser
1201,15.645245,0.38649273,2 (Pop + Rock + HJDB + Hip-Hop),beatles___beatles_04_Beatles_for_Sale_03_Babys_In_Black
1202,16.388632,-0.7507425,2 (Pop + Rock + HJDB + Hip-Hop),beatles___beatles_04_Beatles_for_Sale_04_Rock_and_Roll_Music
1203,0.9796536,-0.3703803,3 (Jazz + Pop + Rock),beatles___beatles_04_Beatles_for_Sale_05_Ill_Follow_the_Sun
1204,1.4231148,0.9025342,3 (Jazz + Pop + Rock),beatles___beatles_04_Beatles_for_Sale_06_Mr_Moonlight
1205,15.763009,0.04069658,2 (Pop + Rock + HJDB + Hip-Hop),beatles___beatles_04_Beatles_for_Sale_07_Kansas_City-_Hey_Hey_Hey_Hey
1206,14.996578,-0.42075825,2 (Pop + Rock + HJDB + Hip-Hop),beatles___beatles_04_Beatles_for_Sale_08_Eight_Days_a_Week
1207,5.050294,-0.62946886,3 (Jazz + Pop + Rock),beatles___beatles_04_Beatles_for_Sale_09_Words_of_Love
1208,8.473365,-1.9003637,2 (Pop + Rock + HJDB + Hip-Hop),beatles___beatles_04_Beatles_for_Sale_10_Honey_Dont
1209,7.8365602,-1.8490063,2 (Pop + Rock + HJDB + Hip-Hop),beatles___beatles_04_Beatles_for_Sale_11_Every_Little_Thing
1210,12.638865,-1.1201437,2 (Pop + Rock + HJDB + Hip-Hop),beatles___beatles_04_Beatles_for_Sale_12_I_Dont_Want_to_Spoil_the_Party
1211,10.507628,-2.8236504,2 (Pop + Rock + HJDB + Hip-Hop),beatles___beatles_04_Beatles_for_Sale_13_What_Youre_Doing
1212,16.506092,-1.0909156,2 (Pop + Rock + HJDB + Hip-Hop),beatles___beatles_04_Beatles_for_Sale_14_Everybodys_Trying_to_Be_My_Baby
1213,11.373336,3.4573016,2 (Pop + Rock + HJDB + Hip-Hop),beatles___beatles_05_Help_01_Help
1214,14.52688,0.58614755,2 (Pop + Rock + HJDB + Hip-Hop),beatles___beatles_05_Help_02_The_Night_Before
1215,2.0487719,-3.9882696,3 (Jazz + Pop + Rock),beatles___beatles_05_Help_03_Youve_Got_To_Hide_Your_Love_Away
1216,1.5841149,-0.27405444,3 (Jazz + Pop + Rock),beatles___beatles_05_Help_04_I_Need_You
1217,12.875439,1.9840084,2 (Pop + Rock + HJDB + Hip-Hop),beatles___beatles_05_Help_05_Another_Girl
1218,12.036894,0.6022542,2 (Pop + Rock + HJDB + Hip-Hop),beatles___beatles_05_Help_06_Youre_Going_To_Lose_That_Girl
1219,12.317812,0.34983432,2 (Pop + Rock + HJDB + Hip-Hop),beatles___beatles_05_Help_07_Ticket_To_Ride
1220,2.7146409,-2.1518335,3 (Jazz + Pop + Rock),beatles___beatles_05_Help_08_Act_Naturally
1221,0.6564304,-2.848972,3 (Jazz + Pop + Rock),beatles___beatles_05_Help_09_Its_Only_Love
1222,5.814484,-1.568883,3 (Jazz + Pop + Rock),beatles___beatles_05_Help_10_You_Like_Me_Too_Much
1223,5.438527,-1.540143,3 (Jazz + Pop + Rock),beatles___beatles_05_Help_11_Tell_Me_What_You_See
1224,12.3357525,2.9650614,2 (Pop + Rock + HJDB + Hip-Hop),beatles___beatles_05_Help_12_Ive_Just_Seen_a_Face
1225,-1.9708855,-2.5032794,3 (Jazz + Pop + Rock),beatles___beatles_05_Help_13_Yesterday
1226,15.895281,0.4649518,2 (Pop + Rock + HJDB + Hip-Hop),beatles___beatles_05_Help_14_Dizzy_Miss_Lizzy
1227,3.445276,1.1836276,3 (Jazz + Pop + Rock),beatles___beatles_06_Rubber_Soul_01_Drive_My_Car
1228,0.8794423,-3.4818237,3 (Jazz + Pop + Rock),beatles___beatles_06_Rubber_Soul_02_Norwegian_Wood_(This_Bird_Has_Flown)
1229,10.931617,2.8119714,2 (Pop + Rock + HJDB + Hip-Hop),beatles___beatles_06_Rubber_Soul_03_You_Wont_See_Me
1230,10.81107,3.0654728,2 (Pop + Rock + HJDB + Hip-Hop),beatles___beatles_06_Rubber_Soul_04_Nowhere_Man
1231,13.193628,1.8630673,2 (Pop + Rock + HJDB + Hip-Hop),beatles___beatles_06_Rubber_Soul_05_Think_For_Yourself
1232,10.372457,3.3945656,2 (Pop + Rock + HJDB + Hip-Hop),beatles___beatles_06_Rubber_Soul_06_The_Word
1233,-6.13524,0.4858088,1 (Classical + Groove + Jazz),beatles___beatles_06_Rubber_Soul_07_Michelle
1234,0.2795804,0.88628656,3 (Jazz + Pop + Rock),beatles___beatles_06_Rubber_Soul_08_What_Goes_On
1235,-0.6765694,-2.298304,3 (Jazz + Pop + Rock),beatles___beatles_06_Rubber_Soul_09_Girl
1236,0.34212407,-0.5850738,3 (Jazz + Pop + Rock),beatles___beatles_06_Rubber_Soul_10_Im_Looking_Through_You
1237,-1.7214574,0.23734696,3 (Jazz + Pop + Rock),beatles___beatles_06_Rubber_Soul_11_In_My_Life
1238,6.2292657,6.2601247,3 (Jazz + Pop + Rock),beatles___beatles_06_Rubber_Soul_12_Wait
1239,11.196507,4.1906157,2 (Pop + Rock + HJDB + Hip-Hop),beatles___beatles_06_Rubber_Soul_13_If_I_Needed_Someone
1240,7.8900414,6.045025,2 (Pop + Rock + HJDB + Hip-Hop),beatles___beatles_06_Rubber_Soul_14_Run_For_Your_Life
1241,11.386118,2.6354375,2 (Pop + Rock + HJDB + Hip-Hop),beatles___beatles_07_Revolver_01_Taxman
1242,1.1363899,-1.6060681,3 (Jazz + Pop + Rock),beatles___beatles_07_Revolver_02_Eleanor_Rigby
1243,10.36069,3.087762,2 (Pop + Rock + HJDB + Hip-Hop),beatles___beatles_07_Revolver_03_Im_Only_Sleeping
1244,12.527175,1.0057178,2 (Pop + Rock + HJDB + Hip-Hop),beatles___beatles_07_Revolver_04_Love_You_To
1245,-4.5697055,-2.316662,3 (Jazz + Pop + Rock),beatles___beatles_07_Revolver_05_Here_There_And_Everywhere
1246,3.9040177,-2.6659017,3 (Jazz + Pop + Rock),beatles___beatles_07_Revolver_06_Yellow_Submarine
1247,13.424553,1.189982,2 (Pop + Rock + HJDB + Hip-Hop),beatles___beatles_07_Revolver_07_She_Said_She_Said
1248,2.8163142,0.8059791,3 (Jazz + Pop + Rock),beatles___beatles_07_Revolver_08_Good_Day_Sunshine
1249,13.303354,-2.8687766,2 (Pop + Rock + HJDB + Hip-Hop),beatles___beatles_07_Revolver_09_And_Your_Bird_Can_Sing
1250,1.8804307,-2.5751803,3 (Jazz + Pop + Rock),beatles___beatles_07_Revolver_10_For_No_One
1251,8.755518,-4.3591022,2 (Pop + Rock + HJDB + Hip-Hop),beatles___beatles_07_Revolver_11_Doctor_Robert
1252,5.265702,-2.8887017,3 (Jazz + Pop + Rock),beatles___beatles_07_Revolver_12_I_Want_To_Tell_You
1253,4.2836404,1.269329,3 (Jazz + Pop + Rock),beatles___beatles_07_Revolver_13_Got_To_Get_You_Into_My_Life
1254,16.417597,0.06663269,2 (Pop + Rock + HJDB + Hip-Hop),beatles___beatles_07_Revolver_14_Tomorrow_Never_Knows
1255,5.499258,-1.8278197,3 (Jazz + Pop + Rock),beatles___beatles_08_Sgt_Peppers_Lonely_Hearts_Club_Band_01_Sgt_Peppers_Lonely_Hearts_Club_Band
1256,3.770285,0.08599216,3 (Jazz + Pop + Rock),beatles___beatles_08_Sgt_Peppers_Lonely_Hearts_Club_Band_02_With_A_Little_Help_From_My_Friends
1257,0.49323285,-2.176582,3 (Jazz + Pop + Rock),beatles___beatles_08_Sgt_Peppers_Lonely_Hearts_Club_Band_03_Lucy_In_The_Sky_With_Diamonds
1258,3.8912659,1.529464,3 (Jazz + Pop + Rock),beatles___beatles_08_Sgt_Peppers_Lonely_Hearts_Club_Band_04_Getting_Better
1259,11.586576,3.3565888,2 (Pop + Rock + HJDB + Hip-Hop),beatles___beatles_08_Sgt_Peppers_Lonely_Hearts_Club_Band_05_Fixing_A_Hole
1260,-2.0559263,-1.6762267,3 (Jazz + Pop + Rock),beatles___beatles_08_Sgt_Peppers_Lonely_Hearts_Club_Band_06_Shes_Leaving_Home
1261,10.936383,3.3092077,2 (Pop + Rock + HJDB + Hip-Hop),beatles___beatles_08_Sgt_Peppers_Lonely_Hearts_Club_Band_07_Being_For_The_Benefit_Of_Mr_Kite
1262,-0.13704522,-5.2727,3 (Jazz + Pop + Rock),beatles___beatles_08_Sgt_Peppers_Lonely_Hearts_Club_Band_08_Within_You_Without_You
1263,-7.752875,0.6552669,1 (Classical + Groove + Jazz),beatles___beatles_08_Sgt_Peppers_Lonely_Hearts_Club_Band_09_When_Im_Sixty-Four
1264,9.90978,2.0481873,2 (Pop + Rock + HJDB + Hip-Hop),beatles___beatles_08_Sgt_Peppers_Lonely_Hearts_Club_Band_10_Lovely_Rita
1265,13.937688,1.0110894,2 (Pop + Rock + HJDB + Hip-Hop),beatles___beatles_08_Sgt_Peppers_Lonely_Hearts_Club_Band_11_Good_Morning_Good_Morning
1266,13.520769,0.9140114,2 (Pop + Rock + HJDB + Hip-Hop),beatles___beatles_08_Sgt_Peppers_Lonely_Hearts_Club_Band_12_Sgt_Peppers_Lonely_Hearts_Club_Band_(Reprise)
1267,-1.1401701,-2.2480547,3 (Jazz + Pop + Rock),beatles___beatles_08_Sgt_Peppers_Lonely_Hearts_Club_Band_13_A_Day_In_The_Life
1268,11.720454,2.3398194,2 (Pop + Rock + HJDB + Hip-Hop),beatles___beatles_09_Magical_Mystery_Tour_01_Magical_Mystery_Tour
1269,-0.93379635,-1.4659741,3 (Jazz + Pop + Rock),beatles___beatles_09_Magical_Mystery_Tour_02_The_Fool_On_The_Hill
1270,2.9763472,-3.005035,3 (Jazz + Pop + Rock),beatles___beatles_09_Magical_Mystery_Tour_03_Flying
1271,11.410009,3.1590774,2 (Pop + Rock + HJDB + Hip-Hop),beatles___beatles_09_Magical_Mystery_Tour_04_Blue_Jay_Way
1272,1.8369538,-1.2170138,3 (Jazz + Pop + Rock),beatles___beatles_09_Magical_Mystery_Tour_05_Your_Mother_Should_Know
1273,3.591593,-3.0749629,3 (Jazz + Pop + Rock),beatles___beatles_09_Magical_Mystery_Tour_06_I_Am_The_Walrus
1274,12.539747,1.6340396,2 (Pop + Rock + HJDB + Hip-Hop),beatles___beatles_09_Magical_Mystery_Tour_07_Hello_Goodbye
1275,0.2837754,1.2605199,3 (Jazz + Pop + Rock),beatles___beatles_09_Magical_Mystery_Tour_08_Strawberry_Fields_Forever
1276,2.1981745,-1.7314543,3 (Jazz + Pop + Rock),beatles___beatles_09_Magical_Mystery_Tour_09_Penny_Lane
1277,3.161411,-3.2106533,3 (Jazz + Pop + Rock),beatles___beatles_09_Magical_Mystery_Tour_10_Baby_Youre_A_Rich_Man
1278,11.264728,2.2596786,2 (Pop + Rock + HJDB + Hip-Hop),beatles___beatles_09_Magical_Mystery_Tour_11_All_You_Need_Is_Love
1279,14.053881,1.2860737,2 (Pop + Rock + HJDB + Hip-Hop),beatles___beatles_10_CD1_The_Beatles_01_Back_in_the_USSR
1280,2.7992728,-3.982409,3 (Jazz + Pop + Rock),beatles___beatles_10_CD1_The_Beatles_02_Dear_Prudence
1281,5.487978,-1.4527699,3 (Jazz + Pop + Rock),beatles___beatles_10_CD1_The_Beatles_03_Glass_Onion
1282,3.9166975,-1.3481807,3 (Jazz + Pop + Rock),beatles___beatles_10_CD1_The_Beatles_04_Ob-La-Di_Ob-La-Da
1283,-0.62114406,1.8882818,3 (Jazz + Pop + Rock),beatles___beatles_10_CD1_The_Beatles_05_Wild_Honey_Pie
1284,0.997195,-1.6749927,3 (Jazz + Pop + Rock),beatles___beatles_10_CD1_The_Beatles_06_The_Continuing_Story_of_Bungalow_Bill
1285,13.412024,3.655837,2 (Pop + Rock + HJDB + Hip-Hop),beatles___beatles_10_CD1_The_Beatles_07_While_My_Guitar_Gently_Weeps
1286,8.175204,4.791125,2 (Pop + Rock + HJDB + Hip-Hop),beatles___beatles_10_CD1_The_Beatles_08_Happiness_is_a_Warm_Gun
1287,-1.1539251,-1.3042572,3 (Jazz + Pop + Rock),beatles___beatles_10_CD1_The_Beatles_09_Martha_My_Dear
1288,-2.0346186,4.2949076,3 (Jazz + Pop + Rock),beatles___beatles_10_CD1_The_Beatles_10_Im_So_Tired
1289,-12.611742,-1.0701833,1 (Classical + Groove + Jazz),beatles___beatles_10_CD1_The_Beatles_11_Black_Bird
1290,-0.64592844,-2.3055642,3 (Jazz + Pop + Rock),beatles___beatles_10_CD1_The_Beatles_12_Piggies
1291,-3.2680442,-0.41583318,3 (Jazz + Pop + Rock),beatles___beatles_10_CD1_The_Beatles_13_Rocky_Raccoon
1292,2.9775553,-3.7142348,3 (Jazz + Pop + Rock),beatles___beatles_10_CD1_The_Beatles_14_Dont_Pass_Me_By
1293,0.72025585,-0.2549125,3 (Jazz + Pop + Rock),beatles___beatles_10_CD1_The_Beatles_15_Why_Dont_We_Do_It_In_The_Road
1294,-2.1198401,-2.9058366,3 (Jazz + Pop + Rock),beatles___beatles_10_CD1_The_Beatles_16_I_Will
1295,-13.16102,-1.3748066,1 (Classical + Groove + Jazz),beatles___beatles_10_CD1_The_Beatles_17_Julia
1296,15.733213,-0.0700954,2 (Pop + Rock + HJDB + Hip-Hop),beatles___beatles_10_CD2_The_Beatles_01_Birthday
1297,8.645603,5.7504435,2 (Pop + Rock + HJDB + Hip-Hop),beatles___beatles_10_CD2_The_Beatles_02_Yer_Blues
1298,-5.528418,-3.153806,1 (Classical + Groove + Jazz),beatles___beatles_10_CD2_The_Beatles_03_Mother_Natures_Son
1299,6.7263722,4.273445,2 (Pop + Rock + HJDB + Hip-Hop),beatles___beatles_10_CD2_The_Beatles_04_Everybodys_Got_Something_To_Hide_Except_Me_and_My_Monkey
1300,4.0363836,-1.04571,3 (Jazz + Pop + Rock),beatles___beatles_10_CD2_The_Beatles_05_Sexy_Sadie
1301,16.316706,0.48516452,2 (Pop + Rock + HJDB + Hip-Hop),beatles___beatles_10_CD2_The_Beatles_06_Helter_Skelter
1302,-3.5033937,0.6361291,3 (Jazz + Pop + Rock),beatles___beatles_10_CD2_The_Beatles_07_Long_Long_Long
1303,12.885127,1.3215468,2 (Pop + Rock + HJDB + Hip-Hop),beatles___beatles_10_CD2_The_Beatles_08_Revolution_1
1304,-2.3618038,-1.2857993,3 (Jazz + Pop + Rock),beatles___beatles_10_CD2_The_Beatles_09_Honey_Pie
1305,8.542728,5.4748263,2 (Pop + Rock + HJDB + Hip-Hop),beatles___beatles_10_CD2_The_Beatles_10_Savoy_Truffle
1306,3.6716475,-2.895097,3 (Jazz + Pop + Rock),beatles___beatles_10_CD2_The_Beatles_11_Cry_Baby_Cry
1307,-4.8495255,-3.5486767,1 (Classical + Groove + Jazz),beatles___beatles_10_CD2_The_Beatles_12_Revolution_9
1308,-1.3676009,-3.9549658,3 (Jazz + Pop + Rock),beatles___beatles_10_CD2_The_Beatles_13_Good_Night
1309,2.8583791,-3.040886,3 (Jazz + Pop + Rock),beatles___beatles_11_Abbey_Road_01_Come_Together
1310,8.733669,-2.892099,2 (Pop + Rock + HJDB + Hip-Hop),beatles___beatles_11_Abbey_Road_02_Something
1311,4.146262,-0.67525154,3 (Jazz + Pop + Rock),beatles___beatles_11_Abbey_Road_03_Maxwells_Silver_Hammer
1312,2.1029212,1.23126,3 (Jazz + Pop + Rock),beatles___beatles_11_Abbey_Road_04_Oh_Darling
1313,1.1603717,1.3813095,3 (Jazz + Pop + Rock),beatles___beatles_11_Abbey_Road_05_Octopuss_Garden
1314,-3.0185294,0.43626398,3 (Jazz + Pop + Rock),beatles___beatles_11_Abbey_Road_06_I_Want_You
1315,2.2938366,-2.478382,3 (Jazz + Pop + Rock),beatles___beatles_11_Abbey_Road_07_Here_Comes_The_Sun
1316,3.6513512,0.82761997,3 (Jazz + Pop + Rock),beatles___beatles_11_Abbey_Road_08_Because
1317,12.507428,2.3673706,2 (Pop + Rock + HJDB + Hip-Hop),beatles___beatles_11_Abbey_Road_09_You_Never_Give_Me_Your_Money
1318,0.9970712,-4.0091105,3 (Jazz + Pop + Rock),beatles___beatles_11_Abbey_Road_10_Sun_King
1319,12.096188,0.29498157,2 (Pop + Rock + HJDB + Hip-Hop),beatles___beatles_11_Abbey_Road_11_Mean_Mr_Mustard
1320,6.71477,-1.078366,2 (Pop + Rock + HJDB + Hip-Hop),beatles___beatles_11_Abbey_Road_12_Polythene_Pam
1321,10.234844,2.138248,2 (Pop + Rock + HJDB + Hip-Hop),beatles___beatles_11_Abbey_Road_13_She_Came_In_Through_The_Bathroom_Window
1322,5.63872,-1.5896288,3 (Jazz + Pop + Rock),beatles___beatles_11_Abbey_Road_14_Golden_Slumbers
1323,4.894557,-3.3798187,3 (Jazz + Pop + Rock),beatles___beatles_11_Abbey_Road_15_Carry_That_Weight
1324,15.736476,-0.3584018,2 (Pop + Rock + HJDB + Hip-Hop),beatles___beatles_11_Abbey_Road_16_The_End
1325,-10.643749,-0.644,1 (Classical + Groove + Jazz),beatles___beatles_11_Abbey_Road_17_Her_Majesty
1326,3.708945,-3.8187895,3 (Jazz + Pop + Rock),beatles___beatles_12_Let_It_Be_01_Two_of_Us
1327,7.16415,-0.6644606,2 (Pop + Rock + HJDB + Hip-Hop),beatles___beatles_12_Let_It_Be_02_Dig_a_Pony
1328,10.26697,-4.296775,2 (Pop + Rock + HJDB + Hip-Hop),beatles___beatles_12_Let_It_Be_03_Across_the_Universe
1329,12.076722,0.6143839,2 (Pop + Rock + HJDB + Hip-Hop),beatles___beatles_12_Let_It_Be_04_I_Me_Mine
1330,6.373811,-2.4418645,2 (Pop + Rock + HJDB + Hip-Hop),beatles___beatles_12_Let_It_Be_05_Dig_It
1331,5.2551794,0.24173558,3 (Jazz + Pop + Rock),beatles___beatles_12_Let_It_Be_06_Let_It_Be
1332,3.4266138,-0.94286305,3 (Jazz + Pop + Rock),beatles___beatles_12_Let_It_Be_07_Maggie_Mae
1333,6.362012,-2.0754035,2 (Pop + Rock + HJDB + Hip-Hop),beatles___beatles_12_Let_It_Be_08_Ive_Got_A_Feeling
1334,11.529618,0.30985805,2 (Pop + Rock + HJDB + Hip-Hop),beatles___beatles_12_Let_It_Be_09_One_After_909
1335,1.2009207,-2.0533667,3 (Jazz + Pop + Rock),beatles___beatles_12_Let_It_Be_10_The_Long_and_Winding_Road
1336,-1.6897236,0.3788022,3 (Jazz + Pop + Rock),beatles___beatles_12_Let_It_Be_11_For_You_Blue
1337,-1.3259174,2.6746385,3 (Jazz + Pop + Rock),beatles___beatles_12_Let_It_Be_12_Get_Back
1338,-3.8619194,2.3415813,3 (Jazz + Pop + Rock),candombe___csic.1995_ansina1_01
1339,-4.151698,2.1653986,3 (Jazz + Pop + Rock),candombe___csic.1995_ansina1_02
1340,-4.1162624,2.2556999,3 (Jazz + Pop + Rock),candombe___csic.1995_ansina1_03
1341,-4.8934717,1.9697075,3 (Jazz + Pop + Rock),candombe___csic.1995_ansina1_04
1342,-5.004238,2.2375467,3 (Jazz + Pop + Rock),candombe___csic.1995_ansina1_05
1343,-2.833561,2.6797538,3 (Jazz + Pop + Rock),candombe___csic.1995_ansina2_01
1344,-2.9185247,2.667845,3 (Jazz + Pop + Rock),candombe___csic.1995_ansina2_02
1345,-2.870955,2.699455,3 (Jazz + Pop + Rock),candombe___csic.1995_ansina2_03
1346,-2.6545603,2.6831992,3 (Jazz + Pop + Rock),candombe___csic.1995_ansina2_04
1347,-3.228622,2.5515192,3 (Jazz + Pop + Rock),candombe___csic.1995_cuareim_01
1348,-2.7206433,1.3453109,3 (Jazz + Pop + Rock),candombe___csic.1995_cuareim_02
1349,-1.9928662,2.0320535,3 (Jazz + Pop + Rock),candombe___csic.1995_cuareim_03
1350,-2.4152868,1.876548,3 (Jazz + Pop + Rock),candombe___csic.1995_cuareim_04
1351,-2.6881022,1.1113279,3 (Jazz + Pop + Rock),candombe___csic.1995_cuareim_05
1352,-3.2124646,-4.197822,3 (Jazz + Pop + Rock),candombe___proyecto.1992_gimenez_02
1353,-4.6931415,-3.3771334,3 (Jazz + Pop + Rock),candombe___proyecto.1992_gimenez_06
1354,-6.0355563,-2.2431507,1 (Classical + Groove + Jazz),candombe___proyecto.1992_lobo_01
1355,-5.94733,-2.2306192,1 (Classical + Groove + Jazz),candombe___proyecto.1992_lobo_06
1356,-6.2144794,-2.7269497,1 (Classical + Groove + Jazz),candombe___proyecto.1992_magarinos_02
1357,-11.010277,3.9267783,1 (Classical + Groove + Jazz),candombe___proyecto.1992_pelado_01
1358,-10.962284,3.631791,1 (Classical + Groove + Jazz),candombe___proyecto.1992_pelado_05
1359,-5.9104147,-3.3414562,1 (Classical + Groove + Jazz),candombe___zavala.muniz.2014_41
1360,-5.062067,-3.6933773,1 (Classical + Groove + Jazz),candombe___zavala.muniz.2014_42
1361,-5.0274253,-3.7206593,1 (Classical + Groove + Jazz),candombe___zavala.muniz.2014_44
1362,-4.479533,-4.053627,3 (Jazz + Pop + Rock),candombe___zavala.muniz.2014_45
1363,-5.2189116,-3.7012649,1 (Classical + Groove + Jazz),candombe___zavala.muniz.2014_46
1364,-10.044982,-3.1543622,1 (Classical + Groove + Jazz),candombe___zavala.muniz.2014_47
1365,-10.550125,-3.4522104,1 (Classical + Groove + Jazz),candombe___zavala.muniz.2014_48
1366,-6.581699,-3.1317406,1 (Classical + Groove + Jazz),candombe___zavala.muniz.2014_49
1367,-5.2934065,-3.5478647,1 (Classical + Groove + Jazz),candombe___zavala.muniz.2014_50
1368,-5.0519214,-3.3258018,1 (Classical + Groove + Jazz),candombe___zavala.muniz.2014_51
1369,-4.6290264,-3.640756,3 (Jazz + Pop + Rock),candombe___zavala.muniz.2014_52
1370,-4.867565,-3.611362,1 (Classical + Groove + Jazz),candombe___zavala.muniz.2014_53
1371,-5.153213,-3.674411,1 (Classical + Groove + Jazz),candombe___zavala.muniz.2014_54
1372,-4.8333526,-3.9618967,1 (Classical + Groove + Jazz),candombe___zavala.muniz.2014_55
1373,3.3176036,-4.672149,3 (Jazz + Pop + Rock),filosax___filosax_01
1374,-0.68804526,-3.3482492,3 (Jazz + Pop + Rock),filosax___filosax_02
1375,0.06458307,-4.6657925,3 (Jazz + Pop + Rock),filosax___filosax_03
1376,-0.90717894,-4.4609895,3 (Jazz + Pop + Rock),filosax___filosax_04
1377,-1.1060051,-4.0442114,3 (Jazz + Pop + Rock),filosax___filosax_05
1378,0.87068266,-3.883196,3 (Jazz + Pop + Rock),filosax___filosax_06
1379,0.5532672,-4.3266954,3 (Jazz + Pop + Rock),filosax___filosax_07
1380,0.4421267,-4.1617208,3 (Jazz + Pop + Rock),filosax___filosax_08
1381,12.920437,3.6182754,2 (Pop + Rock + HJDB + Hip-Hop),filosax___filosax_09
1382,0.15125644,-3.841674,3 (Jazz + Pop + Rock),filosax___filosax_10
1383,13.189779,4.1795664,2 (Pop + Rock + HJDB + Hip-Hop),filosax___filosax_11
1384,0.21400824,-4.315941,3 (Jazz + Pop + Rock),filosax___filosax_12
1385,3.4457986,-4.4896593,3 (Jazz + Pop + Rock),filosax___filosax_13
1386,0.842966,-4.463462,3 (Jazz + Pop + Rock),filosax___filosax_14
1387,0.2621405,-4.572493,3 (Jazz + Pop + Rock),filosax___filosax_15
1388,-0.43770215,-4.0528064,3 (Jazz + Pop + Rock),filosax___filosax_16
1389,-3.3685904,-3.4539185,3 (Jazz + Pop + Rock),filosax___filosax_17
1390,12.899888,1.2332753,2 (Pop + Rock + HJDB + Hip-Hop),filosax___filosax_18
1391,1.8378986,-4.6304407,3 (Jazz + Pop + Rock),filosax___filosax_19
1392,1.5732615,-3.754722,3 (Jazz + Pop + Rock),filosax___filosax_20
1393,-6.0957336,-1.0939163,1 (Classical + Groove + Jazz),filosax___filosax_21
1394,0.15631728,-3.3962648,3 (Jazz + Pop + Rock),filosax___filosax_22
1395,3.172221,-4.2844424,3 (Jazz + Pop + Rock),filosax___filosax_23
1396,-1.9513509,-3.7734592,3 (Jazz + Pop + Rock),filosax___filosax_24
1397,12.774585,3.7893293,2 (Pop + Rock + HJDB + Hip-Hop),filosax___filosax_25
1398,12.867213,3.9332602,2 (Pop + Rock + HJDB + Hip-Hop),filosax___filosax_26
1399,0.43374774,-4.243352,3 (Jazz + Pop + Rock),filosax___filosax_27
1400,-0.11368618,-3.6486092,3 (Jazz + Pop + Rock),filosax___filosax_28
1401,3.279782,-4.4863153,3 (Jazz + Pop + Rock),filosax___filosax_29
1402,12.16656,4.6504173,2 (Pop + Rock + HJDB + Hip-Hop),filosax___filosax_30
1403,12.424245,4.034036,2 (Pop + Rock + HJDB + Hip-Hop),filosax___filosax_31
1404,-0.20621265,-4.2840285,3 (Jazz + Pop + Rock),filosax___filosax_32
1405,3.767395,-4.5797358,3 (Jazz + Pop + Rock),filosax___filosax_33
1406,-0.23084983,-4.5518246,3 (Jazz + Pop + Rock),filosax___filosax_34
1407,0.3913953,-4.4339147,3 (Jazz + Pop + Rock),filosax___filosax_35
1408,12.900113,3.690472,2 (Pop + Rock + HJDB + Hip-Hop),filosax___filosax_36
1409,0.10384814,-4.6297684,3 (Jazz + Pop + Rock),filosax___filosax_37
1410,3.2576566,-4.4654393,3 (Jazz + Pop + Rock),filosax___filosax_38
1411,-0.43105388,-4.0686736,3 (Jazz + Pop + Rock),filosax___filosax_39
1412,-0.38738132,-4.432094,3 (Jazz + Pop + Rock),filosax___filosax_40
1413,-1.8482916,-3.8769832,3 (Jazz + Pop + Rock),filosax___filosax_41
1414,1.1314043,-4.7904453,3 (Jazz + Pop + Rock),filosax___filosax_42
1415,12.496764,4.8947587,2 (Pop + Rock + HJDB + Hip-Hop),filosax___filosax_43
1416,3.3994315,-4.5876427,3 (Jazz + Pop + Rock),filosax___filosax_44
1417,-0.8816117,-3.7720366,3 (Jazz + Pop + Rock),filosax___filosax_45
1418,0.5480711,-4.3968253,3 (Jazz + Pop + Rock),filosax___filosax_46
1419,-0.37036392,-4.4646363,3 (Jazz + Pop + Rock),filosax___filosax_47
1420,-1.0318649,-4.6268086,3 (Jazz + Pop + Rock),filosax___filosax_48
1421,-12.300961,5.9327393,1 (Classical + Groove + Jazz),groove_midi___drummer10_session1_10_jazz-swing_110_beat_4-4
1422,-12.543476,5.997873,1 (Classical + Groove + Jazz),groove_midi___drummer10_session1_1_jazz-swing_124_beat_4-4
1423,-12.237997,6.588305,1 (Classical + Groove + Jazz),groove_midi___drummer10_session1_2_jazz-swing_215_beat_4-4
1424,-13.373119,7.173578,1 (Classical + Groove + Jazz),groove_midi___drummer10_session1_3_jazz-swing_215_beat_4-4
1425,-11.322288,6.3649073,1 (Classical + Groove + Jazz),groove_midi___drummer10_session1_4_jazz-swing_215_beat_4-4
1426,-11.366251,6.2728834,1 (Classical + Groove + Jazz),groove_midi___drummer10_session1_5_jazz-swing_215_beat_4-4
1427,-11.542063,6.0729885,1 (Classical + Groove + Jazz),groove_midi___drummer10_session1_6_jazz-swing_215_beat_4-4
1428,-12.95863,5.9330225,1 (Classical + Groove + Jazz),groove_midi___drummer10_session1_9_jazz-swing_110_beat_4-4
1429,-13.279263,4.744396,1 (Classical + Groove + Jazz),groove_midi___drummer1_eval_session_10_soul-groove10_102_beat_4-4
1430,-12.038229,5.908315,1 (Classical + Groove + Jazz),groove_midi___drummer1_eval_session_1_funk-groove1_138_beat_4-4
1431,-12.463912,5.195495,1 (Classical + Groove + Jazz),groove_midi___drummer1_eval_session_2_funk-groove2_105_beat_4-4
1432,-13.86949,5.9153175,1 (Classical + Groove + Jazz),groove_midi___drummer1_eval_session_3_soul-groove3_86_beat_4-4
1433,-13.641054,5.1176953,1 (Classical + Groove + Jazz),groove_midi___drummer1_eval_session_4_soul-groove4_80_beat_4-4
1434,-13.695227,6.133522,1 (Classical + Groove + Jazz),groove_midi___drummer1_eval_session_5_funk-groove5_84_beat_4-4
1435,-13.513155,5.416753,1 (Classical + Groove + Jazz),groove_midi___drummer1_eval_session_6_hiphop-groove6_87_beat_4-4
1436,-13.34506,5.0815973,1 (Classical + Groove + Jazz),groove_midi___drummer1_eval_session_7_pop-groove7_138_beat_4-4
1437,-13.706173,4.864867,1 (Classical + Groove + Jazz),groove_midi___drummer1_eval_session_8_rock-groove8_65_beat_4-4
1438,-13.581016,4.884154,1 (Classical + Groove + Jazz),groove_midi___drummer1_eval_session_9_soul-groove9_105_beat_4-4
1439,-11.960681,6.3703012,1 (Classical + Groove + Jazz),groove_midi___drummer1_session1_100_neworleans-secondline_94_beat_4-4
1440,-11.134648,6.1284018,1 (Classical + Groove + Jazz),groove_midi___drummer1_session1_101_dance-disco_120_beat_4-4
1441,-12.365255,4.389245,1 (Classical + Groove + Jazz),groove_midi___drummer1_session1_102_funk_95_beat_4-4
1442,-11.833842,5.9442296,1 (Classical + Groove + Jazz),groove_midi___drummer1_session1_126_funk-fast_125_beat_4-4
1443,-13.383092,5.2380247,1 (Classical + Groove + Jazz),groove_midi___drummer1_session1_145_latin-brazilian-baiao_95_beat_4-4
1444,-12.355547,7.2116165,1 (Classical + Groove + Jazz),groove_midi___drummer1_session1_146_latin-brazilian-baiao_95_beat_4-4
1445,-11.82247,6.6231847,1 (Classical + Groove + Jazz),groove_midi___drummer1_session1_176_afrocuban_105_beat_4-4
1446,-12.459227,6.423731,1 (Classical + Groove + Jazz),groove_midi___drummer1_session1_183_afrocuban_105_beat_4-4
1447,-13.860571,5.2589126,1 (Classical + Groove + Jazz),groove_midi___drummer1_session1_184_reggae_78_beat_4-4
1448,-13.838295,6.295421,1 (Classical + Groove + Jazz),groove_midi___drummer1_session1_1_funk_80_beat_4-4
1449,-13.96846,5.65524,1 (Classical + Groove + Jazz),groove_midi___drummer1_session1_201_reggae-slow_64_beat_4-4
1450,-12.832242,4.7998056,1 (Classical + Groove + Jazz),groove_midi___drummer1_session1_202_rock-halftime_140_beat_4-4
1451,-11.768079,5.7807097,1 (Classical + Groove + Jazz),groove_midi___drummer1_session1_239_funk-purdieshuffle_130_beat_4-4
1452,-13.834037,6.8398395,1 (Classical + Groove + Jazz),groove_midi___drummer1_session1_28_latin-samba_116_beat_4-4
1453,-13.798486,6.1835756,1 (Classical + Groove + Jazz),groove_midi___drummer1_session1_2_funk_80_beat_4-4
1454,-12.449413,6.8757405,1 (Classical + Groove + Jazz),groove_midi___drummer1_session1_38_latin-samba_116_beat_4-4
1455,-13.89037,6.264265,1 (Classical + Groove + Jazz),groove_midi___drummer1_session1_3_funk_80_beat_4-4
1456,-12.889572,7.2212253,1 (Classical + Groove + Jazz),groove_midi___drummer1_session1_47_jazz_102_beat_4-4
1457,-13.330083,7.1439886,1 (Classical + Groove + Jazz),groove_midi___drummer1_session1_48_jazz_93_beat_4-4
1458,-12.729579,7.089517,1 (Classical + Groove + Jazz),groove_midi___drummer1_session1_49_jazz_125_beat_4-4
1459,-11.685161,6.5023623,1 (Classical + Groove + Jazz),groove_midi___drummer1_session1_4_jazz-funk_116_beat_4-4
1460,-14.37809,6.3132153,1 (Classical + Groove + Jazz),groove_midi___drummer1_session1_50_jazz_125_beat_4-4
1461,-12.319093,6.762112,1 (Classical + Groove + Jazz),groove_midi___drummer1_session1_51_rock-shuffle_125_beat_4-4
1462,-12.866554,7.386233,1 (Classical + Groove + Jazz),groove_midi___drummer1_session1_52_jazz_125_beat_4-4
1463,-11.570736,6.3613725,1 (Classical + Groove + Jazz),groove_midi___drummer1_session1_5_jazz-funk_116_beat_4-4
1464,-11.596846,5.5931063,1 (Classical + Groove + Jazz),groove_midi___drummer1_session1_75_jazz_125_beat_4-4
1465,-12.526883,7.1874714,1 (Classical + Groove + Jazz),groove_midi___drummer1_session1_77_jazz-mediumfast_180_beat_4-4
1466,-12.3015375,7.3896174,1 (Classical + Groove + Jazz),groove_midi___drummer1_session1_78_jazz-fast_290_beat_4-4
1467,-11.964298,6.365681,1 (Classical + Groove + Jazz),groove_midi___drummer1_session1_79_latin-reggaeton_90_beat_4-4
1468,-12.880563,5.8955884,1 (Classical + Groove + Jazz),groove_midi___drummer1_session1_80_dance-breakbeat_170_beat_4-4
1469,-12.653515,5.719289,1 (Classical + Groove + Jazz),groove_midi___drummer1_session1_81_dance-breakbeat_170_beat_4-4
1470,-12.356976,4.525814,1 (Classical + Groove + Jazz),groove_midi___drummer1_session1_82_neworleans-funk_84_beat_4-4
1471,-13.627132,6.5688624,1 (Classical + Groove + Jazz),groove_midi___drummer1_session2_10_country_114_beat_4-4
1472,-13.2963,5.8903,1 (Classical + Groove + Jazz),groove_midi___drummer1_session2_110_rock-prog_190_beat_4-4
1473,-13.389546,6.245774,1 (Classical + Groove + Jazz),groove_midi___drummer1_session2_111_rock-prog_110_beat_5-4
1474,-13.765657,6.9970384,1 (Classical + Groove + Jazz),groove_midi___drummer1_session2_112_afrocuban-bembe_122_beat_4-4
1475,-13.173183,6.4713054,1 (Classical + Groove + Jazz),groove_midi___drummer1_session2_142_gospel_120_beat_4-4
1476,-13.413667,6.2934113,1 (Classical + Groove + Jazz),groove_midi___drummer1_session2_161_afrocuban-rhumba_110_beat_4-4
1477,-14.24267,6.3634725,1 (Classical + Groove + Jazz),groove_midi___drummer1_session2_180_rock_50_beat_4-4
1478,-13.469255,5.8896112,1 (Classical + Groove + Jazz),groove_midi___drummer1_session2_181_rock_115_beat_4-4
1479,-13.976636,6.393888,1 (Classical + Groove + Jazz),groove_midi___drummer1_session2_1_latin-chacarera_157_beat_3-4
1480,-13.832126,6.4151225,1 (Classical + Groove + Jazz),groove_midi___drummer1_session2_2_latin-chacarera_118_beat_4-4
1481,-12.104951,5.7297764,1 (Classical + Groove + Jazz),groove_midi___drummer1_session2_32_punk_140_beat_4-4
1482,-12.02378,5.3102903,1 (Classical + Groove + Jazz),groove_midi___drummer1_session2_35_punk_128_beat_4-4
1483,-14.036892,6.502151,1 (Classical + Groove + Jazz),groove_midi___drummer1_session2_3_latin-chacarera_118_beat_4-4
1484,-14.341499,6.9268103,1 (Classical + Groove + Jazz),groove_midi___drummer1_session2_4_jazz_120_beat_3-4
1485,-14.097667,6.9260864,1 (Classical + Groove + Jazz),groove_midi___drummer1_session2_5_jazz_200_beat_3-4
1486,-12.860768,5.482049,1 (Classical + Groove + Jazz),groove_midi___drummer1_session2_62_punk_144_beat_4-4
1487,-13.361322,5.732664,1 (Classical + Groove + Jazz),groove_midi___drummer1_session2_6_rock_102_beat_3-4
1488,-14.104106,6.655654,1 (Classical + Groove + Jazz),groove_midi___drummer1_session2_7_jazz-march_88_beat_4-4
1489,-13.713164,6.61156,1 (Classical + Groove + Jazz),groove_midi___drummer1_session2_8_jazz-march_176_beat_4-4
1490,-13.420646,6.133127,1 (Classical + Groove + Jazz),groove_midi___drummer1_session2_90_funk-rock_92_beat_4-4
1491,-13.218929,6.964621,1 (Classical + Groove + Jazz),groove_midi___drummer1_session2_9_jazz-march_120_beat_4-4
1492,-13.149283,5.364415,1 (Classical + Groove + Jazz),groove_midi___drummer1_session3_10_rock-folk_90_beat_4-4
1493,-13.386978,6.1290956,1 (Classical + Groove + Jazz),groove_midi___drummer1_session3_11_afrobeat_94_beat_4-4
1494,-12.355589,5.5026255,1 (Classical + Groove + Jazz),groove_midi___drummer1_session3_12_latin-bomba_96_beat_4-4
1495,-10.884629,5.642796,1 (Classical + Groove + Jazz),groove_midi___drummer1_session3_13_rock_115_beat_4-4
1496,-13.106216,4.562433,1 (Classical + Groove + Jazz),groove_midi___drummer1_session3_14_rock_94_beat_4-4
1497,-14.415828,6.5041556,1 (Classical + Groove + Jazz),groove_midi___drummer1_session3_15_funk_117_beat_4-4
1498,-13.257739,6.137814,1 (Classical + Groove + Jazz),groove_midi___drummer1_session3_16_funk_117_beat_4-4
1499,-12.262292,5.693394,1 (Classical + Groove + Jazz),groove_midi___drummer1_session3_17_afrocuban-calypso_108_beat_4-4
1500,-12.405049,4.7878146,1 (Classical + Groove + Jazz),groove_midi___drummer1_session3_18_rock_128_beat_4-4
1501,-11.741657,6.2937336,1 (Classical + Groove + Jazz),groove_midi___drummer1_session3_1_rock-prog_125_beat_4-4
1502,-12.1255245,6.460518,1 (Classical + Groove + Jazz),groove_midi___drummer1_session3_2_jazz-swing_185_beat_4-4
1503,-11.424384,5.307927,1 (Classical + Groove + Jazz),groove_midi___drummer1_session3_3_rock-rockabilly_200_beat_4-4
1504,-11.52506,6.515898,1 (Classical + Groove + Jazz),groove_midi___drummer1_session3_4_jazz-linear_182_beat_4-4
1505,-12.317801,6.9008503,1 (Classical + Groove + Jazz),groove_midi___drummer1_session3_5_jazz-linear_128_beat_4-4
1506,-11.972904,5.458483,1 (Classical + Groove + Jazz),groove_midi___drummer1_session3_6_dance-disco_120_beat_4-4
1507,-12.444971,6.049359,1 (Classical + Groove + Jazz),groove_midi___drummer1_session3_7_dance-disco_120_beat_4-4
1508,-11.063068,5.9994283,1 (Classical + Groove + Jazz),groove_midi___drummer1_session3_8_rock_135_beat_4-4
1509,-11.218191,5.8284574,1 (Classical + Groove + Jazz),groove_midi___drummer1_session3_9_rock_135_beat_4-4
1510,-13.288645,6.98246,1 (Classical + Groove + Jazz),groove_midi___drummer3_session1_11_rock_120_beat_4-4
1511,-12.918035,6.815062,1 (Classical + Groove + Jazz),groove_midi___drummer3_session1_12_rock_120_beat_4-4
1512,-13.266383,5.8910923,1 (Classical + Groove + Jazz),groove_midi___drummer3_session1_13_rock_120_beat_4-4
1513,-14.450568,5.9307356,1 (Classical + Groove + Jazz),groove_midi___drummer3_session1_14_rock_120_beat_4-4
1514,-14.678656,7.089108,1 (Classical + Groove + Jazz),groove_midi___drummer3_session1_15_jazz_120_beat_4-4
1515,-14.684806,6.661485,1 (Classical + Groove + Jazz),groove_midi___drummer3_session1_16_jazz_120_beat_4-4
1516,-12.767402,6.3336167,1 (Classical + Groove + Jazz),groove_midi___drummer3_session1_18_rock_120_beat_4-4
1517,-13.254419,6.152793,1 (Classical + Groove + Jazz),groove_midi___drummer3_session1_1_rock_105_beat_4-4
1518,-13.015095,6.879481,1 (Classical + Groove + Jazz),groove_midi___drummer3_session1_22_jazz_120_beat_4-4
1519,-13.249534,6.29031,1 (Classical + Groove + Jazz),groove_midi___drummer3_session1_35_rock_120_beat_4-4
1520,-13.507197,5.779128,1 (Classical + Groove + Jazz),groove_midi___drummer3_session1_3_rock_105_beat_4-4
1521,-12.742548,6.318241,1 (Classical + Groove + Jazz),groove_midi___drummer3_session1_4_rock_105_beat_4-4
1522,-13.187876,6.1389565,1 (Classical + Groove + Jazz),groove_midi___drummer3_session1_5_rock_105_beat_4-4
1523,-13.211489,5.8709164,1 (Classical + Groove + Jazz),groove_midi___drummer3_session1_7_rock_105_beat_4-4
1524,-13.272162,7.28102,1 (Classical + Groove + Jazz),groove_midi___drummer3_session1_8_jazz_105_beat_4-4
1525,-12.908014,6.663002,1 (Classical + Groove + Jazz),groove_midi___drummer3_session1_9_rock_105_beat_4-4
1526,-13.920049,5.663142,1 (Classical + Groove + Jazz),groove_midi___drummer3_session2_10_rock_100_beat_4-4
1527,-13.125459,6.283285,1 (Classical + Groove + Jazz),groove_midi___drummer3_session2_16_rock_100_beat_4-4
1528,-13.679115,6.3839264,1 (Classical + Groove + Jazz),groove_midi___drummer3_session2_1_rock_100_beat_4-4
1529,-13.787382,5.762764,1 (Classical + Groove + Jazz),groove_midi___drummer3_session2_20_rock_92_beat_4-4
1530,-13.312461,5.8708377,1 (Classical + Groove + Jazz),groove_midi___drummer3_session2_22_rock_92_beat_4-4
1531,-12.83542,6.7028832,1 (Classical + Groove + Jazz),groove_midi___drummer3_session2_24_rock_92_beat_4-4
1532,-13.551192,5.5967355,1 (Classical + Groove + Jazz),groove_midi___drummer3_session2_25_hiphop_92_beat_4-4
1533,-13.7621565,5.5750675,1 (Classical + Groove + Jazz),groove_midi___drummer3_session2_26_hiphop_92_beat_4-4
1534,-13.437142,6.2373815,1 (Classical + Groove + Jazz),groove_midi___drummer3_session2_2_rock_100_beat_4-4
1535,-12.64239,6.5212235,1 (Classical + Groove + Jazz),groove_midi___drummer3_session2_37_rock_92_beat_4-4
1536,-13.675353,5.650827,1 (Classical + Groove + Jazz),groove_midi___drummer3_session2_43_rock_110_beat_4-4
1537,-13.012382,6.428212,1 (Classical + Groove + Jazz),groove_midi___drummer3_session2_5_rock_100_beat_4-4
1538,-13.349728,6.4751987,1 (Classical + Groove + Jazz),groove_midi___drummer3_session2_6_rock_100_beat_4-4
1539,-13.312182,5.630294,1 (Classical + Groove + Jazz),groove_midi___drummer4_session1_1_rock_87_beat_4-4
1540,-12.2311535,6.2171106,1 (Classical + Groove + Jazz),groove_midi___drummer4_session1_2_jazz_158_beat_4-4
1541,-11.971137,6.1906238,1 (Classical + Groove + Jazz),groove_midi___drummer4_session1_3_jazz-klezmer_152_beat_4-4
1542,-11.7046385,5.3982673,1 (Classical + Groove + Jazz),groove_midi___drummer4_session1_4_latin-brazilian_92_beat_4-4
1543,-11.269012,5.9298453,1 (Classical + Groove + Jazz),groove_midi___drummer4_session1_5_latin-brazilian_184_beat_4-4
1544,-14.066937,5.2140527,1 (Classical + Groove + Jazz),groove_midi___drummer5_eval_session_10_soul-groove10_102_beat_4-4
1545,-12.833961,5.962292,1 (Classical + Groove + Jazz),groove_midi___drummer5_eval_session_1_funk-groove1_138_beat_4-4
1546,-13.983863,5.4137607,1 (Classical + Groove + Jazz),groove_midi___drummer5_eval_session_2_funk-groove2_105_beat_4-4
1547,-14.349774,6.443949,1 (Classical + Groove + Jazz),groove_midi___drummer5_eval_session_3_soul-groove3_86_beat_4-4
1548,-14.293315,6.0779047,1 (Classical + Groove + Jazz),groove_midi___drummer5_eval_session_4_soul-groove4_80_beat_4-4
1549,-13.715918,4.814434,1 (Classical + Groove + Jazz),groove_midi___drummer5_eval_session_5_funk-groove5_84_beat_4-4
1550,-14.344173,6.2842693,1 (Classical + Groove + Jazz),groove_midi___drummer5_eval_session_6_hiphop-groove6_87_beat_4-4
1551,-13.81663,4.9893622,1 (Classical + Groove + Jazz),groove_midi___drummer5_eval_session_7_pop-groove7_138_beat_4-4
1552,-14.335665,6.0306673,1 (Classical + Groove + Jazz),groove_midi___drummer5_eval_session_8_rock-groove8_65_beat_4-4
1553,-14.231705,6.156128,1 (Classical + Groove + Jazz),groove_midi___drummer5_eval_session_9_soul-groove9_105_beat_4-4
1554,-11.526116,6.422081,1 (Classical + Groove + Jazz),groove_midi___drummer5_session1_10_latin-brazilian-sambareggae_96_beat_4-4
1555,-11.459251,6.4619884,1 (Classical + Groove + Jazz),groove_midi___drummer5_session1_11_latin-brazilian-sambareggae_96_beat_4-4
1556,-11.139512,6.2743344,1 (Classical + Groove + Jazz),groove_midi___drummer5_session1_12_latin-brazilian-sambareggae_96_beat_4-4
1557,-9.993495,5.6848936,1 (Classical + Groove + Jazz),groove_midi___drummer5_session1_13_afrocuban-calypso_124_beat_4-4
1558,-10.225289,5.696237,1 (Classical + Groove + Jazz),groove_midi___drummer5_session1_14_latin-brazilian-songo_112_beat_4-4
1559,-11.563136,5.358775,1 (Classical + Groove + Jazz),groove_midi___drummer5_session1_15_funk_100_beat_4-4
1560,-9.582636,5.4051766,1 (Classical + Groove + Jazz),groove_midi___drummer5_session1_16_rock_136_beat_4-4
1561,-12.238246,5.5476637,1 (Classical + Groove + Jazz),groove_midi___drummer5_session1_17_blues-shuffle_72_beat_4-4
1562,-10.198142,5.9099364,1 (Classical + Groove + Jazz),groove_midi___drummer5_session1_18_afrocuban_128_beat_4-4
1563,-12.510198,4.9217114,1 (Classical + Groove + Jazz),groove_midi___drummer5_session1_19_middleeastern_126_beat_4-4
1564,-13.753843,6.509632,1 (Classical + Groove + Jazz),groove_midi___drummer5_session1_1_latin-brazilian-bossa_127_beat_4-4
1565,-9.879731,5.3031635,1 (Classical + Groove + Jazz),groove_midi___drummer5_session1_20_latin-brazilian-baiao_110_beat_4-4
1566,-11.573959,5.0108094,1 (Classical + Groove + Jazz),groove_midi___drummer5_session1_2_latin-brazilian-bossa_127_beat_4-4
1567,-11.011394,5.547771,1 (Classical + Groove + Jazz),groove_midi___drummer5_session1_3_latin-brazilian-samba_89_beat_4-4
1568,-10.833547,5.646254,1 (Classical + Groove + Jazz),groove_midi___drummer5_session1_4_latin-brazilian-samba_89_beat_4-4
1569,-11.27239,6.0813165,1 (Classical + Groove + Jazz),groove_midi___drummer5_session1_5_latin-brazilian-samba_89_beat_4-4
1570,-12.030227,6.871558,1 (Classical + Groove + Jazz),groove_midi___drummer5_session1_6_latin-brazilian-maracatu_96_beat_4-4
1571,-10.6516075,5.4425464,1 (Classical + Groove + Jazz),groove_midi___drummer5_session1_7_latin-brazilian-maracatu_96_beat_4-4
1572,-12.089123,6.601046,1 (Classical + Groove + Jazz),groove_midi___drummer5_session1_8_latin-venezuelan-merengue_162_beat_5-8
1573,-10.379405,5.61396,1 (Classical + Groove + Jazz),groove_midi___drummer5_session1_9_latin-dominican-merengue_130_beat_4-4
1574,-12.876329,4.926288,1 (Classical + Groove + Jazz),groove_midi___drummer5_session2_10_neworleans-funk_102_beat_4-4
1575,-13.491778,4.6562805,1 (Classical + Groove + Jazz),groove_midi___drummer5_session2_11_soul_96_beat_4-4
1576,-11.382007,5.494173,1 (Classical + Groove + Jazz),groove_midi___drummer5_session2_12_rock_105_beat_4-4
1577,-12.398359,5.1375976,1 (Classical + Groove + Jazz),groove_midi___drummer5_session2_13_rock_140_beat_4-4
1578,-11.810749,4.7690797,1 (Classical + Groove + Jazz),groove_midi___drummer5_session2_14_rock_140_beat_4-4
1579,-13.445324,6.1874814,1 (Classical + Groove + Jazz),groove_midi___drummer5_session2_15_latin-venezuelan-joropo_80_beat_4-4
1580,-11.110852,4.8096824,1 (Classical + Groove + Jazz),groove_midi___drummer5_session2_16_latin-ando_125_beat_3-4
1581,-6.602066,4.8710027,1 (Classical + Groove + Jazz),groove_midi___drummer5_session2_17_latin-brazilian-samba_110_beat_4-4
1582,-12.474956,6.8617544,1 (Classical + Groove + Jazz),groove_midi___drummer5_session2_18_latin-brazilian-samba_93_beat_4-4
1583,-12.214565,6.7760983,1 (Classical + Groove + Jazz),groove_midi___drummer5_session2_19_latin-brazilian-ijexa_108_beat_4-4
1584,-12.54388,5.8608274,1 (Classical + Groove + Jazz),groove_midi___drummer5_session2_1_latin-venezuelan-sangueo_101_beat_4-4
1585,-12.887046,4.907448,1 (Classical + Groove + Jazz),groove_midi___drummer5_session2_20_latin-brazilian-ijexa_108_beat_4-4
1586,-12.058403,4.39581,1 (Classical + Groove + Jazz),groove_midi___drummer5_session2_21_latin-brazilian-ijexa_108_beat_4-4
1587,-5.6878767,4.9431577,3 (Jazz + Pop + Rock),groove_midi___drummer5_session2_22_latin-brazilian-frevo_133_beat_4-4
1588,-11.938123,4.5177493,1 (Classical + Groove + Jazz),groove_midi___drummer5_session2_23_latin-brazilian-songo_120_beat_4-4
1589,-10.490861,5.489561,1 (Classical + Groove + Jazz),groove_midi___drummer5_session2_24_latin-brazilian-songo_120_beat_4-4
1590,-13.309469,5.314937,1 (Classical + Groove + Jazz),groove_midi___drummer5_session2_2_latin-brazilian_101_beat_4-4
1591,-11.441469,5.304669,1 (Classical + Groove + Jazz),groove_midi___drummer5_session2_3_latin-brazilian_101_beat_4-4
1592,-13.287617,4.792441,1 (Classical + Groove + Jazz),groove_midi___drummer5_session2_4_reggae_141_beat_4-4
1593,-12.63675,4.735677,1 (Classical + Groove + Jazz),groove_midi___drummer5_session2_5_reggae_126_beat_4-4
1594,-5.9544883,4.903531,3 (Jazz + Pop + Rock),groove_midi___drummer5_session2_6_neworleans-secondline_99_beat_4-4
1595,-12.95921,5.171212,1 (Classical + Groove + Jazz),groove_midi___drummer5_session2_7_neworleans-secondline_124_beat_4-4
1596,-13.94449,5.906191,1 (Classical + Groove + Jazz),groove_midi___drummer5_session2_8_neworleans-chacha_124_beat_4-4
1597,-11.25854,5.156143,1 (Classical + Groove + Jazz),groove_midi___drummer5_session2_9_neworleans-shuffle_104_beat_4-4
1598,-12.767966,5.123784,1 (Classical + Groove + Jazz),groove_midi___drummer6_session1_1_rock_70_beat_6-8
1599,-12.159213,4.910229,1 (Classical + Groove + Jazz),groove_midi___drummer6_session1_2_rock_70_beat_6-8
1600,-12.26687,4.8858027,1 (Classical + Groove + Jazz),groove_midi___drummer6_session1_3_rock_80_beat_6-8
1601,-12.502441,5.287862,1 (Classical + Groove + Jazz),groove_midi___drummer6_session1_4_rock_80_beat_6-8
1602,-13.922459,6.016705,1 (Classical + Groove + Jazz),groove_midi___drummer6_session1_5_rock_60_beat_6-8
1603,-13.010785,5.8707404,1 (Classical + Groove + Jazz),groove_midi___drummer6_session2_1_rock_95_beat_4-4
1604,-13.663867,5.959574,1 (Classical + Groove + Jazz),groove_midi___drummer6_session2_2_rock_95_beat_4-4
1605,-13.213044,5.981432,1 (Classical + Groove + Jazz),groove_midi___drummer6_session2_3_rock_88_beat_4-4
1606,-12.12797,4.9966397,1 (Classical + Groove + Jazz),groove_midi___drummer6_session3_1_rock_90_beat_4-4
1607,-12.047708,5.548539,1 (Classical + Groove + Jazz),groove_midi___drummer6_session3_2_rock_100_beat_4-4
1608,-11.974212,4.763532,1 (Classical + Groove + Jazz),groove_midi___drummer6_session3_3_rock_100_beat_4-4
1609,-12.974445,4.1061153,1 (Classical + Groove + Jazz),groove_midi___drummer6_session3_4_rock_127_beat_4-4
1610,-10.2783165,6.0450726,1 (Classical + Groove + Jazz),groove_midi___drummer6_session3_5_rock_180_beat_4-4
1611,-11.613443,5.3838687,1 (Classical + Groove + Jazz),groove_midi___drummer6_session3_6_rock_88_beat_4-4
1612,-12.346785,4.9166584,1 (Classical + Groove + Jazz),groove_midi___drummer6_session3_7_rock_88_beat_4-4
1613,-13.161497,5.0235825,1 (Classical + Groove + Jazz),groove_midi___drummer7_eval_session_10_soul-groove10_102_beat_4-4
1614,-10.239152,5.80439,1 (Classical + Groove + Jazz),groove_midi___drummer7_eval_session_1_funk-groove1_138_beat_4-4
1615,-13.786253,5.635406,1 (Classical + Groove + Jazz),groove_midi___drummer7_eval_session_2_funk-groove2_105_beat_4-4
1616,-13.6092205,5.509887,1 (Classical + Groove + Jazz),groove_midi___drummer7_eval_session_3_soul-groove3_86_beat_4-4
1617,-13.672458,5.153805,1 (Classical + Groove + Jazz),groove_midi___drummer7_eval_session_4_soul-groove4_80_beat_4-4
1618,-13.732293,5.3087516,1 (Classical + Groove + Jazz),groove_midi___drummer7_eval_session_5_funk-groove5_84_beat_4-4
1619,-13.466964,4.926186,1 (Classical + Groove + Jazz),groove_midi___drummer7_eval_session_6_hiphop-groove6_87_beat_4-4
1620,-12.975577,4.4852176,1 (Classical + Groove + Jazz),groove_midi___drummer7_eval_session_7_pop-groove7_138_beat_4-4
1621,-13.984736,5.239169,1 (Classical + Groove + Jazz),groove_midi___drummer7_eval_session_8_rock-groove8_65_beat_4-4
1622,-13.481334,4.856101,1 (Classical + Groove + Jazz),groove_midi___drummer7_eval_session_9_soul-groove9_105_beat_4-4
1623,-13.33519,5.655051,1 (Classical + Groove + Jazz),groove_midi___drummer7_session1_10_rock_93_beat_4-4
1624,-13.490844,4.773983,1 (Classical + Groove + Jazz),groove_midi___drummer7_session1_11_rock_93_beat_4-4
1625,-12.510285,5.517522,1 (Classical + Groove + Jazz),groove_midi___drummer7_session1_12_funk_102_beat_4-4
1626,-12.5815935,5.8497844,1 (Classical + Groove + Jazz),groove_midi___drummer7_session1_13_funk_102_beat_4-4
1627,-14.50393,6.873943,1 (Classical + Groove + Jazz),groove_midi___drummer7_session1_14_jazz_100_beat_4-4
1628,-14.420813,6.7976193,1 (Classical + Groove + Jazz),groove_midi___drummer7_session1_15_jazz_112_beat_4-4
1629,-13.05656,5.3732467,1 (Classical + Groove + Jazz),groove_midi___drummer7_session1_16_hiphop_100_beat_4-4
1630,-12.869649,5.091781,1 (Classical + Groove + Jazz),groove_midi___drummer7_session1_17_hiphop_100_beat_4-4
1631,-12.927605,4.914689,1 (Classical + Groove + Jazz),groove_midi___drummer7_session1_18_hiphop_100_beat_4-4
1632,-13.989958,6.1976986,1 (Classical + Groove + Jazz),groove_midi___drummer7_session1_1_rock_86_beat_4-4
1633,-13.204768,5.03775,1 (Classical + Groove + Jazz),groove_midi___drummer7_session1_22_hiphop_100_beat_4-4
1634,-13.712452,5.570311,1 (Classical + Groove + Jazz),groove_midi___drummer7_session1_38_hiphop_100_beat_4-4
1635,-13.838715,5.772999,1 (Classical + Groove + Jazz),groove_midi___drummer7_session1_39_hiphop_100_beat_4-4
1636,-14.1928625,5.9853516,1 (Classical + Groove + Jazz),groove_midi___drummer7_session1_7_rock_93_beat_4-4
1637,-13.38279,5.376049,1 (Classical + Groove + Jazz),groove_midi___drummer7_session1_8_rock_93_beat_4-4
1638,-13.90441,5.312388,1 (Classical + Groove + Jazz),groove_midi___drummer7_session1_9_rock_93_beat_4-4
1639,-11.73374,6.201029,1 (Classical + Groove + Jazz),groove_midi___drummer7_session2_100_pop_142_beat_4-4
1640,-11.595838,5.8075147,1 (Classical + Groove + Jazz),groove_midi___drummer7_session2_101_pop_142_beat_4-4
1641,-13.075355,4.882256,1 (Classical + Groove + Jazz),groove_midi___drummer7_session2_103_pop_132_beat_4-4
1642,-12.647913,4.739209,1 (Classical + Groove + Jazz),groove_midi___drummer7_session2_104_pop_132_beat_4-4
1643,-13.753445,6.6411943,1 (Classical + Groove + Jazz),groove_midi___drummer7_session2_106_soul-motown_104_beat_4-4
1644,-14.052946,6.753438,1 (Classical + Groove + Jazz),groove_midi___drummer7_session2_108_soul-motown_104_beat_4-4
1645,-12.934531,5.159498,1 (Classical + Groove + Jazz),groove_midi___drummer7_session2_112_jazz-fusion_96_beat_4-4
1646,-12.896478,5.1572294,1 (Classical + Groove + Jazz),groove_midi___drummer7_session2_113_jazz-fusion_96_beat_4-4
1647,-12.674019,6.0497074,1 (Classical + Groove + Jazz),groove_midi___drummer7_session2_115_jazz-fusion_96_beat_4-4
1648,-13.270728,5.217033,1 (Classical + Groove + Jazz),groove_midi___drummer7_session2_123_hiphop_140_beat_4-4
1649,-12.976345,5.1654263,1 (Classical + Groove + Jazz),groove_midi___drummer7_session2_14_rock_95_beat_4-4
1650,-10.201038,6.797307,1 (Classical + Groove + Jazz),groove_midi___drummer7_session2_15_rock_118_beat_4-4
1651,-12.621591,4.6130514,1 (Classical + Groove + Jazz),groove_midi___drummer7_session2_1_rock_120_beat_4-4
1652,-10.039992,6.572031,1 (Classical + Groove + Jazz),groove_midi___drummer7_session2_26_rock_118_beat_4-4
1653,-13.8059225,5.045297,1 (Classical + Groove + Jazz),groove_midi___drummer7_session2_27_rock_75_beat_4-4
1654,-13.994658,5.495303,1 (Classical + Groove + Jazz),groove_midi___drummer7_session2_29_rock_75_beat_4-4
1655,-14.273957,5.7830477,1 (Classical + Groove + Jazz),groove_midi___drummer7_session2_33_rock_75_beat_4-4
1656,-13.958251,5.5207076,1 (Classical + Groove + Jazz),groove_midi___drummer7_session2_36_rock_75_fill_4-4
1657,-12.59066,5.1304765,1 (Classical + Groove + Jazz),groove_midi___drummer7_session2_37_rock_112_beat_4-4
1658,-12.2494545,5.2075152,1 (Classical + Groove + Jazz),groove_midi___drummer7_session2_45_rock_135_beat_4-4
1659,-11.227766,6.093547,1 (Classical + Groove + Jazz),groove_midi___drummer7_session2_46_rock_135_beat_4-4
1660,-10.981466,5.960883,1 (Classical + Groove + Jazz),groove_midi___drummer7_session2_53_rock_135_beat_4-4
1661,-11.588849,5.1608143,1 (Classical + Groove + Jazz),groove_midi___drummer7_session2_54_soul-motown_148_beat_4-4
1662,-11.384724,5.437239,1 (Classical + Groove + Jazz),groove_midi___drummer7_session2_63_soul-motown_148_beat_4-4
1663,-12.23041,5.2212033,1 (Classical + Groove + Jazz),groove_midi___drummer7_session2_64_rock_145_beat_4-4
1664,-12.731654,4.898043,1 (Classical + Groove + Jazz),groove_midi___drummer7_session2_6_rock_120_beat_4-4
1665,-12.883388,5.253043,1 (Classical + Groove + Jazz),groove_midi___drummer7_session2_72_funk_100_beat_4-4
1666,-13.064763,5.220136,1 (Classical + Groove + Jazz),groove_midi___drummer7_session2_79_funk_100_beat_4-4
1667,-13.624418,4.938787,1 (Classical + Groove + Jazz),groove_midi___drummer7_session2_80_country_78_beat_4-4
1668,-12.984575,4.9971128,1 (Classical + Groove + Jazz),groove_midi___drummer7_session2_87_hiphop_75_beat_4-4
1669,-13.574976,4.6551805,1 (Classical + Groove + Jazz),groove_midi___drummer7_session2_8_rock_95_beat_4-4
1670,-12.6670885,5.035335,1 (Classical + Groove + Jazz),groove_midi___drummer7_session2_93_hiphop_75_beat_4-4
1671,-12.729853,4.9791374,1 (Classical + Groove + Jazz),groove_midi___drummer7_session2_96_pop_142_beat_4-4
1672,-11.940668,6.1033335,1 (Classical + Groove + Jazz),groove_midi___drummer7_session2_97_pop_142_beat_4-4
1673,-10.122568,5.7955856,1 (Classical + Groove + Jazz),groove_midi___drummer7_session3_106_hiphop_70_beat_4-4
1674,-12.498501,4.724293,1 (Classical + Groove + Jazz),groove_midi___drummer7_session3_108_rock_95_beat_4-4
1675,-12.008621,4.573952,1 (Classical + Groove + Jazz),groove_midi___drummer7_session3_109_rock_95_beat_4-4
1676,-13.420693,4.9497714,1 (Classical + Groove + Jazz),groove_midi___drummer7_session3_10_rock_60_beat_4-4
1677,-11.9055195,4.479415,1 (Classical + Groove + Jazz),groove_midi___drummer7_session3_117_rock_95_beat_4-4
1678,-12.2426195,4.2793984,1 (Classical + Groove + Jazz),groove_midi___drummer7_session3_119_rock_95_beat_4-4
1679,-13.831863,5.760651,1 (Classical + Groove + Jazz),groove_midi___drummer7_session3_11_pop-soft_83_beat_4-4
1680,-11.998123,5.939982,1 (Classical + Groove + Jazz),groove_midi___drummer7_session3_120_rock_93_beat_4-4
1681,-11.377076,5.372792,1 (Classical + Groove + Jazz),groove_midi___drummer7_session3_129_rock_93_beat_4-4
1682,-13.342721,5.216252,1 (Classical + Groove + Jazz),groove_midi___drummer7_session3_130_soul_105_beat_4-4
1683,-12.294749,4.805321,1 (Classical + Groove + Jazz),groove_midi___drummer7_session3_131_soul_105_beat_4-4
1684,-12.15527,4.328087,1 (Classical + Groove + Jazz),groove_midi___drummer7_session3_132_soul_105_beat_4-4
1685,-11.821681,4.794638,1 (Classical + Groove + Jazz),groove_midi___drummer7_session3_133_soul_105_beat_4-4
1686,-11.597857,4.692039,1 (Classical + Groove + Jazz),groove_midi___drummer7_session3_150_soul_105_beat_4-4
1687,-11.999146,4.364414,1 (Classical + Groove + Jazz),groove_midi___drummer7_session3_151_soul_98_beat_4-4
1688,-12.432647,4.3457756,1 (Classical + Groove + Jazz),groove_midi___drummer7_session3_159_soul_98_beat_4-4
1689,-14.2478485,5.919393,1 (Classical + Groove + Jazz),groove_midi___drummer7_session3_1_rock_60_beat_4-4
1690,-13.03069,5.0517297,1 (Classical + Groove + Jazz),groove_midi___drummer7_session3_22_pop-soft_83_beat_4-4
1691,-11.343458,5.502633,1 (Classical + Groove + Jazz),groove_midi___drummer7_session3_23_pop-soft_83_beat_4-4
1692,-13.236111,4.583236,1 (Classical + Groove + Jazz),groove_midi___drummer7_session3_24_hiphop_67_beat_4-4
1693,-12.531708,4.651319,1 (Classical + Groove + Jazz),groove_midi___drummer7_session3_38_hiphop_67_beat_4-4
1694,-13.767626,5.805843,1 (Classical + Groove + Jazz),groove_midi___drummer7_session3_39_rock-indie_63_beat_4-4
1695,-12.81698,6.55253,1 (Classical + Groove + Jazz),groove_midi___drummer7_session3_46_rock-indie_63_beat_4-4
1696,-13.323215,5.169706,1 (Classical + Groove + Jazz),groove_midi___drummer7_session3_47_funk_112_beat_4-4
1697,-13.160789,5.929145,1 (Classical + Groove + Jazz),groove_midi___drummer7_session3_49_funk_112_beat_4-4
1698,-12.53506,5.2256055,1 (Classical + Groove + Jazz),groove_midi___drummer7_session3_64_funk_112_beat_4-4
1699,-12.740117,5.0921226,1 (Classical + Groove + Jazz),groove_midi___drummer7_session3_65_funk_112_beat_4-4
1700,-10.787948,4.7323112,1 (Classical + Groove + Jazz),groove_midi___drummer7_session3_67_neworleans-funk_93_beat_4-4
1701,-9.435652,5.4357567,1 (Classical + Groove + Jazz),groove_midi___drummer7_session3_91_neworleans-funk_93_beat_4-4
1702,-10.062213,5.7716227,1 (Classical + Groove + Jazz),groove_midi___drummer7_session3_92_hiphop_70_beat_4-4
1703,-13.793036,5.9228253,1 (Classical + Groove + Jazz),groove_midi___drummer8_eval_session_10_soul-groove10_102_beat_4-4
1704,-13.106244,5.6685443,1 (Classical + Groove + Jazz),groove_midi___drummer8_eval_session_1_funk-groove1_138_beat_4-4
1705,-13.813905,5.5205283,1 (Classical + Groove + Jazz),groove_midi___drummer8_eval_session_2_funk-groove2_105_beat_4-4
1706,-13.363844,6.051882,1 (Classical + Groove + Jazz),groove_midi___drummer8_eval_session_3_soul-groove3_86_beat_4-4
1707,-14.230366,6.162454,1 (Classical + Groove + Jazz),groove_midi___drummer8_eval_session_4_soul-groove4_80_beat_4-4
1708,-13.223048,5.473663,1 (Classical + Groove + Jazz),groove_midi___drummer8_eval_session_5_funk-groove5_84_beat_4-4
1709,-13.8293705,6.028155,1 (Classical + Groove + Jazz),groove_midi___drummer8_eval_session_6_hiphop-groove6_87_beat_4-4
1710,-13.505676,5.497467,1 (Classical + Groove + Jazz),groove_midi___drummer8_eval_session_7_pop-groove7_138_beat_4-4
1711,-14.166186,5.747007,1 (Classical + Groove + Jazz),groove_midi___drummer8_eval_session_8_rock-groove8_65_beat_4-4
1712,-13.954192,5.9105206,1 (Classical + Groove + Jazz),groove_midi___drummer8_eval_session_9_soul-groove9_105_beat_4-4
1713,-12.464486,5.176562,1 (Classical + Groove + Jazz),groove_midi___drummer8_session1_10_neworleans-funk_82_beat_4-4
1714,-12.088645,5.1181636,1 (Classical + Groove + Jazz),groove_midi___drummer8_session1_11_neworleans-funk_82_beat_4-4
1715,-11.924984,7.016903,1 (Classical + Groove + Jazz),groove_midi___drummer8_session1_12_latin_118_beat_4-4
1716,-11.85621,6.6313653,1 (Classical + Groove + Jazz),groove_midi___drummer8_session1_13_latin_118_beat_4-4
1717,-13.722885,5.0698404,1 (Classical + Groove + Jazz),groove_midi___drummer8_session1_14_hiphop_94_beat_4-4
1718,-13.339986,4.5124245,1 (Classical + Groove + Jazz),groove_midi___drummer8_session1_15_hiphop_94_beat_4-4
1719,-11.794447,6.3981905,1 (Classical + Groove + Jazz),groove_midi___drummer8_session1_16_afrobeat_90_beat_4-4
1720,-11.853059,4.791923,1 (Classical + Groove + Jazz),groove_midi___drummer8_session1_17_afrobeat_90_beat_4-4
1721,-11.853093,5.289217,1 (Classical + Groove + Jazz),groove_midi___drummer8_session1_18_funk_108_beat_4-4
1722,-12.669651,4.8291717,1 (Classical + Groove + Jazz),groove_midi___drummer8_session1_19_funk_108_beat_4-4
1723,-13.3407345,4.6444044,1 (Classical + Groove + Jazz),groove_midi___drummer8_session1_1_funk_95_beat_4-4
1724,-11.989,5.3071246,1 (Classical + Groove + Jazz),groove_midi___drummer8_session1_20_rock-shuffle_112_beat_4-4
1725,-11.815677,5.2497973,1 (Classical + Groove + Jazz),groove_midi___drummer8_session1_21_rock-shuffle_112_beat_4-4
1726,-12.35454,4.873381,1 (Classical + Groove + Jazz),groove_midi___drummer8_session1_22_funk_115_beat_4-4
1727,-14.329232,5.9433413,1 (Classical + Groove + Jazz),groove_midi___drummer8_session1_23_hiphop_70_beat_4-4
1728,-11.834147,5.144723,1 (Classical + Groove + Jazz),groove_midi___drummer8_session1_24_funk-latin_100_beat_4-4
1729,-12.404471,4.840257,1 (Classical + Groove + Jazz),groove_midi___drummer8_session1_25_funk-latin_100_beat_4-4
1730,-11.000631,5.9777913,1 (Classical + Groove + Jazz),groove_midi___drummer8_session1_26_afrobeat_94_beat_4-4
1731,-11.235145,6.335365,1 (Classical + Groove + Jazz),groove_midi___drummer8_session1_27_latin_122_beat_4-4
1732,-12.670071,4.716502,1 (Classical + Groove + Jazz),groove_midi___drummer8_session1_28_rock_102_beat_4-4
1733,-12.825422,4.1264696,1 (Classical + Groove + Jazz),groove_midi___drummer8_session1_2_funk_95_beat_4-4
1734,-12.794512,5.2777815,1 (Classical + Groove + Jazz),groove_midi___drummer8_session1_3_hiphop_90_beat_4-4
1735,-12.442316,5.568228,1 (Classical + Groove + Jazz),groove_midi___drummer8_session1_4_hiphop_90_beat_4-4
1736,-12.783022,5.0199337,1 (Classical + Groove + Jazz),groove_midi___drummer8_session1_5_hiphop_90_beat_4-4
1737,-12.334771,5.9831553,1 (Classical + Groove + Jazz),groove_midi___drummer8_session1_6_funk_80_beat_4-4
1738,-12.699341,4.548801,1 (Classical + Groove + Jazz),groove_midi___drummer8_session1_7_funk_80_beat_4-4
1739,-13.147903,5.200377,1 (Classical + Groove + Jazz),groove_midi___drummer8_session1_8_funk_96_beat_4-4
1740,-13.40353,4.7261844,1 (Classical + Groove + Jazz),groove_midi___drummer8_session1_9_funk_96_beat_4-4
1741,-11.666809,6.8964753,1 (Classical + Groove + Jazz),groove_midi___drummer9_session1_13_rock_120_beat_4-4
1742,-12.400117,6.4910007,1 (Classical + Groove + Jazz),groove_midi___drummer9_session1_14_rock_120_beat_4-4
1743,-12.823005,6.2475185,1 (Classical + Groove + Jazz),groove_midi___drummer9_session1_18_rock_120_beat_4-4
1744,-12.492396,6.4876904,1 (Classical + Groove + Jazz),groove_midi___drummer9_session1_19_rock_120_beat_4-4
1745,-13.156031,6.179126,1 (Classical + Groove + Jazz),groove_midi___drummer9_session1_1_rock_100_beat_4-4
1746,-12.780864,6.324649,1 (Classical + Groove + Jazz),groove_midi___drummer9_session1_20_rock_120_beat_4-4
1747,-13.120177,6.2160974,1 (Classical + Groove + Jazz),groove_midi___drummer9_session1_22_rock_120_beat_4-4
1748,-11.628426,6.5143433,1 (Classical + Groove + Jazz),groove_midi___drummer9_session1_23_rock_120_beat_4-4
1749,-12.514345,6.5849385,1 (Classical + Groove + Jazz),groove_midi___drummer9_session1_24_rock_90_beat_4-4
1750,-13.028016,5.7399216,1 (Classical + Groove + Jazz),groove_midi___drummer9_session1_25_rock_90_beat_4-4
1751,-11.8467,6.6610107,1 (Classical + Groove + Jazz),groove_midi___drummer9_session1_26_rock_90_beat_4-4
1752,-12.611534,6.7897263,1 (Classical + Groove + Jazz),groove_midi___drummer9_session1_28_rock_90_beat_4-4
1753,-12.69962,6.077491,1 (Classical + Groove + Jazz),groove_midi___drummer9_session1_2_rock_100_beat_4-4
1754,-13.365511,5.8517895,1 (Classical + Groove + Jazz),groove_midi___drummer9_session1_3_rock_100_beat_4-4
1755,-12.415382,6.5232363,1 (Classical + Groove + Jazz),groove_midi___drummer9_session1_5_rock_100_beat_4-4
1756,-13.441412,6.0002213,1 (Classical + Groove + Jazz),groove_midi___drummer9_session1_7_rock_100_beat_4-4
1757,-14.5353365,-1.1784283,1 (Classical + Groove + Jazz),guitarset___00_BN1-129-Eb_comp_mix
1758,-12.849237,-0.09229825,1 (Classical + Groove + Jazz),guitarset___00_BN1-147-Gb_comp_mix
1759,-12.868512,-0.0018987105,1 (Classical + Groove + Jazz),guitarset___00_BN2-131-B_comp_mix
1760,-12.556444,-0.026813718,1 (Classical + Groove + Jazz),guitarset___00_BN2-166-Ab_comp_mix
1761,-12.603952,-0.32583156,1 (Classical + Groove + Jazz),guitarset___00_BN3-119-G_comp_mix
1762,-12.009941,0.32537317,1 (Classical + Groove + Jazz),guitarset___00_BN3-154-E_comp_mix
1763,-10.472269,1.4573522,1 (Classical + Groove + Jazz),guitarset___00_Funk1-114-Ab_comp_mix
1764,-10.566585,1.736416,1 (Classical + Groove + Jazz),guitarset___00_Funk1-97-C_comp_mix
1765,-9.300977,1.4996514,1 (Classical + Groove + Jazz),guitarset___00_Funk2-108-Eb_comp_mix
1766,-6.525185,2.9097404,1 (Classical + Groove + Jazz),guitarset___00_Funk2-119-G_comp_mix
1767,-6.5698166,3.0760102,1 (Classical + Groove + Jazz),guitarset___00_Funk3-112-C#_comp_mix
1768,-10.2813835,1.3688555,1 (Classical + Groove + Jazz),guitarset___00_Funk3-98-A_comp_mix
1769,-10.120802,0.5047164,1 (Classical + Groove + Jazz),guitarset___00_Jazz1-130-D_comp_mix
1770,-11.695339,1.7428457,1 (Classical + Groove + Jazz),guitarset___00_Jazz1-200-B_comp_mix
1771,-10.352632,0.90813094,1 (Classical + Groove + Jazz),guitarset___00_Jazz2-110-Bb_comp_mix
1772,-11.182175,1.2149639,1 (Classical + Groove + Jazz),guitarset___00_Jazz2-187-F#_comp_mix
1773,-10.312146,0.73637587,1 (Classical + Groove + Jazz),guitarset___00_Jazz3-137-Eb_comp_mix
1774,-10.686912,1.2654929,1 (Classical + Groove + Jazz),guitarset___00_Jazz3-150-C_comp_mix
1775,-4.657326,-1.8152642,3 (Jazz + Pop + Rock),guitarset___00_Rock1-130-A_comp_mix
1776,-6.729488,-0.50462765,1 (Classical + Groove + Jazz),guitarset___00_Rock1-90-C#_comp_mix
1777,-5.301342,0.57815826,3 (Jazz + Pop + Rock),guitarset___00_Rock2-142-D_comp_mix
1778,-8.078156,0.4506075,1 (Classical + Groove + Jazz),guitarset___00_Rock2-85-F_comp_mix
1779,-7.4988165,1.1300781,1 (Classical + Groove + Jazz),guitarset___00_Rock3-117-Bb_comp_mix
1780,-1.3061208,-2.9300702,3 (Jazz + Pop + Rock),guitarset___00_Rock3-148-C_comp_mix
1781,-8.696216,-2.6110556,1 (Classical + Groove + Jazz),guitarset___00_SS1-100-C#_comp_mix
1782,-13.320066,-2.1408842,1 (Classical + Groove + Jazz),guitarset___00_SS1-68-E_comp_mix
1783,-14.9094,-3.1616442,1 (Classical + Groove + Jazz),guitarset___00_SS2-107-Ab_comp_mix
1784,-14.029997,-1.0721939,1 (Classical + Groove + Jazz),guitarset___00_SS2-88-F_comp_mix
1785,-16.242668,-2.7277033,1 (Classical + Groove + Jazz),guitarset___00_SS3-84-Bb_comp_mix
1786,-15.039142,-4.360992,1 (Classical + Groove + Jazz),guitarset___00_SS3-98-C_comp_mix
1787,-12.618478,0.14727418,1 (Classical + Groove + Jazz),guitarset___01_BN1-129-Eb_comp_mix
1788,-10.76068,0.8692849,1 (Classical + Groove + Jazz),guitarset___01_BN1-147-Gb_comp_mix
1789,-11.153521,1.132919,1 (Classical + Groove + Jazz),guitarset___01_BN2-131-B_comp_mix
1790,-10.5203495,0.79183805,1 (Classical + Groove + Jazz),guitarset___01_BN2-166-Ab_comp_mix
1791,-11.215376,1.6129926,1 (Classical + Groove + Jazz),guitarset___01_BN3-119-G_comp_mix
1792,-11.064672,1.3390378,1 (Classical + Groove + Jazz),guitarset___01_BN3-154-E_comp_mix
1793,-10.558452,1.7766415,1 (Classical + Groove + Jazz),guitarset___01_Funk1-114-Ab_comp_mix
1794,-11.106697,1.7872089,1 (Classical + Groove + Jazz),guitarset___01_Funk1-97-C_comp_mix
1795,-10.881125,1.5055293,1 (Classical + Groove + Jazz),guitarset___01_Funk2-108-Eb_comp_mix
1796,-10.451772,1.5884792,1 (Classical + Groove + Jazz),guitarset___01_Funk2-119-G_comp_mix
1797,-10.940721,1.6068822,1 (Classical + Groove + Jazz),guitarset___01_Funk3-112-C#_comp_mix
1798,-10.66665,1.736228,1 (Classical + Groove + Jazz),guitarset___01_Funk3-98-A_comp_mix
1799,-12.579039,0.25906438,1 (Classical + Groove + Jazz),guitarset___01_Jazz1-130-D_comp_mix
1800,-12.83585,0.9502533,1 (Classical + Groove + Jazz),guitarset___01_Jazz1-200-B_comp_mix
1801,-11.836444,1.0477662,1 (Classical + Groove + Jazz),guitarset___01_Jazz2-110-Bb_comp_mix
1802,-11.181371,1.6423742,1 (Classical + Groove + Jazz),guitarset___01_Jazz2-187-F#_comp_mix
1803,-11.788509,0.9199662,1 (Classical + Groove + Jazz),guitarset___01_Jazz3-137-Eb_comp_mix
1804,-11.535262,1.6938466,1 (Classical + Groove + Jazz),guitarset___01_Jazz3-150-C_comp_mix
1805,-9.749278,1.704385,1 (Classical + Groove + Jazz),guitarset___01_Rock1-130-A_comp_mix
1806,-9.285093,1.6505154,1 (Classical + Groove + Jazz),guitarset___01_Rock1-90-C#_comp_mix
1807,-8.803021,1.651663,1 (Classical + Groove + Jazz),guitarset___01_Rock2-142-D_comp_mix
1808,-9.85649,1.1350559,1 (Classical + Groove + Jazz),guitarset___01_Rock2-85-F_comp_mix
1809,-10.122649,1.7888777,1 (Classical + Groove + Jazz),guitarset___01_Rock3-117-Bb_comp_mix
1810,-9.268851,1.3456177,1 (Classical + Groove + Jazz),guitarset___01_Rock3-148-C_comp_mix
1811,-9.161027,1.2519052,1 (Classical + Groove + Jazz),guitarset___01_SS1-100-C#_comp_mix
1812,-9.360877,-2.9012196,1 (Classical + Groove + Jazz),guitarset___01_SS1-68-E_comp_mix
1813,-10.916371,1.5154984,1 (Classical + Groove + Jazz),guitarset___01_SS2-107-Ab_comp_mix
1814,-11.107741,1.3128445,1 (Classical + Groove + Jazz),guitarset___01_SS2-88-F_comp_mix
1815,-8.856155,-0.2383235,1 (Classical + Groove + Jazz),guitarset___01_SS3-84-Bb_comp_mix
1816,-2.8069139,-5.13128,3 (Jazz + Pop + Rock),guitarset___01_SS3-98-C_comp_mix
1817,-13.315897,-2.0266042,1 (Classical + Groove + Jazz),guitarset___02_BN1-129-Eb_comp_mix
1818,-14.222564,-1.423646,1 (Classical + Groove + Jazz),guitarset___02_BN1-147-Gb_comp_mix
1819,-12.976224,-1.6502767,1 (Classical + Groove + Jazz),guitarset___02_BN2-131-B_comp_mix
1820,-15.4639225,-2.9504642,1 (Classical + Groove + Jazz),guitarset___02_BN2-166-Ab_comp_mix
1821,-12.179429,-1.2789435,1 (Classical + Groove + Jazz),guitarset___02_BN3-119-G_comp_mix
1822,-12.599826,-1.2906761,1 (Classical + Groove + Jazz),guitarset___02_BN3-154-E_comp_mix
1823,-15.149098,-2.5172894,1 (Classical + Groove + Jazz),guitarset___02_Funk1-114-Ab_comp_mix
1824,-15.475338,-2.174381,1 (Classical + Groove + Jazz),guitarset___02_Funk1-97-C_comp_mix
1825,-13.318019,-0.7614864,1 (Classical + Groove + Jazz),guitarset___02_Funk2-108-Eb_comp_mix
1826,-14.505693,-1.2873166,1 (Classical + Groove + Jazz),guitarset___02_Funk2-119-G_comp_mix
1827,-16.228333,-2.5345678,1 (Classical + Groove + Jazz),guitarset___02_Funk3-112-C#_comp_mix
1828,-15.456361,-2.1655395,1 (Classical + Groove + Jazz),guitarset___02_Funk3-98-A_comp_mix
1829,-14.980669,-2.3388953,1 (Classical + Groove + Jazz),guitarset___02_Jazz1-130-D_comp_mix
1830,-15.309599,-1.0214136,1 (Classical + Groove + Jazz),guitarset___02_Jazz1-200-B_comp_mix
1831,-12.420082,-1.5154829,1 (Classical + Groove + Jazz),guitarset___02_Jazz2-110-Bb_comp_mix
1832,-13.280204,-1.3263607,1 (Classical + Groove + Jazz),guitarset___02_Jazz2-187-F#_comp_mix
1833,-13.886852,-2.2576609,1 (Classical + Groove + Jazz),guitarset___02_Jazz3-137-Eb_comp_mix
1834,-13.255889,-2.7835133,1 (Classical + Groove + Jazz),guitarset___02_Jazz3-150-C_comp_mix
1835,-11.366317,-0.16631113,1 (Classical + Groove + Jazz),guitarset___02_Rock1-130-A_comp_mix
1836,-13.402113,-0.47636762,1 (Classical + Groove + Jazz),guitarset___02_Rock1-90-C#_comp_mix
1837,-13.241029,-1.3436869,1 (Classical + Groove + Jazz),guitarset___02_Rock2-142-D_comp_mix
1838,-13.99892,-0.94498664,1 (Classical + Groove + Jazz),guitarset___02_Rock2-85-F_comp_mix
1839,-10.448627,0.4589629,1 (Classical + Groove + Jazz),guitarset___02_Rock3-117-Bb_comp_mix
1840,-5.4610667,-2.1418889,1 (Classical + Groove + Jazz),guitarset___02_Rock3-148-C_comp_mix
1841,-10.321658,-3.3855968,1 (Classical + Groove + Jazz),guitarset___02_SS1-100-C#_comp_mix
1842,-13.114036,-2.5693579,1 (Classical + Groove + Jazz),guitarset___02_SS1-68-E_comp_mix
1843,-12.800429,-1.3960484,1 (Classical + Groove + Jazz),guitarset___02_SS2-107-Ab_comp_mix
1844,-13.409739,-1.2282087,1 (Classical + Groove + Jazz),guitarset___02_SS2-88-F_comp_mix
1845,-12.191301,-1.3146017,1 (Classical + Groove + Jazz),guitarset___02_SS3-84-Bb_comp_mix
1846,-12.785452,-1.6313232,1 (Classical + Groove + Jazz),guitarset___02_SS3-98-C_comp_mix
1847,-12.085723,-0.38126716,1 (Classical + Groove + Jazz),guitarset___03_BN1-129-Eb_comp_mix
1848,-12.501381,-0.6347667,1 (Classical + Groove + Jazz),guitarset___03_BN1-147-Gb_comp_mix
1849,-13.943984,-1.18917,1 (Classical + Groove + Jazz),guitarset___03_BN2-131-B_comp_mix
1850,-12.591793,-0.6796499,1 (Classical + Groove + Jazz),guitarset___03_BN2-166-Ab_comp_mix
1851,-12.698918,-0.9980713,1 (Classical + Groove + Jazz),guitarset___03_BN3-119-G_comp_mix
1852,-12.854999,-0.6076006,1 (Classical + Groove + Jazz),guitarset___03_BN3-154-E_comp_mix
1853,-11.037828,1.3575411,1 (Classical + Groove + Jazz),guitarset___03_Funk1-114-Ab_comp_mix
1854,-10.931941,1.2384316,1 (Classical + Groove + Jazz),guitarset___03_Funk1-97-C_comp_mix
1855,-10.765341,1.4877378,1 (Classical + Groove + Jazz),guitarset___03_Funk2-108-Eb_comp_mix
1856,-11.122696,1.3422834,1 (Classical + Groove + Jazz),guitarset___03_Funk2-119-G_comp_mix
1857,-11.421604,1.0058732,1 (Classical + Groove + Jazz),guitarset___03_Funk3-112-C#_comp_mix
1858,-10.616282,1.4578962,1 (Classical + Groove + Jazz),guitarset___03_Funk3-98-A_comp_mix
1859,-11.974861,0.9458102,1 (Classical + Groove + Jazz),guitarset___03_Jazz1-130-D_comp_mix
1860,-13.204816,0.74924177,1 (Classical + Groove + Jazz),guitarset___03_Jazz1-200-B_comp_mix
1861,-12.147715,0.64090586,1 (Classical + Groove + Jazz),guitarset___03_Jazz2-110-Bb_comp_mix
1862,-12.602653,-0.2763772,1 (Classical + Groove + Jazz),guitarset___03_Jazz2-187-F#_comp_mix
1863,-11.550545,0.9745926,1 (Classical + Groove + Jazz),guitarset___03_Jazz3-137-Eb_comp_mix
1864,-11.964103,0.9295529,1 (Classical + Groove + Jazz),guitarset___03_Jazz3-150-C_comp_mix
1865,-9.104214,0.42281637,1 (Classical + Groove + Jazz),guitarset___03_Rock1-130-A_comp_mix
1866,-10.044875,0.2544838,1 (Classical + Groove + Jazz),guitarset___03_Rock1-90-C#_comp_mix
1867,-10.412287,0.7349681,1 (Classical + Groove + Jazz),guitarset___03_Rock2-142-D_comp_mix
1868,-11.111454,0.52008945,1 (Classical + Groove + Jazz),guitarset___03_Rock2-85-F_comp_mix
1869,-10.938087,0.9336866,1 (Classical + Groove + Jazz),guitarset___03_Rock3-117-Bb_comp_mix
1870,-8.599862,0.019132921,1 (Classical + Groove + Jazz),guitarset___03_Rock3-148-C_comp_mix
1871,-8.88972,0.09682717,1 (Classical + Groove + Jazz),guitarset___03_SS1-100-C#_comp_mix
1872,-10.069269,-2.1121163,1 (Classical + Groove + Jazz),guitarset___03_SS1-68-E_comp_mix
1873,-9.459505,0.9661382,1 (Classical + Groove + Jazz),guitarset___03_SS2-107-Ab_comp_mix
1874,-9.867288,-0.11758559,1 (Classical + Groove + Jazz),guitarset___03_SS2-88-F_comp_mix
1875,-10.10639,0.19730559,1 (Classical + Groove + Jazz),guitarset___03_SS3-84-Bb_comp_mix
1876,-5.9923463,-0.3075459,1 (Classical + Groove + Jazz),guitarset___03_SS3-98-C_comp_mix
1877,-14.536129,-1.3500849,1 (Classical + Groove + Jazz),guitarset___04_BN1-129-Eb_comp_mix
1878,-16.046713,-2.6810935,1 (Classical + Groove + Jazz),guitarset___04_BN1-147-Gb_comp_mix
1879,-13.418455,-0.6876577,1 (Classical + Groove + Jazz),guitarset___04_BN2-131-B_comp_mix
1880,-12.995683,-0.79180324,1 (Classical + Groove + Jazz),guitarset___04_BN2-166-Ab_comp_mix
1881,-14.822151,-1.3192433,1 (Classical + Groove + Jazz),guitarset___04_BN3-119-G_comp_mix
1882,-13.300426,-0.6645947,1 (Classical + Groove + Jazz),guitarset___04_BN3-154-E_comp_mix
1883,-11.501256,0.29090118,1 (Classical + Groove + Jazz),guitarset___04_Funk1-114-Ab_comp_mix
1884,-13.373789,-0.26673368,1 (Classical + Groove + Jazz),guitarset___04_Funk1-97-C_comp_mix
1885,-10.413375,1.2950717,1 (Classical + Groove + Jazz),guitarset___04_Funk2-108-Eb_comp_mix
1886,-10.242747,1.5089867,1 (Classical + Groove + Jazz),guitarset___04_Funk2-119-G_comp_mix
1887,-9.619421,1.0292647,1 (Classical + Groove + Jazz),guitarset___04_Funk3-112-C#_comp_mix
1888,-10.62613,1.3406483,1 (Classical + Groove + Jazz),guitarset___04_Funk3-98-A_comp_mix
1889,-13.433913,-0.7657579,1 (Classical + Groove + Jazz),guitarset___04_Jazz1-130-D_comp_mix
1890,-12.175219,1.3194656,1 (Classical + Groove + Jazz),guitarset___04_Jazz1-200-B_comp_mix
1891,-15.042856,-1.4641215,1 (Classical + Groove + Jazz),guitarset___04_Jazz2-110-Bb_comp_mix
1892,-12.785889,-0.46675,1 (Classical + Groove + Jazz),guitarset___04_Jazz2-187-F#_comp_mix
1893,-12.879391,-0.63208294,1 (Classical + Groove + Jazz),guitarset___04_Jazz3-137-Eb_comp_mix
1894,-13.276888,-0.7745463,1 (Classical + Groove + Jazz),guitarset___04_Jazz3-150-C_comp_mix
1895,-11.48671,-0.7634578,1 (Classical + Groove + Jazz),guitarset___04_Rock1-130-A_comp_mix
1896,-10.274246,1.0692989,1 (Classical + Groove + Jazz),guitarset___04_Rock1-90-C#_comp_mix
1897,-6.6573043,0.94481176,1 (Classical + Groove + Jazz),guitarset___04_Rock2-142-D_comp_mix
1898,-10.467292,-0.5465561,1 (Classical + Groove + Jazz),guitarset___04_Rock2-85-F_comp_mix
1899,-8.748826,0.70158887,1 (Classical + Groove + Jazz),guitarset___04_Rock3-117-Bb_comp_mix
1900,-10.577888,0.69236207,1 (Classical + Groove + Jazz),guitarset___04_Rock3-148-C_comp_mix
1901,-13.219248,-1.1682994,1 (Classical + Groove + Jazz),guitarset___04_SS1-100-C#_comp_mix
1902,-2.482165,-4.6554184,3 (Jazz + Pop + Rock),guitarset___04_SS1-68-E_comp_mix
1903,-13.027064,-1.6218331,1 (Classical + Groove + Jazz),guitarset___04_SS2-107-Ab_comp_mix
1904,-8.07519,-1.0602497,1 (Classical + Groove + Jazz),guitarset___04_SS2-88-F_comp_mix
1905,-9.392165,0.49126494,1 (Classical + Groove + Jazz),guitarset___04_SS3-84-Bb_comp_mix
1906,-14.63074,-3.24999,1 (Classical + Groove + Jazz),guitarset___04_SS3-98-C_comp_mix
1907,-16.12778,-3.0678127,1 (Classical + Groove + Jazz),guitarset___05_BN1-129-Eb_comp_mix
1908,-15.933125,-2.8304925,1 (Classical + Groove + Jazz),guitarset___05_BN1-147-Gb_comp_mix
1909,-14.82215,-2.689573,1 (Classical + Groove + Jazz),guitarset___05_BN2-131-B_comp_mix
1910,-15.773936,-3.031574,1 (Classical + Groove + Jazz),guitarset___05_BN2-166-Ab_comp_mix
1911,-15.764416,-2.420027,1 (Classical + Groove + Jazz),guitarset___05_BN3-119-G_comp_mix
1912,-16.413744,-3.7232187,1 (Classical + Groove + Jazz),guitarset___05_BN3-154-E_comp_mix
1913,-11.595674,1.7643924,1 (Classical + Groove + Jazz),guitarset___05_Funk1-114-Ab_comp_mix
1914,-11.535116,1.8994838,1 (Classical + Groove + Jazz),guitarset___05_Funk1-97-C_comp_mix
1915,-11.4339285,1.7791635,1 (Classical + Groove + Jazz),guitarset___05_Funk2-108-Eb_comp_mix
1916,-11.699047,1.9528294,1 (Classical + Groove + Jazz),guitarset___05_Funk2-119-G_comp_mix
1917,-11.8446665,1.5043436,1 (Classical + Groove + Jazz),guitarset___05_Funk3-112-C#_comp_mix
1918,-11.946607,1.6601883,1 (Classical + Groove + Jazz),guitarset___05_Funk3-98-A_comp_mix
1919,-12.259637,1.0747577,1 (Classical + Groove + Jazz),guitarset___05_Jazz1-130-D_comp_mix
1920,-13.126903,0.62361085,1 (Classical + Groove + Jazz),guitarset___05_Jazz1-200-B_comp_mix
1921,-13.596478,-0.5277304,1 (Classical + Groove + Jazz),guitarset___05_Jazz2-110-Bb_comp_mix
1922,-12.367982,-0.30868724,1 (Classical + Groove + Jazz),guitarset___05_Jazz2-187-F#_comp_mix
1923,-12.230536,0.34807405,1 (Classical + Groove + Jazz),guitarset___05_Jazz3-137-Eb_comp_mix
1924,-12.614961,0.30915633,1 (Classical + Groove + Jazz),guitarset___05_Jazz3-150-C_comp_mix
1925,-5.254359,-0.16724734,3 (Jazz + Pop + Rock),guitarset___05_Rock1-130-A_comp_mix
1926,-9.11385,0.7726383,1 (Classical + Groove + Jazz),guitarset___05_Rock1-90-C#_comp_mix
1927,-10.882979,-0.9992087,1 (Classical + Groove + Jazz),guitarset___05_Rock2-142-D_comp_mix
1928,-11.469588,-0.009091244,1 (Classical + Groove + Jazz),guitarset___05_Rock2-85-F_comp_mix
1929,-9.750694,0.24475776,1 (Classical + Groove + Jazz),guitarset___05_Rock3-117-Bb_comp_mix
1930,-10.79817,1.4070774,1 (Classical + Groove + Jazz),guitarset___05_Rock3-148-C_comp_mix
1931,-14.07811,-4.1929407,1 (Classical + Groove + Jazz),guitarset___05_SS1-100-C#_comp_mix
1932,-15.727878,-4.791646,1 (Classical + Groove + Jazz),guitarset___05_SS1-68-E_comp_mix
1933,-15.629053,-3.8261712,1 (Classical + Groove + Jazz),guitarset___05_SS2-107-Ab_comp_mix
1934,-15.522656,-4.5753684,1 (Classical + Groove + Jazz),guitarset___05_SS2-88-F_comp_mix
1935,-14.140777,-1.9635208,1 (Classical + Groove + Jazz),guitarset___05_SS3-84-Bb_comp_mix
1936,-15.803248,-4.7183943,1 (Classical + Groove + Jazz),guitarset___05_SS3-98-C_comp_mix
1937,11.337974,-1.1122212,2 (Pop + Rock + HJDB + Hip-Hop),hainsworth___hainsworth_001
1938,12.487854,2.8545592,2 (Pop + Rock + HJDB + Hip-Hop),hainsworth___hainsworth_002
1939,9.533653,5.626829,2 (Pop + Rock + HJDB + Hip-Hop),hainsworth___hainsworth_003
1940,-14.177546,-4.369319,1 (Classical + Groove + Jazz),hainsworth___hainsworth_006
1941,-10.5190325,-2.605884,1 (Classical + Groove + Jazz),hainsworth___hainsworth_007
1942,1.2492166,3.845685,3 (Jazz + Pop + Rock),hainsworth___hainsworth_008
1943,0.22998883,-2.8049536,3 (Jazz + Pop + Rock),hainsworth___hainsworth_009
1944,14.04429,2.3634048,2 (Pop + Rock + HJDB + Hip-Hop),hainsworth___hainsworth_010
1945,14.254243,-0.4339411,2 (Pop + Rock + HJDB + Hip-Hop),hainsworth___hainsworth_011
1946,-12.936777,-5.651848,1 (Classical + Groove + Jazz),hainsworth___hainsworth_012
1947,-9.468634,-4.105914,1 (Classical + Groove + Jazz),hainsworth___hainsworth_013
1948,7.187877,-1.6066697,2 (Pop + Rock + HJDB + Hip-Hop),hainsworth___hainsworth_015
1949,-4.8087077,-1.7613901,3 (Jazz + Pop + Rock),hainsworth___hainsworth_016
1950,13.061463,-0.5032305,2 (Pop + Rock + HJDB + Hip-Hop),hainsworth___hainsworth_017
1951,2.7454634,-3.5139835,3 (Jazz + Pop + Rock),hainsworth___hainsworth_018
1952,13.534312,0.58840775,2 (Pop + Rock + HJDB + Hip-Hop),hainsworth___hainsworth_019
1953,0.9075536,0.013127094,3 (Jazz + Pop + Rock),hainsworth___hainsworth_020
1954,11.660831,1.0394533,2 (Pop + Rock + HJDB + Hip-Hop),hainsworth___hainsworth_021
1955,5.983629,-1.9462149,3 (Jazz + Pop + Rock),hainsworth___hainsworth_022
1956,3.121661,-3.3547199,3 (Jazz + Pop + Rock),hainsworth___hainsworth_023
1957,-5.529396,2.8948214,3 (Jazz + Pop + Rock),hainsworth___hainsworth_024
1958,15.861882,0.4347261,2 (Pop + Rock + HJDB + Hip-Hop),hainsworth___hainsworth_025
1959,2.4049823,-3.5428689,3 (Jazz + Pop + Rock),hainsworth___hainsworth_035
1960,3.7168176,-4.06293,3 (Jazz + Pop + Rock),hainsworth___hainsworth_036
1961,-5.200838,-3.5377595,1 (Classical + Groove + Jazz),hainsworth___hainsworth_037
1962,12.404644,1.052335,2 (Pop + Rock + HJDB + Hip-Hop),hainsworth___hainsworth_038
1963,0.6916873,3.5742652,3 (Jazz + Pop + Rock),hainsworth___hainsworth_039
1964,9.225825,2.4797814,2 (Pop + Rock + HJDB + Hip-Hop),hainsworth___hainsworth_040
1965,10.04432,1.9499278,2 (Pop + Rock + HJDB + Hip-Hop),hainsworth___hainsworth_041
1966,10.55118,5.6704693,2 (Pop + Rock + HJDB + Hip-Hop),hainsworth___hainsworth_042
1967,-0.43755123,0.9210556,3 (Jazz + Pop + Rock),hainsworth___hainsworth_043
1968,2.8899806,-2.7238262,3 (Jazz + Pop + Rock),hainsworth___hainsworth_045
1969,15.023314,1.2922924,2 (Pop + Rock + HJDB + Hip-Hop),hainsworth___hainsworth_046
1970,15.134122,-1.3455347,2 (Pop + Rock + HJDB + Hip-Hop),hainsworth___hainsworth_047
1971,2.2915819,-4.330005,3 (Jazz + Pop + Rock),hainsworth___hainsworth_048
1972,0.97728986,-3.0849319,3 (Jazz + Pop + Rock),hainsworth___hainsworth_049
1973,16.741705,-0.1269009,2 (Pop + Rock + HJDB + Hip-Hop),hainsworth___hainsworth_050
1974,1.3416955,1.0328405,3 (Jazz + Pop + Rock),hainsworth___hainsworth_051
1975,11.782637,-0.62679607,2 (Pop + Rock + HJDB + Hip-Hop),hainsworth___hainsworth_052
1976,12.800035,1.7387758,2 (Pop + Rock + HJDB + Hip-Hop),hainsworth___hainsworth_053
1977,14.432339,-0.92633134,2 (Pop + Rock + HJDB + Hip-Hop),hainsworth___hainsworth_054
1978,15.685432,-0.6209988,2 (Pop + Rock + HJDB + Hip-Hop),hainsworth___hainsworth_055
1979,-4.5964055,0.48474544,3 (Jazz + Pop + Rock),hainsworth___hainsworth_056
1980,-5.3756413,3.1916614,3 (Jazz + Pop + Rock),hainsworth___hainsworth_057
1981,-4.110537,-2.1560273,3 (Jazz + Pop + Rock),hainsworth___hainsworth_058
1982,-5.1601276,-3.8292346,1 (Classical + Groove + Jazz),hainsworth___hainsworth_059
1983,0.19416876,-1.9926703,3 (Jazz + Pop + Rock),hainsworth___hainsworth_060
1984,-5.4020734,-1.1060694,1 (Classical + Groove + Jazz),hainsworth___hainsworth_061
1985,-5.2268476,0.34704366,3 (Jazz + Pop + Rock),hainsworth___hainsworth_062
1986,5.7257566,-2.5635097,3 (Jazz + Pop + Rock),hainsworth___hainsworth_063
1987,11.9731655,-1.6357992,2 (Pop + Rock + HJDB + Hip-Hop),hainsworth___hainsworth_064
1988,2.5449426,1.3976963,3 (Jazz + Pop + Rock),hainsworth___hainsworth_065
1989,-4.864193,-1.6330215,3 (Jazz + Pop + Rock),hainsworth___hainsworth_066
1990,-3.6263099,4.251555,3 (Jazz + Pop + Rock),hainsworth___hainsworth_067
1991,-7.515407,1.8964888,1 (Classical + Groove + Jazz),hainsworth___hainsworth_068
1992,-4.333624,-0.9683215,3 (Jazz + Pop + Rock),hainsworth___hainsworth_069
1993,-3.7926605,3.8830733,3 (Jazz + Pop + Rock),hainsworth___hainsworth_070
1994,2.2763305,-1.7950273,3 (Jazz + Pop + Rock),hainsworth___hainsworth_071
1995,10.34062,-4.0037193,2 (Pop + Rock + HJDB + Hip-Hop),hainsworth___hainsworth_072
1996,-0.5888651,-0.6683666,3 (Jazz + Pop + Rock),hainsworth___hainsworth_073
1997,-4.5812335,-3.517728,3 (Jazz + Pop + Rock),hainsworth___hainsworth_074
1998,-3.9397085,3.7582066,3 (Jazz + Pop + Rock),hainsworth___hainsworth_075
1999,-8.78301,-3.0916886,1 (Classical + Groove + Jazz),hainsworth___hainsworth_076
2000,-7.7376213,-5.508498,1 (Classical + Groove + Jazz),hainsworth___hainsworth_077
2001,-4.099778,-4.129168,3 (Jazz + Pop + Rock),hainsworth___hainsworth_078
2002,11.390868,0.10783415,2 (Pop + Rock + HJDB + Hip-Hop),hainsworth___hainsworth_079
2003,3.514679,-0.31427982,3 (Jazz + Pop + Rock),hainsworth___hainsworth_080
2004,11.191651,2.0441594,2 (Pop + Rock + HJDB + Hip-Hop),hainsworth___hainsworth_081
2005,12.373966,-0.5993645,2 (Pop + Rock + HJDB + Hip-Hop),hainsworth___hainsworth_082
2006,4.4554377,-1.9839201,3 (Jazz + Pop + Rock),hainsworth___hainsworth_083
2007,10.989897,-3.4051616,2 (Pop + Rock + HJDB + Hip-Hop),hainsworth___hainsworth_084
2008,3.2775903,-1.6795552,3 (Jazz + Pop + Rock),hainsworth___hainsworth_085
2009,12.051633,-0.10257032,2 (Pop + Rock + HJDB + Hip-Hop),hainsworth___hainsworth_086
2010,11.657635,-1.9611154,2 (Pop + Rock + HJDB + Hip-Hop),hainsworth___hainsworth_087
2011,3.2933471,0.40842336,3 (Jazz + Pop + Rock),hainsworth___hainsworth_088
2012,5.8549843,-2.2606492,3 (Jazz + Pop + Rock),hainsworth___hainsworth_089
2013,9.03626,-4.7626357,2 (Pop + Rock + HJDB + Hip-Hop),hainsworth___hainsworth_090
2014,2.5561504,-1.5584981,3 (Jazz + Pop + Rock),hainsworth___hainsworth_091
2015,0.9678677,-4.3979287,3 (Jazz + Pop + Rock),hainsworth___hainsworth_092
2016,10.158813,2.482244,2 (Pop + Rock + HJDB + Hip-Hop),hainsworth___hainsworth_093
2017,-3.71046,-2.9612079,3 (Jazz + Pop + Rock),hainsworth___hainsworth_094
2018,11.254613,0.69143784,2 (Pop + Rock + HJDB + Hip-Hop),hainsworth___hainsworth_095
2019,5.8624396,-1.0307821,3 (Jazz + Pop + Rock),hainsworth___hainsworth_096
2020,1.8374265,0.014120602,3 (Jazz + Pop + Rock),hainsworth___hainsworth_097
2021,12.441782,0.7281357,2 (Pop + Rock + HJDB + Hip-Hop),hainsworth___hainsworth_098
2022,0.65614676,0.3266992,3 (Jazz + Pop + Rock),hainsworth___hainsworth_099
2023,15.91175,-2.1834464,2 (Pop + Rock + HJDB + Hip-Hop),hainsworth___hainsworth_100
2024,-2.0414712,-3.9395201,3 (Jazz + Pop + Rock),hainsworth___hainsworth_102
2025,-11.7909565,-3.8692417,1 (Classical + Groove + Jazz),hainsworth___hainsworth_103
2026,3.8426778,-2.9160235,3 (Jazz + Pop + Rock),hainsworth___hainsworth_104
2027,-4.2021685,-3.6065207,3 (Jazz + Pop + Rock),hainsworth___hainsworth_106
2028,-7.4450994,-4.325964,1 (Classical + Groove + Jazz),hainsworth___hainsworth_107
2029,-3.2532012,-3.4976776,3 (Jazz + Pop + Rock),hainsworth___hainsworth_108
2030,-5.013952,-0.4949234,3 (Jazz + Pop + Rock),hainsworth___hainsworth_110
2031,-7.6976414,-1.5766823,1 (Classical + Groove + Jazz),hainsworth___hainsworth_111
2032,0.13067652,-3.202184,3 (Jazz + Pop + Rock),hainsworth___hainsworth_112
2033,-2.8537264,-3.2666748,3 (Jazz + Pop + Rock),hainsworth___hainsworth_113
2034,3.4801419,-2.3677583,3 (Jazz + Pop + Rock),hainsworth___hainsworth_114
2035,-3.7630613,-3.0719235,3 (Jazz + Pop + Rock),hainsworth___hainsworth_115
2036,-3.114294,0.72452486,3 (Jazz + Pop + Rock),hainsworth___hainsworth_117
2037,-1.4751147,-3.059034,3 (Jazz + Pop + Rock),hainsworth___hainsworth_118
2038,-1.7364877,-3.340287,3 (Jazz + Pop + Rock),hainsworth___hainsworth_119
2039,-0.59371805,-4.4568043,3 (Jazz + Pop + Rock),hainsworth___hainsworth_120
2040,-16.248783,-4.0804405,1 (Classical + Groove + Jazz),hainsworth___hainsworth_121
2041,-16.46001,-3.6486835,1 (Classical + Groove + Jazz),hainsworth___hainsworth_122
2042,-12.150171,-4.182577,1 (Classical + Groove + Jazz),hainsworth___hainsworth_123
2043,-15.1365795,-3.595161,1 (Classical + Groove + Jazz),hainsworth___hainsworth_124
2044,-14.1059265,-3.0026026,1 (Classical + Groove + Jazz),hainsworth___hainsworth_125
2045,-15.540911,-2.8628914,1 (Classical + Groove + Jazz),hainsworth___hainsworth_126
2046,-14.642912,-3.0005567,1 (Classical + Groove + Jazz),hainsworth___hainsworth_127
2047,-13.674812,-0.058602177,1 (Classical + Groove + Jazz),hainsworth___hainsworth_128
2048,-9.066537,-2.9733846,1 (Classical + Groove + Jazz),hainsworth___hainsworth_129
2049,-14.559342,-2.0094209,1 (Classical + Groove + Jazz),hainsworth___hainsworth_130
2050,-15.809144,-3.7322772,1 (Classical + Groove + Jazz),hainsworth___hainsworth_131
2051,-14.239094,-2.7929132,1 (Classical + Groove + Jazz),hainsworth___hainsworth_132
2052,-14.4389305,-2.2374194,1 (Classical + Groove + Jazz),hainsworth___hainsworth_133
2053,-14.54019,-2.5145285,1 (Classical + Groove + Jazz),hainsworth___hainsworth_134
2054,-13.976771,-2.5466635,1 (Classical + Groove + Jazz),hainsworth___hainsworth_135
2055,2.1502447,3.3638585,3 (Jazz + Pop + Rock),hainsworth___hainsworth_137
2056,16.29322,-0.06452616,2 (Pop + Rock + HJDB + Hip-Hop),hainsworth___hainsworth_138
2057,13.479933,1.3805308,2 (Pop + Rock + HJDB + Hip-Hop),hainsworth___hainsworth_139
2058,-5.535047,-1.2467493,1 (Classical + Groove + Jazz),hainsworth___hainsworth_140
2059,7.33981,0.7892542,2 (Pop + Rock + HJDB + Hip-Hop),hainsworth___hainsworth_141
2060,17.640236,-1.7865098,2 (Pop + Rock + HJDB + Hip-Hop),hainsworth___hainsworth_143
2061,-0.8003002,-3.4689884,3 (Jazz + Pop + Rock),hainsworth___hainsworth_144
2062,2.4656239,-1.4553522,3 (Jazz + Pop + Rock),hainsworth___hainsworth_145
2063,2.0044534,-2.6989324,3 (Jazz + Pop + Rock),hainsworth___hainsworth_146
2064,-4.217606,-1.579889,3 (Jazz + Pop + Rock),hainsworth___hainsworth_147
2065,-4.584928,-5.570013,1 (Classical + Groove + Jazz),hainsworth___hainsworth_148
2066,-5.669923,-5.172792,1 (Classical + Groove + Jazz),hainsworth___hainsworth_149
2067,9.0022135,-2.608885,2 (Pop + Rock + HJDB + Hip-Hop),hainsworth___hainsworth_150
2068,15.183602,1.0749943,2 (Pop + Rock + HJDB + Hip-Hop),hainsworth___hainsworth_151
2069,-14.229747,0.022272574,1 (Classical + Groove + Jazz),hainsworth___hainsworth_152
2070,14.124263,-1.7153423,2 (Pop + Rock + HJDB + Hip-Hop),hainsworth___hainsworth_153
2071,5.344248,0.67810833,3 (Jazz + Pop + Rock),hainsworth___hainsworth_154
2072,9.398295,1.0373476,2 (Pop + Rock + HJDB + Hip-Hop),hainsworth___hainsworth_155
2073,5.37208,3.9896657,3 (Jazz + Pop + Rock),hainsworth___hainsworth_156
2074,9.375324,2.0927575,2 (Pop + Rock + HJDB + Hip-Hop),hainsworth___hainsworth_157
2075,9.669747,0.55990434,2 (Pop + Rock + HJDB + Hip-Hop),hainsworth___hainsworth_158
2076,17.767206,-2.3616765,2 (Pop + Rock + HJDB + Hip-Hop),hainsworth___hainsworth_159
2077,13.197721,-2.9338713,2 (Pop + Rock + HJDB + Hip-Hop),hainsworth___hainsworth_160
2078,13.151539,-1.6288338,2 (Pop + Rock + HJDB + Hip-Hop),hainsworth___hainsworth_161
2079,1.0828437,-4.0270996,3 (Jazz + Pop + Rock),hainsworth___hainsworth_162
2080,11.639985,0.8244708,2 (Pop + Rock + HJDB + Hip-Hop),hainsworth___hainsworth_163
2081,6.0574117,-0.34243795,3 (Jazz + Pop + Rock),hainsworth___hainsworth_164
2082,3.3442066,-3.337037,3 (Jazz + Pop + Rock),hainsworth___hainsworth_165
2083,8.07775,-4.842829,2 (Pop + Rock + HJDB + Hip-Hop),hainsworth___hainsworth_166
2084,4.446401,-3.7984977,3 (Jazz + Pop + Rock),hainsworth___hainsworth_167
2085,0.8791201,-3.0874884,3 (Jazz + Pop + Rock),hainsworth___hainsworth_168
2086,-2.8522074,3.8642373,3 (Jazz + Pop + Rock),hainsworth___hainsworth_169
2087,2.4627895,1.0786798,3 (Jazz + Pop + Rock),hainsworth___hainsworth_170
2088,0.9449335,-2.9227397,3 (Jazz + Pop + Rock),hainsworth___hainsworth_171
2089,2.8481994,-3.5829086,3 (Jazz + Pop + Rock),hainsworth___hainsworth_172
2090,15.987472,-0.8703354,2 (Pop + Rock + HJDB + Hip-Hop),hainsworth___hainsworth_173
2091,7.044454,5.363408,2 (Pop + Rock + HJDB + Hip-Hop),hainsworth___hainsworth_174
2092,15.818151,-1.720134,2 (Pop + Rock + HJDB + Hip-Hop),hainsworth___hainsworth_175
2093,10.335413,-0.4027745,2 (Pop + Rock + HJDB + Hip-Hop),hainsworth___hainsworth_176
2094,10.601277,0.3245344,2 (Pop + Rock + HJDB + Hip-Hop),hainsworth___hainsworth_177
2095,10.1197815,1.8041713,2 (Pop + Rock + HJDB + Hip-Hop),hainsworth___hainsworth_178
2096,12.876718,0.9755981,2 (Pop + Rock + HJDB + Hip-Hop),hainsworth___hainsworth_179
2097,4.2482963,2.9161754,3 (Jazz + Pop + Rock),hainsworth___hainsworth_180
2098,4.520863,3.7901134,3 (Jazz + Pop + Rock),hainsworth___hainsworth_181
2099,10.565954,-1.1310602,2 (Pop + Rock + HJDB + Hip-Hop),hainsworth___hainsworth_182
2100,9.2087755,-0.88183427,2 (Pop + Rock + HJDB + Hip-Hop),hainsworth___hainsworth_183
2101,6.190268,3.2602215,3 (Jazz + Pop + Rock),hainsworth___hainsworth_184
2102,10.009906,1.4226533,2 (Pop + Rock + HJDB + Hip-Hop),hainsworth___hainsworth_185
2103,10.295784,0.41783404,2 (Pop + Rock + HJDB + Hip-Hop),hainsworth___hainsworth_186
2104,9.41954,1.0624439,2 (Pop + Rock + HJDB + Hip-Hop),hainsworth___hainsworth_187
2105,-10.066323,4.1331816,1 (Classical + Groove + Jazz),hainsworth___hainsworth_188
2106,-14.223053,-5.938849,1 (Classical + Groove + Jazz),hainsworth___hainsworth_189
2107,-11.948905,-3.1601655,1 (Classical + Groove + Jazz),hainsworth___hainsworth_190
2108,-15.032965,-4.957032,1 (Classical + Groove + Jazz),hainsworth___hainsworth_191
2109,-14.014292,-2.2977755,1 (Classical + Groove + Jazz),hainsworth___hainsworth_193
2110,-9.6766615,-4.351364,1 (Classical + Groove + Jazz),hainsworth___hainsworth_194
2111,4.9130173,-4.697335,3 (Jazz + Pop + Rock),hainsworth___hainsworth_195
2112,-2.8453052,5.19393,3 (Jazz + Pop + Rock),hainsworth___hainsworth_196
2113,-1.6088539,-3.6739771,3 (Jazz + Pop + Rock),hainsworth___hainsworth_197
2114,-0.68075854,-3.8801463,3 (Jazz + Pop + Rock),hainsworth___hainsworth_198
2115,-0.038536582,-0.020668715,3 (Jazz + Pop + Rock),hainsworth___hainsworth_200
2116,-14.404977,-2.469967,1 (Classical + Groove + Jazz),hainsworth___hainsworth_201
2117,0.78007615,-2.6225653,3 (Jazz + Pop + Rock),hainsworth___hainsworth_202
2118,-13.7690115,-4.2661805,1 (Classical + Groove + Jazz),hainsworth___hainsworth_205
2119,-12.481093,-4.235356,1 (Classical + Groove + Jazz),hainsworth___hainsworth_206
2120,-8.140964,-1.3411772,1 (Classical + Groove + Jazz),hainsworth___hainsworth_207
2121,-7.279903,-2.45103,1 (Classical + Groove + Jazz),hainsworth___hainsworth_208
2122,-16.21322,-3.741091,1 (Classical + Groove + Jazz),hainsworth___hainsworth_209
2123,3.0823486,-4.1959205,3 (Jazz + Pop + Rock),hainsworth___hainsworth_210
2124,4.3167853,-3.6531718,3 (Jazz + Pop + Rock),hainsworth___hainsworth_211
2125,0.18231456,0.40394258,3 (Jazz + Pop + Rock),hainsworth___hainsworth_212
2126,3.4006593,1.654217,3 (Jazz + Pop + Rock),hainsworth___hainsworth_213
2127,-2.8454082,1.2482327,3 (Jazz + Pop + Rock),hainsworth___hainsworth_214
2128,-0.51570433,0.7945813,3 (Jazz + Pop + Rock),hainsworth___hainsworth_215
2129,-3.5492902,2.316706,3 (Jazz + Pop + Rock),hainsworth___hainsworth_216
2130,-2.771352,0.6351239,3 (Jazz + Pop + Rock),hainsworth___hainsworth_217
2131,-12.4069,0.059813138,1 (Classical + Groove + Jazz),hainsworth___hainsworth_218
2132,-13.782893,-3.2708201,1 (Classical + Groove + Jazz),hainsworth___hainsworth_219
2133,-12.659864,-2.4287589,1 (Classical + Groove + Jazz),hainsworth___hainsworth_220
2134,-14.380506,-3.1654403,1 (Classical + Groove + Jazz),hainsworth___hainsworth_221
2135,-2.0936625,-3.1948376,3 (Jazz + Pop + Rock),hainsworth___hainsworth_222
2136,-2.6893895,-3.4950225,3 (Jazz + Pop + Rock),hainsworth___hainsworth_223
2137,3.8580585,-3.5533931,3 (Jazz + Pop + Rock),hainsworth___hainsworth_224
2138,0.53867525,-2.1603665,3 (Jazz + Pop + Rock),hainsworth___hainsworth_225
2139,14.674007,-3.099242,2 (Pop + Rock + HJDB + Hip-Hop),hainsworth___hainsworth_226
2140,17.66364,-1.6662778,2 (Pop + Rock + HJDB + Hip-Hop),hainsworth___hainsworth_227
2141,9.744073,1.314166,2 (Pop + Rock + HJDB + Hip-Hop),hainsworth___hainsworth_228
2142,-0.18289743,-3.1657166,3 (Jazz + Pop + Rock),hainsworth___hainsworth_229
2143,8.134162,0.0075177676,2 (Pop + Rock + HJDB + Hip-Hop),hainsworth___hainsworth_230
2144,9.367119,0.8361571,2 (Pop + Rock + HJDB + Hip-Hop),hainsworth___hainsworth_231
2145,12.298005,0.8094763,2 (Pop + Rock + HJDB + Hip-Hop),hainsworth___hainsworth_232
2146,12.98207,-0.13383111,2 (Pop + Rock + HJDB + Hip-Hop),hainsworth___hainsworth_233
2147,-1.2673284,1.0056225,3 (Jazz + Pop + Rock),hainsworth___hainsworth_234
2148,8.978609,7.242814,2 (Pop + Rock + HJDB + Hip-Hop),hainsworth___hainsworth_235
2149,6.8918543,5.970099,2 (Pop + Rock + HJDB + Hip-Hop),hainsworth___hainsworth_236
2150,10.543996,1.505297,2 (Pop + Rock + HJDB + Hip-Hop),hainsworth___hainsworth_237
2151,8.897183,4.273339,2 (Pop + Rock + HJDB + Hip-Hop),hainsworth___hainsworth_238
2152,13.941091,2.3882768,2 (Pop + Rock + HJDB + Hip-Hop),hainsworth___hainsworth_239
2153,-1.181524,-2.574588,3 (Jazz + Pop + Rock),hainsworth___hainsworth_240
2154,-5.7374034,-4.07387,1 (Classical + Groove + Jazz),hainsworth___hainsworth_241
2155,-4.7431674,-2.303473,3 (Jazz + Pop + Rock),hainsworth___hainsworth_242
2156,-1.0602741,-2.4164865,3 (Jazz + Pop + Rock),hainsworth___hainsworth_243
2157,-5.286224,-4.340202,1 (Classical + Groove + Jazz),hainsworth___hainsworth_244
2158,-13.042479,-4.5468626,1 (Classical + Groove + Jazz),hainsworth___hainsworth_245
2159,-2.7215457,5.108442,3 (Jazz + Pop + Rock),harmonix___0001_12step
2160,8.879978,3.3261752,2 (Pop + Rock + HJDB + Hip-Hop),harmonix___0003_6foot7foot
2161,12.451365,-2.0696433,2 (Pop + Rock + HJDB + Hip-Hop),harmonix___0004_abc
2162,17.872944,-2.1298018,2 (Pop + Rock + HJDB + Hip-Hop),harmonix___0005_again
2163,8.670268,5.3181596,2 (Pop + Rock + HJDB + Hip-Hop),harmonix___0006_aint2proud2beg
2164,1.0958266,-0.70885193,3 (Jazz + Pop + Rock),harmonix___0008_america
2165,15.212896,-0.5822309,2 (Pop + Rock + HJDB + Hip-Hop),harmonix___0009_americanmusic
2166,-1.2775534,5.1856284,3 (Jazz + Pop + Rock),harmonix___0010_andjusticeforall
2167,13.199718,-0.35127777,2 (Pop + Rock + HJDB + Hip-Hop),harmonix___0011_areyouexperienced
2168,-1.8354435,4.846802,3 (Jazz + Pop + Rock),harmonix___0012_aroundtheworld
2169,17.313557,-2.4013193,2 (Pop + Rock + HJDB + Hip-Hop),harmonix___0013_athingaboutyou
2170,14.281741,0.4452853,2 (Pop + Rock + HJDB + Hip-Hop),harmonix___0014_babaoriley
2171,5.083896,5.917964,3 (Jazz + Pop + Rock),harmonix___0015_babygotback
2172,3.9027202,2.1184754,3 (Jazz + Pop + Rock),harmonix___0017_badromance
2173,10.393346,-0.4101843,2 (Pop + Rock + HJDB + Hip-Hop),harmonix___0018_bassdownlow
2174,-0.41883788,-1.0196028,3 (Jazz + Pop + Rock),harmonix___0020_becauseofyou
2175,15.936173,0.20415713,2 (Pop + Rock + HJDB + Hip-Hop),harmonix___0021_better
2176,10.0009165,2.9821386,2 (Pop + Rock + HJDB + Hip-Hop),harmonix___0022_betteroffalone
2177,1.4104564,4.375386,3 (Jazz + Pop + Rock),harmonix___0023_bewareoftheboys
2178,10.796273,-0.48808083,2 (Pop + Rock + HJDB + Hip-Hop),harmonix___0024_billionaire
2179,8.544205,0.59967434,2 (Pop + Rock + HJDB + Hip-Hop),harmonix___0026_blackandyellow
2180,14.372523,1.0115318,2 (Pop + Rock + HJDB + Hip-Hop),harmonix___0027_blackened
2181,17.723412,-0.7657787,2 (Pop + Rock + HJDB + Hip-Hop),harmonix___0028_blackmagic
2182,14.556082,0.06214282,2 (Pop + Rock + HJDB + Hip-Hop),harmonix___0030_bodymovin
2183,14.814643,2.0913951,2 (Pop + Rock + HJDB + Hip-Hop),harmonix___0032_boomboompow
2184,3.9104936,4.5721726,3 (Jazz + Pop + Rock),harmonix___0035_boyfriend
2185,13.081533,2.6701086,2 (Pop + Rock + HJDB + Hip-Hop),harmonix___0036_breakingthegirl
2186,15.020348,-0.39222494,2 (Pop + Rock + HJDB + Hip-Hop),harmonix___0037_breakyourheart
2187,17.60798,-2.2769792,2 (Pop + Rock + HJDB + Hip-Hop),harmonix___0038_bringmetolife
2188,12.154524,-0.8182996,2 (Pop + Rock + HJDB + Hip-Hop),harmonix___0039_bulletproof
2189,3.1913943,2.9844198,3 (Jazz + Pop + Rock),harmonix___0040_bustamove
2190,0.47685915,1.1024768,3 (Jazz + Pop + Rock),harmonix___0041_calabria
2191,1.7444651,1.141187,3 (Jazz + Pop + Rock),harmonix___0042_callme
2192,7.493544,2.7108812,2 (Pop + Rock + HJDB + Hip-Hop),harmonix___0043_callmemaybe
2193,14.465406,0.99273866,2 (Pop + Rock + HJDB + Hip-Hop),harmonix___0044_cameraeye
2194,-0.61891705,1.3577138,3 (Jazz + Pop + Rock),harmonix___0045_cantgetyououtofmyhead
2195,3.9051628,1.775599,3 (Jazz + Pop + Rock),harmonix___0046_castlesmadeofsand
2196,9.22967,-2.7045443,2 (Pop + Rock + HJDB + Hip-Hop),harmonix___0047_chinacatsunflower
2197,0.4394446,3.8826709,3 (Jazz + Pop + Rock),harmonix___0048_chingaling
2198,2.889785,0.105375335,3 (Jazz + Pop + Rock),harmonix___0049_closer
2199,14.64433,-1.3358591,2 (Pop + Rock + HJDB + Hip-Hop),harmonix___0050_clubcanthandleme
2200,15.869502,-2.4522774,2 (Pop + Rock + HJDB + Hip-Hop),harmonix___0052_collector
2201,15.372589,-1.6318119,2 (Pop + Rock + HJDB + Hip-Hop),harmonix___0053_commander
2202,-0.1725817,4.874381,3 (Jazz + Pop + Rock),harmonix___0054_conceited
2203,16.880919,-0.36508352,2 (Pop + Rock + HJDB + Hip-Hop),harmonix___0055_constantmotion
2204,-3.1411211,4.1270723,3 (Jazz + Pop + Rock),harmonix___0056_control
2205,5.0136385,4.1503215,3 (Jazz + Pop + Rock),harmonix___0057_crankthat
2206,16.723862,-1.6617806,2 (Pop + Rock + HJDB + Hip-Hop),harmonix___0058_criticalacclaim
2207,1.4191608,6.4351625,3 (Jazz + Pop + Rock),harmonix___0059_cupidshuffle
2208,10.878097,2.5770483,2 (Pop + Rock + HJDB + Hip-Hop),harmonix___0061_dabutt
2209,14.600217,-1.2699568,2 (Pop + Rock + HJDB + Hip-Hop),harmonix___0062_dance
2210,3.4115932,0.8322524,3 (Jazz + Pop + Rock),harmonix___0063_daysgoby
2211,16.323635,-1.137273,2 (Pop + Rock + HJDB + Hip-Hop),harmonix___0065_deadandbloated
2212,15.375243,-3.530151,2 (Pop + Rock + HJDB + Hip-Hop),harmonix___0066_decentdaysandnights
2213,17.221346,-0.8260666,2 (Pop + Rock + HJDB + Hip-Hop),harmonix___0067_deep
2214,17.308275,-0.29126784,2 (Pop + Rock + HJDB + Hip-Hop),harmonix___0068_devilsisland
2215,17.86465,-1.9245594,2 (Pop + Rock + HJDB + Hip-Hop),harmonix___0069_digginmedown
2216,2.4707804,3.7119474,3 (Jazz + Pop + Rock),harmonix___0070_dipitlow
2217,1.2658687,-4.023983,3 (Jazz + Pop + Rock),harmonix___0071_dirtypool
2218,6.692146,-1.070658,2 (Pop + Rock + HJDB + Hip-Hop),harmonix___0072_discoinferno
2219,9.377267,-0.65413713,2 (Pop + Rock + HJDB + Hip-Hop),harmonix___0073_disturbia
2220,9.834547,0.3729522,2 (Pop + Rock + HJDB + Hip-Hop),harmonix___0074_djgotusfallininlove
2221,8.553515,4.3779273,2 (Pop + Rock + HJDB + Hip-Hop),harmonix___0075_dontcha
2222,7.772855,4.093821,2 (Pop + Rock + HJDB + Hip-Hop),harmonix___0077_dontsweat
2223,8.034356,1.5339918,2 (Pop + Rock + HJDB + Hip-Hop),harmonix___0078_donttouchme
2224,8.660811,0.61795396,2 (Pop + Rock + HJDB + Hip-Hop),harmonix___0079_dontyouwantme
2225,12.137888,1.3552895,2 (Pop + Rock + HJDB + Hip-Hop),harmonix___0080_down
2226,4.8909245,2.814564,3 (Jazz + Pop + Rock),harmonix___0081_downonme
2227,5.6822863,1.9695839,3 (Jazz + Pop + Rock),harmonix___0082_dragosteadintei
2228,15.739986,-1.8346516,2 (Pop + Rock + HJDB + Hip-Hop),harmonix___0083_dragthewaters
2229,-0.19564337,5.85207,3 (Jazz + Pop + Rock),harmonix___0084_dropitlikeitshot
2230,9.048315,4.039466,2 (Pop + Rock + HJDB + Hip-Hop),harmonix___0085_electricboogie
2231,13.006783,-1.6722915,2 (Pop + Rock + HJDB + Hip-Hop),harmonix___0086_escapade
2232,14.723813,-0.12790288,2 (Pop + Rock + HJDB + Hip-Hop),harmonix___0087_evacuate
2233,15.004494,-1.1233977,2 (Pop + Rock + HJDB + Hip-Hop),harmonix___0088_everybody
2234,17.107845,-1.081975,2 (Pop + Rock + HJDB + Hip-Hop),harmonix___0090_fearofthedarklive
2235,14.172472,2.6850913,2 (Pop + Rock + HJDB + Hip-Hop),harmonix___0091_fellonblackdays
2236,0.67353934,5.3433304,3 (Jazz + Pop + Rock),harmonix___0092_fergalicious
2237,15.271712,-1.1724778,2 (Pop + Rock + HJDB + Hip-Hop),harmonix___0093_fireburning
2238,6.26179,2.9257655,3 (Jazz + Pop + Rock),harmonix___0094_fireflies
2239,12.043475,1.5539737,2 (Pop + Rock + HJDB + Hip-Hop),harmonix___0095_firework
2240,14.710188,1.7357434,2 (Pop + Rock + HJDB + Hip-Hop),harmonix___0096_fivemagics
2241,5.852028,-0.22566235,3 (Jazz + Pop + Rock),harmonix___0098_floods
2242,8.20881,3.1309583,2 (Pop + Rock + HJDB + Hip-Hop),harmonix___0099_forgetyou
2243,2.0313663,-2.0556731,3 (Jazz + Pop + Rock),harmonix___0100_futureperfecttense
2244,7.3998365,1.5261227,2 (Pop + Rock + HJDB + Hip-Hop),harmonix___0101_galang
2245,5.283185,0.4863049,3 (Jazz + Pop + Rock),harmonix___0102_gangstaluv
2246,10.197168,-3.0841968,2 (Pop + Rock + HJDB + Hip-Hop),harmonix___0104_getbusy
2247,3.4661748,2.1032214,3 (Jazz + Pop + Rock),harmonix___0105_getdownonit
2248,4.33567,4.141548,3 (Jazz + Pop + Rock),harmonix___0106_getitshawty
2249,10.728221,-1.0437406,2 (Pop + Rock + HJDB + Hip-Hop),harmonix___0107_getlow
2250,8.125685,1.1413972,2 (Pop + Rock + HJDB + Hip-Hop),harmonix___0108_getup
2251,1.1037225,5.968046,3 (Jazz + Pop + Rock),harmonix___0109_geturfreakon
2252,13.13951,1.9693526,2 (Pop + Rock + HJDB + Hip-Hop),harmonix___0110_girlsandboys
2253,13.298495,-1.8691097,2 (Pop + Rock + HJDB + Hip-Hop),harmonix___0111_girlsonfilm
2254,8.662561,1.5034921,2 (Pop + Rock + HJDB + Hip-Hop),harmonix___0112_giveitup
2255,-0.13003892,2.4765205,3 (Jazz + Pop + Rock),harmonix___0113_giveituptome
2256,9.944105,-0.003984196,2 (Pop + Rock + HJDB + Hip-Hop),harmonix___0114_givemeeverything
2257,7.6787553,3.9594262,2 (Pop + Rock + HJDB + Hip-Hop),harmonix___0115_gonnamakeyousweat
2258,6.4141865,3.8512418,2 (Pop + Rock + HJDB + Hip-Hop),harmonix___0116_goodies
2259,17.544222,-1.8909788,2 (Pop + Rock + HJDB + Hip-Hop),harmonix___0117_goodmorningblackfriday
2260,-1.5507374,5.6602006,3 (Jazz + Pop + Rock),harmonix___0118_grenade
2261,16.901953,-2.7911549,2 (Pop + Rock + HJDB + Hip-Hop),harmonix___0119_gunpowderandlead
2262,1.7410264,0.8329533,3 (Jazz + Pop + Rock),harmonix___0122_heardemall
2263,15.789107,-1.6239666,2 (Pop + Rock + HJDB + Hip-Hop),harmonix___0123_heavyduty
2264,13.149181,-2.6944973,2 (Pop + Rock + HJDB + Hip-Hop),harmonix___0124_hello
2265,8.876832,0.4952967,2 (Pop + Rock + HJDB + Hip-Hop),harmonix___0125_hellogoodmorning
2266,-0.36314264,6.088615,3 (Jazz + Pop + Rock),harmonix___0126_heymami
2267,8.61377,0.11557226,2 (Pop + Rock + HJDB + Hip-Hop),harmonix___0127_hollabackgirl
2268,14.982156,1.3939234,2 (Pop + Rock + HJDB + Hip-Hop),harmonix___0128_homecoming
2269,3.0536268,5.3066797,3 (Jazz + Pop + Rock),harmonix___0129_hotinherre
2270,9.367616,1.1892035,2 (Pop + Rock + HJDB + Hip-Hop),harmonix___0130_hotstuff
2271,5.293841,3.3227005,3 (Jazz + Pop + Rock),harmonix___0131_iamthebest
2272,-5.740902,2.5312223,3 (Jazz + Pop + Rock),harmonix___0132_iceicebaby
2273,14.360657,-1.2288171,2 (Pop + Rock + HJDB + Hip-Hop),harmonix___0133_ifeellove
2274,15.5100565,-3.4268782,2 (Pop + Rock + HJDB + Hip-Hop),harmonix___0134_igotmine
2275,12.542257,1.0728147,2 (Pop + Rock + HJDB + Hip-Hop),harmonix___0135_igottafeeling
2276,10.591377,-0.2314619,2 (Pop + Rock + HJDB + Hip-Hop),harmonix___0136_igotyoudancing
2277,2.246919,2.5756958,3 (Jazz + Pop + Rock),harmonix___0137_iknowyouwantme
2278,13.93784,-0.13010682,2 (Pop + Rock + HJDB + Hip-Hop),harmonix___0138_ilikeit
2279,8.109815,-0.6593409,2 (Pop + Rock + HJDB + Hip-Hop),harmonix___0139_imcomingout
2280,8.739977,1.977285,2 (Pop + Rock + HJDB + Hip-Hop),harmonix___0140_impacto
2281,4.541657,4.727629,3 (Jazz + Pop + Rock),harmonix___0141_indaclub
2282,14.7454405,1.9852072,2 (Pop + Rock + HJDB + Hip-Hop),harmonix___0142_indestructible
2283,9.175489,3.329917,2 (Pop + Rock + HJDB + Hip-Hop),harmonix___0143_informer
2284,-2.2765992,2.9409225,3 (Jazz + Pop + Rock),harmonix___0144_ishotthesheriff
2285,4.412183,-2.5388992,3 (Jazz + Pop + Rock),harmonix___0145_iwantyouback
2286,17.326797,-1.422417,2 (Pop + Rock + HJDB + Hip-Hop),harmonix___0148_jesusofsuburbia
2287,15.378873,-2.2073042,2 (Pop + Rock + HJDB + Hip-Hop),harmonix___0149_johnnyguitar
2288,7.1673737,1.7062389,2 (Pop + Rock + HJDB + Hip-Hop),harmonix___0150_justdance
2289,4.8952503,3.7324262,3 (Jazz + Pop + Rock),harmonix___0151_kingofdancehall
2290,7.7047925,6.463843,2 (Pop + Rock + HJDB + Hip-Hop),harmonix___0152_kingofrock
2291,12.548339,-3.3817253,2 (Pop + Rock + HJDB + Hip-Hop),harmonix___0153_lalaland
2292,9.695849,4.338578,2 (Pop + Rock + HJDB + Hip-Hop),harmonix___0155_lapdance
2293,1.2059277,4.766533,3 (Jazz + Pop + Rock),harmonix___0156_lastnight
2294,1.5722158,5.684586,3 (Jazz + Pop + Rock),harmonix___0157_leanwitit
2295,16.07553,-0.6757033,2 (Pop + Rock + HJDB + Hip-Hop),harmonix___0158_letitrock
2296,2.1588511,2.6315355,3 (Jazz + Pop + Rock),harmonix___0159_letthemusicplay
2297,9.663271,3.7014356,2 (Pop + Rock + HJDB + Hip-Hop),harmonix___0160_likeag6
2298,13.587027,0.75310206,2 (Pop + Rock + HJDB + Hip-Hop),harmonix___0161_limelight
2299,16.93601,-2.5500445,2 (Pop + Rock + HJDB + Hip-Hop),harmonix___0162_lobotomy
2300,0.64948064,4.9744005,3 (Jazz + Pop + Rock),harmonix___0164_low
2301,14.355612,1.3159238,2 (Pop + Rock + HJDB + Hip-Hop),harmonix___0165_lucretia
2302,10.69583,-0.65020597,2 (Pop + Rock + HJDB + Hip-Hop),harmonix___0166_macarena
2303,14.049998,-3.0729473,2 (Pop + Rock + HJDB + Hip-Hop),harmonix___0167_makesomenoise
2304,11.685407,0.6489526,2 (Pop + Rock + HJDB + Hip-Hop),harmonix___0168_maneater
2305,16.877132,-1.3702246,2 (Pop + Rock + HJDB + Hip-Hop),harmonix___0169_manicdepression
2306,15.961533,-1.7729894,2 (Pop + Rock + HJDB + Hip-Hop),harmonix___0170_manyshadesofblack
2307,-1.9671084,6.866567,3 (Jazz + Pop + Rock),harmonix___0171_marchofthepigs
2308,3.4705527,2.5006542,3 (Jazz + Pop + Rock),harmonix___0172_marrythenight
2309,8.153912,4.1549115,2 (Pop + Rock + HJDB + Hip-Hop),harmonix___0173_massiveattack
2310,4.7961974,0.75668573,3 (Jazz + Pop + Rock),harmonix___0174_maythisbelove
2311,12.376653,-0.75918907,2 (Pop + Rock + HJDB + Hip-Hop),harmonix___0175_meddle
2312,18.07763,-1.518635,2 (Pop + Rock + HJDB + Hip-Hop),harmonix___0176_megasus
2313,1.3241682,4.0038147,3 (Jazz + Pop + Rock),harmonix___0177_milkshake
2314,10.293809,0.085171476,2 (Pop + Rock + HJDB + Hip-Hop),harmonix___0178_mountainman
2315,1.3776065,4.245536,3 (Jazz + Pop + Rock),harmonix___0179_moveslikejagger
2316,6.9112434,2.4735105,2 (Pop + Rock + HJDB + Hip-Hop),harmonix___0181_mrsaxobeat
2317,16.40163,-1.8531367,2 (Pop + Rock + HJDB + Hip-Hop),harmonix___0182_mycurse
2318,17.825588,-1.7800413,2 (Pop + Rock + HJDB + Hip-Hop),harmonix___0183_mynameisjonas
2319,9.243037,4.03707,2 (Pop + Rock + HJDB + Hip-Hop),harmonix___0184_myprerogative
2320,4.4394927,4.3778253,3 (Jazz + Pop + Rock),harmonix___0185_nasty
2321,16.393396,-1.1939043,2 (Pop + Rock + HJDB + Hip-Hop),harmonix___0186_nearlylostyou
2322,11.704146,1.1479361,2 (Pop + Rock + HJDB + Hip-Hop),harmonix___0189_neversaynever
2323,16.78685,-1.9168249,2 (Pop + Rock + HJDB + Hip-Hop),harmonix___0190_newfang
2324,3.4696786,-2.6518228,3 (Jazz + Pop + Rock),harmonix___0191_newslang
2325,1.1010269,3.8816586,3 (Jazz + Pop + Rock),harmonix___0194_nomoretears
2326,12.470399,0.83091444,2 (Pop + Rock + HJDB + Hip-Hop),harmonix___0195_nookie
2327,0.17008702,-4.0517836,3 (Jazz + Pop + Rock),harmonix___0197_nothinonyou
2328,10.74194,2.2442448,2 (Pop + Rock + HJDB + Hip-Hop),harmonix___0198_nowthatwefoundlove
2329,17.713823,-1.7151891,2 (Pop + Rock + HJDB + Hip-Hop),harmonix___0199_numberofthebeast2
2330,-2.0059202,6.210609,3 (Jazz + Pop + Rock),harmonix___0200_oceansize
2331,12.350559,-0.09954612,2 (Pop + Rock + HJDB + Hip-Hop),harmonix___0201_oh
2332,1.5025005,-5.2615976,3 (Jazz + Pop + Rock),harmonix___0204_onlyamemory
2333,1.4030917,3.17966,3 (Jazz + Pop + Rock),harmonix___0207_oopsohmy
2334,7.195208,3.8593252,2 (Pop + Rock + HJDB + Hip-Hop),harmonix___0208_opp
2335,9.875823,-1.7539734,2 (Pop + Rock + HJDB + Hip-Hop),harmonix___0209_paparazzi
2336,12.752719,0.4042707,2 (Pop + Rock + HJDB + Hip-Hop),harmonix___0212_peoplegotalotofnerve
2337,6.805671,4.628271,2 (Pop + Rock + HJDB + Hip-Hop),harmonix___0214_planetrock
2338,14.020741,-1.6500583,2 (Pop + Rock + HJDB + Hip-Hop),harmonix___0215_pointofknowreturn
2339,6.8924346,3.6267428,2 (Pop + Rock + HJDB + Hip-Hop),harmonix___0216_poison
2340,14.30725,-2.9481041,2 (Pop + Rock + HJDB + Hip-Hop),harmonix___0217_pokerface
2341,-0.9238276,4.785654,3 (Jazz + Pop + Rock),harmonix___0218_policyoftruth
2342,7.4281573,5.8238244,2 (Pop + Rock + HJDB + Hip-Hop),harmonix___0219_pondereplay
2343,3.3778925,1.2004842,3 (Jazz + Pop + Rock),harmonix___0220_promiscuous
2344,14.908212,-0.44227073,2 (Pop + Rock + HJDB + Hip-Hop),harmonix___0222_realgoodlooking
2345,1.5566293,-1.0952114,3 (Jazz + Pop + Rock),harmonix___0223_reallove
2346,10.471697,0.7626963,2 (Pop + Rock + HJDB + Hip-Hop),harmonix___0226_rendezvu
2347,5.494011,3.7652051,3 (Jazz + Pop + Rock),harmonix___0227_replay
2348,16.400608,-0.8500944,2 (Pop + Rock + HJDB + Hip-Hop),harmonix___0229_ridingonthewind
2349,4.733722,3.1131494,3 (Jazz + Pop + Rock),harmonix___0231_rightthurr
2350,15.186249,-1.1648781,2 (Pop + Rock + HJDB + Hip-Hop),harmonix___0233_rocknrollnightmare
2351,8.345734,1.8437831,2 (Pop + Rock + HJDB + Hip-Hop),harmonix___0234_roundandround
2352,8.339459,2.1431775,2 (Pop + Rock + HJDB + Hip-Hop),harmonix___0235_rudeboy
2353,9.505159,5.0181923,2 (Pop + Rock + HJDB + Hip-Hop),harmonix___0236_rumpshaker
2354,7.488745,1.870173,2 (Pop + Rock + HJDB + Hip-Hop),harmonix___0237_run
2355,14.718271,-1.9280235,2 (Pop + Rock + HJDB + Hip-Hop),harmonix___0238_sambadejaneiro
2356,10.885084,2.5120928,2 (Pop + Rock + HJDB + Hip-Hop),harmonix___0239_sandm
2357,3.366631,-0.36367604,3 (Jazz + Pop + Rock),harmonix___0240_sandstorm
2358,3.085418,1.0018023,3 (Jazz + Pop + Rock),harmonix___0241_satellite
2359,5.868012,3.637605,3 (Jazz + Pop + Rock),harmonix___0242_satisfaction
2360,12.414949,-1.6913854,2 (Pop + Rock + HJDB + Hip-Hop),harmonix___0243_saucyjack
2361,11.954612,-0.9413438,2 (Pop + Rock + HJDB + Hip-Hop),harmonix___0244_sayaah
2362,13.255527,-1.6241366,2 (Pop + Rock + HJDB + Hip-Hop),harmonix___0245_sayhey
2363,7.0148845,5.267681,2 (Pop + Rock + HJDB + Hip-Hop),harmonix___0246_scenario
2364,15.523006,-0.26012024,2 (Pop + Rock + HJDB + Hip-Hop),harmonix___0247_scream
2365,17.306644,-1.8245995,2 (Pop + Rock + HJDB + Hip-Hop),harmonix___0248_screamingfor
2366,10.513249,-0.8899364,2 (Pop + Rock + HJDB + Hip-Hop),harmonix___0249_sensualseduction
2367,4.345036,4.8548827,3 (Jazz + Pop + Rock),harmonix___0250_sexyandiknowit
2368,12.60012,0.27668607,2 (Pop + Rock + HJDB + Hip-Hop),harmonix___0251_sexychick
2369,17.944387,-1.5873977,2 (Pop + Rock + HJDB + Hip-Hop),harmonix___0254_sixsixsix
2370,17.851456,-1.9274212,2 (Pop + Rock + HJDB + Hip-Hop),harmonix___0255_sleepwalker
2371,6.591815,3.874467,2 (Pop + Rock + HJDB + Hip-Hop),harmonix___0257_somebodytolove
2372,1.4479203,0.057666898,3 (Jazz + Pop + Rock),harmonix___0258_sorry
2373,16.441431,-1.3816172,2 (Pop + Rock + HJDB + Hip-Hop),harmonix___0259_spiceupyourlife
2374,7.6086907,1.2842876,2 (Pop + Rock + HJDB + Hip-Hop),harmonix___0261_starships
2375,-1.6752927,0.86628026,3 (Jazz + Pop + Rock),harmonix___0262_stash
2376,2.9034932,4.0628314,3 (Jazz + Pop + Rock),harmonix___0264_stereolove
2377,16.988485,-1.5263561,2 (Pop + Rock + HJDB + Hip-Hop),harmonix___0265_straightlines
2378,-2.197009,3.6052837,3 (Jazz + Pop + Rock),harmonix___0266_straightup
2379,7.439621,2.1013868,2 (Pop + Rock + HJDB + Hip-Hop),harmonix___0267_superfreak
2380,0.81144124,5.9662037,3 (Jazz + Pop + Rock),harmonix___0268_supersonic
2381,4.1110344,4.212532,3 (Jazz + Pop + Rock),harmonix___0269_sweettalk
2382,12.433655,-2.2257464,2 (Pop + Rock + HJDB + Hip-Hop),harmonix___0270_takeovercontrol
2383,-2.3199818,3.8735957,3 (Jazz + Pop + Rock),harmonix___0271_teachmehowtodougie
2384,3.2106245,-0.70564103,3 (Jazz + Pop + Rock),harmonix___0272_teachmehowtojerk
2385,0.3055841,5.908896,3 (Jazz + Pop + Rock),harmonix___0273_technologic
2386,5.160622,5.242504,3 (Jazz + Pop + Rock),harmonix___0274_temperature
2387,0.21688879,-2.9143054,3 (Jazz + Pop + Rock),harmonix___0276_texasflood
2388,9.404579,1.0637981,2 (Pop + Rock + HJDB + Hip-Hop),harmonix___0277_thashiznit
2389,12.504251,-1.3930608,2 (Pop + Rock + HJDB + Hip-Hop),harmonix___0278_thatsthahomie
2390,-4.338907,3.1174934,3 (Jazz + Pop + Rock),harmonix___0279_thebreaks
2391,16.583395,-0.39467636,2 (Pop + Rock + HJDB + Hip-Hop),harmonix___0280_thedayitriedtolive
2392,3.043257,-2.792389,3 (Jazz + Pop + Rock),harmonix___0281_theedgeofglory
2393,18.142256,-1.6865443,2 (Pop + Rock + HJDB + Hip-Hop),harmonix___0282_thegreatsatan
2394,8.397311,3.5499642,2 (Pop + Rock + HJDB + Hip-Hop),harmonix___0283_thehumptydance
2395,7.082252,0.105364025,2 (Pop + Rock + HJDB + Hip-Hop),harmonix___0284_thehustle
2396,17.612593,-2.68151,2 (Pop + Rock + HJDB + Hip-Hop),harmonix___0285_thekill
2397,17.146776,-0.48235822,2 (Pop + Rock + HJDB + Hip-Hop),harmonix___0286_theragelive
2398,16.768087,-0.82689184,2 (Pop + Rock + HJDB + Hip-Hop),harmonix___0287_therewasatime
2399,11.638938,-0.3497027,2 (Pop + Rock + HJDB + Hip-Hop),harmonix___0288_thewayiare
2400,16.89459,-1.0992205,2 (Pop + Rock + HJDB + Hip-Hop),harmonix___0289_thisisexile
2401,10.8743,2.3282628,2 (Pop + Rock + HJDB + Hip-Hop),harmonix___0290_thisishowwedoit
2402,17.87671,-2.1032295,2 (Pop + Rock + HJDB + Hip-Hop),harmonix___0291_thrasher
2403,17.887426,-1.7652467,2 (Pop + Rock + HJDB + Hip-Hop),harmonix___0292_timeslikethese
2404,15.235611,-1.1138915,2 (Pop + Rock + HJDB + Hip-Hop),harmonix___0293_tomsawyer2
2405,6.81209,3.1596105,2 (Pop + Rock + HJDB + Hip-Hop),harmonix___0294_tonighttonight
2406,3.4617085,5.8641315,3 (Jazz + Pop + Rock),harmonix___0295_toxic
2407,2.4317846,-4.4294047,3 (Jazz + Pop + Rock),harmonix___0296_transmaniaconmc
2408,9.377017,-2.2961328,2 (Pop + Rock + HJDB + Hip-Hop),harmonix___0297_troublecomesrunning
2409,7.9128084,2.8679066,2 (Pop + Rock + HJDB + Hip-Hop),harmonix___0298_turnmeon
2410,6.973263,-0.6660359,2 (Pop + Rock + HJDB + Hip-Hop),harmonix___0299_turnthebeataround
2411,-2.4063373,0.73709536,3 (Jazz + Pop + Rock),harmonix___0301_unclejohnsband
2412,9.540463,2.747366,2 (Pop + Rock + HJDB + Hip-Hop),harmonix___0302_venus
2413,15.974332,2.3821828,2 (Pop + Rock + HJDB + Hip-Hop),harmonix___0303_wakeupdead
2414,11.539949,2.0290616,2 (Pop + Rock + HJDB + Hip-Hop),harmonix___0304_weaponofchoice
2415,-0.8669157,5.7226653,3 (Jazz + Pop + Rock),harmonix___0305_wenospeakamericano
2416,8.908667,3.02163,2 (Pop + Rock + HJDB + Hip-Hop),harmonix___0306_werunthis
2417,10.98848,-0.38557222,2 (Pop + Rock + HJDB + Hip-Hop),harmonix___0307_whatdoesntkillyou
2418,11.176477,3.8797448,2 (Pop + Rock + HJDB + Hip-Hop),harmonix___0308_whatislove
2419,9.134623,-0.40383035,2 (Pop + Rock + HJDB + Hip-Hop),harmonix___0309_whatsmyname
2420,-2.3460484,3.9106812,3 (Jazz + Pop + Rock),harmonix___0310_whineup
2421,13.188901,-0.11912632,2 (Pop + Rock + HJDB + Hip-Hop),harmonix___0311_whipmyhair
2422,6.1372504,-0.068812996,3 (Jazz + Pop + Rock),harmonix___0312_whitefalconfuzz
2423,5.7531447,6.3126597,3 (Jazz + Pop + Rock),harmonix___0314_whoomp
2424,16.814415,-1.0100138,2 (Pop + Rock + HJDB + Hip-Hop),harmonix___0315_whygo
2425,15.227822,-1.3496559,2 (Pop + Rock + HJDB + Hip-Hop),harmonix___0316_wildones
2426,18.163713,-2.1597397,2 (Pop + Rock + HJDB + Hip-Hop),harmonix___0318_windup
2427,16.744373,-1.8310733,2 (Pop + Rock + HJDB + Hip-Hop),harmonix___0319_withoutyou
2428,9.863521,-2.7415836,2 (Pop + Rock + HJDB + Hip-Hop),harmonix___0320_wolflikeme
2429,15.304434,-1.3424156,2 (Pop + Rock + HJDB + Hip-Hop),harmonix___0321_wonderwall
2430,1.985868,5.9563093,3 (Jazz + Pop + Rock),harmonix___0322_wordup
2431,7.6232157,4.3757195,2 (Pop + Rock + HJDB + Hip-Hop),harmonix___0323_yeah
2432,11.098683,3.1379333,2 (Pop + Rock + HJDB + Hip-Hop),harmonix___0324_yeah3x
2433,3.3755214,-1.0350323,3 (Jazz + Pop + Rock),harmonix___0325_ymca
2434,-4.0461893,4.5574136,3 (Jazz + Pop + Rock),harmonix___0326_yougotittherightstuff
2435,12.912826,0.13227116,2 (Pop + Rock + HJDB + Hip-Hop),harmonix___0327_youmakemefeel
2436,5.166996,4.1366153,3 (Jazz + Pop + Rock),harmonix___0328_youmakemefeeldc
2437,-1.624303,5.560507,3 (Jazz + Pop + Rock),harmonix___0329_youreajerk
2438,15.795835,-3.518777,2 (Pop + Rock + HJDB + Hip-Hop),harmonix___0330_50waystosaygoodbye
2439,9.7762375,-1.8619188,2 (Pop + Rock + HJDB + Hip-Hop),harmonix___0331_againstallodds
2440,4.7327247,-1.7814426,3 (Jazz + Pop + Rock),harmonix___0332_alejandro
2441,16.234417,-0.8681877,2 (Pop + Rock + HJDB + Hip-Hop),harmonix___0333_allday
2442,8.438947,0.35588717,2 (Pop + Rock + HJDB + Hip-Hop),harmonix___0334_alltherightplaces
2443,13.475778,-2.3541222,2 (Pop + Rock + HJDB + Hip-Hop),harmonix___0335_allyourlife
2444,16.356071,-2.3206012,2 (Pop + Rock + HJDB + Hip-Hop),harmonix___0336_alonewithyou
2445,13.680022,0.98371035,2 (Pop + Rock + HJDB + Hip-Hop),harmonix___0337_alwayssomethingthere
2446,17.06154,-1.893379,2 (Pop + Rock + HJDB + Hip-Hop),harmonix___0338_animal
2447,16.26035,-2.7359304,2 (Pop + Rock + HJDB + Hip-Hop),harmonix___0339_aslongasyouloveme
2448,7.401192,2.6061764,2 (Pop + Rock + HJDB + Hip-Hop),harmonix___0340_backintime
2449,12.578986,-2.4694598,2 (Pop + Rock + HJDB + Hip-Hop),harmonix___0341_baggageclaim
2450,16.455027,-2.3076935,2 (Pop + Rock + HJDB + Hip-Hop),harmonix___0342_bangpop
2451,16.592196,-1.8742012,2 (Pop + Rock + HJDB + Hip-Hop),harmonix___0343_banjo
2452,8.602649,1.4000406,2 (Pop + Rock + HJDB + Hip-Hop),harmonix___0344_beautifullife
2453,7.101341,5.4514217,2 (Pop + Rock + HJDB + Hip-Hop),harmonix___0345_beinlovetonight
2454,11.615254,-0.9804685,2 (Pop + Rock + HJDB + Hip-Hop),harmonix___0346_birthdaydress
2455,16.298685,-0.7988433,2 (Pop + Rock + HJDB + Hip-Hop),harmonix___0347_bitch
2456,8.376264,-0.41234583,2 (Pop + Rock + HJDB + Hip-Hop),harmonix___0348_blackout
2457,14.285781,-2.1048715,2 (Pop + Rock + HJDB + Hip-Hop),harmonix___0349_blow
2458,14.636638,-1.3196541,2 (Pop + Rock + HJDB + Hip-Hop),harmonix___0350_blowme
2459,13.693479,-1.999861,2 (Pop + Rock + HJDB + Hip-Hop),harmonix___0351_blowup
2460,9.516358,1.6365172,2 (Pop + Rock + HJDB + Hip-Hop),harmonix___0352_boogiewonderland
2461,6.434746,3.186845,2 (Pop + Rock + HJDB + Hip-Hop),harmonix___0353_bottomsup
2462,16.10777,-1.1688788,2 (Pop + Rock + HJDB + Hip-Hop),harmonix___0354_brandnewday
2463,7.235662,2.5763497,2 (Pop + Rock + HJDB + Hip-Hop),harmonix___0355_brokenhearted
2464,7.1270375,2.5719006,2 (Pop + Rock + HJDB + Hip-Hop),harmonix___0356_californiagurls
2465,14.590923,-2.6761441,2 (Pop + Rock + HJDB + Hip-Hop),harmonix___0357_cheers
2466,12.370972,-2.9585667,2 (Pop + Rock + HJDB + Hip-Hop),harmonix___0358_children
2467,16.148148,-3.1558905,2 (Pop + Rock + HJDB + Hip-Hop),harmonix___0359_cominghome
2468,13.465216,-1.4858199,2 (Pop + Rock + HJDB + Hip-Hop),harmonix___0360_coolerthanme
2469,13.458593,-1.1527089,2 (Pop + Rock + HJDB + Hip-Hop),harmonix___0361_countrymustbecountrywide
2470,18.016312,-2.0353615,2 (Pop + Rock + HJDB + Hip-Hop),harmonix___0362_crazygirl
2471,15.483387,-2.9519172,2 (Pop + Rock + HJDB + Hip-Hop),harmonix___0363_darkside
2472,1.8995699,2.9460526,3 (Jazz + Pop + Rock),harmonix___0364_deuces
2473,9.690998,-1.8008157,2 (Pop + Rock + HJDB + Hip-Hop),harmonix___0365_dirtroadanthem
2474,7.3896217,2.4079971,2 (Pop + Rock + HJDB + Hip-Hop),harmonix___0366_domino
2475,2.1630023,-2.1265206,3 (Jazz + Pop + Rock),harmonix___0367_dontdreamitsover
2476,10.026906,3.0431297,2 (Pop + Rock + HJDB + Hip-Hop),harmonix___0368_dontwakemeup
2477,0.3050909,3.9994311,3 (Jazz + Pop + Rock),harmonix___0369_dontyouworrychild
2478,6.239762,2.5654354,3 (Jazz + Pop + Rock),harmonix___0370_downonme
2479,9.597341,-0.5449962,2 (Pop + Rock + HJDB + Hip-Hop),harmonix___0371_downunder
2480,16.335127,-3.154875,2 (Pop + Rock + HJDB + Hip-Hop),harmonix___0372_drinkinmyhand
2481,12.305864,-1.3056186,2 (Pop + Rock + HJDB + Hip-Hop),harmonix___0373_driveby
2482,17.006018,-2.4309626,2 (Pop + Rock + HJDB + Hip-Hop),harmonix___0374_drunkonyou
2483,11.641247,0.9403081,2 (Pop + Rock + HJDB + Hip-Hop),harmonix___0375_dynamite
2484,15.176267,-1.799761,2 (Pop + Rock + HJDB + Hip-Hop),harmonix___0376_earthquake
2485,10.651169,0.5941229,2 (Pop + Rock + HJDB + Hip-Hop),harmonix___0377_eatdirt
2486,13.162958,-2.217196,2 (Pop + Rock + HJDB + Hip-Hop),harmonix___0378_effinperfect
2487,10.494097,-0.695784,2 (Pop + Rock + HJDB + Hip-Hop),harmonix___0379_et
2488,17.264767,-2.641252,2 (Pop + Rock + HJDB + Hip-Hop),harmonix___0380_everybodytalks
2489,17.046034,-0.9122741,2 (Pop + Rock + HJDB + Hip-Hop),harmonix___0381_everythingyouwant
2490,17.704208,-2.1675737,2 (Pop + Rock + HJDB + Hip-Hop),harmonix___0382_fatherofmine
2491,12.61378,-2.8643167,2 (Pop + Rock + HJDB + Hip-Hop),harmonix___0383_feelsoclose
2492,9.210445,3.301756,2 (Pop + Rock + HJDB + Hip-Hop),harmonix___0384_finally
2493,13.751716,-1.7799318,2 (Pop + Rock + HJDB + Hip-Hop),harmonix___0385_fiveoclock
2494,14.588696,-1.9871457,2 (Pop + Rock + HJDB + Hip-Hop),harmonix___0386_footloose
2495,14.569811,-2.2673755,2 (Pop + Rock + HJDB + Hip-Hop),harmonix___0387_free
2496,9.424661,0.25760996,2 (Pop + Rock + HJDB + Hip-Hop),harmonix___0388_gangnamstyle
2497,4.921007,1.0541927,3 (Jazz + Pop + Rock),harmonix___0389_gettinoveryou
2498,11.755408,-0.7078489,2 (Pop + Rock + HJDB + Hip-Hop),harmonix___0390_getyourselfbackhome
2499,14.224898,-2.5575495,2 (Pop + Rock + HJDB + Hip-Hop),harmonix___0391_givemeallyourluvin
2500,15.533922,-2.7210655,2 (Pop + Rock + HJDB + Hip-Hop),harmonix___0392_givemeyourhand
2501,12.912187,-3.504515,2 (Pop + Rock + HJDB + Hip-Hop),harmonix___0393_giveyourheartabreak
2502,17.377142,-1.9022838,2 (Pop + Rock + HJDB + Hip-Hop),harmonix___0394_godgavemetoyou
2503,12.301533,-0.3637742,2 (Pop + Rock + HJDB + Hip-Hop),harmonix___0395_gold
2504,12.670421,-0.66981596,2 (Pop + Rock + HJDB + Hip-Hop),harmonix___0396_goodfeeling
2505,15.971222,-0.9789616,2 (Pop + Rock + HJDB + Hip-Hop),harmonix___0397_goodlife
2506,13.629476,-1.6716928,2 (Pop + Rock + HJDB + Hip-Hop),harmonix___0398_goodtime
2507,11.119284,3.1021712,2 (Pop + Rock + HJDB + Hip-Hop),harmonix___0399_gotmygirls
2508,13.785622,1.9155743,2 (Pop + Rock + HJDB + Hip-Hop),harmonix___0400_heatofthemoment
2509,12.888866,-1.3724288,2 (Pop + Rock + HJDB + Hip-Hop),harmonix___0401_hello
2510,16.175047,-2.4395204,2 (Pop + Rock + HJDB + Hip-Hop),harmonix___0402_herestous
2511,13.747591,0.21397832,2 (Pop + Rock + HJDB + Hip-Hop),harmonix___0403_heybaby
2512,14.833153,-0.62959594,2 (Pop + Rock + HJDB + Hip-Hop),harmonix___0404_holditagainstme
2513,16.0549,-3.490912,2 (Pop + Rock + HJDB + Hip-Hop),harmonix___0405_home
2514,17.359774,-1.9833091,2 (Pop + Rock + HJDB + Hip-Hop),harmonix___0406_honeybee
2515,13.596752,0.31696153,2 (Pop + Rock + HJDB + Hip-Hop),harmonix___0407_humpinaround
2516,13.1381235,-3.2158267,2 (Pop + Rock + HJDB + Hip-Hop),harmonix___0408_icanonlyimagine
2517,13.890618,-1.6430917,2 (Pop + Rock + HJDB + Hip-Hop),harmonix___0409_idontlikeyou
2518,16.099699,-2.6515956,2 (Pop + Rock + HJDB + Hip-Hop),harmonix___0410_idontwantthisnighttoend
2519,15.605627,-0.48314866,2 (Pop + Rock + HJDB + Hip-Hop),harmonix___0411_ifihadyou
2520,13.249439,1.1322279,2 (Pop + Rock + HJDB + Hip-Hop),harmonix___0412_ifitmakesyouhappy
2521,17.56448,-2.2465296,2 (Pop + Rock + HJDB + Hip-Hop),harmonix___0413_ifyoucouldonlysee
2522,15.745637,-2.665868,2 (Pop + Rock + HJDB + Hip-Hop),harmonix___0414_illbe
2523,10.253079,-2.39669,2 (Pop + Rock + HJDB + Hip-Hop),harmonix___0415_illbewaiting
2524,14.399911,-2.2267761,2 (Pop + Rock + HJDB + Hip-Hop),harmonix___0416_impossible
2525,9.412279,5.719128,2 (Pop + Rock + HJDB + Hip-Hop),harmonix___0417_imtoosexy
2526,8.764252,0.62752545,2 (Pop + Rock + HJDB + Hip-Hop),harmonix___0418_inthedark
2527,15.475703,-2.3379076,2 (Pop + Rock + HJDB + Hip-Hop),harmonix___0419_itgirl
2528,9.142879,-0.686601,2 (Pop + Rock + HJDB + Hip-Hop),harmonix___0420_itsrainingmen
2529,10.556719,2.527224,2 (Pop + Rock + HJDB + Hip-Hop),harmonix___0421_ittakestwo
2530,13.979585,-0.46000686,2 (Pop + Rock + HJDB + Hip-Hop),harmonix___0422_itwillrain
2531,9.121804,0.5316322,2 (Pop + Rock + HJDB + Hip-Hop),harmonix___0423_iwannago
2532,10.57451,0.45527837,2 (Pop + Rock + HJDB + Hip-Hop),harmonix___0424_justadream
2533,13.463558,-1.2265184,2 (Pop + Rock + HJDB + Hip-Hop),harmonix___0425_justakiss
2534,5.189652,2.2598474,3 (Jazz + Pop + Rock),harmonix___0426_justcantgetenough
2535,11.5897045,0.14731106,2 (Pop + Rock + HJDB + Hip-Hop),harmonix___0427_justthewayyouare
2536,11.498826,0.06673078,2 (Pop + Rock + HJDB + Hip-Hop),harmonix___0428_kingofanything
2537,13.068485,0.57703084,2 (Pop + Rock + HJDB + Hip-Hop),harmonix___0429_kissinu
2538,12.218139,0.25265014,2 (Pop + Rock + HJDB + Hip-Hop),harmonix___0430_lastfridaynight
2539,9.677102,-1.8368634,2 (Pop + Rock + HJDB + Hip-Hop),harmonix___0431_letitrain
2540,16.514687,-2.721891,2 (Pop + Rock + HJDB + Hip-Hop),harmonix___0432_letsgo
2541,1.9551638,-2.7301977,3 (Jazz + Pop + Rock),harmonix___0433_lighters
2542,13.0571,-2.199104,2 (Pop + Rock + HJDB + Hip-Hop),harmonix___0434_lights
2543,5.4447865,2.4356186,3 (Jazz + Pop + Rock),harmonix___0435_lookatmenow
2544,14.282089,-3.1697462,2 (Pop + Rock + HJDB + Hip-Hop),harmonix___0436_loveactually
2545,6.819857,2.4350955,2 (Pop + Rock + HJDB + Hip-Hop),harmonix___0437_lovelikewoe
2546,3.7257087,-0.6718414,3 (Jazz + Pop + Rock),harmonix___0438_loverlover
2547,11.08797,-1.913183,2 (Pop + Rock + HJDB + Hip-Hop),harmonix___0439_lovethewayyoulie
2548,6.294125,2.8542387,3 (Jazz + Pop + Rock),harmonix___0440_loveyoulikealovesong
2549,3.7553813,3.4374602,3 (Jazz + Pop + Rock),harmonix___0441_lovingyoutonight
2550,17.037258,-1.5006635,2 (Pop + Rock + HJDB + Hip-Hop),harmonix___0442_lullaby
2551,13.655691,-0.028857525,2 (Pop + Rock + HJDB + Hip-Hop),harmonix___0443_magic
2552,16.906305,-2.5532033,2 (Pop + Rock + HJDB + Hip-Hop),harmonix___0444_maybe
2553,14.179213,-1.3248317,2 (Pop + Rock + HJDB + Hip-Hop),harmonix___0445_memories
2554,13.961761,-4.0537434,2 (Pop + Rock + HJDB + Hip-Hop),harmonix___0446_midnightcity
2555,8.345503,2.777095,2 (Pop + Rock + HJDB + Hip-Hop),harmonix___0447_mindyourmanners
2556,17.524317,-2.5470204,2 (Pop + Rock + HJDB + Hip-Hop),harmonix___0448_mine
2557,14.908729,-0.78607285,2 (Pop + Rock + HJDB + Hip-Hop),harmonix___0449_misery
2558,13.932533,-0.16304927,2 (Pop + Rock + HJDB + Hip-Hop),harmonix___0450_more
2559,13.097906,1.2130646,2 (Pop + Rock + HJDB + Hip-Hop),harmonix___0451_mrknowitall
2560,13.849322,-1.2161001,2 (Pop + Rock + HJDB + Hip-Hop),harmonix___0452_myfirstkiss
2561,11.722402,-0.6539193,2 (Pop + Rock + HJDB + Hip-Hop),harmonix___0453_mygirl
2562,14.837195,-0.83061403,2 (Pop + Rock + HJDB + Hip-Hop),harmonix___0454_myohmy
2563,14.057287,-0.46934915,2 (Pop + Rock + HJDB + Hip-Hop),harmonix___0455_nevertearusapart
2564,3.0835834,-3.241199,3 (Jazz + Pop + Rock),harmonix___0456_nohands
2565,17.178162,-2.307148,2 (Pop + Rock + HJDB + Hip-Hop),harmonix___0457_nothing
2566,10.4955,2.6365285,2 (Pop + Rock + HJDB + Hip-Hop),harmonix___0458_notorious
2567,9.33466,-0.012465076,2 (Pop + Rock + HJDB + Hip-Hop),harmonix___0459_notoveryou
2568,13.410948,-1.4923794,2 (Pop + Rock + HJDB + Hip-Hop),harmonix___0460_numb
2569,12.954359,-2.0698566,2 (Pop + Rock + HJDB + Hip-Hop),harmonix___0461_obsession
2570,9.889034,-1.8211986,2 (Pop + Rock + HJDB + Hip-Hop),harmonix___0462_oldalabama
2571,10.699668,-0.9880198,2 (Pop + Rock + HJDB + Hip-Hop),harmonix___0463_onemorenight
2572,14.991507,-1.8773959,2 (Pop + Rock + HJDB + Hip-Hop),harmonix___0464_oneofus
2573,13.847449,-2.6885743,2 (Pop + Rock + HJDB + Hip-Hop),harmonix___0465_onething
2574,12.915628,2.0226138,2 (Pop + Rock + HJDB + Hip-Hop),harmonix___0466_onthedarkside
2575,9.20473,0.21308987,2 (Pop + Rock + HJDB + Hip-Hop),harmonix___0467_onthefloor
2576,-10.846207,3.0541024,1 (Classical + Groove + Jazz),harmonix___0468_openarms
2577,16.94029,-2.466632,2 (Pop + Rock + HJDB + Hip-Hop),harmonix___0469_ordinaryworld
2578,11.279818,-1.2032315,2 (Pop + Rock + HJDB + Hip-Hop),harmonix___0470_ours
2579,11.521941,-1.9731611,2 (Pop + Rock + HJDB + Hip-Hop),harmonix___0471_paradise
2580,16.220833,-1.2816839,2 (Pop + Rock + HJDB + Hip-Hop),harmonix___0472_partofme
2581,12.410783,-1.573092,2 (Pop + Rock + HJDB + Hip-Hop),harmonix___0473_payphone
2582,13.897341,-1.8190284,2 (Pop + Rock + HJDB + Hip-Hop),harmonix___0474_pleasedontgo
2583,7.6996303,1.0942916,2 (Pop + Rock + HJDB + Hip-Hop),harmonix___0475_poisonedwithlove
2584,9.854192,-0.42406198,2 (Pop + Rock + HJDB + Hip-Hop),harmonix___0476_pontoon
2585,13.022558,-2.4446404,2 (Pop + Rock + HJDB + Hip-Hop),harmonix___0477_poundthealarm
2586,15.467652,-0.4822611,2 (Pop + Rock + HJDB + Hip-Hop),harmonix___0478_prayforyou
2587,8.524984,1.1644541,2 (Pop + Rock + HJDB + Hip-Hop),harmonix___0479_pricetag
2588,13.818394,-3.0883791,2 (Pop + Rock + HJDB + Hip-Hop),harmonix___0480_raiseyourglass
2589,9.122263,0.1735657,2 (Pop + Rock + HJDB + Hip-Hop),harmonix___0481_reallove
2590,6.4336333,0.32762685,2 (Pop + Rock + HJDB + Hip-Hop),harmonix___0482_redsolocup
2591,8.170127,3.8941872,2 (Pop + Rock + HJDB + Hip-Hop),harmonix___0483_ridinsolo
2592,7.501603,3.4266253,2 (Pop + Rock + HJDB + Hip-Hop),harmonix___0484_rockthatbody
2593,12.825211,-1.3895407,2 (Pop + Rock + HJDB + Hip-Hop),harmonix___0485_rollinginthedeep
2594,1.0136721,4.0114856,3 (Jazz + Pop + Rock),harmonix___0486_rundatback
2595,14.2795,-1.9542705,2 (Pop + Rock + HJDB + Hip-Hop),harmonix___0487_secrets
2596,16.708204,-1.1029531,2 (Pop + Rock + HJDB + Hip-Hop),harmonix___0488_september
2597,6.0402746,-1.3600138,3 (Jazz + Pop + Rock),harmonix___0489_shakeyourbody
2598,15.414159,-2.304071,2 (Pop + Rock + HJDB + Hip-Hop),harmonix___0490_showme
2599,15.99034,-2.41103,2 (Pop + Rock + HJDB + Hip-Hop),harmonix___0491_skyscraper
2600,5.8889236,3.2584152,3 (Jazz + Pop + Rock),harmonix___0492_sm
2601,14.096779,-0.43261144,2 (Pop + Rock + HJDB + Hip-Hop),harmonix___0493_somebodysheartbreak
2602,4.337291,-0.37154698,3 (Jazz + Pop + Rock),harmonix___0494_somebodythatiusedtoknow
2603,4.3585877,-2.4926138,3 (Jazz + Pop + Rock),harmonix___0495_someonelikeyou
2604,16.365997,-2.6588826,2 (Pop + Rock + HJDB + Hip-Hop),harmonix___0496_sparksfly
2605,15.734821,-0.81474954,2 (Pop + Rock + HJDB + Hip-Hop),harmonix___0497_speakers
2606,14.675277,-3.642477,2 (Pop + Rock + HJDB + Hip-Hop),harmonix___0498_springsteen
2607,9.08331,0.7091815,2 (Pop + Rock + HJDB + Hip-Hop),harmonix___0499_starbuckssmile
2608,11.349174,-1.2686894,2 (Pop + Rock + HJDB + Hip-Hop),harmonix___0500_stay
2609,14.228526,-3.085347,2 (Pop + Rock + HJDB + Hip-Hop),harmonix___0501_stayawhile
2610,11.804774,-2.1679375,2 (Pop + Rock + HJDB + Hip-Hop),harmonix___0502_stronger
2611,10.61785,2.081839,2 (Pop + Rock + HJDB + Hip-Hop),harmonix___0503_stucklikeglue
2612,10.110139,-1.7846308,2 (Pop + Rock + HJDB + Hip-Hop),harmonix___0504_suspiciousminds
2613,11.265612,1.7757493,2 (Pop + Rock + HJDB + Hip-Hop),harmonix___0505_takeitoff
2614,15.715981,-1.2929761,2 (Pop + Rock + HJDB + Hip-Hop),harmonix___0506_takemehometonight
2615,7.4171524,-0.40348724,2 (Pop + Rock + HJDB + Hip-Hop),harmonix___0507_teenagedream
2616,1.7033204,-3.0471966,3 (Jazz + Pop + Rock),harmonix___0508_tennesseeme
2617,3.032761,5.129285,3 (Jazz + Pop + Rock),harmonix___0509_thelazysong
2618,16.303558,-2.3964653,2 (Pop + Rock + HJDB + Hip-Hop),harmonix___0510_theonethatgotaway
2619,8.821672,-2.2694924,2 (Pop + Rock + HJDB + Hip-Hop),harmonix___0511_theonlyexception
2620,10.326422,-0.5748564,2 (Pop + Rock + HJDB + Hip-Hop),harmonix___0512_theshowgoeson
2621,10.942967,3.2458744,2 (Pop + Rock + HJDB + Hip-Hop),harmonix___0513_thetime
2622,8.4506235,5.764218,2 (Pop + Rock + HJDB + Hip-Hop),harmonix___0514_thetimeofmylife
2623,17.246506,-1.6574469,2 (Pop + Rock + HJDB + Hip-Hop),harmonix___0515_thisafternoon
2624,13.973085,-2.1630378,2 (Pop + Rock + HJDB + Hip-Hop),harmonix___0516_thisorthat
2625,13.940287,-0.5597705,2 (Pop + Rock + HJDB + Hip-Hop),harmonix___0517_tilltheworldends
2626,-1.696573,-0.44333348,3 (Jazz + Pop + Rock),harmonix___0518_timeaftertime
2627,6.275052,-0.18973643,2 (Pop + Rock + HJDB + Hip-Hop),harmonix___0519_titanium
2628,13.315883,-0.24428695,2 (Pop + Rock + HJDB + Hip-Hop),harmonix___0520_tonight
2629,8.224775,-1.6865366,2 (Pop + Rock + HJDB + Hip-Hop),harmonix___0521_tooclose
2630,13.640353,0.27359974,2 (Pop + Rock + HJDB + Hip-Hop),harmonix___0522_turnupthemusic
2631,6.7572174,2.3478541,2 (Pop + Rock + HJDB + Hip-Hop),harmonix___0523_ucanttouchthis
2632,11.650062,-0.44718787,2 (Pop + Rock + HJDB + Hip-Hop),harmonix___0524_undoit
2633,16.271152,-2.2257686,2 (Pop + Rock + HJDB + Hip-Hop),harmonix___0525_venus
2634,14.180578,-0.76623124,2 (Pop + Rock + HJDB + Hip-Hop),harmonix___0526_waitingoutsidethelines
2635,14.73309,-3.288689,2 (Pop + Rock + HJDB + Hip-Hop),harmonix___0527_wantuback
2636,9.863232,-0.0505532,2 (Pop + Rock + HJDB + Hip-Hop),harmonix___0528_werunthenight
2637,14.453069,-0.89490205,2 (Pop + Rock + HJDB + Hip-Hop),harmonix___0529_werwhower
2638,15.191773,-1.646401,2 (Pop + Rock + HJDB + Hip-Hop),harmonix___0530_whatthehell
2639,17.128965,-2.247783,2 (Pop + Rock + HJDB + Hip-Hop),harmonix___0531_whenwestandtogether
2640,11.623021,-1.2453235,2 (Pop + Rock + HJDB + Hip-Hop),harmonix___0532_whistle
2641,11.343482,-0.08849877,2 (Pop + Rock + HJDB + Hip-Hop),harmonix___0533_whosays
2642,14.913635,-2.16061,2 (Pop + Rock + HJDB + Hip-Hop),harmonix___0534_wideawake
2643,6.5860815,0.11284462,2 (Pop + Rock + HJDB + Hip-Hop),harmonix___0535_withoutyou
2644,2.6519773,3.0409408,3 (Jazz + Pop + Rock),harmonix___0536_workout
2645,13.254427,-1.9017719,2 (Pop + Rock + HJDB + Hip-Hop),harmonix___0537_writteninthestars
2646,11.058528,-1.9920824,2 (Pop + Rock + HJDB + Hip-Hop),harmonix___0538_you
2647,14.882786,-3.1557431,2 (Pop + Rock + HJDB + Hip-Hop),harmonix___0539_youandi
2648,15.944571,-1.8465623,2 (Pop + Rock + HJDB + Hip-Hop),harmonix___0540_youandme
2649,14.701941,-1.4676464,2 (Pop + Rock + HJDB + Hip-Hop),harmonix___0541_youdroppedabombonme
2650,17.396448,-2.3385165,2 (Pop + Rock + HJDB + Hip-Hop),harmonix___0542_yougetwhatyougive
2651,14.306595,1.7480878,2 (Pop + Rock + HJDB + Hip-Hop),harmonix___0543_yougonnafly
2652,9.539031,0.8048738,2 (Pop + Rock + HJDB + Hip-Hop),harmonix___0544_yougottabe
2653,11.565043,1.4043257,2 (Pop + Rock + HJDB + Hip-Hop),harmonix___0545_youkeepmehangingon
2654,17.578804,-2.30095,2 (Pop + Rock + HJDB + Hip-Hop),harmonix___0546_18days
2655,11.319745,-1.1026736,2 (Pop + Rock + HJDB + Hip-Hop),harmonix___0547_1901boflexdpassionpitremix
2656,13.737742,0.26682913,2 (Pop + Rock + HJDB + Hip-Hop),harmonix___0548_2getherextended
2657,1.7817898,6.8396306,3 (Jazz + Pop + Rock),harmonix___0549_515
2658,17.742422,-1.6677824,2 (Pop + Rock + HJDB + Hip-Hop),harmonix___0550_aboutyounow
2659,16.252703,-1.6951163,2 (Pop + Rock + HJDB + Hip-Hop),harmonix___0551_accordingtoyou
2660,17.224823,-2.2380273,2 (Pop + Rock + HJDB + Hip-Hop),harmonix___0552_addicted
2661,16.289886,-0.17862336,2 (Pop + Rock + HJDB + Hip-Hop),harmonix___0553_alivefeatthegoodnatured
2662,15.040883,-2.153284,2 (Pop + Rock + HJDB + Hip-Hop),harmonix___0554_allalright
2663,14.139923,-0.8696434,2 (Pop + Rock + HJDB + Hip-Hop),harmonix___0555_allaroundme
2664,13.360351,-3.4807796,2 (Pop + Rock + HJDB + Hip-Hop),harmonix___0556_allaroundtheworld
2665,4.781865,4.665771,3 (Jazz + Pop + Rock),harmonix___0557_alligator
2666,13.963011,-3.1714191,2 (Pop + Rock + HJDB + Hip-Hop),harmonix___0558_allnightlong
2667,16.130545,-0.9942679,2 (Pop + Rock + HJDB + Hip-Hop),harmonix___0559_alltherightmoves
2668,9.287397,-0.054807603,2 (Pop + Rock + HJDB + Hip-Hop),harmonix___0560_almostlovenow
2669,10.010196,-1.9606693,2 (Pop + Rock + HJDB + Hip-Hop),harmonix___0561_alorsondanse
2670,16.35662,-2.478194,2 (Pop + Rock + HJDB + Hip-Hop),harmonix___0562_alreadygone
2671,16.91751,-3.0341039,2 (Pop + Rock + HJDB + Hip-Hop),harmonix___0564_americanboybenny
2672,12.6038,-2.7056365,2 (Pop + Rock + HJDB + Hip-Hop),harmonix___0565_americanhoney
2673,5.28615,3.1510522,3 (Jazz + Pop + Rock),harmonix___0566_americanwoman
2674,17.655933,-2.9232485,2 (Pop + Rock + HJDB + Hip-Hop),harmonix___0567_anythingcouldhappen
2675,11.708026,-0.9171985,2 (Pop + Rock + HJDB + Hip-Hop),harmonix___0568_apologize
2676,1.5932317,5.486541,3 (Jazz + Pop + Rock),harmonix___0569_arrow
2677,15.597205,-2.0676637,2 (Pop + Rock + HJDB + Hip-Hop),harmonix___0570_aslongasyouloveme
2678,14.916139,0.06511938,2 (Pop + Rock + HJDB + Hip-Hop),harmonix___0571_atlantis
2679,6.710654,-0.0936999,2 (Pop + Rock + HJDB + Hip-Hop),harmonix___0572_awake
2680,8.977485,0.44128767,2 (Pop + Rock + HJDB + Hip-Hop),harmonix___0573_babyludacris
2681,13.09095,-1.3725694,2 (Pop + Rock + HJDB + Hip-Hop),harmonix___0574_badromanceappboyz
2682,13.056992,-1.8920919,2 (Pop + Rock + HJDB + Hip-Hop),harmonix___0575_badromanceskrillexremix
2683,11.109381,-2.266562,2 (Pop + Rock + HJDB + Hip-Hop),harmonix___0576_barbrastreisand
2684,14.805065,-3.7851424,2 (Pop + Rock + HJDB + Hip-Hop),harmonix___0577_battlefieldmainversion
2685,-0.7127341,3.8408031,3 (Jazz + Pop + Rock),harmonix___0578_bealright
2686,16.651096,-2.8673286,2 (Pop + Rock + HJDB + Hip-Hop),harmonix___0579_beatitstudioversion
2687,10.862284,-2.0366755,2 (Pop + Rock + HJDB + Hip-Hop),harmonix___0580_beautiful
2688,1.9864646,2.221109,3 (Jazz + Pop + Rock),harmonix___0581_beautifulcarlyrae
2689,15.793185,-2.611702,2 (Pop + Rock + HJDB + Hip-Hop),harmonix___0582_beautifulday
2690,-1.7681878,4.338094,3 (Jazz + Pop + Rock),harmonix___0583_beautifulgirls
2691,11.611405,-2.3183799,2 (Pop + Rock + HJDB + Hip-Hop),harmonix___0585_beautyandabeat
2692,1.8424408,-1.7658696,3 (Jazz + Pop + Rock),harmonix___0586_bed
2693,6.9162927,3.7374046,2 (Pop + Rock + HJDB + Hip-Hop),harmonix___0587_bedrock
2694,14.718991,-2.285676,2 (Pop + Rock + HJDB + Hip-Hop),harmonix___0588_believe
2695,14.154124,-1.9490713,2 (Pop + Rock + HJDB + Hip-Hop),harmonix___0589_bestieverhad
2696,9.787255,-0.38948503,2 (Pop + Rock + HJDB + Hip-Hop),harmonix___0590_betterintime
2697,9.402815,1.8451061,2 (Pop + Rock + HJDB + Hip-Hop),harmonix___0591_biggirlsdontcry
2698,14.651181,1.2965406,2 (Pop + Rock + HJDB + Hip-Hop),harmonix___0592_blameit
2699,10.293139,0.08095017,2 (Pop + Rock + HJDB + Hip-Hop),harmonix___0593_blameitradioedit
2700,7.848403,0.17970465,2 (Pop + Rock + HJDB + Hip-Hop),harmonix___0594_bleedinglove
2701,3.8645482,5.129044,3 (Jazz + Pop + Rock),harmonix___0595_blonde
2702,4.132737,5.097519,3 (Jazz + Pop + Rock),harmonix___0596_bonbon
2703,3.7546723,5.332892,3 (Jazz + Pop + Rock),harmonix___0597_boomboomguetta
2704,13.030005,0.7808624,2 (Pop + Rock + HJDB + Hip-Hop),harmonix___0598_boomboompow
2705,3.7558172,4.629782,3 (Jazz + Pop + Rock),harmonix___0599_boyfriend
2706,17.290974,-2.9424446,2 (Pop + Rock + HJDB + Hip-Hop),harmonix___0600_breakeven
2707,16.345856,-3.1829379,2 (Pop + Rock + HJDB + Hip-Hop),harmonix___0602_breaktheice
2708,12.7027025,-2.3847485,2 (Pop + Rock + HJDB + Hip-Hop),harmonix___0603_breaktheicejasonnevinsmix
2709,8.183713,1.04044,2 (Pop + Rock + HJDB + Hip-Hop),harmonix___0604_bustitbabypart2
2710,10.423885,-1.5661062,2 (Pop + Rock + HJDB + Hip-Hop),harmonix___0607_cantholdus
2711,12.184878,0.57501066,2 (Pop + Rock + HJDB + Hip-Hop),harmonix___0608_canttellmenothing
2712,15.286058,-1.5945,2 (Pop + Rock + HJDB + Hip-Hop),harmonix___0609_carryon
2713,14.481293,-2.8121276,2 (Pop + Rock + HJDB + Hip-Hop),harmonix___0610_castle
2714,4.208594,-1.5985632,3 (Jazz + Pop + Rock),harmonix___0611_catchingfeelings
2715,13.776216,-4.2577157,2 (Pop + Rock + HJDB + Hip-Hop),harmonix___0613_celebrationbennybenassi
2716,16.327103,-3.2083771,2 (Pop + Rock + HJDB + Hip-Hop),harmonix___0614_cinema
2717,10.311179,-0.3810295,2 (Pop + Rock + HJDB + Hip-Hop),harmonix___0615_circus
2718,10.522566,0.026157238,2 (Pop + Rock + HJDB + Hip-Hop),harmonix___0616_citygirl
2719,2.7951126,4.904337,3 (Jazz + Pop + Rock),harmonix___0617_citylights
2720,10.323274,-3.759322,2 (Pop + Rock + HJDB + Hip-Hop),harmonix___0618_clocks
2721,8.941654,0.37613928,2 (Pop + Rock + HJDB + Hip-Hop),harmonix___0619_closer
2722,16.96036,-0.9136562,2 (Pop + Rock + HJDB + Hip-Hop),harmonix___0620_closertands
2723,15.827138,-2.7453265,2 (Pop + Rock + HJDB + Hip-Hop),harmonix___0621_clubcanthandleme
2724,6.673861,0.85111713,2 (Pop + Rock + HJDB + Hip-Hop),harmonix___0622_clumsy
2725,13.309212,-2.660184,2 (Pop + Rock + HJDB + Hip-Hop),harmonix___0623_comeongethigher
2726,13.226019,-1.3559585,2 (Pop + Rock + HJDB + Hip-Hop),harmonix___0625_complicated
2727,13.668289,-1.8209254,2 (Pop + Rock + HJDB + Hip-Hop),harmonix___0626_coolerthanme
2728,15.342232,-0.047098763,2 (Pop + Rock + HJDB + Hip-Hop),harmonix___0627_cowboyboots
2729,5.702833,4.350357,3 (Jazz + Pop + Rock),harmonix___0628_crankthatsouljaboy
2730,6.0233383,4.4580283,3 (Jazz + Pop + Rock),harmonix___0629_crush
2731,13.756186,0.7817332,2 (Pop + Rock + HJDB + Hip-Hop),harmonix___0630_crushcrushcrush
2732,14.207508,-2.453483,2 (Pop + Rock + HJDB + Hip-Hop),harmonix___0631_curiosity
2733,7.0301714,4.0867906,2 (Pop + Rock + HJDB + Hip-Hop),harmonix___0632_cyclone
2734,14.48647,-0.056374855,2 (Pop + Rock + HJDB + Hip-Hop),harmonix___0633_dancingmachine
2735,1.9262391,5.121126,3 (Jazz + Pop + Rock),harmonix___0634_dangerous
2736,4.3609962,3.0507934,3 (Jazz + Pop + Rock),harmonix___0635_daynnite
2737,2.4477305,6.2251983,3 (Jazz + Pop + Rock),harmonix___0636_daynnitecrookersremix
2738,2.7948854,6.24142,3 (Jazz + Pop + Rock),harmonix___0637_daynniteremix
2739,5.6111593,2.1283252,3 (Jazz + Pop + Rock),harmonix___0638_deadandgone
2740,8.298294,0.8588802,2 (Pop + Rock + HJDB + Hip-Hop),harmonix___0639_dieinyourarms
2741,6.334752,0.5792698,2 (Pop + Rock + HJDB + Hip-Hop),harmonix___0640_disturbia2
2742,11.616705,1.3349743,2 (Pop + Rock + HJDB + Hip-Hop),harmonix___0642_dontconfess
2743,14.948641,-2.4846447,2 (Pop + Rock + HJDB + Hip-Hop),harmonix___0643_dontrush
2744,13.602,-1.1376892,2 (Pop + Rock + HJDB + Hip-Hop),harmonix___0644_dontsayaword
2745,5.540253,1.5306535,3 (Jazz + Pop + Rock),harmonix___0645_dontstopthemusic
2746,13.103486,-1.8145449,2 (Pop + Rock + HJDB + Hip-Hop),harmonix___0647_dontthinkidontthinkaboutit
2747,16.333763,-3.1043196,2 (Pop + Rock + HJDB + Hip-Hop),harmonix___0648_donttrustme
2748,8.809382,0.37937438,2 (Pop + Rock + HJDB + Hip-Hop),harmonix___0649_down
2749,8.708763,0.5183107,2 (Pop + Rock + HJDB + Hip-Hop),harmonix___0650_downlilwayne
2750,10.678085,2.4326684,2 (Pop + Rock + HJDB + Hip-Hop),harmonix___0651_doyouremember
2751,17.713223,-2.5393708,2 (Pop + Rock + HJDB + Hip-Hop),harmonix___0652_drovemewild
2752,14.060132,-1.7762592,2 (Pop + Rock + HJDB + Hip-Hop),harmonix___0653_dynamite
2753,13.164477,-1.5793331,2 (Pop + Rock + HJDB + Hip-Hop),harmonix___0654_dynamitemixinmarc
2754,15.8443985,-2.7146184,2 (Pop + Rock + HJDB + Hip-Hop),harmonix___0655_earthquakey
2755,6.8311644,1.3762673,2 (Pop + Rock + HJDB + Hip-Hop),harmonix___0657_enursbonfire
2756,13.064855,-1.753255,2 (Pop + Rock + HJDB + Hip-Hop),harmonix___0658_evacuatethedancefloor
2757,15.802199,-0.93461275,2 (Pop + Rock + HJDB + Hip-Hop),harmonix___0659_everybody
2758,16.620419,-2.889495,2 (Pop + Rock + HJDB + Hip-Hop),harmonix___0660_everymorning
2759,15.122275,-2.1588898,2 (Pop + Rock + HJDB + Hip-Hop),harmonix___0661_everythingaboutyou
2760,0.80679303,5.230174,3 (Jazz + Pop + Rock),harmonix___0662_everytimewetouch
2761,14.650724,-3.1502552,2 (Pop + Rock + HJDB + Hip-Hop),harmonix___0663_explosions
2762,17.143694,-0.5924477,2 (Pop + Rock + HJDB + Hip-Hop),harmonix___0664_eyesextendedmix
2763,15.338432,-3.005001,2 (Pop + Rock + HJDB + Hip-Hop),harmonix___0665_fall
2764,6.9742103,0.13843308,2 (Pop + Rock + HJDB + Hip-Hop),harmonix___0666_fallin
2765,3.4330957,1.8165126,3 (Jazz + Pop + Rock),harmonix___0668_fallinganthem
2766,10.086264,3.2187967,2 (Pop + Rock + HJDB + Hip-Hop),harmonix___0669_fastforwardffwd
2767,15.385441,-2.0745778,2 (Pop + Rock + HJDB + Hip-Hop),harmonix___0670_fearless
2768,5.013605,4.956454,3 (Jazz + Pop + Rock),harmonix___0671_feedback
2769,17.23213,-2.3636408,2 (Pop + Rock + HJDB + Hip-Hop),harmonix___0672_feelitinmybones
2770,17.101812,-1.4074714,2 (Pop + Rock + HJDB + Hip-Hop),harmonix___0673_feelsliketonight
2771,16.211674,-1.5512655,2 (Pop + Rock + HJDB + Hip-Hop),harmonix___0674_feelsocloseextendedmix
2772,15.103979,-2.818747,2 (Pop + Rock + HJDB + Hip-Hop),harmonix___0676_figure8
2773,11.965896,-2.3518028,2 (Pop + Rock + HJDB + Hip-Hop),harmonix___0677_fireburning
2774,5.397468,2.9459918,3 (Jazz + Pop + Rock),harmonix___0678_fireflies
2775,15.154124,-3.4453385,2 (Pop + Rock + HJDB + Hip-Hop),harmonix___0679_firsttime
2776,14.442821,-3.8785186,2 (Pop + Rock + HJDB + Hip-Hop),harmonix___0680_fixaheart
2777,11.625289,-0.9437905,2 (Pop + Rock + HJDB + Hip-Hop),harmonix___0681_flashinglights
2778,15.30878,0.010619189,2 (Pop + Rock + HJDB + Hip-Hop),harmonix___0682_forever
2779,15.13485,-3.471119,2 (Pop + Rock + HJDB + Hip-Hop),harmonix___0683_foreverextendedmix
2780,16.403845,-1.980414,2 (Pop + Rock + HJDB + Hip-Hop),harmonix___0685_forgottolaugh
2781,12.629221,-1.5600396,2 (Pop + Rock + HJDB + Hip-Hop),harmonix___0686_fortheloveofadaughter
2782,16.592793,-1.9170319,2 (Pop + Rock + HJDB + Hip-Hop),harmonix___0687_getouttamyway
2783,9.378521,-0.15136342,2 (Pop + Rock + HJDB + Hip-Hop),harmonix___0688_getthepartystarted
2784,7.950075,1.8593082,2 (Pop + Rock + HJDB + Hip-Hop),harmonix___0689_gettinoveryou
2785,13.288381,-2.7563865,2 (Pop + Rock + HJDB + Hip-Hop),harmonix___0690_givemeeverything
2786,2.635341,4.5046287,3 (Jazz + Pop + Rock),harmonix___0691_givesyouhell
2787,12.983629,-3.5451005,2 (Pop + Rock + HJDB + Hip-Hop),harmonix___0692_giveyourheartabreakdos
2788,10.532274,-2.2683787,2 (Pop + Rock + HJDB + Hip-Hop),harmonix___0693_gold
2789,16.050724,-1.0154525,2 (Pop + Rock + HJDB + Hip-Hop),harmonix___0695_goodbyegoodbye
2790,14.04675,-2.3545358,2 (Pop + Rock + HJDB + Hip-Hop),harmonix___0696_goodgirlsgobad
2791,7.7984715,-1.2702224,2 (Pop + Rock + HJDB + Hip-Hop),harmonix___0697_goodlife
2792,14.142912,-1.8648238,2 (Pop + Rock + HJDB + Hip-Hop),harmonix___0698_goodtime
2793,10.734991,1.8320653,2 (Pop + Rock + HJDB + Hip-Hop),harmonix___0699_gotmoney
2794,16.800055,-2.4517348,2 (Pop + Rock + HJDB + Hip-Hop),harmonix___0700_gottabesomebody
2795,14.595059,-3.5605829,2 (Pop + Rock + HJDB + Hip-Hop),harmonix___0701_gottabeyou
2796,13.237005,0.007456287,2 (Pop + Rock + HJDB + Hip-Hop),harmonix___0702_greenlight
2797,7.6244774,1.9621534,2 (Pop + Rock + HJDB + Hip-Hop),harmonix___0704_guitarstringweddingring
2798,17.142729,-2.187188,2 (Pop + Rock + HJDB + Hip-Hop),harmonix___0705_haditall
2799,13.733279,-3.4285438,2 (Pop + Rock + HJDB + Hip-Hop),harmonix___0706_halcyon
2800,16.914927,-0.8696217,2 (Pop + Rock + HJDB + Hip-Hop),harmonix___0707_halfwaygone
2801,9.443239,-0.82917684,2 (Pop + Rock + HJDB + Hip-Hop),harmonix___0708_haloradioedit
2802,14.487196,1.5440029,2 (Pop + Rock + HJDB + Hip-Hop),harmonix___0709_hangingon
2803,11.90188,0.15759945,2 (Pop + Rock + HJDB + Hip-Hop),harmonix___0710_hardjeezy
2804,18.03569,-2.305876,2 (Pop + Rock + HJDB + Hip-Hop),harmonix___0711_heartheartheartbreak
2805,3.7390409,2.7476938,3 (Jazz + Pop + Rock),harmonix___0712_heartless
2806,10.492435,-0.4103194,2 (Pop + Rock + HJDB + Hip-Hop),harmonix___0713_heartofgoldnow
2807,15.671072,-2.4337506,2 (Pop + Rock + HJDB + Hip-Hop),harmonix___0714_hell
2808,-9.177728,3.089452,1 (Classical + Groove + Jazz),harmonix___0715_hellodadalife
2809,15.825824,-1.7682878,2 (Pop + Rock + HJDB + Hip-Hop),harmonix___0716_heroheroine
2810,11.903865,-1.5544835,2 (Pop + Rock + HJDB + Hip-Hop),harmonix___0717_heysoulsister
2811,3.645242,-3.7740047,3 (Jazz + Pop + Rock),harmonix___0718_heytheredelilah
2812,7.367892,2.0327682,2 (Pop + Rock + HJDB + Hip-Hop),harmonix___0719_hipsdontlie
2813,10.472039,-1.5561833,2 (Pop + Rock + HJDB + Hip-Hop),harmonix___0721_holdup
2814,5.51971,4.301727,3 (Jazz + Pop + Rock),harmonix___0723_hotelroomservice
2815,17.977058,-2.1908023,2 (Pop + Rock + HJDB + Hip-Hop),harmonix___0724_hotmessdj
2816,17.271046,-2.313155,2 (Pop + Rock + HJDB + Hip-Hop),harmonix___0725_hotncold
2817,5.451832,2.9401262,3 (Jazz + Pop + Rock),harmonix___0726_hotplay
2818,16.557022,-2.4982646,2 (Pop + Rock + HJDB + Hip-Hop),harmonix___0727_howcomeyoudontwantme
2819,17.914862,-1.8463131,2 (Pop + Rock + HJDB + Hip-Hop),harmonix___0728_howyouremindme
2820,8.711386,0.41054866,2 (Pop + Rock + HJDB + Hip-Hop),harmonix___0729_hurricane
2821,14.616289,-3.1480055,2 (Pop + Rock + HJDB + Hip-Hop),harmonix___0730_hurtssogood
2822,11.168187,0.43363371,2 (Pop + Rock + HJDB + Hip-Hop),harmonix___0731_icouldntbeyourfriend
2823,15.235904,-3.2196572,2 (Pop + Rock + HJDB + Hip-Hop),harmonix___0732_idontwannabeinlove
2824,13.990546,-2.842964,2 (Pop + Rock + HJDB + Hip-Hop),harmonix___0733_ifihadyou
2825,17.773365,-1.9844315,2 (Pop + Rock + HJDB + Hip-Hop),harmonix___0734_iftodaywasyourlastday
2826,14.441427,-1.3688761,2 (Pop + Rock + HJDB + Hip-Hop),harmonix___0735_ifuseeamy
2827,9.932042,1.5311311,2 (Pop + Rock + HJDB + Hip-Hop),harmonix___0736_igotafeeling
2828,10.205305,-0.34883818,2 (Pop + Rock + HJDB + Hip-Hop),harmonix___0737_ihatethispart
2829,16.295496,-2.546914,2 (Pop + Rock + HJDB + Hip-Hop),harmonix___0738_ihearnoises
2830,14.905873,-2.624752,2 (Pop + Rock + HJDB + Hip-Hop),harmonix___0739_ikissedagirl
2831,16.841942,-2.192673,2 (Pop + Rock + HJDB + Hip-Hop),harmonix___0740_ikissedagirljasonnevins
2832,-2.6565135,2.2386181,3 (Jazz + Pop + Rock),harmonix___0741_iknowyoucare
2833,6.2831717,1.9231772,2 (Pop + Rock + HJDB + Hip-Hop),harmonix___0742_iknowyouwantme
2834,17.543158,-2.3566086,2 (Pop + Rock + HJDB + Hip-Hop),harmonix___0743_iminloveiwannadoit
2835,4.9835215,2.4921935,3 (Jazz + Pop + Rock),harmonix___0744_immabe
2836,6.2944856,3.7023146,3 (Jazz + Pop + Rock),harmonix___0745_immabewolf
2837,13.675799,-0.7159513,2 (Pop + Rock + HJDB + Hip-Hop),harmonix___0746_imnotyourhero
2838,8.324474,2.2142828,2 (Pop + Rock + HJDB + Hip-Hop),harmonix___0747_imreal
2839,4.551574,2.4519467,3 (Jazz + Pop + Rock),harmonix___0748_imyours
2840,3.7834427,-2.9160411,3 (Jazz + Pop + Rock),harmonix___0749_indestructible2
2841,16.074966,-1.0306015,2 (Pop + Rock + HJDB + Hip-Hop),harmonix___0750_ineedyourlove
2842,15.817457,-0.65149945,2 (Pop + Rock + HJDB + Hip-Hop),harmonix___0751_inlovewithagirl
2843,9.49379,0.4563493,2 (Pop + Rock + HJDB + Hip-Hop),harmonix___0752_inmyhead
2844,8.71404,0.19517316,2 (Pop + Rock + HJDB + Hip-Hop),harmonix___0753_inreallife
2845,18.244278,-1.5499791,2 (Pop + Rock + HJDB + Hip-Hop),harmonix___0755_intothenight
2846,14.848166,-3.5159032,2 (Pop + Rock + HJDB + Hip-Hop),harmonix___0756_istillmissyou
2847,14.197929,-2.4055429,2 (Pop + Rock + HJDB + Hip-Hop),harmonix___0758_itgetsbetter
2848,14.424076,-2.2032082,2 (Pop + Rock + HJDB + Hip-Hop),harmonix___0759_itgirljasonnevins
2849,9.891249,-0.30312428,2 (Pop + Rock + HJDB + Hip-Hop),harmonix___0760_iwannarock
2850,17.919867,-2.4385898,2 (Pop + Rock + HJDB + Hip-Hop),harmonix___0761_iwant
2851,10.940177,-0.93206674,2 (Pop + Rock + HJDB + Hip-Hop),harmonix___0762_iwantitthatway
2852,15.689965,-0.921834,2 (Pop + Rock + HJDB + Hip-Hop),harmonix___0763_iwasafool
2853,16.27935,-2.9623892,2 (Pop + Rock + HJDB + Hip-Hop),harmonix___0764_iwish
2854,2.8950315,5.726985,3 (Jazz + Pop + Rock),harmonix___0765_jimmyiovine
2855,7.286578,1.686435,2 (Pop + Rock + HJDB + Hip-Hop),harmonix___0766_justdance
2856,4.134443,5.717103,3 (Jazz + Pop + Rock),harmonix___0767_justfine
2857,13.598946,-1.7943509,2 (Pop + Rock + HJDB + Hip-Hop),harmonix___0768_keepsgettinbetter
2858,12.339397,-0.6994548,2 (Pop + Rock + HJDB + Hip-Hop),harmonix___0769_killa
2859,12.0264,-0.85077757,2 (Pop + Rock + HJDB + Hip-Hop),harmonix___0770_kingofmycastle
2860,6.527999,2.9667845,2 (Pop + Rock + HJDB + Hip-Hop),harmonix___0771_kisskissmainversion
2861,9.300716,0.39499554,2 (Pop + Rock + HJDB + Hip-Hop),harmonix___0772_kissmebackcrytonight
2862,10.931661,-0.24019913,2 (Pop + Rock + HJDB + Hip-Hop),harmonix___0773_kissmethruthephone
2863,12.488832,3.8968225,2 (Pop + Rock + HJDB + Hip-Hop),harmonix___0774_knockyoudown
2864,13.367758,1.1719886,2 (Pop + Rock + HJDB + Hip-Hop),harmonix___0775_knockyoudownbimbojones
2865,13.679282,-2.6708863,2 (Pop + Rock + HJDB + Hip-Hop),harmonix___0776_krazy
2866,5.0837893,0.43688306,3 (Jazz + Pop + Rock),harmonix___0777_lebump
2867,13.707356,-1.0460018,2 (Pop + Rock + HJDB + Hip-Hop),harmonix___0778_letitrock
2868,15.648143,-0.63544095,2 (Pop + Rock + HJDB + Hip-Hop),harmonix___0779_letitrockfilthy
2869,15.929269,-3.1791604,2 (Pop + Rock + HJDB + Hip-Hop),harmonix___0780_letmebereal
2870,10.594428,-0.6858126,2 (Pop + Rock + HJDB + Hip-Hop),harmonix___0781_lettinggoduttylove
2871,16.63496,-1.2528343,2 (Pop + Rock + HJDB + Hip-Hop),harmonix___0782_lifeafteryou
2872,17.263828,-1.45905,2 (Pop + Rock + HJDB + Hip-Hop),harmonix___0783_lighton
2873,9.144915,-0.012812715,2 (Pop + Rock + HJDB + Hip-Hop),harmonix___0784_lightweight
2874,9.84996,2.2349937,2 (Pop + Rock + HJDB + Hip-Hop),harmonix___0785_littleliesnow
2875,16.769684,-3.0844562,2 (Pop + Rock + HJDB + Hip-Hop),harmonix___0786_livelikeweredying
2876,17.452238,-2.5790904,2 (Pop + Rock + HJDB + Hip-Hop),harmonix___0787_liveyourlife
2877,8.953237,-0.62947506,2 (Pop + Rock + HJDB + Hip-Hop),harmonix___0789_livingroom
2878,2.1412547,5.4976873,3 (Jazz + Pop + Rock),harmonix___0790_locapeople
2879,-1.1341811,5.827816,3 (Jazz + Pop + Rock),harmonix___0791_lollipop
2880,16.629057,-3.40826,2 (Pop + Rock + HJDB + Hip-Hop),harmonix___0792_lovedrunk
2881,7.2284093,3.0873213,2 (Pop + Rock + HJDB + Hip-Hop),harmonix___0793_lovegame
2882,3.9851785,-0.68232965,3 (Jazz + Pop + Rock),harmonix___0794_lovegamedave
2883,16.511778,-2.6030803,2 (Pop + Rock + HJDB + Hip-Hop),harmonix___0796_loveinthisclub
2884,6.8232045,1.9987637,2 (Pop + Rock + HJDB + Hip-Hop),harmonix___0797_loveisgone
2885,8.023917,0.51694494,2 (Pop + Rock + HJDB + Hip-Hop),harmonix___0798_lovelikethis
2886,4.9015384,5.1012745,3 (Jazz + Pop + Rock),harmonix___0799_lovesexmagic
2887,11.779426,0.6409616,2 (Pop + Rock + HJDB + Hip-Hop),harmonix___0800_lovesexmagicjason
2888,14.903853,-1.522783,2 (Pop + Rock + HJDB + Hip-Hop),harmonix___0801_lovesong
2889,13.263411,-2.5280542,2 (Pop + Rock + HJDB + Hip-Hop),harmonix___0802_lovestoned
2890,16.350588,-2.039233,2 (Pop + Rock + HJDB + Hip-Hop),harmonix___0803_lovestory
2891,16.723139,-1.0655749,2 (Pop + Rock + HJDB + Hip-Hop),harmonix___0805_lovetheysay
2892,9.977209,-0.66346663,2 (Pop + Rock + HJDB + Hip-Hop),harmonix___0806_mad
2893,5.669851,1.618347,3 (Jazz + Pop + Rock),harmonix___0807_makemebetter
2894,8.183603,-0.54281265,2 (Pop + Rock + HJDB + Hip-Hop),harmonix___0808_makethemoney
2895,14.670489,-1.9762326,2 (Pop + Rock + HJDB + Hip-Hop),harmonix___0810_memoriesextended
2896,13.198021,2.4057813,2 (Pop + Rock + HJDB + Hip-Hop),harmonix___0811_miami2ibiza
2897,-2.315611,6.394403,3 (Jazz + Pop + Rock),harmonix___0812_miserybimbo
2898,2.9514613,2.612233,3 (Jazz + Pop + Rock),harmonix___0813_missindependent
2899,10.274314,-1.5374367,2 (Pop + Rock + HJDB + Hip-Hop),harmonix___0814_mistake
2900,16.663118,-1.8736918,2 (Pop + Rock + HJDB + Hip-Hop),harmonix___0815_mondaymondaymonday
2901,11.754798,-1.2307467,2 (Pop + Rock + HJDB + Hip-Hop),harmonix___0817_morethanthis
2902,13.548056,-2.908755,2 (Pop + Rock + HJDB + Hip-Hop),harmonix___0818_mrsaxobeatext
2903,8.340524,-0.5252211,2 (Pop + Rock + HJDB + Hip-Hop),harmonix___0819_myblood
2904,4.7220626,4.4367714,3 (Jazz + Pop + Rock),harmonix___0820_mychickbad
2905,15.729988,-1.1678376,2 (Pop + Rock + HJDB + Hip-Hop),harmonix___0821_myfeelingsforyou
2906,17.879768,-2.3139293,2 (Pop + Rock + HJDB + Hip-Hop),harmonix___0823_mylifewouldsuckwithoutyou
2907,13.25008,-2.4547453,2 (Pop + Rock + HJDB + Hip-Hop),harmonix___0824_mylifewouldsuckwithoutyous
2908,14.284541,-2.892024,2 (Pop + Rock + HJDB + Hip-Hop),harmonix___0825_myloveislikeastar
2909,2.2974584,7.2894726,3 (Jazz + Pop + Rock),harmonix___0826_myohmy
2910,14.212894,-3.168003,2 (Pop + Rock + HJDB + Hip-Hop),harmonix___0827_needyounow
2911,4.123187,3.5814931,3 (Jazz + Pop + Rock),harmonix___0828_neoncathedral
2912,17.288586,-1.4963458,2 (Pop + Rock + HJDB + Hip-Hop),harmonix___0829_nevertoolate
2913,8.259285,-0.5398683,2 (Pop + Rock + HJDB + Hip-Hop),harmonix___0830_nightwatch
2914,12.679387,0.18236034,2 (Pop + Rock + HJDB + Hip-Hop),harmonix___0831_noair
2915,7.3462443,1.3528287,2 (Pop + Rock + HJDB + Hip-Hop),harmonix___0832_noone
2916,16.70419,-2.5387857,2 (Pop + Rock + HJDB + Hip-Hop),harmonix___0833_northshore
2917,17.783546,-1.8362665,2 (Pop + Rock + HJDB + Hip-Hop),harmonix___0834_nosurprise
2918,13.754934,-3.0732431,2 (Pop + Rock + HJDB + Hip-Hop),harmonix___0835_notetogod
2919,10.151455,2.7809677,2 (Pop + Rock + HJDB + Hip-Hop),harmonix___0836_notmyselftonight
2920,-3.7780285,2.7279248,3 (Jazz + Pop + Rock),harmonix___0837_nottonight
2921,15.390762,-1.4207498,2 (Pop + Rock + HJDB + Hip-Hop),harmonix___0838_nowimallmessedup
2922,8.9068365,0.791691,2 (Pop + Rock + HJDB + Hip-Hop),harmonix___0839_nowyouseeit
2923,4.7528753,3.0658188,3 (Jazz + Pop + Rock),harmonix___0840_obsessed
2924,16.31356,-2.318546,2 (Pop + Rock + HJDB + Hip-Hop),harmonix___0841_obsessedcahill
2925,16.059023,-2.4805453,2 (Pop + Rock + HJDB + Hip-Hop),harmonix___0842_obsessionstatic
2926,17.27562,-2.126528,2 (Pop + Rock + HJDB + Hip-Hop),harmonix___0843_omgalmighty
2927,1.7426336,6.4114146,3 (Jazz + Pop + Rock),harmonix___0844_ondirecting
2928,2.8828921,6.1752915,3 (Jazz + Pop + Rock),harmonix___0845_onefoot
2929,13.475882,-0.9025968,2 (Pop + Rock + HJDB + Hip-Hop),harmonix___0846_onelove
2930,6.874102,2.6214058,2 (Pop + Rock + HJDB + Hip-Hop),harmonix___0847_onestepatatime
2931,13.480111,-2.350543,2 (Pop + Rock + HJDB + Hip-Hop),harmonix___0848_onething
2932,12.703845,-1.2897723,2 (Pop + Rock + HJDB + Hip-Hop),harmonix___0849_onlyyou
2933,6.4613733,-1.1387855,2 (Pop + Rock + HJDB + Hip-Hop),harmonix___0850_onlyyoucanlovemethisway
2934,16.923132,-2.5484762,2 (Pop + Rock + HJDB + Hip-Hop),harmonix___0851_openurmind
2935,16.439182,-1.7046728,2 (Pop + Rock + HJDB + Hip-Hop),harmonix___0852_oursong
2936,10.554626,-0.15557684,2 (Pop + Rock + HJDB + Hip-Hop),harmonix___0853_outonthetown
2937,17.803997,-2.4378784,2 (Pop + Rock + HJDB + Hip-Hop),harmonix___0854_overmyheadcablecar
2938,17.77272,-2.1743743,2 (Pop + Rock + HJDB + Hip-Hop),harmonix___0855_overyou
2939,2.5792546,4.0304217,3 (Jazz + Pop + Rock),harmonix___0856_paperbackhead
2940,13.086536,-1.9901254,2 (Pop + Rock + HJDB + Hip-Hop),harmonix___0857_paralyzer
2941,3.636671,2.1458051,3 (Jazz + Pop + Rock),harmonix___0858_peoplearepeople
2942,17.678282,-2.4569638,2 (Pop + Rock + HJDB + Hip-Hop),harmonix___0859_picturesofyou
2943,9.320715,-0.06232888,2 (Pop + Rock + HJDB + Hip-Hop),harmonix___0860_pieceofme
2944,13.988171,-0.10491181,2 (Pop + Rock + HJDB + Hip-Hop),harmonix___0861_pingmebaby
2945,14.921572,-2.370036,2 (Pop + Rock + HJDB + Hip-Hop),harmonix___0862_pleasedontleaveme
2946,15.578367,-2.702069,2 (Pop + Rock + HJDB + Hip-Hop),harmonix___0863_pleasedontleavemedigi
2947,15.270536,-2.1017244,2 (Pop + Rock + HJDB + Hip-Hop),harmonix___0864_pleasedontleavememain
2948,8.5222435,0.23447967,2 (Pop + Rock + HJDB + Hip-Hop),harmonix___0865_pocketfulofsunshine
2949,13.872177,0.19724825,2 (Pop + Rock + HJDB + Hip-Hop),harmonix___0866_pokerfacedave
2950,14.024102,-2.7286043,2 (Pop + Rock + HJDB + Hip-Hop),harmonix___0867_pokerfacedos
2951,11.956217,0.46747142,2 (Pop + Rock + HJDB + Hip-Hop),harmonix___0868_puton
2952,12.146752,-0.91602796,2 (Pop + Rock + HJDB + Hip-Hop),harmonix___0869_raiseyourweapon
2953,13.2677965,-2.5833187,2 (Pop + Rock + HJDB + Hip-Hop),harmonix___0870_ratedr
2954,6.4625015,-0.6323788,2 (Pop + Rock + HJDB + Hip-Hop),harmonix___0872_readyfortheweekend
2955,8.086824,1.6748847,2 (Pop + Rock + HJDB + Hip-Hop),harmonix___0873_readyornot
2956,9.409104,-1.0436318,2 (Pop + Rock + HJDB + Hip-Hop),harmonix___0874_realize
2957,2.1061559,6.929468,3 (Jazz + Pop + Rock),harmonix___0875_redbelt
2958,13.668867,-0.8834448,2 (Pop + Rock + HJDB + Hip-Hop),harmonix___0876_rehab
2959,5.118174,0.93208677,3 (Jazz + Pop + Rock),harmonix___0877_releasemenow
2960,5.7433996,3.6714888,3 (Jazz + Pop + Rock),harmonix___0878_replay
2961,15.308997,-2.637722,2 (Pop + Rock + HJDB + Hip-Hop),harmonix___0879_ridinsoloian
2962,8.106243,3.8089893,2 (Pop + Rock + HJDB + Hip-Hop),harmonix___0880_righthere
2963,7.4502306,2.4358294,2 (Pop + Rock + HJDB + Hip-Hop),harmonix___0881_rightround
2964,16.8064,-3.365907,2 (Pop + Rock + HJDB + Hip-Hop),harmonix___0882_rightroundbenny
2965,9.28404,-1.140729,2 (Pop + Rock + HJDB + Hip-Hop),harmonix___0883_rocksatmywindow
2966,13.008898,-2.5044088,2 (Pop + Rock + HJDB + Hip-Hop),harmonix___0884_rockstar
2967,8.116912,2.0295084,2 (Pop + Rock + HJDB + Hip-Hop),harmonix___0886_rudeboy
2968,15.49439,-2.3260572,2 (Pop + Rock + HJDB + Hip-Hop),harmonix___0888_russianroulettejump
2969,0.91753983,4.3072367,3 (Jazz + Pop + Rock),harmonix___0889_samelove
2970,17.249952,-1.8320185,2 (Pop + Rock + HJDB + Hip-Hop),harmonix___0890_samemistakes
2971,5.7241683,-0.18954866,3 (Jazz + Pop + Rock),harmonix___0891_savetheworld
2972,14.157854,-1.3404078,2 (Pop + Rock + HJDB + Hip-Hop),harmonix___0892_saveyoutonight
2973,15.495266,-1.1733694,2 (Pop + Rock + HJDB + Hip-Hop),harmonix___0893_say
2974,13.481983,-1.856546,2 (Pop + Rock + HJDB + Hip-Hop),harmonix___0894_sayheyiloveyou
2975,16.107725,0.68894756,2 (Pop + Rock + HJDB + Hip-Hop),harmonix___0895_scarymonsters
2976,15.413203,-3.7830386,2 (Pop + Rock + HJDB + Hip-Hop),harmonix___0897_sentimentaltune
2977,6.850365,1.7497365,2 (Pop + Rock + HJDB + Hip-Hop),harmonix___0898_sexyback
2978,1.109519,4.638826,3 (Jazz + Pop + Rock),harmonix___0899_sexycani
2979,5.163416,2.6683574,3 (Jazz + Pop + Rock),harmonix___0900_sexychickakon
2980,3.7685375,6.113046,3 (Jazz + Pop + Rock),harmonix___0901_sexydj
2981,10.827737,-0.69093096,2 (Pop + Rock + HJDB + Hip-Hop),harmonix___0902_shakeitradiomix
2982,16.346256,-3.2443254,2 (Pop + Rock + HJDB + Hip-Hop),harmonix___0903_shakethatbubblenow
2983,2.3547606,3.0903869,3 (Jazz + Pop + Rock),harmonix___0904_shewolf
2984,6.687134,0.23950386,2 (Pop + Rock + HJDB + Hip-Hop),harmonix___0905_shocktoyoursystem
2985,16.14617,-1.745301,2 (Pop + Rock + HJDB + Hip-Hop),harmonix___0906_shutupanddrive
2986,14.988191,-2.237918,2 (Pop + Rock + HJDB + Hip-Hop),harmonix___0907_skyscraper
2987,15.89552,-2.729939,2 (Pop + Rock + HJDB + Hip-Hop),harmonix___0908_sober
2988,10.5851755,4.055993,2 (Pop + Rock + HJDB + Hip-Hop),harmonix___0909_sofineed
2989,8.228305,2.6052618,2 (Pop + Rock + HJDB + Hip-Hop),harmonix___0910_solo
2990,16.656977,-2.3258407,2 (Pop + Rock + HJDB + Hip-Hop),harmonix___0911_someday
2991,3.5879266,-3.4286172,3 (Jazz + Pop + Rock),harmonix___0912_somenights
2992,-5.8266897,-3.5888944,1 (Classical + Groove + Jazz),harmonix___0913_somuchlove
2993,17.718864,-2.0157,2 (Pop + Rock + HJDB + Hip-Hop),harmonix___0914_soobviousnow
2994,12.372781,-0.43320206,2 (Pop + Rock + HJDB + Hip-Hop),harmonix___0915_sosletthemusicplay
2995,17.950403,-2.2018192,2 (Pop + Rock + HJDB + Hip-Hop),harmonix___0916_sowhat
2996,13.568824,1.3625779,2 (Pop + Rock + HJDB + Hip-Hop),harmonix___0917_spacemanties
2997,10.066468,-0.5980629,2 (Pop + Rock + HJDB + Hip-Hop),harmonix___0918_starstrukk
2998,4.715024,4.4012322,3 (Jazz + Pop + Rock),harmonix___0919_stereolove
2999,12.387819,-1.6130629,2 (Pop + Rock + HJDB + Hip-Hop),harmonix___0920_stopandstare
3000,6.347742,-0.60144585,2 (Pop + Rock + HJDB + Hip-Hop),harmonix___0921_stronger
3001,5.693721,2.517882,3 (Jazz + Pop + Rock),harmonix___0922_suffocate
3002,7.4496126,-0.5603714,2 (Pop + Rock + HJDB + Hip-Hop),harmonix___0923_sunandmoon
3003,5.9257827,3.1940231,3 (Jazz + Pop + Rock),harmonix___0924_sunisup
3004,11.725487,-2.619155,2 (Pop + Rock + HJDB + Hip-Hop),harmonix___0925_sweetdisposition
3005,16.370968,-1.3856876,2 (Pop + Rock + HJDB + Hip-Hop),harmonix___0926_sweetthing
3006,2.844712,5.0396075,3 (Jazz + Pop + Rock),harmonix___0927_swing
3007,14.317863,-2.980643,2 (Pop + Rock + HJDB + Hip-Hop),harmonix___0928_takeabow
3008,6.2570777,4.4741817,3 (Jazz + Pop + Rock),harmonix___0929_takeovercontrolext
3009,12.197182,-3.3974457,2 (Pop + Rock + HJDB + Hip-Hop),harmonix___0930_takeyourtime
3010,9.173598,0.10802229,2 (Pop + Rock + HJDB + Hip-Hop),harmonix___0931_takeyouthere
3011,12.975661,-1.7265316,2 (Pop + Rock + HJDB + Hip-Hop),harmonix___0932_tattoo
3012,11.562178,3.475999,2 (Pop + Rock + HJDB + Hip-Hop),harmonix___0933_teardropsonmyguitar
3013,10.873246,2.6154687,2 (Pop + Rock + HJDB + Hip-Hop),harmonix___0934_teenagedreamkaskade
3014,11.892627,-0.27452654,2 (Pop + Rock + HJDB + Hip-Hop),harmonix___0936_tequieroacoustic
3015,11.808734,-1.6055913,2 (Pop + Rock + HJDB + Hip-Hop),harmonix___0937_thatsnotmyname
3016,9.516438,3.2429218,2 (Pop + Rock + HJDB + Hip-Hop),harmonix___0938_thebusiness
3017,9.449682,0.45147568,2 (Pop + Rock + HJDB + Hip-Hop),harmonix___0939_thecure
3018,3.0191863,0.26457268,3 (Jazz + Pop + Rock),harmonix___0940_thehousethatbuiltme
3019,17.866293,-2.6117303,2 (Pop + Rock + HJDB + Hip-Hop),harmonix___0941_theocean
3020,16.60255,-2.449805,2 (Pop + Rock + HJDB + Hip-Hop),harmonix___0943_thetheayer
3021,7.3045835,0.2952156,2 (Pop + Rock + HJDB + Hip-Hop),harmonix___0945_thewayiareradio
3022,16.424555,-1.9245473,2 (Pop + Rock + HJDB + Hip-Hop),harmonix___0946_thinkingofyou
3023,13.610306,-2.0988157,2 (Pop + Rock + HJDB + Hip-Hop),harmonix___0947_thiskiss
3024,15.03184,-2.4672563,2 (Pop + Rock + HJDB + Hip-Hop),harmonix___0948_thislove
3025,7.6534805,0.5397453,2 (Pop + Rock + HJDB + Hip-Hop),harmonix___0949_throwitinthebag
3026,14.152537,-2.2581944,2 (Pop + Rock + HJDB + Hip-Hop),harmonix___0950_throwyourhandsup
3027,17.943436,-2.2754247,2 (Pop + Rock + HJDB + Hip-Hop),harmonix___0951_thunder
3028,5.9875484,3.8605146,3 (Jazz + Pop + Rock),harmonix___0952_tiktok
3029,13.601084,0.017058356,2 (Pop + Rock + HJDB + Hip-Hop),harmonix___0953_tilltheworldends2
3030,16.807735,-1.1561358,2 (Pop + Rock + HJDB + Hip-Hop),harmonix___0954_timeaftertimevan
3031,9.708077,0.2532324,2 (Pop + Rock + HJDB + Hip-Hop),harmonix___0955_tinylittlebows
3032,3.9046288,5.154122,3 (Jazz + Pop + Rock),harmonix___0956_tonightimgettingoveryou
3033,8.213475,0.5732386,2 (Pop + Rock + HJDB + Hip-Hop),harmonix___0958_turnmeup
3034,9.597846,1.7489865,2 (Pop + Rock + HJDB + Hip-Hop),harmonix___0959_turnthisclubaround
3035,13.702032,-1.9319286,2 (Pop + Rock + HJDB + Hip-Hop),harmonix___0960_umbrella
3036,12.941363,-0.55328435,2 (Pop + Rock + HJDB + Hip-Hop),harmonix___0961_unfaithfulfemme
3037,11.560047,-1.4363136,2 (Pop + Rock + HJDB + Hip-Hop),harmonix___0962_usagainsttheworldjason
3038,17.87965,-2.2601376,2 (Pop + Rock + HJDB + Hip-Hop),harmonix___0964_wakingupinvegas
3039,9.082106,-0.43179277,2 (Pop + Rock + HJDB + Hip-Hop),harmonix___0965_wakingupinvegascalvin
3040,7.139426,2.6338768,2 (Pop + Rock + HJDB + Hip-Hop),harmonix___0966_wakingupinvegascalvinh
3041,14.782684,-2.4147787,2 (Pop + Rock + HJDB + Hip-Hop),harmonix___0967_walkingonadream
3042,7.746649,2.656071,2 (Pop + Rock + HJDB + Hip-Hop),harmonix___0968_walltowall
3043,1.991279,5.9452624,3 (Jazz + Pop + Rock),harmonix___0969_webelongtogether
3044,17.449833,-1.6261778,2 (Pop + Rock + HJDB + Hip-Hop),harmonix___0970_whataboutnow
3045,15.244785,-1.6385725,2 (Pop + Rock + HJDB + Hip-Hop),harmonix___0971_whatayawantfromme
3046,13.597937,-2.241811,2 (Pop + Rock + HJDB + Hip-Hop),harmonix___0972_whatchasay
3047,16.653902,-2.9015296,2 (Pop + Rock + HJDB + Hip-Hop),harmonix___0973_whateverittakes
3048,10.020485,1.0911686,2 (Pop + Rock + HJDB + Hip-Hop),harmonix___0974_whateveryoulike
3049,15.5895405,-3.624674,2 (Pop + Rock + HJDB + Hip-Hop),harmonix___0975_whathappensinvegas
3050,6.2984104,-1.210488,2 (Pop + Rock + HJDB + Hip-Hop),harmonix___0977_wheelsnow
3051,8.43494,4.2035036,2 (Pop + Rock + HJDB + Hip-Hop),harmonix___0978_whenigrowup
3052,14.750759,-2.3686419,2 (Pop + Rock + HJDB + Hip-Hop),harmonix___0979_whenlovetakesover
3053,16.935678,-2.6494827,2 (Pop + Rock + HJDB + Hip-Hop),harmonix___0980_whenyouleave
3054,15.614157,-1.8444303,2 (Pop + Rock + HJDB + Hip-Hop),harmonix___0981_whenyouregone
3055,16.620186,-2.213897,2 (Pop + Rock + HJDB + Hip-Hop),harmonix___0982_whoknewdos
3056,7.391515,-1.9263837,2 (Pop + Rock + HJDB + Hip-Hop),harmonix___0983_whyamitheone
3057,4.2435236,5.557397,3 (Jazz + Pop + Rock),harmonix___0986_winner
3058,7.569782,3.7596192,2 (Pop + Rock + HJDB + Hip-Hop),harmonix___0987_withyou
3059,11.096038,-0.7200789,2 (Pop + Rock + HJDB + Hip-Hop),harmonix___0988_withyoukovas
3060,11.814774,0.13553001,2 (Pop + Rock + HJDB + Hip-Hop),harmonix___0989_womanizer
3061,12.396629,-1.2213358,2 (Pop + Rock + HJDB + Hip-Hop),harmonix___0991_worryaboutyounow
3062,11.249874,0.32234502,2 (Pop + Rock + HJDB + Hip-Hop),harmonix___0992_wrongthinwhiteduke
3063,13.780871,0.1258652,2 (Pop + Rock + HJDB + Hip-Hop),harmonix___0993_youandidanny
3064,1.5880336,-3.9301918,3 (Jazz + Pop + Rock),harmonix___0994_youbelongwithme
3065,17.348892,-1.4856008,2 (Pop + Rock + HJDB + Hip-Hop),harmonix___0995_youfoundme
3066,13.734698,1.1655755,2 (Pop + Rock + HJDB + Hip-Hop),harmonix___0998_youregonnamissthis
3067,6.808706,-0.7231572,2 (Pop + Rock + HJDB + Hip-Hop),harmonix___0999_yourheartisamuscle
3068,14.539174,-2.8670018,2 (Pop + Rock + HJDB + Hip-Hop),harmonix___1000_yourloveismydrug
3069,15.569535,-2.1653118,2 (Pop + Rock + HJDB + Hip-Hop),harmonix___1001_yourloveismydrugdave
3070,8.724357,5.4348273,2 (Pop + Rock + HJDB + Hip-Hop),hjdb___hjdb_2_Bad_Mice_Take_You
3071,9.205168,5.897399,2 (Pop + Rock + HJDB + Hip-Hop),hjdb___hjdb_4_Am
3072,14.302442,2.1110911,2 (Pop + Rock + HJDB + Hip-Hop),hjdb___hjdb_6_Million_Ways_To_Die_(DJ_Hype_Remix)
3073,10.127068,6.092427,2 (Pop + Rock + HJDB + Hip-Hop),hjdb___hjdb_A21
3074,-1.003122,5.1373816,3 (Jazz + Pop + Rock),hjdb___hjdb_A_Musical_Box
3075,13.688557,0.69534886,2 (Pop + Rock + HJDB + Hip-Hop),hjdb___hjdb_A_New_Dawn
3076,-0.08696112,-1.1071528,3 (Jazz + Pop + Rock),hjdb___hjdb_Aftershock
3077,0.15652706,-1.7211095,3 (Jazz + Pop + Rock),hjdb___hjdb_All_Right_(All_Night_Mix)
3078,9.953978,5.324226,2 (Pop + Rock + HJDB + Hip-Hop),hjdb___hjdb_Alright_With_Me
3079,14.0981455,1.7681055,2 (Pop + Rock + HJDB + Hip-Hop),hjdb___hjdb_Anastacia
3080,-4.487724,5.87463,3 (Jazz + Pop + Rock),hjdb___hjdb_Another_Direction
3081,9.004111,2.7721264,2 (Pop + Rock + HJDB + Hip-Hop),hjdb___hjdb_Being_With_You
3082,-2.6096933,4.089138,3 (Jazz + Pop + Rock),hjdb___hjdb_Being_With_You_(Foul_Play_Remix)
3083,9.268891,3.748191,2 (Pop + Rock + HJDB + Hip-Hop),hjdb___hjdb_Being_With_You_1
3084,10.7551565,5.2648487,2 (Pop + Rock + HJDB + Hip-Hop),hjdb___hjdb_Beyond_Bass
3085,-0.9965709,4.888303,3 (Jazz + Pop + Rock),hjdb___hjdb_Beyond_Control
3086,11.274954,4.874195,2 (Pop + Rock + HJDB + Hip-Hop),hjdb___hjdb_Bish_Bosh
3087,0.5247756,3.6196847,3 (Jazz + Pop + Rock),hjdb___hjdb_Bodymotion
3088,0.03697894,-1.500552,3 (Jazz + Pop + Rock),hjdb___hjdb_Bombscare
3089,-5.4944057,5.8630834,3 (Jazz + Pop + Rock),hjdb___hjdb_Bouncing
3090,-1.0293274,-4.6507154,3 (Jazz + Pop + Rock),hjdb___hjdb_Breakage4
3091,0.83003086,2.7815087,3 (Jazz + Pop + Rock),hjdb___hjdb_Breaking_Free
3092,7.238957,6.39083,2 (Pop + Rock + HJDB + Hip-Hop),hjdb___hjdb_Breaking_Free_2
3093,8.933798,5.7192793,2 (Pop + Rock + HJDB + Hip-Hop),hjdb___hjdb_Cant_Stop_The_Rush_(93_Remix)
3094,9.577543,6.6340203,2 (Pop + Rock + HJDB + Hip-Hop),hjdb___hjdb_Cant_Stop_Thinking_About
3095,0.23503764,3.10785,3 (Jazz + Pop + Rock),hjdb___hjdb_Captain_Of_This_Ship
3096,-3.450601,4.823692,3 (Jazz + Pop + Rock),hjdb___hjdb_Casanova_(Down_To_Earth_Remix)
3097,6.5331244,5.1004076,2 (Pop + Rock + HJDB + Hip-Hop),hjdb___hjdb_Champion_Sound
3098,7.3279867,4.136115,2 (Pop + Rock + HJDB + Hip-Hop),hjdb___hjdb_Champion_Sound_(Doc_Scott_Remix)
3099,8.534404,4.9301043,2 (Pop + Rock + HJDB + Hip-Hop),hjdb___hjdb_Charly
3100,6.4492817,3.235668,2 (Pop + Rock + HJDB + Hip-Hop),hjdb___hjdb_Chasin_A_Dream
3101,9.968518,4.5473123,2 (Pop + Rock + HJDB + Hip-Hop),hjdb___hjdb_Cold_Fresh_Air_(Remix)
3102,9.886935,5.111623,2 (Pop + Rock + HJDB + Hip-Hop),hjdb___hjdb_Come_Back_2_Me
3103,10.856696,4.9373727,2 (Pop + Rock + HJDB + Hip-Hop),hjdb___hjdb_Cookin_Up_Yah_Brain
3104,10.140247,6.007579,2 (Pop + Rock + HJDB + Hip-Hop),hjdb___hjdb_Crackman_The_Return_(DJ_Ron_Remix)
3105,10.349404,5.332552,2 (Pop + Rock + HJDB + Hip-Hop),hjdb___hjdb_Crystalize
3106,12.768244,4.2313886,2 (Pop + Rock + HJDB + Hip-Hop),hjdb___hjdb_DJ_Business
3107,16.596035,-0.030081315,2 (Pop + Rock + HJDB + Hip-Hop),hjdb___hjdb_Dam_Tuff
3108,-1.285134,3.9100325,3 (Jazz + Pop + Rock),hjdb___hjdb_Damage
3109,12.713216,4.5348663,2 (Pop + Rock + HJDB + Hip-Hop),hjdb___hjdb_Dance_Factor
3110,-3.5474894,-2.653757,3 (Jazz + Pop + Rock),hjdb___hjdb_Dance_The_Dream
3111,4.686049,-3.7096503,3 (Jazz + Pop + Rock),hjdb___hjdb_Dance_With_Power_(Original_Mix)
3112,9.484971,5.2442446,2 (Pop + Rock + HJDB + Hip-Hop),hjdb___hjdb_Dark_Angel
3113,-1.2662736,4.9055557,3 (Jazz + Pop + Rock),hjdb___hjdb_Dark_Stranger_(Origin_Unknown_Remix)
3114,-1.3032459,3.6211317,3 (Jazz + Pop + Rock),hjdb___hjdb_Darkcore
3115,12.285524,4.309176,2 (Pop + Rock + HJDB + Hip-Hop),hjdb___hjdb_Darkman
3116,13.549166,3.7280655,2 (Pop + Rock + HJDB + Hip-Hop),hjdb___hjdb_Deep_Cover
3117,11.721992,4.232251,2 (Pop + Rock + HJDB + Hip-Hop),hjdb___hjdb_Deep_Love
3118,-3.3143756,4.0975356,3 (Jazz + Pop + Rock),hjdb___hjdb_Deep_Space
3119,12.876217,4.606741,2 (Pop + Rock + HJDB + Hip-Hop),hjdb___hjdb_Demons_Theme
3120,10.158104,6.1537905,2 (Pop + Rock + HJDB + Hip-Hop),hjdb___hjdb_Devotion
3121,10.757831,4.3169794,2 (Pop + Rock + HJDB + Hip-Hop),hjdb___hjdb_Digable_Bass
3122,0.7678067,-1.9958524,3 (Jazz + Pop + Rock),hjdb___hjdb_Dis_Generation
3123,11.229287,4.0606427,2 (Pop + Rock + HJDB + Hip-Hop),hjdb___hjdb_Divine_Rhythm
3124,13.069313,2.0547388,2 (Pop + Rock + HJDB + Hip-Hop),hjdb___hjdb_Do_It_Now
3125,4.8075647,-3.917388,3 (Jazz + Pop + Rock),hjdb___hjdb_Do_It_Together_(The_Baggys_Mix)
3126,-5.339282,5.9066606,3 (Jazz + Pop + Rock),hjdb___hjdb_Dont_Come_No_Ruffer_(Ruff_Mix)
3127,8.9072695,5.370823,2 (Pop + Rock + HJDB + Hip-Hop),hjdb___hjdb_Dont_Need_Your_Love
3128,7.3540845,6.0729265,2 (Pop + Rock + HJDB + Hip-Hop),hjdb___hjdb_Dream_Sequence
3129,14.002492,2.714207,2 (Pop + Rock + HJDB + Hip-Hop),hjdb___hjdb_Drowning_In_Her
3130,10.44575,4.9279504,2 (Pop + Rock + HJDB + Hip-Hop),hjdb___hjdb_Drum_Programme_(Remix)
3131,10.40121,4.452197,2 (Pop + Rock + HJDB + Hip-Hop),hjdb___hjdb_Drummer_Of_Doom
3132,13.409874,2.4702125,2 (Pop + Rock + HJDB + Hip-Hop),hjdb___hjdb_Dub_War_Chapter_1_(Raw_Mix)
3133,11.34535,5.696973,2 (Pop + Rock + HJDB + Hip-Hop),hjdb___hjdb_Dub_War_Chapter_1_(The_Mix_Strikes_Back)
3134,12.345009,4.2128577,2 (Pop + Rock + HJDB + Hip-Hop),hjdb___hjdb_Dub_War_Chapter_2
3135,13.363103,3.0041645,2 (Pop + Rock + HJDB + Hip-Hop),hjdb___hjdb_Ecstatic_House
3136,8.857744,5.7954555,2 (Pop + Rock + HJDB + Hip-Hop),hjdb___hjdb_Enticer
3137,10.213299,4.951745,2 (Pop + Rock + HJDB + Hip-Hop),hjdb___hjdb_Essence_Ep
3138,10.681517,4.6744494,2 (Pop + Rock + HJDB + Hip-Hop),hjdb___hjdb_Even_Further_Intrigue
3139,0.099068075,-0.31823835,3 (Jazz + Pop + Rock),hjdb___hjdb_Exodus_(When_The_Lion_Awakes)
3140,11.780185,6.0094633,2 (Pop + Rock + HJDB + Hip-Hop),hjdb___hjdb_Factor_5
3141,10.244234,3.8650656,2 (Pop + Rock + HJDB + Hip-Hop),hjdb___hjdb_Fearless_Wonder_(Remix)
3142,10.406503,6.218324,2 (Pop + Rock + HJDB + Hip-Hop),hjdb___hjdb_Feel_(Feel_Good)
3143,9.915235,5.1802535,2 (Pop + Rock + HJDB + Hip-Hop),hjdb___hjdb_Final_Conflict
3144,8.706646,6.9484067,2 (Pop + Rock + HJDB + Hip-Hop),hjdb___hjdb_Finest_Illusion_(Legal_Mix)
3145,-5.1164613,5.6138396,3 (Jazz + Pop + Rock),hjdb___hjdb_Fireball
3146,10.027043,4.4876647,2 (Pop + Rock + HJDB + Hip-Hop),hjdb___hjdb_Fires_Burning
3147,10.402322,3.245323,2 (Pop + Rock + HJDB + Hip-Hop),hjdb___hjdb_Flammable
3148,10.683385,3.1136672,2 (Pop + Rock + HJDB + Hip-Hop),hjdb___hjdb_Flammable_(Tango_Remix)
3149,10.984962,6.160945,2 (Pop + Rock + HJDB + Hip-Hop),hjdb___hjdb_Freeaneazy
3150,10.328635,5.6689024,2 (Pop + Rock + HJDB + Hip-Hop),hjdb___hjdb_Fuckin_Hardcore
3151,10.814783,5.017957,2 (Pop + Rock + HJDB + Hip-Hop),hjdb___hjdb_Further_Intrigue
3152,10.788545,5.6082077,2 (Pop + Rock + HJDB + Hip-Hop),hjdb___hjdb_Future_Followers
3153,10.37125,5.045961,2 (Pop + Rock + HJDB + Hip-Hop),hjdb___hjdb_Future_Followers_(Remix)
3154,-11.0147505,5.419943,1 (Classical + Groove + Jazz),hjdb___hjdb_Future_Funk
3155,1.3272624,6.785932,3 (Jazz + Pop + Rock),hjdb___hjdb_Gangsta
3156,9.632606,6.2867303,2 (Pop + Rock + HJDB + Hip-Hop),hjdb___hjdb_Get_High_(New_Jack_London)
3157,-0.98522586,5.545548,3 (Jazz + Pop + Rock),hjdb___hjdb_Ghetto_People
3158,-4.902951,5.066257,3 (Jazz + Pop + Rock),hjdb___hjdb_Ghetto_People_(Remix)
3159,11.439486,5.4459004,2 (Pop + Rock + HJDB + Hip-Hop),hjdb___hjdb_Give_A_Little_Love_(Remix)
3160,-6.7543726,4.660593,1 (Classical + Groove + Jazz),hjdb___hjdb_Going_Out_For_Da_Loot
3161,8.523453,3.3683913,2 (Pop + Rock + HJDB + Hip-Hop),hjdb___hjdb_Gonna_Be_Alright
3162,13.555661,1.8266196,2 (Pop + Rock + HJDB + Hip-Hop),hjdb___hjdb_Gotta_Release
3163,-0.33976746,-3.279733,3 (Jazz + Pop + Rock),hjdb___hjdb_Hands_Of_Time
3164,-4.414845,5.4282374,3 (Jazz + Pop + Rock),hjdb___hjdb_Happiness
3165,10.9357605,5.002005,2 (Pop + Rock + HJDB + Hip-Hop),hjdb___hjdb_Hardcore_Junglism
3166,10.3238325,6.3418083,2 (Pop + Rock + HJDB + Hip-Hop),hjdb___hjdb_Hardcore_Will_Never_Die
3167,8.6485,5.2208085,2 (Pop + Rock + HJDB + Hip-Hop),hjdb___hjdb_Here_Comes_The_Drumz_(Drumz_VIP_Mix)
3168,11.40206,4.6798453,2 (Pop + Rock + HJDB + Hip-Hop),hjdb___hjdb_Hey_DJ
3169,7.219824,3.5666964,2 (Pop + Rock + HJDB + Hip-Hop),hjdb___hjdb_Hold_it_Down
3170,11.644057,4.118149,2 (Pop + Rock + HJDB + Hip-Hop),hjdb___hjdb_Horizons
3171,-1.6250608,-4.932387,3 (Jazz + Pop + Rock),hjdb___hjdb_How_Should_I_Start
3172,12.2685375,4.714659,2 (Pop + Rock + HJDB + Hip-Hop),hjdb___hjdb_I_Need_Your_Lovin
3173,11.496039,4.9631586,2 (Pop + Rock + HJDB + Hip-Hop),hjdb___hjdb_I_Wanna_Be_Your_Lover
3174,13.886413,1.0800191,2 (Pop + Rock + HJDB + Hip-Hop),hjdb___hjdb_Ill_Take_You_(Original_Mix)
3175,2.6875587,-0.3951851,3 (Jazz + Pop + Rock),hjdb___hjdb_Im_Gonna_Get_You
3176,5.6552672,4.392817,3 (Jazz + Pop + Rock),hjdb___hjdb_Imagine_The_Future
3177,0.4534712,3.3656094,3 (Jazz + Pop + Rock),hjdb___hjdb_In_Complete_Darkness_(Slipmatt_remix)
3178,11.548361,5.07094,2 (Pop + Rock + HJDB + Hip-Hop),hjdb___hjdb_In_Effect
3179,-9.400654,6.2877545,1 (Classical + Groove + Jazz),hjdb___hjdb_Incredible_Bass_(Remix)
3180,11.33974,2.9681993,2 (Pop + Rock + HJDB + Hip-Hop),hjdb___hjdb_Inna_Year_4000
3181,11.692898,4.5805206,2 (Pop + Rock + HJDB + Hip-Hop),hjdb___hjdb_Into_Da_Future_(Massive_Mix)
3182,10.180667,5.950783,2 (Pop + Rock + HJDB + Hip-Hop),hjdb___hjdb_Jeopardy_(DJ_Spice_Mix)
3183,12.532494,4.549147,2 (Pop + Rock + HJDB + Hip-Hop),hjdb___hjdb_Johnny_(Dance_Conspiracy_Mix)
3184,10.345836,4.2557306,2 (Pop + Rock + HJDB + Hip-Hop),hjdb___hjdb_Johnny_94_(Origin_Unkown_Remix)
3185,9.347266,4.2707887,2 (Pop + Rock + HJDB + Hip-Hop),hjdb___hjdb_Jump_Mk_II
3186,14.166963,1.3409878,2 (Pop + Rock + HJDB + Hip-Hop),hjdb___hjdb_Just_A_Dream
3187,-0.8052107,2.4895713,3 (Jazz + Pop + Rock),hjdb___hjdb_Keep_The_Fires_Burning
3188,7.5941014,5.874135,2 (Pop + Rock + HJDB + Hip-Hop),hjdb___hjdb_Last_Action_Hero
3189,13.009166,1.7533635,2 (Pop + Rock + HJDB + Hip-Hop),hjdb___hjdb_Let_Me_Be_Your_Fantasy
3190,9.246449,6.9978456,2 (Pop + Rock + HJDB + Hip-Hop),hjdb___hjdb_Light_Years
3191,13.040664,3.8940477,2 (Pop + Rock + HJDB + Hip-Hop),hjdb___hjdb_Livin_In_A_Dream
3192,7.210739,6.669408,2 (Pop + Rock + HJDB + Hip-Hop),hjdb___hjdb_Lords_Of_The_Null_Lines_(Foul_Play_Remix)
3193,8.721697,3.3568108,2 (Pop + Rock + HJDB + Hip-Hop),hjdb___hjdb_Manic_Stampede
3194,11.827258,5.215907,2 (Pop + Rock + HJDB + Hip-Hop),hjdb___hjdb_Merder_Style
3195,9.523327,5.595049,2 (Pop + Rock + HJDB + Hip-Hop),hjdb___hjdb_Method_To_My_Madness
3196,8.870321,7.3992677,2 (Pop + Rock + HJDB + Hip-Hop),hjdb___hjdb_Moments_So_Dark
3197,10.819079,2.6270561,2 (Pop + Rock + HJDB + Hip-Hop),hjdb___hjdb_Mr._Logic
3198,14.874951,0.6044663,2 (Pop + Rock + HJDB + Hip-Hop),hjdb___hjdb_Music
3199,11.839401,4.9674635,2 (Pop + Rock + HJDB + Hip-Hop),hjdb___hjdb_Music_In_Search_Of_Light
3200,11.508158,-0.23237422,2 (Pop + Rock + HJDB + Hip-Hop),hjdb___hjdb_Music_Takes_You
3201,11.150959,5.982785,2 (Pop + Rock + HJDB + Hip-Hop),hjdb___hjdb_My_Own_(Hixxy_and_UFO_Remix)
3202,12.751296,4.3049197,2 (Pop + Rock + HJDB + Hip-Hop),hjdb___hjdb_Mystic_Stepper_(Feel_Better)
3203,10.479438,6.288898,2 (Pop + Rock + HJDB + Hip-Hop),hjdb___hjdb_NHS_(Midday_Mix)
3204,11.830856,3.7316296,2 (Pop + Rock + HJDB + Hip-Hop),hjdb___hjdb_Never_Try_The_Hippodrome_(Remix)
3205,12.031687,3.3850727,2 (Pop + Rock + HJDB + Hip-Hop),hjdb___hjdb_New_Direction
3206,11.351739,4.597329,2 (Pop + Rock + HJDB + Hip-Hop),hjdb___hjdb_News_At_Ten
3207,11.455535,3.434073,2 (Pop + Rock + HJDB + Hip-Hop),hjdb___hjdb_Nightmare_Walking
3208,0.9202434,1.7556448,3 (Jazz + Pop + Rock),hjdb___hjdb_No_Worries
3209,0.6870744,5.760293,3 (Jazz + Pop + Rock),hjdb___hjdb_Oblivion
3210,11.1086445,5.8100743,2 (Pop + Rock + HJDB + Hip-Hop),hjdb___hjdb_Obsession_(Musics_So_Wonderful)
3211,12.103445,4.711463,2 (Pop + Rock + HJDB + Hip-Hop),hjdb___hjdb_Obsession_(The_Only_Remix)
3212,10.1607275,5.996821,2 (Pop + Rock + HJDB + Hip-Hop),hjdb___hjdb_Obsessions
3213,10.691495,5.0763793,2 (Pop + Rock + HJDB + Hip-Hop),hjdb___hjdb_Oh_So_Nice
3214,10.516897,6.372229,2 (Pop + Rock + HJDB + Hip-Hop),hjdb___hjdb_On_My_Own_(Rmx)
3215,11.351201,5.242957,2 (Pop + Rock + HJDB + Hip-Hop),hjdb___hjdb_Open_Secrets
3216,-4.0509806,4.378549,3 (Jazz + Pop + Rock),hjdb___hjdb_Open_Your_Mind
3217,8.845742,5.3023705,2 (Pop + Rock + HJDB + Hip-Hop),hjdb___hjdb_Original_Badboy
3218,9.789865,5.6690416,2 (Pop + Rock + HJDB + Hip-Hop),hjdb___hjdb_Peakin_Thru_The_Window
3219,16.441366,-0.341791,2 (Pop + Rock + HJDB + Hip-Hop),hjdb___hjdb_Pennywise
3220,8.578255,0.83581203,2 (Pop + Rock + HJDB + Hip-Hop),hjdb___hjdb_Phizical_(Moody_Mix)
3221,11.073481,4.586305,2 (Pop + Rock + HJDB + Hip-Hop),hjdb___hjdb_Project_1_(Remix)
3222,8.970608,5.731572,2 (Pop + Rock + HJDB + Hip-Hop),hjdb___hjdb_Promised_Land
3223,5.696328,5.8279305,3 (Jazz + Pop + Rock),hjdb___hjdb_R-type
3224,10.527855,5.174908,2 (Pop + Rock + HJDB + Hip-Hop),hjdb___hjdb_R_Yeah
3225,0.32207215,0.8032367,3 (Jazz + Pop + Rock),hjdb___hjdb_Re-Baptised_By_Dub_(Selectors_Revenge)
3226,7.2605195,5.25864,2 (Pop + Rock + HJDB + Hip-Hop),hjdb___hjdb_Renegade_Snares_(Foul_Play_Remix)
3227,8.330504,6.5063148,2 (Pop + Rock + HJDB + Hip-Hop),hjdb___hjdb_Renegade_Snares_(VIP_Remix)
3228,10.581499,3.9973426,2 (Pop + Rock + HJDB + Hip-Hop),hjdb___hjdb_Return_Of_The_Donut_Pt2
3229,0.510169,2.9474182,3 (Jazz + Pop + Rock),hjdb___hjdb_Rhythm
3230,13.817237,2.7505481,2 (Pop + Rock + HJDB + Hip-Hop),hjdb___hjdb_Right_Before_My_Eyes
3231,8.624255,6.9741488,2 (Pop + Rock + HJDB + Hip-Hop),hjdb___hjdb_Rock_To_The_Groove
3232,1.1483558,0.038855106,3 (Jazz + Pop + Rock),hjdb___hjdb_Rockin_Down_The_House
3233,0.36880267,-3.3519516,3 (Jazz + Pop + Rock),hjdb___hjdb_Ruff
3234,10.371032,4.139164,2 (Pop + Rock + HJDB + Hip-Hop),hjdb___hjdb_Ruff_(Remix)
3235,4.6427836,1.99103,3 (Jazz + Pop + Rock),hjdb___hjdb_Ruff_Beats
3236,8.979999,4.150619,2 (Pop + Rock + HJDB + Hip-Hop),hjdb___hjdb_Scottie
3237,11.613353,4.7089753,2 (Pop + Rock + HJDB + Hip-Hop),hjdb___hjdb_Screw_Face
3238,9.853059,5.4457664,2 (Pop + Rock + HJDB + Hip-Hop),hjdb___hjdb_Serious_Sounds
3239,15.667335,1.0101498,2 (Pop + Rock + HJDB + Hip-Hop),hjdb___hjdb_Showtime
3240,7.3957815,6.0103226,2 (Pop + Rock + HJDB + Hip-Hop),hjdb___hjdb_Skanka
3241,11.759243,4.922473,2 (Pop + Rock + HJDB + Hip-Hop),hjdb___hjdb_Slow_Jam
3242,10.430946,4.7028747,2 (Pop + Rock + HJDB + Hip-Hop),hjdb___hjdb_So_Good
3243,9.446015,5.357827,2 (Pop + Rock + HJDB + Hip-Hop),hjdb___hjdb_Something_I_Feel_(2_Bad_Mice_Remix)
3244,8.161863,7.2449765,2 (Pop + Rock + HJDB + Hip-Hop),hjdb___hjdb_Something_New_Pt1
3245,10.1683035,4.5978894,2 (Pop + Rock + HJDB + Hip-Hop),hjdb___hjdb_Something_New_Pt2
3246,12.883639,3.0584984,2 (Pop + Rock + HJDB + Hip-Hop),hjdb___hjdb_Special_Request
3247,7.762618,3.2103877,2 (Pop + Rock + HJDB + Hip-Hop),hjdb___hjdb_Spiritual_Aura
3248,10.274656,3.2442057,2 (Pop + Rock + HJDB + Hip-Hop),hjdb___hjdb_Spliffhead
3249,12.370849,4.2248387,2 (Pop + Rock + HJDB + Hip-Hop),hjdb___hjdb_Star_Eyes
3250,6.5652375,6.6623225,2 (Pop + Rock + HJDB + Hip-Hop),hjdb___hjdb_Stay_Calm_(Foul_Play_Remix)
3251,11.347416,5.559974,2 (Pop + Rock + HJDB + Hip-Hop),hjdb___hjdb_Storm_Trooper
3252,11.781461,5.340734,2 (Pop + Rock + HJDB + Hip-Hop),hjdb___hjdb_Street_Knowledge
3253,-5.6379714,5.6902905,3 (Jazz + Pop + Rock),hjdb___hjdb_String_Of_Darkness
3254,5.504698,5.9147677,3 (Jazz + Pop + Rock),hjdb___hjdb_Sub_Dub
3255,10.138481,5.8571343,2 (Pop + Rock + HJDB + Hip-Hop),hjdb___hjdb_Summer_Breeze
3256,12.180196,4.573881,2 (Pop + Rock + HJDB + Hip-Hop),hjdb___hjdb_Superpod
3257,11.214899,2.4520078,2 (Pop + Rock + HJDB + Hip-Hop),hjdb___hjdb_Sweet_Sensation_(12_Mix)
3258,0.23085324,5.929275,3 (Jazz + Pop + Rock),hjdb___hjdb_Sweet_Vibrations
3259,8.785224,4.097005,2 (Pop + Rock + HJDB + Hip-Hop),hjdb___hjdb_T-N-T
3260,8.838508,7.261867,2 (Pop + Rock + HJDB + Hip-Hop),hjdb___hjdb_Take_Me_To_The_Top
3261,8.829927,4.1012273,2 (Pop + Rock + HJDB + Hip-Hop),hjdb___hjdb_Tales_From_The_Darkside
3262,8.992499,6.0676184,2 (Pop + Rock + HJDB + Hip-Hop),hjdb___hjdb_Tales_From_The_Darkside_2
3263,-3.6669087,5.119435,3 (Jazz + Pop + Rock),hjdb___hjdb_Terminator
3264,9.501785,6.0329933,2 (Pop + Rock + HJDB + Hip-Hop),hjdb___hjdb_Terminator_2
3265,14.674437,1.2401676,2 (Pop + Rock + HJDB + Hip-Hop),hjdb___hjdb_Terrorist_(Grooverider_Remix)
3266,11.220889,5.237671,2 (Pop + Rock + HJDB + Hip-Hop),hjdb___hjdb_Terrorist_(PA_Mix)
3267,13.476841,2.9908268,2 (Pop + Rock + HJDB + Hip-Hop),hjdb___hjdb_Terrorist_(original)
3268,-5.0656986,5.4620576,3 (Jazz + Pop + Rock),hjdb___hjdb_The_Core
3269,10.240925,5.486806,2 (Pop + Rock + HJDB + Hip-Hop),hjdb___hjdb_The_Criminal
3270,9.855256,2.884986,2 (Pop + Rock + HJDB + Hip-Hop),hjdb___hjdb_The_Deep
3271,10.623945,4.004528,2 (Pop + Rock + HJDB + Hip-Hop),hjdb___hjdb_The_Element_(Highnoon)
3272,12.492457,4.0208435,2 (Pop + Rock + HJDB + Hip-Hop),hjdb___hjdb_The_End_(Alternative_Version)
3273,11.159604,5.433446,2 (Pop + Rock + HJDB + Hip-Hop),hjdb___hjdb_The_Grand_National_(DJ_SS_and_EQ_Remix)
3274,5.3827906,7.1119432,3 (Jazz + Pop + Rock),hjdb___hjdb_The_Helicopter_Tune
3275,10.949996,6.031037,2 (Pop + Rock + HJDB + Hip-Hop),hjdb___hjdb_The_R
3276,11.671799,4.624853,2 (Pop + Rock + HJDB + Hip-Hop),hjdb___hjdb_The_Slammer
3277,12.214034,4.2850237,2 (Pop + Rock + HJDB + Hip-Hop),hjdb___hjdb_The_Warning_(Remix)
3278,5.847302,5.91444,3 (Jazz + Pop + Rock),hjdb___hjdb_The_Way_(VIP_Mix)
3279,10.134301,6.401927,2 (Pop + Rock + HJDB + Hip-Hop),hjdb___hjdb_This_Is_A_Trip
3280,-0.7276797,-4.436519,3 (Jazz + Pop + Rock),hjdb___hjdb_This_Way
3281,11.257034,5.6306844,2 (Pop + Rock + HJDB + Hip-Hop),hjdb___hjdb_Tibetan_Jungle
3282,8.22037,6.898092,2 (Pop + Rock + HJDB + Hip-Hop),hjdb___hjdb_Tiger_Style
3283,-10.067099,5.708186,1 (Classical + Groove + Jazz),hjdb___hjdb_Time_Bomb
3284,-5.0500765,5.774042,3 (Jazz + Pop + Rock),hjdb___hjdb_Time_Bomb_(Remix)
3285,6.2687616,6.771694,3 (Jazz + Pop + Rock),hjdb___hjdb_Too_Much_(Ray_Keith_Rmx)
3286,10.518659,5.4967065,2 (Pop + Rock + HJDB + Hip-Hop),hjdb___hjdb_Total_Xstacy_(Remix)
3287,11.059878,5.708485,2 (Pop + Rock + HJDB + Hip-Hop),hjdb___hjdb_Touch_Somebody
3288,9.354585,5.7368207,2 (Pop + Rock + HJDB + Hip-Hop),hjdb___hjdb_Trip_II_The_Moon
3289,9.241624,6.6762304,2 (Pop + Rock + HJDB + Hip-Hop),hjdb___hjdb_Twisted
3290,10.187259,3.7688863,2 (Pop + Rock + HJDB + Hip-Hop),hjdb___hjdb_Unfriendly
3291,11.309247,4.7392178,2 (Pop + Rock + HJDB + Hip-Hop),hjdb___hjdb_United
3292,10.498606,2.617797,2 (Pop + Rock + HJDB + Hip-Hop),hjdb___hjdb_United_(Grooverider_Remix)
3293,8.79553,5.896815,2 (Pop + Rock + HJDB + Hip-Hop),hjdb___hjdb_Unity
3294,8.647401,6.331908,2 (Pop + Rock + HJDB + Hip-Hop),hjdb___hjdb_Until_The_Night_Is_Morning
3295,8.032061,5.0607653,2 (Pop + Rock + HJDB + Hip-Hop),hjdb___hjdb_Volume_1
3296,11.015889,5.7992373,2 (Pop + Rock + HJDB + Hip-Hop),hjdb___hjdb_Wait_4_The_Bass
3297,13.2309265,4.54854,2 (Pop + Rock + HJDB + Hip-Hop),hjdb___hjdb_Warpdrive
3298,12.132727,4.1718616,2 (Pop + Rock + HJDB + Hip-Hop),hjdb___hjdb_We_Are_Hardcore
3299,10.34275,6.3729367,2 (Pop + Rock + HJDB + Hip-Hop),hjdb___hjdb_What_Kind_of_World
3300,10.030078,6.2797832,2 (Pop + Rock + HJDB + Hip-Hop),hjdb___hjdb_Wind_It_Up_(Rewound)
3301,11.046579,5.7542377,2 (Pop + Rock + HJDB + Hip-Hop),hjdb___hjdb_Wots_My_Code_(Ray_Keith_Final_Plate)
3302,12.258226,3.356677,2 (Pop + Rock + HJDB + Hip-Hop),hjdb___hjdb_Yaaah
3303,3.25243,-1.1793185,3 (Jazz + Pop + Rock),hjdb___hjdb_You_Dont_Know
3304,7.6462364,6.175541,2 (Pop + Rock + HJDB + Hip-Hop),hjdb___hjdb_You_Got_Me_Burnin_(A.A.S_Mix)
3305,9.614084,2.2601743,2 (Pop + Rock + HJDB + Hip-Hop),jaah___jaah_000-tito_puente-airegin
3306,6.2997766,0.5690447,2 (Pop + Rock + HJDB + Hip-Hop),jaah___jaah_001-sarah_vaughan-all_alone
3307,-3.810705,-4.3657866,3 (Jazz + Pop + Rock),jaah___jaah_002-thelonious_monk-bags_groove
3308,-8.0721655,-4.5753584,1 (Classical + Groove + Jazz),jaah___jaah_003-louis_armstrong_and_his_hot_seven-big_butter_and_egg_man_from_the_west
3309,-6.4866877,-4.7600136,1 (Classical + Groove + Jazz),jaah___jaah_004-dexter_gordon_quartet-bikini
3310,-6.4631677,-4.6624274,1 (Classical + Groove + Jazz),jaah___jaah_005-duke_ellington_and_his_orchestra-black_and_tan_fantasy
3311,-2.5148826,1.4747753,3 (Jazz + Pop + Rock),jaah___jaah_006-jelly_roll_mortons_red_hot_peppers-black_bottom_stomp
3312,-7.700848,-3.9852915,1 (Classical + Groove + Jazz),jaah___jaah_007-bessie_smith_james_p_johnson-black_water_blues
3313,-2.5575554,0.61906093,3 (Jazz + Pop + Rock),jaah___jaah_008-sonny_rollins-blue_7
3314,-7.27561,-1.2219481,1 (Classical + Groove + Jazz),jaah___jaah_009-sidney_bechets_blue_note_jazzmen-blue_horizon
3315,-4.215234,-5.82262,3 (Jazz + Pop + Rock),jaah___jaah_010-duke_ellington_his_orchestra-blue_serge
3316,11.251472,2.55343,2 (Pop + Rock + HJDB + Hip-Hop),jaah___jaah_011-charlie_parker-blues_for_alice
3317,12.362468,5.384266,2 (Pop + Rock + HJDB + Hip-Hop),jaah___jaah_012-stan_getz_jj_johnson-blues_in_the_closet
3318,-11.969172,-5.019148,1 (Classical + Groove + Jazz),jaah___jaah_013-the_benny_goodman_trio-body_and_soul
3319,-6.7203975,-4.635583,1 (Classical + Groove + Jazz),jaah___jaah_014-coleman_hawkins_and_his_orchestra-body_and_soul
3320,-0.68010676,-2.2247915,3 (Jazz + Pop + Rock),jaah___jaah_015-miles_davis_nonet-boplicity
3321,-9.335837,-1.7460476,1 (Classical + Groove + Jazz),jaah___jaah_016-the_benny_goodman_sextet-breakfast_feud_composite_feat_charlie_christian
3322,-7.864527,0.20963374,1 (Classical + Groove + Jazz),jaah___jaah_017-duke_ellington_his_orchestra-concerto_for_cootie
3323,-4.3044095,-5.5416627,3 (Jazz + Pop + Rock),jaah___jaah_018-duke_ellington_his_orchestra-cotton_tail
3324,13.025839,3.718456,2 (Pop + Rock + HJDB + Hip-Hop),jaah___jaah_019-ella_fitzgerald_duke_ellington_orchestra-cotton_tail
3325,-5.2541213,-5.6621904,1 (Classical + Groove + Jazz),jaah___jaah_020-charlie_parker-crazeology_take_4
3326,0.058676448,-4.0806146,3 (Jazz + Pop + Rock),jaah___jaah_021-the_clifford_brownmax_roach_quintet-daahoud
3327,-7.3640237,-4.967329,1 (Classical + Groove + Jazz),jaah___jaah_022-jelly_roll_mortons_red_hot_peppers-dead_man_blues
3328,4.5739036,-2.4775941,3 (Jazz + Pop + Rock),jaah___jaah_023-dexter_gordon-dexter_rides_again
3329,-6.4312673,-3.8874176,1 (Classical + Groove + Jazz),jaah___jaah_024-duke_ellington_his_orchestra-diminuendo_in_blue_and_crescendo_in_blue
3330,-4.364491,-3.2099288,3 (Jazz + Pop + Rock),jaah___jaah_025-django_reinhardt-dinah
3331,0.22743538,-0.3539867,3 (Jazz + Pop + Rock),jaah___jaah_026-fats_waller_and_his_rhythm-dinah
3332,-6.19592,-5.044464,1 (Classical + Groove + Jazz),jaah___jaah_027-red_nichols_his_five_pennies-dinah
3333,-2.8489203,-6.7829804,3 (Jazz + Pop + Rock),jaah___jaah_028-king_olivers_creole_jazz_band-dippermouth_blues
3334,-3.0120897,-1.2875278,3 (Jazz + Pop + Rock),jaah___jaah_029-the_modern_jazz_quartet-django
3335,-6.8504553,-4.476511,1 (Classical + Groove + Jazz),jaah___jaah_030-count_basie_his_orchestra-doggin_around
3336,-5.9052696,-0.18465099,1 (Classical + Groove + Jazz),jaah___jaah_031-duke_ellington_his_orchestra-east_st_louis_toodleoo
3337,-3.711538,1.3615191,3 (Jazz + Pop + Rock),jaah___jaah_032-charlie_parker_quintet-embraceable_you
3338,-6.589034,-0.76970583,1 (Classical + Groove + Jazz),jaah___jaah_033-the_boswell_sisters-everybody_loves_my_baby
3339,-8.7371855,-1.5159233,1 (Classical + Groove + Jazz),jaah___jaah_034-thelonious_monk-evidence
3340,-0.0912912,4.347102,3 (Jazz + Pop + Rock),jaah___jaah_035-jimmie_lunceford_and_his_orchestra-for_dancers_only
3341,10.645834,3.3088129,2 (Pop + Rock + HJDB + Hip-Hop),jaah___jaah_036-woody_herman_and_his_orchestra-four_brothers
3342,-7.1536684,-4.632855,1 (Classical + Groove + Jazz),jaah___jaah_037-jimmie_noones_apex_club_orchestra-four_or_five_times
3343,-4.861652,-5.5148497,1 (Classical + Groove + Jazz),jaah___jaah_038-bix_beiderbecke_paul_whiteman_and_his_orchestra-from_monday_on
3344,3.8435733,-1.3886399,3 (Jazz + Pop + Rock),jaah___jaah_039-john_coltrane-giant_steps
3345,-4.01233,-1.4733983,3 (Jazz + Pop + Rock),jaah___jaah_040-stan_getz_joao_gilberto_antonio_carlos_jobim-the_girl_from_ipanema
3346,-6.733498,-5.1431365,1 (Classical + Groove + Jazz),jaah___jaah_041-jelly_roll_mortons_red_hot_peppers-grandpas_spells
3347,2.6151338,-4.848549,3 (Jazz + Pop + Rock),jaah___jaah_042-clark_terrybob_brookmeyer_quintet-haig_haig
3348,-7.157876,-5.0642276,1 (Classical + Groove + Jazz),jaah___jaah_043-eddie_lang_lonnie_johnson-a_handful_of_riffs
3349,7.3213067,-2.906876,2 (Pop + Rock + HJDB + Hip-Hop),jaah___jaah_044-chick_webb_and_his_orchestra-harlem_congo
3350,-11.673909,-4.462209,1 (Classical + Groove + Jazz),jaah___jaah_045-billie_holiday-hes_funny_that_way
3351,-3.9430614,-4.389932,3 (Jazz + Pop + Rock),jaah___jaah_046-benny_goodman_and_his_orchestra-honeysuckle_rose
3352,-7.139784,-6.318889,1 (Classical + Groove + Jazz),jaah___jaah_047-meade_lux_lewis-honky_tonk_train_blues
3353,-7.848591,-1.45045,1 (Classical + Groove + Jazz),jaah___jaah_048-louis_armstrong_and_his_hot_five-hotter_than_that
3354,-3.4805138,1.8496263,3 (Jazz + Pop + Rock),jaah___jaah_049-the_chocolate_dandies-i_cant_believe_that_youre_in_love_with_me
3355,-7.0491962,0.005858385,1 (Classical + Groove + Jazz),jaah___jaah_050-dizzy_gillespie_sextet-i_cant_get_started
3356,-10.233625,-2.4120257,1 (Classical + Groove + Jazz),jaah___jaah_051-the_benny_goodman_sextet-i_found_a_new_baby_feat_charlie_christian_count_basie
3357,-1.9648317,-1.7420825,3 (Jazz + Pop + Rock),jaah___jaah_052-don_byas_slam_stewart-i_got_rhythm
3358,-4.6666307,-6.0456114,1 (Classical + Groove + Jazz),jaah___jaah_053-louis_armstrong_his_orchestra-i_gotta_right_to_sing_the_blues
3359,-1.3072599,2.4359283,3 (Jazz + Pop + Rock),jaah___jaah_054-duke_ellington_his_orchestra-in_a_mellotone
3360,-4.2648997,-5.767211,3 (Jazz + Pop + Rock),jaah___jaah_055-bunks_brass_band-in_gloryland
3361,-1.6241778,-4.4596953,3 (Jazz + Pop + Rock),jaah___jaah_056-bud_powell-indiana
3362,-7.9270015,0.21567647,1 (Classical + Groove + Jazz),jaah___jaah_057-duke_ellington_and_his_orchestra-isfahan
3363,-9.832979,-6.0662503,1 (Classical + Groove + Jazz),jaah___jaah_058-jelly_roll_morton-king_porter_stomp
3364,0.29069814,-0.46608007,3 (Jazz + Pop + Rock),jaah___jaah_059-duke_ellington_and_his_famous_orchestra-koko
3365,0.22315963,-5.2162733,3 (Jazz + Pop + Rock),jaah___jaah_060-tadd_dameron_sextet-lady_bird
3366,-11.0745945,-4.2816286,1 (Classical + Groove + Jazz),jaah___jaah_061-count_basie_and_the_kansas_city_7-lester_leaps_in
3367,-2.1508927,-6.3164783,3 (Jazz + Pop + Rock),jaah___jaah_062-original_dixieland_jazz_band-livery_stable_blues
3368,-7.0687437,-4.8148565,1 (Classical + Groove + Jazz),jaah___jaah_063-bessie_smith-lost_your_head_blues
3369,3.5068882,1.6527061,3 (Jazz + Pop + Rock),jaah___jaah_064-dizzy_gillespie_and_his_orchestra-manteca
3370,6.182987,-2.6089118,2 (Pop + Rock + HJDB + Hip-Hop),jaah___jaah_065-new_orleans_feetwarmers-maple_leaf_rag
3371,-7.51798,-0.89414114,1 (Classical + Groove + Jazz),jaah___jaah_066-anthony_braxton_muhal_richard_abrams-maple_leaf_rag
3372,-8.970259,-5.7813244,1 (Classical + Groove + Jazz),jaah___jaah_067-dick_hyman-maple_leaf_rag
3373,-8.643462,-4.1419773,1 (Classical + Groove + Jazz),jaah___jaah_068-billie_holiday_teddy_wilson_and_his_orchestra-mean_to_me
3374,-6.0620975,-5.1958566,1 (Classical + Groove + Jazz),jaah___jaah_069-quintette_du_hot_club_de_france-minor_swing
3375,-8.53838,-1.2289234,1 (Classical + Groove + Jazz),jaah___jaah_070-thelonious_monk_quartet-misterioso
3376,9.465729,3.0362928,2 (Pop + Rock + HJDB + Hip-Hop),jaah___jaah_071-art_blakey_the_jazz_messengers-moanin
3377,-5.683859,-6.084038,1 (Classical + Groove + Jazz),jaah___jaah_072-bennie_moten_and_his_kansas_city_orchestra-moten_swing
3378,3.8577917,-5.095569,3 (Jazz + Pop + Rock),jaah___jaah_073-john_coltrane_quartet-my_favorite_things_part_1_single_version
3379,-3.5509613,-6.30325,3 (Jazz + Pop + Rock),jaah___jaah_074-duke_ellington_his_orchestra-the_new_east_st_louis_toodleoo
3380,-2.1857374,-3.1222672,3 (Jazz + Pop + Rock),jaah___jaah_075-bud_powell_trio-night_in_tunisia
3381,-3.3865376,4.085467,3 (Jazz + Pop + Rock),jaah___jaah_076-charlie_parker-oh_lady_be_good_feat_jazz_at_the_philharmonic
3382,-0.30063605,-4.108497,3 (Jazz + Pop + Rock),jaah___jaah_077-art_blakey_the_jazz_messengers-one_by_one
3383,3.973524,0.45036665,3 (Jazz + Pop + Rock),jaah___jaah_078-count_basie_and_his_orchestra-one_oclock_jump
3384,-6.942058,-0.06242297,1 (Classical + Groove + Jazz),jaah___jaah_079-jimmie_lunceford_and_his_orchestra-organ_grinders_swing
3385,-9.984937,-1.3545723,1 (Classical + Groove + Jazz),jaah___jaah_080-charlie_parker_allstars-parkers_mood
3386,1.6936682,-4.2695894,3 (Jazz + Pop + Rock),jaah___jaah_081-sonny_rollins-pentup_house
3387,-8.255398,-0.921949,1 (Classical + Groove + Jazz),jaah___jaah_082-louis_armstrong_and_his_hot_five-potato_head_blues
3388,-6.1250324,-5.5465984,1 (Classical + Groove + Jazz),jaah___jaah_083-frankie_trumbauer_and_his_orchestra-riverboat_shuffle
3389,-4.144464,2.671822,3 (Jazz + Pop + Rock),jaah___jaah_084-gene_krupa_and_his_orchestra-rockin_chair
3390,-2.4432073,-4.376797,3 (Jazz + Pop + Rock),jaah___jaah_085-the_george_shearing_quintet-september_in_the_rain
3391,-0.6924664,-1.5837004,3 (Jazz + Pop + Rock),jaah___jaah_086-dizzy_gillespie_his_all_stars-shaw_nuff
3392,-7.2917485,0.31576234,1 (Classical + Groove + Jazz),jaah___jaah_087-frankie_trumbauer_and_his_orchestra-singin_the_blues_til_my_daddy_comes_home
3393,-7.2507887,-4.865336,1 (Classical + Groove + Jazz),jaah___jaah_088-bessie_smith_louis_armstrong-st_louis_blues
3394,3.9740102,-4.0644317,3 (Jazz + Pop + Rock),jaah___jaah_089-sonny_rollins-st_thomas
3395,10.313997,1.9110929,2 (Pop + Rock + HJDB + Hip-Hop),jaah___jaah_090-louis_armstrong_ella_fitzgerald-stompin_at_the_savoy
3396,-8.022629,-0.7683593,1 (Classical + Groove + Jazz),jaah___jaah_091-louis_armstrong_and_his_hot_five-struttin_with_some_barbecue
3397,-0.36896297,-4.992195,3 (Jazz + Pop + Rock),jaah___jaah_092-lennie_tristano-subconscious_lee
3398,-0.39090198,-3.4019058,3 (Jazz + Pop + Rock),jaah___jaah_093-miles_davis_gil_evans-summertime
3399,-7.4399652,-4.0353665,1 (Classical + Groove + Jazz),jaah___jaah_094-louis_armstrong_his_orchestra-sweethearts_on_parade
3400,0.4595233,-0.6282569,3 (Jazz + Pop + Rock),jaah___jaah_095-louis_armstrong_and_his_orchestra-swing_that_music
3401,-6.8355045,-4.23912,1 (Classical + Groove + Jazz),jaah___jaah_096-eddie_condons_hot_shots-thats_a_serious_thing
3402,9.145668,2.4293392,2 (Pop + Rock + HJDB + Hip-Hop),jaah___jaah_097-count_basie_octet-the_golden_bullet
3403,-9.162072,-1.6962166,1 (Classical + Groove + Jazz),jaah___jaah_098-coleman_hawkins_quartet-the_man_i_love
3404,-1.209965,-2.6323228,3 (Jazz + Pop + Rock),jaah___jaah_099-horace_silver_the_jazz_messengers-the_preacher
3405,-3.1937623,-6.392008,3 (Jazz + Pop + Rock),jaah___jaah_100-fletcher_henderson_and_his_orchestra-the_stampede
3406,-13.39146,-2.6868439,1 (Classical + Groove + Jazz),jaah___jaah_101-billie_holiday-these_foolish_things
3407,-7.409937,0.3283467,1 (Classical + Groove + Jazz),jaah___jaah_102-lucky_thompson_trio-tricroism
3408,-4.478498,-1.4021667,3 (Jazz + Pop + Rock),jaah___jaah_103-the_gerry_mulligan_quartet_chet_baker-walkin_shoes
3409,-0.42585614,5.120872,3 (Jazz + Pop + Rock),jaah___jaah_104-herbie_hancock-watermelon_man
3410,-4.7505245,2.5906467,3 (Jazz + Pop + Rock),jaah___jaah_105-louis_armstrong_earl_hines-weather_bird
3411,-2.237597,-3.8093915,3 (Jazz + Pop + Rock),jaah___jaah_106-wes_montgomery-west_coast_blues_abridged
3412,-6.4894886,-0.089594595,1 (Classical + Groove + Jazz),jaah___jaah_107-louis_armstrong_and_his_hot_five-west_end_blues
3413,-7.1796503,-0.389101,1 (Classical + Groove + Jazz),jaah___jaah_108-lionel_hampton_and_his_orchestra-when_lights_are_low
3414,10.630053,3.5056229,2 (Pop + Rock + HJDB + Hip-Hop),jaah___jaah_109-cannonball_adderley-work_song
3415,0.79734576,3.214594,3 (Jazz + Pop + Rock),jaah___jaah_110-sarah_vaughan-wrap_your_troubles_in_dreams
3416,-4.4390044,-5.5115857,3 (Jazz + Pop + Rock),jaah___jaah_111-fletcher_henderson_and_his_orchestra-wrappin_it_up
3417,-2.5315132,-1.7213899,3 (Jazz + Pop + Rock),jaah___jaah_112-ella_fitzgerald-youd_be_so_nice_to_come_home_to
3418,-9.324635,-0.40503895,1 (Classical + Groove + Jazz),rwc___rwc_classical_CD1_01/track
3419,-10.225725,-2.1596665,1 (Classical + Groove + Jazz),rwc___rwc_classical_CD1_02/track
3420,-6.69224,-3.6124814,1 (Classical + Groove + Jazz),rwc___rwc_classical_CD1_03/track
3421,-13.954343,-1.3180969,1 (Classical + Groove + Jazz),rwc___rwc_classical_CD1_04/track
3422,-12.007409,-1.9989913,1 (Classical + Groove + Jazz),rwc___rwc_classical_CD1_05/track
3423,-11.923278,-4.8585596,1 (Classical + Groove + Jazz),rwc___rwc_classical_CD1_06/track
3424,-6.457938,-3.1058843,1 (Classical + Groove + Jazz),rwc___rwc_classical_CD2_01/track
3425,-8.063754,-2.1350892,1 (Classical + Groove + Jazz),rwc___rwc_classical_CD2_02/track
3426,-16.571022,-3.2413948,1 (Classical + Groove + Jazz),rwc___rwc_classical_CD2_03/track
3427,-6.2942,-3.2008038,1 (Classical + Groove + Jazz),rwc___rwc_classical_CD2_04/track
3428,-5.207541,-4.8129005,1 (Classical + Groove + Jazz),rwc___rwc_classical_CD2_05/track
3429,-7.2849593,-2.7826622,1 (Classical + Groove + Jazz),rwc___rwc_classical_CD3_01/track
3430,-6.857521,-2.0940506,1 (Classical + Groove + Jazz),rwc___rwc_classical_CD3_02/track
3431,-6.438826,-2.4224799,1 (Classical + Groove + Jazz),rwc___rwc_classical_CD3_03/track
3432,-6.468615,-0.7926441,1 (Classical + Groove + Jazz),rwc___rwc_classical_CD3_04/track
3433,-7.9237747,-0.036072258,1 (Classical + Groove + Jazz),rwc___rwc_classical_CD3_05/track
3434,-7.7180867,-2.1995754,1 (Classical + Groove + Jazz),rwc___rwc_classical_CD3_06/track
3435,-10.238564,-2.944543,1 (Classical + Groove + Jazz),rwc___rwc_classical_CD3_07/track
3436,-13.238641,0.06391243,1 (Classical + Groove + Jazz),rwc___rwc_classical_CD4_01/track
3437,-12.039551,-4.138611,1 (Classical + Groove + Jazz),rwc___rwc_classical_CD4_02/track
3438,-5.5494456,-3.324869,1 (Classical + Groove + Jazz),rwc___rwc_classical_CD4_03/track
3439,-12.481199,-4.8861694,1 (Classical + Groove + Jazz),rwc___rwc_classical_CD4_04/track
3440,-15.351277,-4.470634,1 (Classical + Groove + Jazz),rwc___rwc_classical_CD4_05/track
3441,-14.404237,-5.337725,1 (Classical + Groove + Jazz),rwc___rwc_classical_CD4_06/track
3442,-14.531315,-5.4549046,1 (Classical + Groove + Jazz),rwc___rwc_classical_CD4_07/track
3443,-11.661648,-0.4040107,1 (Classical + Groove + Jazz),rwc___rwc_classical_CD4_08/track
3444,-15.619479,-3.8213513,1 (Classical + Groove + Jazz),rwc___rwc_classical_CD4_09/track
3445,-3.850267,-3.3127034,3 (Jazz + Pop + Rock),rwc___rwc_classical_CD4_10/track
3446,-5.8596516,-2.145053,1 (Classical + Groove + Jazz),rwc___rwc_classical_CD4_11/track
3447,-2.4338644,-4.027476,3 (Jazz + Pop + Rock),rwc___rwc_classical_CD4_12/track
3448,-1.9970788,-4.832288,3 (Jazz + Pop + Rock),rwc___rwc_classical_CD4_13/track
3449,-3.0338693,-3.7189116,3 (Jazz + Pop + Rock),rwc___rwc_classical_CD4_14/track
3450,1.5683683,-5.0329275,3 (Jazz + Pop + Rock),rwc___rwc_classical_CD4_15/track
3451,-3.367593,-3.8672078,3 (Jazz + Pop + Rock),rwc___rwc_classical_CD4_16/track
3452,-14.969656,-5.4036155,1 (Classical + Groove + Jazz),rwc___rwc_classical_CD5_01/track
3453,-15.215711,-4.2283683,1 (Classical + Groove + Jazz),rwc___rwc_classical_CD5_02/track
3454,-10.593457,-5.724611,1 (Classical + Groove + Jazz),rwc___rwc_classical_CD5_03/track
3455,-13.432339,-4.939268,1 (Classical + Groove + Jazz),rwc___rwc_classical_CD5_04/track
3456,-13.50794,-5.396444,1 (Classical + Groove + Jazz),rwc___rwc_classical_CD5_05/track
3457,-9.323823,-4.717169,1 (Classical + Groove + Jazz),rwc___rwc_classical_CD5_06/track
3458,-10.807346,-5.888656,1 (Classical + Groove + Jazz),rwc___rwc_classical_CD5_07/track
3459,-13.683912,-5.735606,1 (Classical + Groove + Jazz),rwc___rwc_classical_CD5_08/track
3460,-12.601773,-3.979989,1 (Classical + Groove + Jazz),rwc___rwc_classical_CD5_09/track
3461,-15.8756,-5.050928,1 (Classical + Groove + Jazz),rwc___rwc_classical_CD5_10/track
3462,-14.812909,-5.3895335,1 (Classical + Groove + Jazz),rwc___rwc_classical_CD5_11/track
3463,-15.267244,-5.1716123,1 (Classical + Groove + Jazz),rwc___rwc_classical_CD5_12/track
3464,-13.663926,1.1844629,1 (Classical + Groove + Jazz),rwc___rwc_classical_CD6_01/track
3465,-5.5504403,-2.272212,1 (Classical + Groove + Jazz),rwc___rwc_classical_CD6_02/track
3466,-13.605125,1.1111401,1 (Classical + Groove + Jazz),rwc___rwc_classical_CD6_03/track
3467,-13.426378,-2.8405628,1 (Classical + Groove + Jazz),rwc___rwc_classical_CD6_04/track
3468,-14.683672,0.0722074,1 (Classical + Groove + Jazz),rwc___rwc_classical_CD6_05/track
3469,-13.80718,-3.144152,1 (Classical + Groove + Jazz),rwc___rwc_classical_CD6_06/track
3470,-9.685967,-4.6710277,1 (Classical + Groove + Jazz),rwc___rwc_classical_CD6_07/track
3471,-13.598964,-3.6578226,1 (Classical + Groove + Jazz),rwc___rwc_classical_CD6_08/track
3472,-11.481829,-5.161028,1 (Classical + Groove + Jazz),rwc___rwc_classical_CD6_09/track
3473,-11.831274,-0.9478431,1 (Classical + Groove + Jazz),rwc___rwc_classical_CD6_10/track
3474,-8.420494,-3.1758473,1 (Classical + Groove + Jazz),rwc___rwc_classical_CD6_11/track
3475,-11.757492,-2.8359156,1 (Classical + Groove + Jazz),rwc___rwc_classical_CD6_12/track
3476,-8.664331,-2.4392726,1 (Classical + Groove + Jazz),rwc___rwc_classical_CD6_13/track
3477,-10.933872,0.10845191,1 (Classical + Groove + Jazz),rwc___rwc_classical_CD6_14/track
3478,-10.890661,-0.08818273,1 (Classical + Groove + Jazz),rwc___rwc_classical_CD6_15/track
3479,-10.202712,-3.680303,1 (Classical + Groove + Jazz),rwc___rwc_jazz_CD1_01/track
3480,-11.909161,-4.768006,1 (Classical + Groove + Jazz),rwc___rwc_jazz_CD1_02/track
3481,-9.178778,-4.2698236,1 (Classical + Groove + Jazz),rwc___rwc_jazz_CD1_03/track
3482,-7.4190817,-6.288824,1 (Classical + Groove + Jazz),rwc___rwc_jazz_CD1_04/track
3483,-8.880207,-5.5749564,1 (Classical + Groove + Jazz),rwc___rwc_jazz_CD1_05/track
3484,-8.730572,-4.308724,1 (Classical + Groove + Jazz),rwc___rwc_jazz_CD1_06/track
3485,-12.881301,-2.7792134,1 (Classical + Groove + Jazz),rwc___rwc_jazz_CD1_07/track
3486,-12.378573,-3.374789,1 (Classical + Groove + Jazz),rwc___rwc_jazz_CD1_08/track
3487,-11.639981,-3.39629,1 (Classical + Groove + Jazz),rwc___rwc_jazz_CD1_09/track
3488,-11.590914,-3.1666071,1 (Classical + Groove + Jazz),rwc___rwc_jazz_CD1_10/track
3489,-10.781646,-4.2402635,1 (Classical + Groove + Jazz),rwc___rwc_jazz_CD1_11/track
3490,-10.564352,-4.9381056,1 (Classical + Groove + Jazz),rwc___rwc_jazz_CD1_12/track
3491,-9.467464,-3.399897,1 (Classical + Groove + Jazz),rwc___rwc_jazz_CD1_13/track
3492,-7.9640093,-4.901543,1 (Classical + Groove + Jazz),rwc___rwc_jazz_CD1_14/track
3493,-10.004483,-5.0969563,1 (Classical + Groove + Jazz),rwc___rwc_jazz_CD1_15/track
3494,-1.9162476,-3.6505618,3 (Jazz + Pop + Rock),rwc___rwc_jazz_CD2_01/track
3495,-13.492863,-2.527111,1 (Classical + Groove + Jazz),rwc___rwc_jazz_CD2_02/track
3496,-3.4589498,-2.924477,3 (Jazz + Pop + Rock),rwc___rwc_jazz_CD2_03/track
3497,-2.6092699,-3.854806,3 (Jazz + Pop + Rock),rwc___rwc_jazz_CD2_04/track
3498,-14.111673,-3.6238475,1 (Classical + Groove + Jazz),rwc___rwc_jazz_CD2_05/track
3499,-2.9049983,-3.8372924,3 (Jazz + Pop + Rock),rwc___rwc_jazz_CD2_06/track
3500,-9.446944,-2.028844,1 (Classical + Groove + Jazz),rwc___rwc_jazz_CD2_07/track
3501,-10.19946,-1.973755,1 (Classical + Groove + Jazz),rwc___rwc_jazz_CD2_08/track
3502,-3.8564074,-3.0815923,3 (Jazz + Pop + Rock),rwc___rwc_jazz_CD2_09/track
3503,-5.3861933,-2.286087,1 (Classical + Groove + Jazz),rwc___rwc_jazz_CD2_10/track
3504,3.9996762,-3.9922185,3 (Jazz + Pop + Rock),rwc___rwc_jazz_CD3_01/track
3505,-2.9285972,-0.15758343,3 (Jazz + Pop + Rock),rwc___rwc_jazz_CD3_02/track
3506,3.0353324,-2.2752423,3 (Jazz + Pop + Rock),rwc___rwc_jazz_CD3_03/track
3507,1.4148005,-2.1246588,3 (Jazz + Pop + Rock),rwc___rwc_jazz_CD3_04/track
3508,4.129889,-3.7419016,3 (Jazz + Pop + Rock),rwc___rwc_jazz_CD3_05/track
3509,-1.0094124,-3.6607563,3 (Jazz + Pop + Rock),rwc___rwc_jazz_CD3_06/track
3510,-4.2524734,-3.5555449,3 (Jazz + Pop + Rock),rwc___rwc_jazz_CD3_07/track
3511,-2.9382362,-3.2530572,3 (Jazz + Pop + Rock),rwc___rwc_jazz_CD3_08/track
3512,-2.7620564,-3.6912143,3 (Jazz + Pop + Rock),rwc___rwc_jazz_CD3_09/track
3513,-4.518537,-2.3967242,3 (Jazz + Pop + Rock),rwc___rwc_jazz_CD3_10/track
3514,3.9938514,-2.4110348,3 (Jazz + Pop + Rock),rwc___rwc_jazz_CD4_01/track
3515,-0.98953635,-3.8000412,3 (Jazz + Pop + Rock),rwc___rwc_jazz_CD4_02/track
3516,2.653224,-1.3792186,3 (Jazz + Pop + Rock),rwc___rwc_jazz_CD4_03/track
3517,4.951054,-2.3721006,3 (Jazz + Pop + Rock),rwc___rwc_jazz_CD4_04/track
3518,-2.6423557,-3.720197,3 (Jazz + Pop + Rock),rwc___rwc_jazz_CD4_05/track
3519,3.441252,-2.99842,3 (Jazz + Pop + Rock),rwc___rwc_jazz_CD4_06/track
3520,1.1007516,-3.3526542,3 (Jazz + Pop + Rock),rwc___rwc_jazz_CD4_07/track
3521,-0.5608067,-2.61659,3 (Jazz + Pop + Rock),rwc___rwc_jazz_CD4_08/track
3522,13.63062,1.4715549,2 (Pop + Rock + HJDB + Hip-Hop),rwc___rwc_jazz_CD4_09/track
3523,1.2681252,-1.8947786,3 (Jazz + Pop + Rock),rwc___rwc_jazz_CD4_10/track
3524,3.3386347,-2.2145767,3 (Jazz + Pop + Rock),rwc___rwc_jazz_CD4_11/track
3525,0.9053749,3.1289086,3 (Jazz + Pop + Rock),rwc___rwc_jazz_CD4_12/track
3526,12.643133,1.2057167,2 (Pop + Rock + HJDB + Hip-Hop),rwc___rwc_jazz_CD4_13/track
3527,15.385632,0.68471324,2 (Pop + Rock + HJDB + Hip-Hop),rwc___rwc_jazz_CD4_14/track
3528,-0.61103123,-4.0634465,3 (Jazz + Pop + Rock),rwc___rwc_jazz_CD4_15/track
3529,10.439189,1.4815359,2 (Pop + Rock + HJDB + Hip-Hop),rwc___rwc_popular_CD1_01/track
3530,-1.3901274,6.2713246,3 (Jazz + Pop + Rock),rwc___rwc_popular_CD1_02/track
3531,9.648472,1.3555441,2 (Pop + Rock + HJDB + Hip-Hop),rwc___rwc_popular_CD1_03/track
3532,2.8008807,3.9432101,3 (Jazz + Pop + Rock),rwc___rwc_popular_CD1_04/track
3533,11.069124,-0.6685923,2 (Pop + Rock + HJDB + Hip-Hop),rwc___rwc_popular_CD1_05/track
3534,11.942644,-0.3205459,2 (Pop + Rock + HJDB + Hip-Hop),rwc___rwc_popular_CD1_06/track
3535,15.247462,-1.1737417,2 (Pop + Rock + HJDB + Hip-Hop),rwc___rwc_popular_CD1_07/track
3536,12.951693,0.1166614,2 (Pop + Rock + HJDB + Hip-Hop),rwc___rwc_popular_CD1_08/track
3537,10.991935,-1.5408467,2 (Pop + Rock + HJDB + Hip-Hop),rwc___rwc_popular_CD1_09/track
3538,15.858272,-1.2407662,2 (Pop + Rock + HJDB + Hip-Hop),rwc___rwc_popular_CD1_10/track
3539,1.6487082,2.3869774,3 (Jazz + Pop + Rock),rwc___rwc_popular_CD1_11/track
3540,12.383091,-0.52139556,2 (Pop + Rock + HJDB + Hip-Hop),rwc___rwc_popular_CD1_12/track
3541,13.690162,-2.1524289,2 (Pop + Rock + HJDB + Hip-Hop),rwc___rwc_popular_CD1_13/track
3542,12.726367,0.057410467,2 (Pop + Rock + HJDB + Hip-Hop),rwc___rwc_popular_CD1_14/track
3543,16.619473,-0.43113863,2 (Pop + Rock + HJDB + Hip-Hop),rwc___rwc_popular_CD1_15/track
3544,14.862105,-0.28045732,2 (Pop + Rock + HJDB + Hip-Hop),rwc___rwc_popular_CD1_16/track
3545,9.593685,1.6944917,2 (Pop + Rock + HJDB + Hip-Hop),rwc___rwc_popular_CD2_01/track
3546,14.058186,-0.75714654,2 (Pop + Rock + HJDB + Hip-Hop),rwc___rwc_popular_CD2_02/track
3547,15.472378,-0.53629255,2 (Pop + Rock + HJDB + Hip-Hop),rwc___rwc_popular_CD2_03/track
3548,10.505346,1.793994,2 (Pop + Rock + HJDB + Hip-Hop),rwc___rwc_popular_CD2_04/track
3549,12.4338045,-0.8231083,2 (Pop + Rock + HJDB + Hip-Hop),rwc___rwc_popular_CD2_05/track
3550,11.866207,0.11144207,2 (Pop + Rock + HJDB + Hip-Hop),rwc___rwc_popular_CD2_06/track
3551,10.042281,0.09620357,2 (Pop + Rock + HJDB + Hip-Hop),rwc___rwc_popular_CD2_07/track
3552,13.20045,-0.8525452,2 (Pop + Rock + HJDB + Hip-Hop),rwc___rwc_popular_CD2_08/track
3553,2.9719338,3.8591158,3 (Jazz + Pop + Rock),rwc___rwc_popular_CD2_09/track
3554,14.090919,-0.11695213,2 (Pop + Rock + HJDB + Hip-Hop),rwc___rwc_popular_CD2_10/track
3555,-1.2069528,4.658768,3 (Jazz + Pop + Rock),rwc___rwc_popular_CD2_11/track
3556,9.933196,2.0689209,2 (Pop + Rock + HJDB + Hip-Hop),rwc___rwc_popular_CD2_12/track
3557,5.7788563,-0.20534052,3 (Jazz + Pop + Rock),rwc___rwc_popular_CD2_13/track
3558,7.481954,0.79009336,2 (Pop + Rock + HJDB + Hip-Hop),rwc___rwc_popular_CD2_14/track
3559,-1.2256445,2.9080226,3 (Jazz + Pop + Rock),rwc___rwc_popular_CD2_15/track
3560,11.296263,4.23079,2 (Pop + Rock + HJDB + Hip-Hop),rwc___rwc_popular_CD2_16/track
3561,10.486594,0.4811834,2 (Pop + Rock + HJDB + Hip-Hop),rwc___rwc_popular_CD3_01/track
3562,15.763073,-0.8799918,2 (Pop + Rock + HJDB + Hip-Hop),rwc___rwc_popular_CD3_02/track
3563,14.47483,0.008263579,2 (Pop + Rock + HJDB + Hip-Hop),rwc___rwc_popular_CD3_03/track
3564,14.40754,0.30422133,2 (Pop + Rock + HJDB + Hip-Hop),rwc___rwc_popular_CD3_04/track
3565,16.398884,-0.77183884,2 (Pop + Rock + HJDB + Hip-Hop),rwc___rwc_popular_CD3_05/track
3566,13.6209955,0.20850807,2 (Pop + Rock + HJDB + Hip-Hop),rwc___rwc_popular_CD3_06/track
3567,2.8969228,-1.1746961,3 (Jazz + Pop + Rock),rwc___rwc_popular_CD3_07/track
3568,15.105521,0.4331614,2 (Pop + Rock + HJDB + Hip-Hop),rwc___rwc_popular_CD3_08/track
3569,16.340923,0.17817059,2 (Pop + Rock + HJDB + Hip-Hop),rwc___rwc_popular_CD3_09/track
3570,10.584471,1.032585,2 (Pop + Rock + HJDB + Hip-Hop),rwc___rwc_popular_CD3_10/track
3571,12.890467,-1.2242957,2 (Pop + Rock + HJDB + Hip-Hop),rwc___rwc_popular_CD3_11/track
3572,2.7491283,1.7375035,3 (Jazz + Pop + Rock),rwc___rwc_popular_CD3_12/track
3573,11.580794,1.315722,2 (Pop + Rock + HJDB + Hip-Hop),rwc___rwc_popular_CD3_13/track
3574,10.861881,1.354757,2 (Pop + Rock + HJDB + Hip-Hop),rwc___rwc_popular_CD3_14/track
3575,13.404665,-0.46952263,2 (Pop + Rock + HJDB + Hip-Hop),rwc___rwc_popular_CD3_15/track
3576,8.483918,0.85486346,2 (Pop + Rock + HJDB + Hip-Hop),rwc___rwc_popular_CD3_16/track
3577,12.692357,-0.98308516,2 (Pop + Rock + HJDB + Hip-Hop),rwc___rwc_popular_CD4_01/track
3578,12.17302,-0.3968131,2 (Pop + Rock + HJDB + Hip-Hop),rwc___rwc_popular_CD4_02/track
3579,13.112921,-0.69796926,2 (Pop + Rock + HJDB + Hip-Hop),rwc___rwc_popular_CD4_03/track
3580,12.718425,1.26601,2 (Pop + Rock + HJDB + Hip-Hop),rwc___rwc_popular_CD4_04/track
3581,4.0853443,1.4600309,3 (Jazz + Pop + Rock),rwc___rwc_popular_CD4_05/track
3582,11.567991,1.8037833,2 (Pop + Rock + HJDB + Hip-Hop),rwc___rwc_popular_CD4_06/track
3583,10.320544,-3.200056,2 (Pop + Rock + HJDB + Hip-Hop),rwc___rwc_popular_CD4_07/track
3584,13.435601,-0.410908,2 (Pop + Rock + HJDB + Hip-Hop),rwc___rwc_popular_CD4_08/track
3585,6.9358354,-1.362723,2 (Pop + Rock + HJDB + Hip-Hop),rwc___rwc_popular_CD4_09/track
3586,12.095748,2.784291,2 (Pop + Rock + HJDB + Hip-Hop),rwc___rwc_popular_CD4_10/track
3587,2.4434175,-2.3443115,3 (Jazz + Pop + Rock),rwc___rwc_popular_CD4_11/track
3588,0.76619726,-2.539056,3 (Jazz + Pop + Rock),rwc___rwc_popular_CD4_12/track
3589,6.884986,2.5475562,2 (Pop + Rock + HJDB + Hip-Hop),rwc___rwc_popular_CD4_13/track
3590,4.9187636,3.9993956,3 (Jazz + Pop + Rock),rwc___rwc_popular_CD4_14/track
3591,2.0820966,-0.6263589,3 (Jazz + Pop + Rock),rwc___rwc_popular_CD4_15/track
3592,12.3163395,1.664429,2 (Pop + Rock + HJDB + Hip-Hop),rwc___rwc_popular_CD4_16/track
3593,11.99904,1.055241,2 (Pop + Rock + HJDB + Hip-Hop),rwc___rwc_popular_CD5_01/track
3594,1.333994,-0.09757906,3 (Jazz + Pop + Rock),rwc___rwc_popular_CD5_02/track
3595,-0.89752126,2.2926598,3 (Jazz + Pop + Rock),rwc___rwc_popular_CD5_03/track
3596,3.6250205,-0.3971438,3 (Jazz + Pop + Rock),rwc___rwc_popular_CD5_04/track
3597,4.830767,-1.3170472,3 (Jazz + Pop + Rock),rwc___rwc_popular_CD5_05/track
3598,4.296187,-0.7012876,3 (Jazz + Pop + Rock),rwc___rwc_popular_CD5_06/track
3599,10.500823,-1.1838356,2 (Pop + Rock + HJDB + Hip-Hop),rwc___rwc_popular_CD5_07/track
3600,0.20116805,-2.0169587,3 (Jazz + Pop + Rock),rwc___rwc_popular_CD5_08/track
3601,4.326439,-3.7100034,3 (Jazz + Pop + Rock),rwc___rwc_popular_CD5_09/track
3602,4.7466474,-1.7184411,3 (Jazz + Pop + Rock),rwc___rwc_popular_CD5_10/track
3603,2.6853197,-1.9611019,3 (Jazz + Pop + Rock),rwc___rwc_popular_CD5_11/track
3604,-3.2332335,-1.9586368,3 (Jazz + Pop + Rock),rwc___rwc_popular_CD5_12/track
3605,6.9633822,-1.3557985,2 (Pop + Rock + HJDB + Hip-Hop),rwc___rwc_popular_CD5_13/track
3606,3.5184786,2.0794466,3 (Jazz + Pop + Rock),rwc___rwc_popular_CD5_14/track
3607,2.5285475,-0.51891184,3 (Jazz + Pop + Rock),rwc___rwc_popular_CD5_15/track
3608,6.8535786,-1.3259836,2 (Pop + Rock + HJDB + Hip-Hop),rwc___rwc_popular_CD5_16/track
3609,5.0518756,1.3395278,3 (Jazz + Pop + Rock),rwc___rwc_popular_CD6_01/track
3610,15.236579,0.44354397,2 (Pop + Rock + HJDB + Hip-Hop),rwc___rwc_popular_CD6_02/track
3611,5.3186073,3.423754,3 (Jazz + Pop + Rock),rwc___rwc_popular_CD6_03/track
3612,14.159587,-0.75366133,2 (Pop + Rock + HJDB + Hip-Hop),rwc___rwc_popular_CD6_04/track
3613,10.335861,0.10086726,2 (Pop + Rock + HJDB + Hip-Hop),rwc___rwc_popular_CD6_05/track
3614,6.982757,-1.9661096,2 (Pop + Rock + HJDB + Hip-Hop),rwc___rwc_popular_CD6_06/track
3615,7.91952,-0.23641625,2 (Pop + Rock + HJDB + Hip-Hop),rwc___rwc_popular_CD6_07/track
3616,14.591826,1.3425257,2 (Pop + Rock + HJDB + Hip-Hop),rwc___rwc_popular_CD6_08/track
3617,8.479237,1.807843,2 (Pop + Rock + HJDB + Hip-Hop),rwc___rwc_popular_CD6_09/track
3618,14.39558,0.34941193,2 (Pop + Rock + HJDB + Hip-Hop),rwc___rwc_popular_CD6_10/track
3619,13.211759,-0.56724614,2 (Pop + Rock + HJDB + Hip-Hop),rwc___rwc_popular_CD7_01/track
3620,11.85044,0.7310151,2 (Pop + Rock + HJDB + Hip-Hop),rwc___rwc_popular_CD7_02/track
3621,13.299406,-1.1440027,2 (Pop + Rock + HJDB + Hip-Hop),rwc___rwc_popular_CD7_03/track
3622,7.819084,-1.0781715,2 (Pop + Rock + HJDB + Hip-Hop),rwc___rwc_popular_CD7_04/track
3623,14.893678,-0.646187,2 (Pop + Rock + HJDB + Hip-Hop),rwc___rwc_popular_CD7_05/track
3624,12.9596,1.2893692,2 (Pop + Rock + HJDB + Hip-Hop),rwc___rwc_popular_CD7_06/track
3625,8.648057,1.7207478,2 (Pop + Rock + HJDB + Hip-Hop),rwc___rwc_popular_CD7_07/track
3626,6.3194795,2.436015,2 (Pop + Rock + HJDB + Hip-Hop),rwc___rwc_popular_CD7_08/track
3627,3.6618643,-3.8862755,3 (Jazz + Pop + Rock),rwc___rwc_popular_CD7_09/track
3628,11.079865,1.0411779,2 (Pop + Rock + HJDB + Hip-Hop),rwc___rwc_popular_CD7_10/track
3629,3.1631,0.91860956,3 (Jazz + Pop + Rock),rwc___rwc_royalty-free_CD1_01/track
3630,2.0628507,1.1312699,3 (Jazz + Pop + Rock),rwc___rwc_royalty-free_CD1_02/track
3631,0.98226655,-3.6261392,3 (Jazz + Pop + Rock),rwc___rwc_royalty-free_CD1_03/track
3632,0.67711914,0.5416335,3 (Jazz + Pop + Rock),rwc___rwc_royalty-free_CD1_04/track
3633,5.0304418,0.8285743,3 (Jazz + Pop + Rock),rwc___rwc_royalty-free_CD1_05/track
3634,6.667973,4.847989,2 (Pop + Rock + HJDB + Hip-Hop),rwc___rwc_royalty-free_CD1_06/track
3635,0.7093248,5.4208736,3 (Jazz + Pop + Rock),rwc___rwc_royalty-free_CD1_07/track
3636,2.9570522,2.8158545,3 (Jazz + Pop + Rock),rwc___rwc_royalty-free_CD1_08/track
3637,4.0298023,-3.2366195,3 (Jazz + Pop + Rock),rwc___rwc_royalty-free_CD1_09/track
3638,2.106995,4.2138915,3 (Jazz + Pop + Rock),rwc___rwc_royalty-free_CD1_10/track
3639,5.0971713,-1.2820525,3 (Jazz + Pop + Rock),rwc___rwc_royalty-free_CD1_11/track
3640,12.360073,0.5743291,2 (Pop + Rock + HJDB + Hip-Hop),rwc___rwc_royalty-free_CD1_12/track
3641,4.7422853,-4.0096717,3 (Jazz + Pop + Rock),rwc___rwc_royalty-free_CD1_13/track
3642,11.60244,-0.15968397,2 (Pop + Rock + HJDB + Hip-Hop),rwc___rwc_royalty-free_CD1_14/track
3643,4.0836434,-4.15241,3 (Jazz + Pop + Rock),rwc___rwc_royalty-free_CD1_15/track
3644,-1.6291047,5.1955295,3 (Jazz + Pop + Rock),simac___simac_A_vida_me_fez_assim_01-Acalanto
3645,2.6611927,2.5812542,3 (Jazz + Pop + Rock),simac___simac_A_vida_me_fez_assim_02-Viver
3646,1.8828895,3.338732,3 (Jazz + Pop + Rock),simac___simac_A_vida_me_fez_assim_03-candeeiro
3647,2.0597405,2.3910408,3 (Jazz + Pop + Rock),simac___simac_A_vida_me_fez_assim_04-O_passar_dos_anos
3648,2.0957112,2.8584855,3 (Jazz + Pop + Rock),simac___simac_A_vida_me_fez_assim_05-Ja_era_(Palavra)
3649,0.60710627,2.2966793,3 (Jazz + Pop + Rock),simac___simac_A_vida_me_fez_assim_06-Peito_sangrando
3650,-1.7350781,1.6939198,3 (Jazz + Pop + Rock),simac___simac_A_vida_me_fez_assim_07-A_borboleta_e_o_passarinho
3651,2.5614154,3.0347314,3 (Jazz + Pop + Rock),simac___simac_A_vida_me_fez_assim_08-Pedro_e_Tereza
3652,4.211736,3.0416648,3 (Jazz + Pop + Rock),simac___simac_A_vida_me_fez_assim_09-Um_calo_de_estimacao
3653,1.3854655,3.2525759,3 (Jazz + Pop + Rock),simac___simac_A_vida_me_fez_assim_10-Sorri
3654,2.9898162,2.5249436,3 (Jazz + Pop + Rock),simac___simac_A_vida_me_fez_assim_11-Quantas_lagrimas
3655,-0.34021074,2.486296,3 (Jazz + Pop + Rock),simac___simac_A_vida_me_fez_assim_12-Lavoura
3656,2.7122674,1.976586,3 (Jazz + Pop + Rock),simac___simac_A_vida_me_fez_assim_13-Ana_agua_do_rio_A_vida_me_fez_assim
3657,1.4930482,4.7346964,3 (Jazz + Pop + Rock),simac___simac_A_vida_me_fez_assim_14-Embala_eu_Samba_de_roda
3658,2.4235365,2.0263343,3 (Jazz + Pop + Rock),simac___simac_A_vida_me_fez_assim_15-Portela
3659,0.68995965,-3.3437889,3 (Jazz + Pop + Rock),simac___simac_Albedo_0.39_01-Pulstar
3660,10.002889,2.9049194,2 (Pop + Rock + HJDB + Hip-Hop),simac___simac_Albedo_0.39_04-Main_Sequence
3661,0.06522667,-3.2143433,3 (Jazz + Pop + Rock),simac___simac_Albedo_0.39_06-Alpha
3662,7.657651,1.5889693,2 (Pop + Rock + HJDB + Hip-Hop),simac___simac_Alfagamabetizado_02-Pandeiro-Deiro
3663,3.3576808,3.0190256,3 (Jazz + Pop + Rock),simac___simac_Alfagamabetizado_03-Covered_Saints
3664,7.4371386,0.811558,2 (Pop + Rock + HJDB + Hip-Hop),simac___simac_Alfagamabetizado_04-Cumplicidade_de_Armario
3665,3.2101293,-1.9614766,3 (Jazz + Pop + Rock),simac___simac_Alfagamabetizado_05-Argila
3666,4.402366,4.773384,3 (Jazz + Pop + Rock),simac___simac_Alfagamabetizado_06-Tour
3667,6.4407415,1.3362879,2 (Pop + Rock + HJDB + Hip-Hop),simac___simac_Alfagamabetizado_07-Bog_La_Bag
3668,8.022819,0.8526434,2 (Pop + Rock + HJDB + Hip-Hop),simac___simac_Alfagamabetizado_08-O_Bode
3669,-1.4793795,2.1142883,3 (Jazz + Pop + Rock),simac___simac_Alfagamabetizado_09-Comunidade-Lobos
3670,-1.3176415,1.5288687,3 (Jazz + Pop + Rock),simac___simac_Alfagamabetizado_10-Frases_Ventias
3671,9.853849,-0.7036392,2 (Pop + Rock + HJDB + Hip-Hop),simac___simac_Alfagamabetizado_11-Quixabeira
3672,6.508351,2.3482945,2 (Pop + Rock + HJDB + Hip-Hop),simac___simac_Alfagamabetizado_12-Seo_Ze
3673,7.623941,2.2519236,2 (Pop + Rock + HJDB + Hip-Hop),simac___simac_Alfagamabetizado_13-Mares_de_Ti
3674,7.5032954,1.748529,2 (Pop + Rock + HJDB + Hip-Hop),simac___simac_Alfagamabetizado_14-Zanza
3675,6.8519497,2.2911808,2 (Pop + Rock + HJDB + Hip-Hop),simac___simac_Alfagamabetizado_15-A_Namorada
3676,5.7769885,2.1160562,3 (Jazz + Pop + Rock),simac___simac_Alfagamabetizado_16-Vanju_Concessa
3677,-10.440334,-6.6008997,1 (Classical + Groove + Jazz),simac___simac_Amber_01-Foil
3678,6.017404,5.387779,3 (Jazz + Pop + Rock),simac___simac_Amber_02-Montreal
3679,7.000031,-0.39982232,2 (Pop + Rock + HJDB + Hip-Hop),simac___simac_Amber_03-Silverside
3680,-0.63404983,2.9723976,3 (Jazz + Pop + Rock),simac___simac_Amber_04-Slip
3681,-4.1969733,-0.06609503,3 (Jazz + Pop + Rock),simac___simac_Amber_05-Glitch
3682,1.1828021,3.1930761,3 (Jazz + Pop + Rock),simac___simac_Amber_06-Piezo
3683,4.488307,-1.6711186,3 (Jazz + Pop + Rock),simac___simac_Amber_08-Further
3684,5.8994617,5.556821,3 (Jazz + Pop + Rock),simac___simac_Amber_10-Nil
3685,9.682275,-1.3859107,2 (Pop + Rock + HJDB + Hip-Hop),simac___simac_Amber_11-Teartear
3686,-4.02993,0.5605286,3 (Jazz + Pop + Rock),simac___simac_As_Time_Goes_By_01-as_time_goes_by
3687,-6.1482916,1.0381663,1 (Classical + Groove + Jazz),simac___simac_As_Time_Goes_By_02-manhattan
3688,-10.579781,-0.7811258,1 (Classical + Groove + Jazz),simac___simac_As_Time_Goes_By_03-blue_moon
3689,-11.599484,-0.25093326,1 (Classical + Groove + Jazz),simac___simac_As_Time_Goes_By_04-theres_a_small_hotel
3690,-6.887296,1.5170269,1 (Classical + Groove + Jazz),simac___simac_As_Time_Goes_By_06-therell_be_some_changes_made
3691,-10.783621,1.0841858,1 (Classical + Groove + Jazz),simac___simac_As_Time_Goes_By_09-this_funny_world
3692,-8.177942,0.44063783,1 (Classical + Groove + Jazz),simac___simac_As_Time_Goes_By_10-i_used_to_be_colourblind
3693,-12.1408415,-0.8037151,1 (Classical + Groove + Jazz),simac___simac_As_Time_Goes_By_11-spring_is_here
3694,-8.322255,0.4982849,1 (Classical + Groove + Jazz),simac___simac_As_Time_Goes_By_12-i_could_write_a_book
3695,-6.888168,0.7169344,1 (Classical + Groove + Jazz),simac___simac_As_time_goes_by_disk_2_01-The_lady_is_a_tramp
3696,-8.50116,1.1170039,1 (Classical + Groove + Jazz),simac___simac_As_time_goes_by_disk_2_02-Ive_got_five_dollars
3697,-2.722517,-1.7551761,3 (Jazz + Pop + Rock),simac___simac_As_time_goes_by_disk_2_04-Life_is_beautiful
3698,-11.314421,0.38763446,1 (Classical + Groove + Jazz),simac___simac_As_time_goes_by_disk_2_06-You_took_advantage_on_me
3699,-11.441536,-0.7474653,1 (Classical + Groove + Jazz),simac___simac_As_time_goes_by_disk_2_08-My_romance
3700,-8.633699,1.1497582,1 (Classical + Groove + Jazz),simac___simac_As_time_goes_by_disk_2_11-Mountain_greenery
3701,-5.3666296,-1.9153689,1 (Classical + Groove + Jazz),simac___simac_As_time_goes_by_disk_2_13-Experiment
3702,-11.22958,-0.990772,1 (Classical + Groove + Jazz),simac___simac_As_time_goes_by_disk_2_14-Isntit_romantic
3703,7.3557043,-0.7144451,2 (Pop + Rock + HJDB + Hip-Hop),simac___simac_As_time_goes_by_disk_3_01-One
3704,-8.782207,0.7606145,1 (Classical + Groove + Jazz),simac___simac_As_time_goes_by_disk_3_02-I_wish_I_were_in_love_again
3705,-10.183752,2.533858,1 (Classical + Groove + Jazz),simac___simac_As_time_goes_by_disk_3_05-This_cant_be_love
3706,-5.241432,-1.5255592,1 (Classical + Groove + Jazz),simac___simac_As_time_goes_by_disk_3_06-Mr._Magic
3707,-15.157327,-1.6027068,1 (Classical + Groove + Jazz),simac___simac_As_time_goes_by_disk_3_07-Lover
3708,-8.396129,1.2359681,1 (Classical + Groove + Jazz),simac___simac_As_time_goes_by_disk_3_08-Have_you_et_Miss_Jones
3709,-3.0523531,0.2517499,3 (Jazz + Pop + Rock),simac___simac_As_time_goes_by_disk_3_09-All_mine
3710,-0.6532888,0.44067124,3 (Jazz + Pop + Rock),simac___simac_As_time_goes_by_disk_3_10-Bridges
3711,-14.894563,-2.368894,1 (Classical + Groove + Jazz),simac___simac_As_time_goes_by_disk_3_11-You_swell
3712,-11.452294,0.3489238,1 (Classical + Groove + Jazz),simac___simac_As_time_goes_by_disk_3_12-My_heart_stood_still
3713,-10.296239,1.550635,1 (Classical + Groove + Jazz),simac___simac_As_time_goes_by_disk_3_13-The_most_beautiful_girl_in_the_world
3714,-12.551589,-5.0763288,1 (Classical + Groove + Jazz),simac___simac_BACH_WTC_01-Prelude_and_Fugue_No._1_in_C_major_BWV_870_-_1._Praeludium
3715,-9.83188,-4.395323,1 (Classical + Groove + Jazz),simac___simac_BACH_WTC_02-Prelude_and_Fugue_No._1_in_C_major_BWV_870_-_2._Fuga
3716,-9.84712,-5.0513535,1 (Classical + Groove + Jazz),simac___simac_BACH_WTC_03-Prelude_and_Fugue_No._2_in_C_minor_BWV_871_-_1._Praeludium
3717,-13.507896,-4.2404075,1 (Classical + Groove + Jazz),simac___simac_BACH_WTC_04-Prelude_and_Fugue_No._2_in_C_minor_BWV_871_-_2._Fuga
3718,-13.806815,-4.5967097,1 (Classical + Groove + Jazz),simac___simac_BACH_WTC_05-Prelude_and_Fugue_No._3_in_C-sharp_major_BWV_872_-_1._Praeludium
3719,-14.636555,-2.9557676,1 (Classical + Groove + Jazz),simac___simac_BACH_WTC_06-Prelude_and_Fugue_No._3_in_C-sharp_major_BWV_872_-_2._Fuga
3720,-16.569185,-4.2387047,1 (Classical + Groove + Jazz),simac___simac_Bach_Bach_-_BWV_639_-_Ich_ruf_zu_dir_Herr_Jesu_Christ
3721,-8.197562,-4.7854996,1 (Classical + Groove + Jazz),simac___simac_Bach_Bach_-_Cello_suite_1_G_-_01_Prelude
3722,-9.263976,-3.6394436,1 (Classical + Groove + Jazz),simac___simac_Bach_Bach_-_Cello_suite_1_G_-_03_Courante
3723,-9.568168,-3.8075135,1 (Classical + Groove + Jazz),simac___simac_Bach_Bach_-_Cello_suite_2_d_-_01_Prelude
3724,-8.828022,-5.538826,1 (Classical + Groove + Jazz),simac___simac_Bach_The_Well-Tempered_Clavier_II_(Disc_1)_08-Prelude_and_Fugue_No._4_in_C-sharp_minor_BWV_873_-_2._Fuga
3725,-10.586835,-2.7076232,1 (Classical + Groove + Jazz),simac___simac_Bach_The_Well-Tempered_Clavier_II_(Disc_1)_09-Prelude_and_Fugue_No._5_in_D_major_BWV_874_-_1._Praeludium
3726,-11.453403,-4.4127903,1 (Classical + Groove + Jazz),simac___simac_Bach_The_Well-Tempered_Clavier_II_(Disc_1)_10-Prelude_and_Fugue_No._5_in_D_major_BWV_874_-_2._Fuga
3727,-9.809787,-4.437544,1 (Classical + Groove + Jazz),simac___simac_Bach_The_Well-Tempered_Clavier_II_(Disc_1)_11-Prelude_and_Fugue_No._6_in_D_minor_BWV_875_-_1._Praeludium
3728,-9.928645,-5.1276717,1 (Classical + Groove + Jazz),simac___simac_Bach_The_Well-Tempered_Clavier_II_(Disc_1)_12-Prelude_and_Fugue_No._6_in_D_minor_BWV_875_-_2._Fuga
3729,-9.756429,-4.438355,1 (Classical + Groove + Jazz),simac___simac_Bach_The_Well-Tempered_Clavier_II_(Disc_1)_14-Prelude_and_Fugue_No._7_in_E-flat_major_BWV_876_-_2._Fuga
3730,-8.950022,-4.9872236,1 (Classical + Groove + Jazz),simac___simac_Bach_The_Well-Tempered_Clavier_II_(Disc_1)_15-Prelude_and_Fugue_No._8_in_D-sharp_minor_BWV_877_-_1._Praeludium
3731,-9.464174,-5.4202495,1 (Classical + Groove + Jazz),simac___simac_Bach_The_Well-Tempered_Clavier_II_(Disc_1)_16-Prelude_and_Fugue_No._8_in_D-sharp_minor_BWV_877_-_2._Fuga
3732,-12.825952,-3.9103088,1 (Classical + Groove + Jazz),simac___simac_Bach_The_Well-Tempered_Clavier_II_(Disc_1)_17-Prelude_and_Fugue_No._9_in_E_major_BWV_878_-_1._Praeludium
3733,-9.214081,-5.1827965,1 (Classical + Groove + Jazz),simac___simac_Bach_The_Well-Tempered_Clavier_II_(Disc_1)_18-Prelude_and_Fugue_No._9_in_E_major_BWV_878_-_2._Fuga
3734,-9.831322,-5.397755,1 (Classical + Groove + Jazz),simac___simac_Bach_The_Well-Tempered_Clavier_II_(Disc_1)_19-Prelude_and_Fugue_No._10_in_E_minor_BWV_879_-_1._Praeludium
3735,-9.570618,-4.947289,1 (Classical + Groove + Jazz),simac___simac_Bach_The_Well-Tempered_Clavier_II_(Disc_1)_20-Prelude_and_Fugue_No._10_in_E_minor_BWV_879_-_2._Fuga
3736,-11.423422,-4.986289,1 (Classical + Groove + Jazz),simac___simac_Bach_The_Well-Tempered_Clavier_II_(Disc_1)_21-Prelude_and_Fugue_No._11_in_F_major_BWV_880_-_1._Praeludium
3737,-10.507495,-5.014202,1 (Classical + Groove + Jazz),simac___simac_Bach_The_Well-Tempered_Clavier_II_(Disc_1)_22-Prelude_and_Fugue_No._11_in_F_major_BWV_880_-_2._Fuga
3738,-13.288434,-4.7000318,1 (Classical + Groove + Jazz),simac___simac_Bach_The_Well-Tempered_Clavier_II_(Disc_1)_23-Prelude_and_Fugue_No._12_in_F_minor_BWV_881_-_1._Praeludium
3739,-9.027779,-5.20751,1 (Classical + Groove + Jazz),simac___simac_Bach_The_Well-Tempered_Clavier_II_(Disc_1)_24-Prelude_and_Fugue_No._12_in_F_minor_BWV_881_-_2._Fuga
3740,-12.055875,-5.1291175,1 (Classical + Groove + Jazz),simac___simac_Bach_The_Well-Tempered_Clavier_II_(Disc_2)_01-Prelude_and_Fugue_No._13_F-sharp_major_BWV_882_-_1._Praeludium
3741,-8.748452,-5.3805037,1 (Classical + Groove + Jazz),simac___simac_Bach_The_Well-Tempered_Clavier_II_(Disc_2)_02-Prelude_and_Fugue_No._13_F-sharp_major_BWV_882_-_2._Fuga
3742,-13.163027,-4.445917,1 (Classical + Groove + Jazz),simac___simac_Bach_The_Well-Tempered_Clavier_II_(Disc_2)_03-Prelude_and_Fugue_No._14_F-sharp_minor_BWV_883_-_1._Praeludium
3743,-9.066816,-4.8265643,1 (Classical + Groove + Jazz),simac___simac_Bach_The_Well-Tempered_Clavier_II_(Disc_2)_04-Prelude_and_Fugue_No._14_F-sharp_minor_BWV_883_-_2._Fuga
3744,-9.651691,-5.6927724,1 (Classical + Groove + Jazz),simac___simac_Bach_The_Well-Tempered_Clavier_II_(Disc_2)_05-Prelude_and_Fugue_No._15_G_major_BWV_884_-_1._Praeludium
3745,-14.620444,-4.0424423,1 (Classical + Groove + Jazz),simac___simac_Bach_The_Well-Tempered_Clavier_II_(Disc_2)_07-Prelude_and_Fugue_No._16_G_minor_BWV_885_-_1._Praeludium
3746,-9.366373,-5.0847635,1 (Classical + Groove + Jazz),simac___simac_Bach_The_Well-Tempered_Clavier_II_(Disc_2)_08-Prelude_and_Fugue_No._16_G_minor_BWV_885_-_2._Fuga
3747,-9.203058,-5.4520216,1 (Classical + Groove + Jazz),simac___simac_Bach_The_Well-Tempered_Clavier_II_(Disc_2)_09-Prelude_and_Fugue_No._17_A-flat_major_BWV_886_-_1._Praeludium
3748,-9.624513,-5.4254174,1 (Classical + Groove + Jazz),simac___simac_Bach_The_Well-Tempered_Clavier_II_(Disc_2)_10-Prelude_and_Fugue_No._17_A-flats_major_BWV_886_-_2._Fuga
3749,-12.093433,-4.4510393,1 (Classical + Groove + Jazz),simac___simac_Bach_The_Well-Tempered_Clavier_II_(Disc_2)_12-Prelude_and_Fugue_No._18_G-sharp_minor_BWV_887_-_2._Fuga
3750,-10.050553,-5.109754,1 (Classical + Groove + Jazz),simac___simac_Bach_The_Well-Tempered_Clavier_II_(Disc_2)_13-Prelude_and_Fugue_No._19_A_major_BWV_888_-_1._Praeludium
3751,-7.81926,-5.901647,1 (Classical + Groove + Jazz),simac___simac_Bach_The_Well-Tempered_Clavier_II_(Disc_2)_14-Prelude_and_Fugue_No._19_A_major_BWV_888_-_2._Fuga
3752,-11.820667,-4.8997374,1 (Classical + Groove + Jazz),simac___simac_Bach_The_Well-Tempered_Clavier_II_(Disc_2)_15-Prelude_and_Fugue_No._20_A_minor_BWV_889_-_1._Praeludium
3753,-9.252346,-5.192227,1 (Classical + Groove + Jazz),simac___simac_Bach_The_Well-Tempered_Clavier_II_(Disc_2)_16-Prelude_and_Fugue_No._20_A_minor_BWV_889_-_2._Fuga
3754,-10.931104,-5.1679616,1 (Classical + Groove + Jazz),simac___simac_Bach_The_Well-Tempered_Clavier_II_(Disc_2)_18-Prelude_and_Fugue_No._21_B-flat_major_BWV_890_-_2._Fuga
3755,-9.897196,-5.6416144,1 (Classical + Groove + Jazz),simac___simac_Bach_The_Well-Tempered_Clavier_II_(Disc_2)_19-Prelude_and_Fugue_No._22_B-flat_minor_BWV_891_-_1._Praeludium
3756,-10.095545,-4.0881453,1 (Classical + Groove + Jazz),simac___simac_Bach_The_Well-Tempered_Clavier_II_(Disc_2)_20-Prelude_and_Fugue_No._22_B-flat_minor_BWV_891_-_2._Fuga
3757,-11.095079,-5.0826917,1 (Classical + Groove + Jazz),simac___simac_Bach_The_Well-Tempered_Clavier_II_(Disc_2)_21-Prelude_and_Fugue_No._23_B_major_BWV_892_-_1._Praeludium
3758,-10.071731,-5.52187,1 (Classical + Groove + Jazz),simac___simac_Bach_The_Well-Tempered_Clavier_II_(Disc_2)_22-Prelude_and_Fugue_No._23_B_major_BWV_892_-_2._Fuga
3759,-10.186434,-5.1223903,1 (Classical + Groove + Jazz),simac___simac_Bach_The_Well-Tempered_Clavier_II_(Disc_2)_23-Prelude_and_Fugue_No._24_B_minor_BWV_893_-_1._Praeludium
3760,-9.973143,-2.1256783,1 (Classical + Groove + Jazz),simac___simac_Beethoven_-_The_String_Quartets_#1_01-F_major_op._18_no._1_-_Allegro_con_brio
3761,-6.765202,0.53435564,1 (Classical + Groove + Jazz),simac___simac_Beethoven_-_The_String_Quartets_#1_03-F_major_op._18_no._1_-_Scherzo._Allegro_molto
3762,-7.964287,-1.7262251,1 (Classical + Groove + Jazz),simac___simac_Beethoven_-_The_String_Quartets_#1_04-F_major_op._18_no._1_-_Allegro
3763,-8.916455,0.50240874,1 (Classical + Groove + Jazz),simac___simac_Beethoven_-_The_String_Quartets_#1_05-G_major_op._18_no._2_-_Allegro
3764,-7.555292,0.18996735,1 (Classical + Groove + Jazz),simac___simac_Beethoven_-_The_String_Quartets_#1_07-G_major_op._18_no._2_-_Scherzo._Allegro
3765,-9.421916,-0.8159517,1 (Classical + Groove + Jazz),simac___simac_Beethoven_-_The_String_Quartets_#1_08-G_major_op._18_no._2_-_Allegro_molto_quasi_Presto
3766,-9.815975,-0.40325487,1 (Classical + Groove + Jazz),simac___simac_Beethoven_-_The_String_Quartets_#1_09-D_major_op._18_no._3_-_Allegro
3767,-11.58884,-0.61767346,1 (Classical + Groove + Jazz),simac___simac_Beethoven_-_The_String_Quartets_#1_10-D_major_op._18_no._3_-_Andante_con_moto
3768,-8.464867,-1.7666783,1 (Classical + Groove + Jazz),simac___simac_Beethoven_-_The_String_Quartets_#1_12-D_major_op._18_no._3_-_Presto
3769,-8.898634,0.40715045,1 (Classical + Groove + Jazz),simac___simac_Beethoven_The_String_Quartets_-_CD_3_01-String_Quartet_No_7_Op_59_No_1_-_I_Allegro
3770,-9.168925,0.8726393,1 (Classical + Groove + Jazz),simac___simac_Beethoven_The_String_Quartets_-_CD_3_02-II_Allegretto_vivace_e_sempre_scherzando
3771,-6.6926994,-0.28749824,1 (Classical + Groove + Jazz),simac___simac_Beethoven_The_String_Quartets_-_CD_3_04-IV_Theme_russe-_Allegro
3772,-8.552843,0.6903711,1 (Classical + Groove + Jazz),simac___simac_Beethoven_The_String_Quartets_-_CD_3_07-III_Allegretto_-_Maggiore_(Theme_russe)
3773,-7.939913,-1.8526018,1 (Classical + Groove + Jazz),simac___simac_Beethoven_The_String_Quartets_-_CD_3_08-IV_Finale-_Presto
3774,-9.47481,-2.9222667,1 (Classical + Groove + Jazz),simac___simac_Bela_Bartok_01-The_Miraculous_Mandarin_1.1_Allegro_1.2_Curtain
3775,-14.634886,-3.5089521,1 (Classical + Groove + Jazz),simac___simac_Bela_Bartok_02-The_Miraculous_Mandarin_2_1st_Decoy_Game
3776,-15.939918,-3.5797694,1 (Classical + Groove + Jazz),simac___simac_Bela_Bartok_03-The_Miraculous_Mandarin_3_2nd_Decoy_Game
3777,-13.614448,-2.7738965,1 (Classical + Groove + Jazz),simac___simac_Bela_Bartok_05-The_Miraculous_Mandarin_5.1_Maestoso_5.2_Allegro
3778,-13.861412,-2.7722983,1 (Classical + Groove + Jazz),simac___simac_Bela_Bartok_06-The_Miraculous_Mandarin_6.1_Sempre_vivo_6.2_Adagio
3779,-16.742634,-3.5778108,1 (Classical + Groove + Jazz),simac___simac_Bela_Bartok_07-The_Miraculous_Mandarin_7.1_Agitato_7.2_Molto_moderato
3780,-4.1667414,-3.591971,3 (Jazz + Pop + Rock),simac___simac_Bela_Bartok_09-Music_for_Strings_Percussion_and_Celesta_I_Andante_tranquillo
3781,-10.376131,-4.0333467,1 (Classical + Groove + Jazz),simac___simac_Bela_Bartok_11-Music_for_Strings_Percussion_and_Celesta_III_Adagio
3782,-15.51115,-2.8675213,1 (Classical + Groove + Jazz),simac___simac_Bernstein_conducts_Stravinsky_01-Introduction_Part_1-_The_adoration_of_the_earth_
3783,-16.577982,-4.0234556,1 (Classical + Groove + Jazz),simac___simac_Bernstein_conducts_Stravinsky_02-The_augurs_of_spring
3784,-9.558721,0.42331302,1 (Classical + Groove + Jazz),simac___simac_Bernstein_conducts_Stravinsky_04-Spring_round_dances
3785,-2.575087,-0.8655262,3 (Jazz + Pop + Rock),simac___simac_Bernstein_conducts_Stravinsky_05-Games_of_the_rival_tribes
3786,4.030483,4.0265355,3 (Jazz + Pop + Rock),simac___simac_Bernstein_conducts_Stravinsky_06-Procession_of_the_wise_elder
3787,-4.669437,-3.0943496,3 (Jazz + Pop + Rock),simac___simac_Bernstein_conducts_Stravinsky_08-Dance_of_the_earth
3788,-16.843828,-4.2394724,1 (Classical + Groove + Jazz),simac___simac_Bernstein_conducts_Stravinsky_10-Mystical_circles_of_the_young_girls
3789,-4.4015994,-0.7076032,3 (Jazz + Pop + Rock),simac___simac_Bernstein_conducts_Stravinsky_11-Glorfication_of_the_chosen_victim
3790,-15.451327,-2.741239,1 (Classical + Groove + Jazz),simac___simac_Bernstein_conducts_Stravinsky_12-Summoning_of_the_ancestors
3791,4.3263097,-2.1466222,3 (Jazz + Pop + Rock),simac___simac_Bernstein_conducts_Stravinsky_14-Sacrifical_dance-_the_chosen_victim
3792,-0.45492238,-1.2644141,3 (Jazz + Pop + Rock),simac___simac_Bernstein_conducts_Stravinsky_15-Petrouchka_scene_1_-_The_shrovetide_fair
3793,-13.40486,0.45753223,1 (Classical + Groove + Jazz),simac___simac_Bernstein_conducts_Stravinsky_16-Legerdemain_scene-_Russian_danse
3794,-16.204712,-3.39455,1 (Classical + Groove + Jazz),simac___simac_Bernstein_conducts_Stravinsky_17-Scene_2-_Petrushka_s_room
3795,-16.757137,-3.7818012,1 (Classical + Groove + Jazz),simac___simac_Bernstein_conducts_Stravinsky_19-Waltz_ballerina_and_the_moor
3796,-7.2986135,0.54312205,1 (Classical + Groove + Jazz),simac___simac_Bernstein_conducts_Stravinsky_20-Scene_4-_The_Shrovetie_fair_toward_evening_
3797,-14.8232765,-1.5314913,1 (Classical + Groove + Jazz),simac___simac_Bernstein_conducts_Stravinsky_21-Danse_of_the_nursemaids
3798,-16.665924,-4.1723747,1 (Classical + Groove + Jazz),simac___simac_Bernstein_conducts_Stravinsky_22-The_bear_and_the_peasant
3799,-3.0493422,-3.7665007,3 (Jazz + Pop + Rock),simac___simac_Bernstein_conducts_Stravinsky_23-The_jovial_merchant_with_two_gypsy_girls
3800,-8.003099,2.1052935,1 (Classical + Groove + Jazz),simac___simac_Bernstein_conducts_Stravinsky_24-Danse_of_the_coachmen_and_grooms
3801,-2.1099238,-0.70342946,3 (Jazz + Pop + Rock),simac___simac_Bernstein_conducts_Stravinsky_25-The_masqueraders
3802,-8.501692,-3.9205744,1 (Classical + Groove + Jazz),simac___simac_Billie_Holiday_CD1_01-Summertime
3803,-9.077405,-4.5774207,1 (Classical + Groove + Jazz),simac___simac_Billie_Holiday_CD1_02-Carelessly
3804,-9.902998,-4.5970006,1 (Classical + Groove + Jazz),simac___simac_Billie_Holiday_CD1_06-Who_loves_you
3805,-9.360352,-4.3258357,1 (Classical + Groove + Jazz),simac___simac_Billie_Holiday_CD1_09-Lets_call_a_heart_to_heart
3806,-8.434839,-1.9943794,1 (Classical + Groove + Jazz),simac___simac_Billie_Holiday_CD1_14-Loverman
3807,-1.3138722,-1.3194922,3 (Jazz + Pop + Rock),simac___simac_Cafe_Zimmermann_01-3e_Concert_Brandebourgeois_en_sol_majeur_BWV_1048_-_Allegro_-_Adagio
3808,-1.1609778,-0.5738945,3 (Jazz + Pop + Rock),simac___simac_Cafe_Zimmermann_02-3e_Concert_Brandebourgeois_en_sol_majeur_BWV_1048_-_Allegro
3809,-0.5187164,-1.3163437,3 (Jazz + Pop + Rock),simac___simac_Cafe_Zimmermann_03-Concerto_pour_deux_violons_&_cordes_en_r_mineur_BWV_1043_-_Vivace
3810,-6.2711554,-2.1691346,1 (Classical + Groove + Jazz),simac___simac_Cafe_Zimmermann_04-Concerto_pour_deux_violons_&_cordes_en_r_mineur_BWV_1043_-_Largo_ma_non_tanto
3811,-1.0454707,-1.1839931,3 (Jazz + Pop + Rock),simac___simac_Cafe_Zimmermann_05-Concerto_pour_deux_violons_&_cordes_en_r_mineur_BWV_1043_-_Allegro
3812,-1.6646693,-1.399115,3 (Jazz + Pop + Rock),simac___simac_Cafe_Zimmermann_06-Suite_en_ut_majeur_BWV_1066_-_Ouverture
3813,-2.7065778,-0.71974343,3 (Jazz + Pop + Rock),simac___simac_Cafe_Zimmermann_07-Suite_en_ut_majeur_BWV_1066_-_Courante
3814,-1.4795355,-1.7843735,3 (Jazz + Pop + Rock),simac___simac_Cafe_Zimmermann_08-Suite_en_ut_majeur_BWV_1066_-_OuvertureGavottes_I_&_II
3815,-0.7845569,-1.3967749,3 (Jazz + Pop + Rock),simac___simac_Cafe_Zimmermann_09-Suite_en_ut_majeur_BWV_1066_-_Forlane
3816,-2.4696426,-1.9222585,3 (Jazz + Pop + Rock),simac___simac_Cafe_Zimmermann_10-Suite_en_ut_majeur_BWV_1066_-_Menuets_I_&_II
3817,-0.98138034,-0.9409411,3 (Jazz + Pop + Rock),simac___simac_Cafe_Zimmermann_11-Suite_en_ut_majeur_BWV_1066_-_Bourres_I_&_II
3818,-1.7087603,-0.8984952,3 (Jazz + Pop + Rock),simac___simac_Cafe_Zimmermann_13-Concerto_pour_hautbois_&_violon_en_ut_mineur_BWV_1060_-_Allegro
3819,-7.0997725,-2.0619674,1 (Classical + Groove + Jazz),simac___simac_Cafe_Zimmermann_14-Concerto_pour_hautbois_&_violon_en_ut_mineur_BWV_1060_-_Adagio
3820,-1.4306437,-0.9253026,3 (Jazz + Pop + Rock),simac___simac_Cafe_Zimmermann_15-Concerto_pour_hautbois_&_violon_en_ut_mineur_BWV_1060_-_Allegro
3821,-0.04506703,2.270744,3 (Jazz + Pop + Rock),simac___simac_Chopin_Piano_Concerto_No._1_etc_01-I_Allegro_maestoso_risoluto
3822,-7.0889974,-1.4865218,1 (Classical + Groove + Jazz),simac___simac_Chopin_Piano_Concerto_No._1_etc_03-III_Rondo_(Vivace)
3823,6.8763833,1.2139456,2 (Pop + Rock + HJDB + Hip-Hop),simac___simac_Clandestino_-_esperando_la_ultima_ola_01-Clandestino
3824,3.9461203,3.4933262,3 (Jazz + Pop + Rock),simac___simac_Clandestino_-_esperando_la_ultima_ola_02-Desaparecido
3825,1.1096972,2.532153,3 (Jazz + Pop + Rock),simac___simac_Clandestino_-_esperando_la_ultima_ola_03-Bongo_bong
3826,0.9774919,2.2504764,3 (Jazz + Pop + Rock),simac___simac_Clandestino_-_esperando_la_ultima_ola_04-Je_ne_t_aime_plus
3827,6.7176523,0.7414742,2 (Pop + Rock + HJDB + Hip-Hop),simac___simac_Clandestino_-_esperando_la_ultima_ola_05-Mentira
3828,7.1034713,0.6769193,2 (Pop + Rock + HJDB + Hip-Hop),simac___simac_Clandestino_-_esperando_la_ultima_ola_06-Lagrimas_de_oro
3829,-15.719125,-3.4220273,1 (Classical + Groove + Jazz),simac___simac_Classic_Borodin_-_String_quartet_2_D_01
3830,-13.17997,-2.9560215,1 (Classical + Groove + Jazz),simac___simac_Classic_Pergolesi_-_Stabat_Mater_01
3831,-7.0608063,0.8980611,1 (Classical + Groove + Jazz),simac___simac_Classic_Pergolesi_-_Stabat_Mater_02
3832,-11.744684,-0.51915747,1 (Classical + Groove + Jazz),simac___simac_Classic_Track_01
3833,-8.232315,-3.9784844,1 (Classical + Groove + Jazz),simac___simac_Classic_Track_04
3834,-6.259781,-2.690877,1 (Classical + Groove + Jazz),simac___simac_Classic_Vivaldi_-_Stabat_Mater_01
3835,-4.8152122,-3.855666,1 (Classical + Groove + Jazz),simac___simac_Classic_Vivaldi_-_Stabat_Mater_09
3836,-11.131693,0.38354224,1 (Classical + Groove + Jazz),simac___simac_Concert_01-Concerto_en_La_Majeur_pour_deux_Violons_A_Scordatura_et_basse_continue._Affetuoso
3837,-4.648732,-1.5699744,3 (Jazz + Pop + Rock),simac___simac_Concert_02-2._Vivace
3838,-4.369817,-0.98123044,3 (Jazz + Pop + Rock),simac___simac_Concert_04-4._Bourre
3839,-7.6197214,3.777614,1 (Classical + Groove + Jazz),simac___simac_Concert_06-2._Allegro
3840,-7.993186,3.6495879,1 (Classical + Groove + Jazz),simac___simac_Concert_08-4._Allegro
3841,-9.147852,-1.2640578,1 (Classical + Groove + Jazz),simac___simac_Concert_11-3._Dolce
3842,-5.946515,-2.0357842,1 (Classical + Groove + Jazz),simac___simac_Concert_12-4._Allegro
3843,-5.366247,-2.0577726,1 (Classical + Groove + Jazz),simac___simac_Concert_13-Concero_en_Sol_Mineur_pour_flute_a_bec_violons_et_basse_continue._Allegro
3844,-3.8778732,-1.1962233,3 (Jazz + Pop + Rock),simac___simac_Concert_15-3._Bourre
3845,-5.782178,-1.7329526,1 (Classical + Groove + Jazz),simac___simac_Concert_16-4._Menuet
3846,-7.674786,3.6717846,1 (Classical + Groove + Jazz),simac___simac_Concert_18-2._Allegro
3847,-14.356563,0.7598201,1 (Classical + Groove + Jazz),simac___simac_Concert_19-3._Largo_e_staccato
3848,-4.9624867,2.581997,3 (Jazz + Pop + Rock),simac___simac_Concert_22-2._Allegro
3849,-6.1546617,-2.330195,1 (Classical + Groove + Jazz),simac___simac_Concert_24-4._Presto
3850,-6.467489,-3.4688993,1 (Classical + Groove + Jazz),simac___simac_DGG_419_047-2_02-Toccata_u._Fuge_d-moll_BWV_565_-_II_Fuge
3851,-5.0768566,-3.2132592,1 (Classical + Groove + Jazz),simac___simac_DGG_419_047-2_03-Praludium_u._Fuge_f-moll_BWV_534_-_I_Praludium
3852,-4.5068727,-3.7174034,3 (Jazz + Pop + Rock),simac___simac_DGG_419_047-2_04-Praludium_u._Fuge_f-moll_BWV_534_-_II_Fuge
3853,-0.69692177,-0.4221164,3 (Jazz + Pop + Rock),simac___simac_DGG_419_047-2_06-Fantasie_u._Fuge_g-moll_BWV_542_-_II_Fuge
3854,-15.012014,-3.1373312,1 (Classical + Groove + Jazz),simac___simac_DGG_419_047-2_08-Toccata_Adagio_u._Fuge_C-dur_BWV_564_-_II_Adagio
3855,-2.6056888,-2.1593192,3 (Jazz + Pop + Rock),simac___simac_DGG_419_047-2_09-Toccata_Adagio_u._Fuge_C-dur_BWV_564_-_III_Fuge
3856,-8.837694,-3.9566724,1 (Classical + Groove + Jazz),simac___simac_DGG_419_047-2_10-Triosonate_Nr._1_Es-Dur_BWV_525_-_I_(Allegro)
3857,-13.344331,-5.2978053,1 (Classical + Groove + Jazz),simac___simac_DGG_419_047-2_11-Triosonate_Nr._1_Es-Dur_BWV_525_-_II_Adagio
3858,-4.299899,-3.6153328,3 (Jazz + Pop + Rock),simac___simac_DGG_419_047-2_12-Triosonate_Nr._1_Es-Dur_BWV_525_-_III_Allegro
3859,-8.86346,-5.6657195,1 (Classical + Groove + Jazz),simac___simac_Ella_&_Louis_01-Its_Only_A_Paper_Moon
3860,-6.9586616,-5.2460585,1 (Classical + Groove + Jazz),simac___simac_Ella_&_Louis_02-We_Cant_Go_On_This_Way
3861,-4.3798604,0.034961205,3 (Jazz + Pop + Rock),simac___simac_Ella_&_Louis_03-A_Tisket-A_Tasket
3862,-6.3651843,-1.0344664,1 (Classical + Groove + Jazz),simac___simac_Ella_&_Louis_04-Sing_Song_Swing
3863,-8.566405,-3.8785899,1 (Classical + Groove + Jazz),simac___simac_Ella_&_Louis_05-Youll_Have_To_Swing_It
3864,-9.227559,-4.682867,1 (Classical + Groove + Jazz),simac___simac_Ella_&_Louis_07-Taking_A_Chance_On_Love
3865,-6.2361403,-6.0472803,1 (Classical + Groove + Jazz),simac___simac_Ella_&_Louis_08-Flying_Home
3866,-6.9734993,-5.2800207,1 (Classical + Groove + Jazz),simac___simac_Ella_&_Louis_09-Oh_Lady_Be_Good
3867,-10.040841,-5.2712665,1 (Classical + Groove + Jazz),simac___simac_Ella_&_Louis_10-Cow_Cow_Boogie
3868,-7.206583,-5.649708,1 (Classical + Groove + Jazz),simac___simac_Ella_&_Louis_11-Oh_Johnny
3869,-1.1473291,-0.37714875,3 (Jazz + Pop + Rock),simac___simac_Ella_&_Louis_12-Lover_Come_Back_To_Me
3870,-6.0298667,-1.1512836,1 (Classical + Groove + Jazz),simac___simac_Ella_&_Louis_13-Holiday_In_Harlem
3871,-8.376603,-0.088771686,1 (Classical + Groove + Jazz),simac___simac_Ella_&_Louis_14-Coochi_Coochi_Coo
3872,-12.341585,-1.6357508,1 (Classical + Groove + Jazz),simac___simac_Ella_&_Louis_15-Billy
3873,-11.278855,0.2208995,1 (Classical + Groove + Jazz),simac___simac_Ella_&_Louis_16-If_You_Ever_Change_Your_Mind
3874,-7.5847344,0.06349069,1 (Classical + Groove + Jazz),simac___simac_Ella_&_Louis_17-Three_Little_Words
3875,4.121871,5.552805,3 (Jazz + Pop + Rock),simac___simac_Eres_luz_01-Eres_luz_(Rumba)
3876,5.1238327,4.1638436,3 (Jazz + Pop + Rock),simac___simac_Eres_luz_04-Como_tu_ninguna_(Rumba)
3877,4.8485036,3.6522958,3 (Jazz + Pop + Rock),simac___simac_Eres_luz_07-En_una_canasta_(Rumba-Tango)
3878,5.1631846,3.4017115,3 (Jazz + Pop + Rock),simac___simac_Eres_luz_12-Genios_(Rumba-Cancion)
3879,-14.361417,-3.0529153,1 (Classical + Groove + Jazz),simac___simac_Eventail_05-Fandango
3880,-16.997738,-3.9469855,1 (Classical + Groove + Jazz),simac___simac_Eventail_07_Romanza_Del_Pescador
3881,-14.276307,-2.27273,1 (Classical + Groove + Jazz),simac___simac_Eventail_09-Asturias
3882,-12.560165,-3.3485675,1 (Classical + Groove + Jazz),simac___simac_Eventail_10-Prld1
3883,-12.554534,-2.5372958,1 (Classical + Groove + Jazz),simac___simac_Eventail_14-Prld5
3884,-6.1025324,-5.366598,1 (Classical + Groove + Jazz),simac___simac_Fado_01-AudioTrack_01
3885,-6.436914,-4.590729,1 (Classical + Groove + Jazz),simac___simac_Fado_02-AudioTrack_02
3886,-4.6102853,3.422361,3 (Jazz + Pop + Rock),simac___simac_Fado_03-AudioTrack_03
3887,-1.4186186,2.0305939,3 (Jazz + Pop + Rock),simac___simac_Fado_04-AudioTrack_04
3888,0.4957608,2.752392,3 (Jazz + Pop + Rock),simac___simac_Fado_05-AudioTrack_05
3889,-5.4282146,1.8346524,3 (Jazz + Pop + Rock),simac___simac_Fado_07-AudioTrack_07
3890,-5.373854,1.386462,3 (Jazz + Pop + Rock),simac___simac_Fado_08-AudioTrack_08
3891,-1.7663099,4.611385,3 (Jazz + Pop + Rock),simac___simac_Fado_09-AudioTrack_09
3892,-3.3193743,2.3342903,3 (Jazz + Pop + Rock),simac___simac_Fado_10-AudioTrack_10
3893,-6.81727,2.2676253,1 (Classical + Groove + Jazz),simac___simac_Fado_11-AudioTrack_11
3894,1.5682569,5.519741,3 (Jazz + Pop + Rock),simac___simac_Family_Tree_-_Greatest_Hits_As_Chosen_By_Bjork_01-Venus_As_A_Boy
3895,8.362348,3.9751983,2 (Pop + Rock + HJDB + Hip-Hop),simac___simac_Family_Tree_-_Greatest_Hits_As_Chosen_By_Bjork_02-Hyperballad
3896,-5.373213,-1.9663285,1 (Classical + Groove + Jazz),simac___simac_Family_Tree_-_Greatest_Hits_As_Chosen_By_Bjork_03-You_ve_Been_Flirting_Again
3897,6.9280124,1.9931066,2 (Pop + Rock + HJDB + Hip-Hop),simac___simac_Family_Tree_-_Greatest_Hits_As_Chosen_By_Bjork_04-Isobel
3898,8.694258,-1.4218283,2 (Pop + Rock + HJDB + Hip-Hop),simac___simac_Family_Tree_-_Greatest_Hits_As_Chosen_By_Bjork_05-Joga
3899,4.3984222,0.87462205,3 (Jazz + Pop + Rock),simac___simac_Family_Tree_-_Greatest_Hits_As_Chosen_By_Bjork_06-Unravel
3900,12.653004,-2.8119273,2 (Pop + Rock + HJDB + Hip-Hop),simac___simac_Family_Tree_-_Greatest_Hits_As_Chosen_By_Bjork_07-Bachelorette
3901,10.97284,-1.6869396,2 (Pop + Rock + HJDB + Hip-Hop),simac___simac_Family_Tree_-_Greatest_Hits_As_Chosen_By_Bjork_08-All_Is_Full_Of_Love
3902,5.393485,1.9487984,3 (Jazz + Pop + Rock),simac___simac_Family_Tree_-_Greatest_Hits_As_Chosen_By_Bjork_09-Scatterheart
3903,7.1936474,0.7251567,2 (Pop + Rock + HJDB + Hip-Hop),simac___simac_Family_Tree_-_Greatest_Hits_As_Chosen_By_Bjork_10-I_ve_Seen_It_All
3904,5.864335,2.508861,3 (Jazz + Pop + Rock),simac___simac_Family_Tree_-_Greatest_Hits_As_Chosen_By_Bjork_11-Pagan_Poetry
3905,1.5297049,4.0841713,3 (Jazz + Pop + Rock),simac___simac_Family_Tree_-_Greatest_Hits_As_Chosen_By_Bjork_12-It_s_Not_Up_To_You
3906,5.6561756,4.0697694,3 (Jazz + Pop + Rock),simac___simac_Fight_To_Win_01-Do_your_best
3907,5.818849,3.2387059,3 (Jazz + Pop + Rock),simac___simac_Fight_To_Win_02-Walk_on_the_right_side
3908,8.178311,0.4305872,2 (Pop + Rock + HJDB + Hip-Hop),simac___simac_Fight_To_Win_03-Traitors_of_Africa
3909,2.405867,5.31821,3 (Jazz + Pop + Rock),simac___simac_Gold_-_Greatest_Hits_01-Dancing_Queen
3910,8.0888,2.0580947,2 (Pop + Rock + HJDB + Hip-Hop),simac___simac_Gold_-_Greatest_Hits_02-Knowing_Me_Knowing_You
3911,2.4635518,3.6130137,3 (Jazz + Pop + Rock),simac___simac_Gold_-_Greatest_Hits_03-Take_A_Chance_On_Me
3912,1.4145894,5.6944275,3 (Jazz + Pop + Rock),simac___simac_Gold_-_Greatest_Hits_04-Mamma_Mia
3913,-2.4192185,4.3510137,3 (Jazz + Pop + Rock),simac___simac_Gold_-_Greatest_Hits_05-Lay_All_Your_Love_On_Me
3914,-0.1664366,1.1935645,3 (Jazz + Pop + Rock),simac___simac_Gold_-_Greatest_Hits_06-Super_Trouper
3915,-3.8297143,4.299389,3 (Jazz + Pop + Rock),simac___simac_Gold_-_Greatest_Hits_07-I_Have_A_Dream
3916,-3.1327229,-2.3687663,3 (Jazz + Pop + Rock),simac___simac_Gold_-_Greatest_Hits_08-The_Winner_Takes_It_All
3917,0.37323648,4.5141134,3 (Jazz + Pop + Rock),simac___simac_Gold_-_Greatest_Hits_09-Money_Money_Money
3918,3.1737406,5.865942,3 (Jazz + Pop + Rock),simac___simac_Gold_-_Greatest_Hits_10-S._O._S
3919,-7.6465917,2.2626073,1 (Classical + Groove + Jazz),simac___simac_Gold_-_Greatest_Hits_11-Chiquitita
3920,-1.135738,-0.936667,3 (Jazz + Pop + Rock),simac___simac_Gold_-_Greatest_Hits_12-Fernando
3921,5.8526416,3.7508752,3 (Jazz + Pop + Rock),simac___simac_Gold_-_Greatest_Hits_13-Voulez_Vous
3922,-3.0504375,3.5530167,3 (Jazz + Pop + Rock),simac___simac_Gold_-_Greatest_Hits_14-Gimme_Gimme_Gimme_(A_Man_After_Midnight)
3923,8.073624,1.2911731,2 (Pop + Rock + HJDB + Hip-Hop),simac___simac_Gold_-_Greatest_Hits_15-Does_Your_Mother_Know
3924,-3.7775204,2.102205,3 (Jazz + Pop + Rock),simac___simac_Gold_-_Greatest_Hits_16-One_Of_Us
3925,1.2635292,2.1221485,3 (Jazz + Pop + Rock),simac___simac_Gold_-_Greatest_Hits_17-The_Name_Of_The_Game
3926,11.232834,-1.8634838,2 (Pop + Rock + HJDB + Hip-Hop),simac___simac_Gold_-_Greatest_Hits_19-Waterloo
3927,0.8834196,-0.51865786,3 (Jazz + Pop + Rock),simac___simac_Kocani_Orkester_03._Romski_Cocek
3928,6.6794443,0.6936048,2 (Pop + Rock + HJDB + Hip-Hop),simac___simac_Kocani_Orkester_Kocani_Orkestar_-_Burkan_Cocek
3929,2.892121,3.4444487,3 (Jazz + Pop + Rock),simac___simac_Kocani_Orkester_Trubaci_-_Nikol
3930,0.85042876,-0.6524598,3 (Jazz + Pop + Rock),simac___simac_Kocani_Orkester_Trubaci_-_Solo_tapan
3931,-11.113809,-2.9184992,1 (Classical + Groove + Jazz),simac___simac_Ludwid_van_Beethoven_02-II._Adagio_ma_non_troppo_e_molto_cantabile_-_Andante_con_moto_-_Adagio_molto_espressivo
3932,-8.801283,0.49671072,1 (Classical + Groove + Jazz),simac___simac_Ludwid_van_Beethoven_04-IV._Finale
3933,-11.535117,-2.1211584,1 (Classical + Groove + Jazz),simac___simac_Ludwid_van_Beethoven_05-Quartet_in_C-sharp_major_Op._131_I._Adagio_ma_non_troppo_e_molto_espressivo_-_attacca
3934,-11.950145,-1.705694,1 (Classical + Groove + Jazz),simac___simac_Ludwid_van_Beethoven_08-IV._Andante_ma_non_troppo_e_molto_cantabile_-_Andante_moderato_e_lusinghiero
3935,-14.017211,-1.2110342,1 (Classical + Groove + Jazz),simac___simac_Ludwid_van_Beethoven_10-VI._Adagio_quasi_un_poco_andante_-_attacca
3936,0.7292084,2.534809,3 (Jazz + Pop + Rock),simac___simac_Niandra_LaDes_and_Usually_Just_a_T-Shirt_01-As_Can_Be
3937,-5.8814764,-0.029853,1 (Classical + Groove + Jazz),simac___simac_Niandra_LaDes_and_Usually_Just_a_T-Shirt_03-Head_(Beach_Arab)
3938,6.160507,2.3976643,3 (Jazz + Pop + Rock),simac___simac_Niandra_LaDes_and_Usually_Just_a_T-Shirt_04-Big_Takeover
3939,1.2994825,1.7195445,3 (Jazz + Pop + Rock),simac___simac_Niandra_LaDes_and_Usually_Just_a_T-Shirt_05-Curtains
3940,-1.4123336,0.35782304,3 (Jazz + Pop + Rock),simac___simac_Niandra_LaDes_and_Usually_Just_a_T-Shirt_06-Running_Away_Into_You
3941,-1.211162,-0.33377013,3 (Jazz + Pop + Rock),simac___simac_Niandra_LaDes_and_Usually_Just_a_T-Shirt_07-Mascara
3942,8.367246,5.5490866,2 (Pop + Rock + HJDB + Hip-Hop),simac___simac_Niandra_LaDes_and_Usually_Just_a_T-Shirt_08-Been_Insane
3943,-3.0603538,-2.0796645,3 (Jazz + Pop + Rock),simac___simac_Niandra_LaDes_and_Usually_Just_a_T-Shirt_09-Skin_Blues
3944,-4.3613706,-1.6960539,3 (Jazz + Pop + Rock),simac___simac_Niandra_LaDes_and_Usually_Just_a_T-Shirt_10-Your_Pussys_Glued_to_a_Building_on_Fire
3945,-3.7920604,0.20759264,3 (Jazz + Pop + Rock),simac___simac_Niandra_LaDes_and_Usually_Just_a_T-Shirt_11-Blood_on_My_Neck_From_Success
3946,-0.7841479,-0.3211078,3 (Jazz + Pop + Rock),simac___simac_Niandra_LaDes_and_Usually_Just_a_T-Shirt_12-Ten_to_Butter_Blood_Voodoo
3947,-5.412885,-2.441604,1 (Classical + Groove + Jazz),simac___simac_Niandra_LaDes_and_Usually_Just_a_T-Shirt_14-Usually_Just_a_T-Shirt_Untitled_2
3948,-5.171294,-1.4151633,1 (Classical + Groove + Jazz),simac___simac_Niandra_LaDes_and_Usually_Just_a_T-Shirt_15-Usually_Just_a_T-Shirt_Untitled_3
3949,-6.6307845,-1.8536512,1 (Classical + Groove + Jazz),simac___simac_Niandra_LaDes_and_Usually_Just_a_T-Shirt_16-Usually_Just_a_T-Shirt_Untitled_4
3950,0.49095643,-0.8321302,3 (Jazz + Pop + Rock),simac___simac_Niandra_LaDes_and_Usually_Just_a_T-Shirt_18-Usually_Just_a_T-Shirt_Untitled_6
3951,-3.771339,-5.6359825,3 (Jazz + Pop + Rock),simac___simac_Niandra_LaDes_and_Usually_Just_a_T-Shirt_19-Usually_Just_a_T-Shirt_Untitled_7
3952,-7.1460843,-0.46198437,1 (Classical + Groove + Jazz),simac___simac_Niandra_LaDes_and_Usually_Just_a_T-Shirt_20-Usually_Just_a_T-Shirt_Untitled_8
3953,-11.358034,-2.4761937,1 (Classical + Groove + Jazz),simac___simac_Niandra_LaDes_and_Usually_Just_a_T-Shirt_21-Usually_Just_a_T-Shirt_Untitled_9
3954,1.5333842,0.01920987,3 (Jazz + Pop + Rock),simac___simac_Papakonstantinou_01-AudioTrack_01
3955,-1.9374794,1.8346391,3 (Jazz + Pop + Rock),simac___simac_Papakonstantinou_02-AudioTrack_02
3956,0.311582,3.3900506,3 (Jazz + Pop + Rock),simac___simac_Papakonstantinou_03-AudioTrack_03
3957,-2.4796586,-0.11002233,3 (Jazz + Pop + Rock),simac___simac_Papakonstantinou_04-AudioTrack_04
3958,-3.823413,0.29879826,3 (Jazz + Pop + Rock),simac___simac_Papakonstantinou_05-AudioTrack_05
3959,0.7889275,0.2925323,3 (Jazz + Pop + Rock),simac___simac_Papakonstantinou_06-AudioTrack_06
3960,8.117941,3.1595407,2 (Pop + Rock + HJDB + Hip-Hop),simac___simac_Papakonstantinou_07-AudioTrack_07
3961,-2.9040747,1.4927261,3 (Jazz + Pop + Rock),simac___simac_Papakonstantinou_09-AudioTrack_09
3962,0.8762112,0.016050076,3 (Jazz + Pop + Rock),simac___simac_Papakonstantinou_10-AudioTrack_10
3963,-2.8604014,-0.8237049,3 (Jazz + Pop + Rock),simac___simac_Papakonstantinou_12-AudioTrack_12
3964,-5.4091506,1.397048,3 (Jazz + Pop + Rock),simac___simac_Papakonstantinou_13-AudioTrack_13
3965,-2.350657,0.109937206,3 (Jazz + Pop + Rock),simac___simac_Papakonstantinou_14-AudioTrack_14
3966,-5.18478,-4.184018,1 (Classical + Groove + Jazz),simac___simac_Papakonstantinou_15-AudioTrack_15
3967,1.6432788,2.2614074,3 (Jazz + Pop + Rock),simac___simac_Papakonstantinou_16-AudioTrack_16
3968,-5.1879506,1.5777729,3 (Jazz + Pop + Rock),simac___simac_Papakonstantinou_17-AudioTrack_17
3969,0.19596107,0.6436738,3 (Jazz + Pop + Rock),simac___simac_Papakonstantinou_18-AudioTrack_18
3970,-0.48534372,1.988187,3 (Jazz + Pop + Rock),simac___simac_Papakonstantinou_19-AudioTrack_19
3971,4.223909,2.6811452,3 (Jazz + Pop + Rock),simac___simac_Papakonstantinou_20-AudioTrack_20
3972,0.17208435,2.7832522,3 (Jazz + Pop + Rock),simac___simac_Papakonstantinou_21-AudioTrack_21
3973,-2.348811,4.5523973,3 (Jazz + Pop + Rock),simac___simac_Primer_Aliento_01-Sintonia_del_refugio_atomico
3974,-0.55265355,4.0041995,3 (Jazz + Pop + Rock),simac___simac_Primer_Aliento_02-Nuclear_si_por_supuesto_
3975,-0.27614453,4.058068,3 (Jazz + Pop + Rock),simac___simac_Primer_Aliento_03-El_retorno_de_Godzilla
3976,3.08507,2.0965366,3 (Jazz + Pop + Rock),simac___simac_Primer_Aliento_04-Varsovia_en_llamas
3977,3.784185,3.8404105,3 (Jazz + Pop + Rock),simac___simac_Primer_Aliento_05-Programa_en_espiral
3978,3.8464332,1.0207648,3 (Jazz + Pop + Rock),simac___simac_Primer_Aliento_06-La_persecucion
3979,-1.0116143,1.3505054,3 (Jazz + Pop + Rock),simac___simac_Primer_Aliento_07-Telepatia
3980,3.5633962,2.8225057,3 (Jazz + Pop + Rock),simac___simac_Primer_Aliento_08-El_ultimo_asalto_a_la_Bastilla
3981,4.5099487,0.07678961,3 (Jazz + Pop + Rock),simac___simac_Primer_Aliento_09-Brigada_de_demolicion
3982,2.6681006,0.7880448,3 (Jazz + Pop + Rock),simac___simac_Primer_Aliento_10-Ondina
3983,5.4701195,-1.0000502,3 (Jazz + Pop + Rock),simac___simac_Primer_Aliento_11-La_television_es_nutritiva
3984,6.5560555,1.2537282,2 (Pop + Rock + HJDB + Hip-Hop),simac___simac_Primer_Aliento_12-Cita_en_el_asteroide_Eden
3985,4.1893034,3.671711,3 (Jazz + Pop + Rock),simac___simac_Primer_Aliento_13-Obsesion
3986,2.9477866,-1.5378549,3 (Jazz + Pop + Rock),simac___simac_Primer_Aliento_14-Sintonia_de_la_moda_estandarizada
3987,3.2086613,3.4181776,3 (Jazz + Pop + Rock),simac___simac_Primer_Aliento_15-El_laberinto_del_nuevo_Minotauro
3988,6.66622,0.46892136,2 (Pop + Rock + HJDB + Hip-Hop),simac___simac_Primer_Aliento_16-Kraken
3989,3.3658445,3.130616,3 (Jazz + Pop + Rock),simac___simac_Primer_Aliento_17-Selector_de_frecuencias
3990,4.505187,-1.2180985,3 (Jazz + Pop + Rock),simac___simac_Primer_Aliento_18-La_cicatriz_en_la_fabrica_roja
3991,3.919914,1.3345743,3 (Jazz + Pop + Rock),simac___simac_Primer_Aliento_19-El_nacimiento_de_la_industria
3992,2.7566836,4.7284584,3 (Jazz + Pop + Rock),simac___simac_R.A.F.I_01-Assassin
3993,8.828427,3.37036,2 (Pop + Rock + HJDB + Hip-Hop),simac___simac_R.A.F.I_02-Change
3994,8.880858,-0.25971913,2 (Pop + Rock + HJDB + Hip-Hop),simac___simac_R.A.F.I_03-Black_White
3995,7.0692253,1.8847555,2 (Pop + Rock + HJDB + Hip-Hop),simac___simac_R.A.F.I_04-Buzzing
3996,5.3880444,5.950149,3 (Jazz + Pop + Rock),simac___simac_R.A.F.I_05-Free_Satpal_Ram
3997,1.1789218,5.1032977,3 (Jazz + Pop + Rock),simac___simac_R.A.F.I_06-Modern_Apprentice
3998,-0.11277669,6.789029,3 (Jazz + Pop + Rock),simac___simac_R.A.F.I_07-Operation_Eagle_Lie
3999,4.8299437,4.943061,3 (Jazz + Pop + Rock),simac___simac_R.A.F.I_08-Hypocrite
4000,0.9430768,4.67723,3 (Jazz + Pop + Rock),simac___simac_R.A.F.I_09-Naxalite
4001,3.2945993,4.455473,3 (Jazz + Pop + Rock),simac___simac_R.A.F.I_10-Loot
4002,4.860387,6.102916,3 (Jazz + Pop + Rock),simac___simac_R.A.F.I_11-Dub_Mentality
4003,2.3555834,6.1707163,3 (Jazz + Pop + Rock),simac___simac_R.A.F.I_12-Culture_Move
4004,-4.0621815,-0.071190774,3 (Jazz + Pop + Rock),simac___simac_R.A.F.I_13-Real_Areas_For_Investigation
4005,-0.08789677,1.7704074,3 (Jazz + Pop + Rock),simac___simac_Samba_na_Madrugada_01-Arvoredo
4006,3.9414833,2.388805,3 (Jazz + Pop + Rock),simac___simac_Samba_na_Madrugada_02-Maioria_sem_Nenhum
4007,4.0240936,1.3211176,3 (Jazz + Pop + Rock),simac___simac_Samba_na_Madrugada_03-14_Anos
4008,2.342908,2.336735,3 (Jazz + Pop + Rock),simac___simac_Samba_na_Madrugada_04-Sofreguidao
4009,5.1485715,1.7693477,3 (Jazz + Pop + Rock),simac___simac_Samba_na_Madrugada_05-Momento_de_Fraqueza
4010,3.9279404,1.1480798,3 (Jazz + Pop + Rock),simac___simac_Samba_na_Madrugada_06-Minha_Cofissao
4011,-1.4790465,1.3570516,3 (Jazz + Pop + Rock),simac___simac_Samba_na_Madrugada_07-Perfeito_Amor
4012,-3.2588234,1.2497844,3 (Jazz + Pop + Rock),simac___simac_Samba_na_Madrugada_08-Mascarada
4013,-1.5756832,1.4907569,3 (Jazz + Pop + Rock),simac___simac_Samba_na_Madrugada_09-Depois_de_Tanto_Amor
4014,2.9192297,3.4158769,3 (Jazz + Pop + Rock),simac___simac_Samba_na_Madrugada_10-Samba_Original
4015,2.176529,4.2690744,3 (Jazz + Pop + Rock),simac___simac_Samba_na_Madrugada_11-Alo_Alo
4016,-4.126993,0.009550332,3 (Jazz + Pop + Rock),simac___simac_Santana_01-Jingo
4017,-1.8340204,-6.0409126,3 (Jazz + Pop + Rock),simac___simac_Santana_02-El_Corazon_Manada
4018,-2.674283,-0.4999069,3 (Jazz + Pop + Rock),simac___simac_Santana_03-La_Puesta_De_Sol
4019,7.1079373,1.1173965,2 (Pop + Rock + HJDB + Hip-Hop),simac___simac_Selling_England_By_The_Pound_01-Dancing_with_the_Moonlit_Knight
4020,7.2092586,0.79197377,2 (Pop + Rock + HJDB + Hip-Hop),simac___simac_Selling_England_By_The_Pound_02-I_Know_What_I_Like_In_Your_Wardrobe_
4021,-3.1316493,1.5228636,3 (Jazz + Pop + Rock),simac___simac_So_Cartola_01-Quem_me_Ve_Sorrindo_Sei_Chorar_Alegria
4022,-4.152763,0.58295935,3 (Jazz + Pop + Rock),simac___simac_So_Cartola_02-Alvorada_Ao_Amanhecer
4023,-6.2888536,0.36648726,1 (Classical + Groove + Jazz),simac___simac_So_Cartola_03-Sala_de_Recepcao
4024,-6.815587,0.34518316,1 (Classical + Groove + Jazz),simac___simac_So_Cartola_05-Fiz_por_Voce_o_que_Pude
4025,-1.5658666,2.3967497,3 (Jazz + Pop + Rock),simac___simac_So_Cartola_06-O_Inverno_do_Meu_Tempo
4026,2.7541282,2.5275843,3 (Jazz + Pop + Rock),simac___simac_So_Cartola_07-Tive_Sim
4027,-4.8322353,1.0134621,3 (Jazz + Pop + Rock),simac___simac_So_Cartola_08-Amor_Proibido
4028,-0.3728422,2.932767,3 (Jazz + Pop + Rock),simac___simac_So_Cartola_11-O_Que_e_Feito_de_Voce_
4029,-0.11930413,2.9671159,3 (Jazz + Pop + Rock),simac___simac_So_Cartola_12-Divina_Dama
4030,1.8242503,2.5008194,3 (Jazz + Pop + Rock),simac___simac_So_Cartola_13-Velho_Estacio
4031,2.1472714,2.107527,3 (Jazz + Pop + Rock),simac___simac_So_Cartola_14-Ciume_Doentio
4032,1.311323,2.1091516,3 (Jazz + Pop + Rock),simac___simac_So_Cartola_16-Sofreguidao
4033,-5.300715,0.863144,3 (Jazz + Pop + Rock),simac___simac_So_Cartola_17-A_Mesma_Historia
4034,0.4850357,2.3973997,3 (Jazz + Pop + Rock),simac___simac_So_Cartola_18-Peito_Vazio
4035,2.170806,2.4094362,3 (Jazz + Pop + Rock),simac___simac_So_Cartola_19-Injuria_O_Sol_Nascera
4036,0.20707843,1.3865907,3 (Jazz + Pop + Rock),simac___simac_So_Cartola_20-As_Rosas_Nao_Falam
4037,0.7441309,1.2860498,3 (Jazz + Pop + Rock),simac___simac_Songs_Adalberto_(Adalberto_Alvarez_y_su_son)_-_Pura_imagen
4038,-1.8124005,-0.8271545,3 (Jazz + Pop + Rock),simac___simac_Songs_Adalberto_(Adalberto_Alvarez_y_su_son)_-_Sobre_tu_piel
4039,-1.1927403,-0.29905713,3 (Jazz + Pop + Rock),simac___simac_Songs_Afrocuba_-_A_Luisa
4040,-2.6058643,3.5268643,3 (Jazz + Pop + Rock),simac___simac_Songs_Afrocuba_-_Cambio_de_Clima
4041,-3.7658463,-0.83486176,3 (Jazz + Pop + Rock),simac___simac_Songs_Afrocuba_-_Mezquinidad
4042,3.4505417,3.3621035,3 (Jazz + Pop + Rock),simac___simac_Songs_Alejandro_(Alex_Benson)_-_Golondrina
4043,2.0804996,4.4139237,3 (Jazz + Pop + Rock),simac___simac_Songs_Alejandro_(Alex_Benson)_-_Tengo_una_penita
4044,-3.2399328,-2.1310213,3 (Jazz + Pop + Rock),simac___simac_Songs_Alfredo_-_Ahora_somos_felices
4045,-0.35930634,1.330024,3 (Jazz + Pop + Rock),simac___simac_Songs_Alfredo_-_La_rumba_de_Alfredo
4046,-1.7867081,6.185877,3 (Jazz + Pop + Rock),simac___simac_Songs_Caledonia_Blues_Band_-_Burning_Heart
4047,5.2526355,4.1870475,3 (Jazz + Pop + Rock),simac___simac_Songs_Caracas_Latin_Brothers_-_El_espectaculo
4048,3.165895,3.5780714,3 (Jazz + Pop + Rock),simac___simac_Songs_Caracas_Latin_Brothers_-_Los_hombres_tambien_lo_mueven
4049,3.3409352,2.483585,3 (Jazz + Pop + Rock),simac___simac_Songs_Pastora_-_Lola
4050,-13.780163,5.013416,1 (Classical + Groove + Jazz),simac___simac_Tales_Of_Mystery_And_Imagination_01-A_Dream_Within_A_Dream
4051,-8.475293,1.4459732,1 (Classical + Groove + Jazz),simac___simac_Tales_Of_Mystery_And_Imagination_02-The_Raven
4052,-1.552716,-3.4763255,3 (Jazz + Pop + Rock),simac___simac_Tales_Of_Mystery_And_Imagination_03-The_Tell-tale_Heart
4053,-4.4475513,-0.07075927,3 (Jazz + Pop + Rock),simac___simac_Tales_Of_Mystery_And_Imagination_04-The_Cask_Of_Amontillado
4054,7.4244885,1.329144,2 (Pop + Rock + HJDB + Hip-Hop),simac___simac_Tales_Of_Mystery_And_Imagination_05-_The_System_Of_Doctor_Tarr_And_Professor_Fether
4055,5.3780622,0.10563954,3 (Jazz + Pop + Rock),simac___simac_Tales_Of_Mystery_And_Imagination_07-The_Fall_Of_The_House_Of_Usher_II_Arrival
4056,-1.8595142,-0.013435489,3 (Jazz + Pop + Rock),simac___simac_Tales_Of_Mystery_And_Imagination_09-The_Fall_Of_The_House_Of_Usher_IV_Pavane
4057,6.307796,-0.9105392,2 (Pop + Rock + HJDB + Hip-Hop),simac___simac_Tales_Of_Mystery_And_Imagination_11-To_One_In_Paradise
4058,4.75403,2.2608085,3 (Jazz + Pop + Rock),simac___simac_Tanto_Tempo_01-Samba_da_Bencao
4059,3.1613946,2.0590425,3 (Jazz + Pop + Rock),simac___simac_Tanto_Tempo_02-August_Day_Song
4060,3.2984114,3.3325715,3 (Jazz + Pop + Rock),simac___simac_Tanto_Tempo_04-Sem_Contencao
4061,-0.36078867,1.8602136,3 (Jazz + Pop + Rock),simac___simac_Tanto_Tempo_05-Mais_Feliz
4062,8.938621,2.4490392,2 (Pop + Rock + HJDB + Hip-Hop),simac___simac_Tanto_Tempo_06-Alguem
4063,1.9604415,0.3974839,3 (Jazz + Pop + Rock),simac___simac_Tanto_Tempo_07-So_Nice_Summer_Samba_
4064,8.665673,-0.29353592,2 (Pop + Rock + HJDB + Hip-Hop),simac___simac_Tanto_Tempo_08-Lonely
4065,1.6636393,3.833936,3 (Jazz + Pop + Rock),simac___simac_Tanto_Tempo_09-Bananeira
4066,-5.157988,3.5859756,3 (Jazz + Pop + Rock),simac___simac_Tanto_Tempo_10-Samba_e_Amor
4067,8.623669,0.5004948,2 (Pop + Rock + HJDB + Hip-Hop),simac___simac_Tanto_Tempo_11-Close_Your_Eyes
4068,-8.523577,-4.021953,1 (Classical + Groove + Jazz),simac___simac_The_Art_of_Spanish_Guitar_01-Tarrega_Recuerdos_de_la_Alhambra
4069,-7.9302573,-3.1097643,1 (Classical + Groove + Jazz),simac___simac_The_Art_of_Spanish_Guitar_02-Lauro_Dos_Valses_Venezolanos_-_Uno
4070,-7.6474113,-3.098682,1 (Classical + Groove + Jazz),simac___simac_The_Art_of_Spanish_Guitar_04-Sojo_Guaso
4071,-10.694488,-2.7079623,1 (Classical + Groove + Jazz),simac___simac_The_Art_of_Spanish_Guitar_05-Sojo_Cancion
4072,-1.1175052,3.2316554,3 (Jazz + Pop + Rock),simac___simac_The_Crackdown_01-24-24
4073,0.072604045,2.3713055,3 (Jazz + Pop + Rock),simac___simac_The_Crackdown_02-In_the_Shadows
4074,2.9411898,3.2222447,3 (Jazz + Pop + Rock),simac___simac_The_Crackdown_03-Talking_Time
4075,7.7431927,1.3568888,2 (Pop + Rock + HJDB + Hip-Hop),simac___simac_The_Crackdown_04-Animation
4076,5.6203895,5.88386,3 (Jazz + Pop + Rock),simac___simac_The_Crackdown_05-Over_and_Over
4077,6.6126757,1.5978752,2 (Pop + Rock + HJDB + Hip-Hop),simac___simac_The_Crackdown_06-Just_Fascination
4078,5.630273,5.672176,3 (Jazz + Pop + Rock),simac___simac_The_Crackdown_07-Why_Kill_Time_When_You_Can_Kill_Yourself_
4079,-1.1620601,1.7028112,3 (Jazz + Pop + Rock),simac___simac_The_Crackdown_08-Haiti
4080,-0.46167764,5.3557906,3 (Jazz + Pop + Rock),simac___simac_The_Crackdown_09-Crackdown
4081,8.355579,-0.59840953,2 (Pop + Rock + HJDB + Hip-Hop),simac___simac_The_Crackdown_10-Diskono
4082,-2.68222,-5.997015,3 (Jazz + Pop + Rock),simac___simac_The_Crackdown_13-Moscow
4083,-2.2399256,0.52124757,3 (Jazz + Pop + Rock),simac___simac_Tomatito_Tomatito-01.Barrio_negro
4084,-1.9936359,2.4881506,3 (Jazz + Pop + Rock),simac___simac_Tomatito_Tomatito-02.La_voz_del_tiempo
4085,-2.2977343,1.2601302,3 (Jazz + Pop + Rock),simac___simac_Tomatito_Tomatito-04.Armonias_del_Romane
4086,-3.1067195,4.0469413,3 (Jazz + Pop + Rock),simac___simac_Tomatito_Tomatito-05.A_mi_tao_El_Nino_Miguel
4087,-3.093205,1.6259956,3 (Jazz + Pop + Rock),simac___simac_Tomatito_Tomatito-06.Caminillo_viejo
4088,-5.387235,-2.545616,1 (Classical + Groove + Jazz),simac___simac_VOL.3_Musiques_pour_guitare_et_violoncelle_01-M._Baumann_Duo_pour_guitare_et_violoncelle_op.62_-_1._Prelude_(Lento_rubato)
4089,-16.92372,-3.924978,1 (Classical + Groove + Jazz),simac___simac_VOL.3_Musiques_pour_guitare_et_violoncelle_03-3._Berceuse_(Lento_molto)
4090,-14.691142,-3.3028548,1 (Classical + Groove + Jazz),simac___simac_VOL.3_Musiques_pour_guitare_et_violoncelle_04-4._Hommage_ade_Falla_(Allegro)
4091,-11.195188,-0.1607048,1 (Classical + Groove + Jazz),simac___simac_VOL.3_Musiques_pour_guitare_et_violoncelle_06-E._Granados_Intermezzo_(de_Goyescas_)
4092,-12.122273,-2.1773028,1 (Classical + Groove + Jazz),simac___simac_VOL.3_Musiques_pour_guitare_et_violoncelle_07-H._Villa-lobos_Bachianas_Brasileiras_No.5_(Aria)
4093,-11.548794,-0.9592004,1 (Classical + Groove + Jazz),simac___simac_VOL.3_Musiques_pour_guitare_et_violoncelle_09-M._de_Falla_7_chansons_populaires_espagnoles_(extraits)_-_El_pano_moruno
4094,-15.9989,-2.2274714,1 (Classical + Groove + Jazz),simac___simac_VOL.3_Musiques_pour_guitare_et_violoncelle_11-Nana
4095,-12.549719,-1.9496256,1 (Classical + Groove + Jazz),simac___simac_VOL.3_Musiques_pour_guitare_et_violoncelle_12-Cancion
4096,5.6578174,0.5540476,3 (Jazz + Pop + Rock),simac___simac_Xatzidakis_01-AudioTrack_01
4097,-0.36737734,1.4069592,3 (Jazz + Pop + Rock),simac___simac_Xatzidakis_02-AudioTrack_02
4098,-0.80340666,1.3644149,3 (Jazz + Pop + Rock),simac___simac_Xatzidakis_03-AudioTrack_03
4099,0.835787,-1.0829816,3 (Jazz + Pop + Rock),simac___simac_Xatzidakis_05-AudioTrack_05
4100,0.7191971,-0.94222605,3 (Jazz + Pop + Rock),simac___simac_Xatzidakis_06-AudioTrack_06
4101,7.7053185,2.375811,2 (Pop + Rock + HJDB + Hip-Hop),simac___simac_Xatzidakis_08-AudioTrack_08
4102,0.42208612,2.9615715,3 (Jazz + Pop + Rock),simac___simac_Xatzidakis_09-AudioTrack_09
4103,-11.021021,-1.4360908,1 (Classical + Groove + Jazz),simac___simac_Xatzidakis_10-AudioTrack_10
4104,-0.81444716,0.71558934,3 (Jazz + Pop + Rock),simac___simac_Xatzidakis_11-AudioTrack_11
4105,0.07083362,3.0828052,3 (Jazz + Pop + Rock),simac___simac_Xatzidakis_12-AudioTrack_12
4106,0.86603844,2.5561662,3 (Jazz + Pop + Rock),simac___simac_Xatzidakis_13-AudioTrack_13
4107,-3.0227458,2.8209143,3 (Jazz + Pop + Rock),simac___simac_Xatzidakis_15-AudioTrack_15
4108,-4.1514325,0.75737756,3 (Jazz + Pop + Rock),simac___simac_Xatzidakis_16-AudioTrack_16
4109,-3.1995819,2.331325,3 (Jazz + Pop + Rock),simac___simac_Xatzidakis_17-AudioTrack_17
4110,4.3269124,3.455799,3 (Jazz + Pop + Rock),simac___simac_Xatzidakis_19-AudioTrack_19
4111,2.5483606,2.606597,3 (Jazz + Pop + Rock),simac___simac_Xatzidakis_22-AudioTrack_22
4112,4.973775,0.9840116,3 (Jazz + Pop + Rock),simac___simac_a_love_supreme_part_1_acknowledgement
4113,7.176252,1.2770958,2 (Pop + Rock + HJDB + Hip-Hop),simac___simac_aire_01-Aire
4114,5.4785113,3.618054,3 (Jazz + Pop + Rock),simac___simac_aire_04-La_Vida_Sale
4115,0.3864983,5.725419,3 (Jazz + Pop + Rock),simac___simac_aire_06-Arrengao
4116,4.1631327,3.9500318,3 (Jazz + Pop + Rock),simac___simac_aire_07-La_Alcoba_y_la_mosca
4117,-13.189993,-1.5845056,1 (Classical + Groove + Jazz),simac___simac_blues_roots_cryin_blues
4118,0.04134804,-3.273854,3 (Jazz + Pop + Rock),simac___simac_blues_roots_es_flat_ahs_flat_too
4119,-0.8075966,-2.0907345,3 (Jazz + Pop + Rock),simac___simac_blues_roots_moanin
4120,-3.3261814,0.23374915,3 (Jazz + Pop + Rock),simac___simac_blues_roots_my_jelly_roll_soul
4121,-2.1965432,-2.5870967,3 (Jazz + Pop + Rock),simac___simac_blues_roots_tensions
4122,0.6608541,1.4288589,3 (Jazz + Pop + Rock),simac___simac_blues_roots_wednesday_night_prayer_meeting
4123,-9.382765,-0.6463214,1 (Classical + Groove + Jazz),simac___simac_greek_01_H_mikri_Rallou
4124,6.149685,3.0727148,3 (Jazz + Pop + Rock),simac___simac_greek_07_Pikrodafni
4125,4.603911,1.6016562,3 (Jazz + Pop + Rock),simac___simac_greek_12_evzwnakia
4126,-2.3586328,-0.09011899,3 (Jazz + Pop + Rock),simac___simac_greek_Asteriadi_-_Mia_giorti
4127,5.231124,4.2427297,3 (Jazz + Pop + Rock),simac___simac_greek_Gkoles_-_Atimi_tyxi
4128,5.6618567,4.3584733,3 (Jazz + Pop + Rock),simac___simac_greek_Gkoles_-_Mou_fages_ta_daxtylidia
4129,4.914814,4.547478,3 (Jazz + Pop + Rock),simac___simac_greek_Gkoles_-_S_ena_apokrimno_akrogiali
4130,4.4659114,4.53917,3 (Jazz + Pop + Rock),simac___simac_greek_Gkoles_-_Zwi_mou_farmakw8ikes
4131,0.9256073,1.8881109,3 (Jazz + Pop + Rock),simac___simac_greek_Mavili_-_Afto_t_agori
4132,3.5982995,3.4754796,3 (Jazz + Pop + Rock),simac___simac_greek_Mpellou_-_Nyxtwse_xwris_feggari
4133,5.2378993,1.7186003,3 (Jazz + Pop + Rock),simac___simac_greek_Paisa_sti_vrysi_-_Velvento
4134,5.0701885,1.6235499,3 (Jazz + Pop + Rock),simac___simac_greek_Perdika(xwris_logia)
4135,3.6737082,3.6649923,3 (Jazz + Pop + Rock),simac___simac_greek_To_pasoumi_-_Smyrni
4136,-3.9773128,3.2245686,3 (Jazz + Pop + Rock),simac___simac_more_greek_03_Efriksen_i_gi
4137,1.667803,3.133888,3 (Jazz + Pop + Rock),simac___simac_more_greek_03_Virginouda
4138,1.3000833,3.742423,3 (Jazz + Pop + Rock),simac___simac_more_greek_04_H_Stamoula
4139,-3.8421688,-0.48020053,3 (Jazz + Pop + Rock),simac___simac_more_greek_05_Odysseas
4140,-0.19851439,-3.673646,3 (Jazz + Pop + Rock),simac___simac_more_greek_07_Psevdoixos
4141,7.7510223,1.125969,2 (Pop + Rock + HJDB + Hip-Hop),simac___simac_more_greek_08_Hlios
4142,2.2158885,1.0715327,3 (Jazz + Pop + Rock),simac___simac_more_greek_08_Kapoios_peftei...
4143,2.9648643,-0.044938542,3 (Jazz + Pop + Rock),simac___simac_more_greek_Anagnwstopoulos_-_Hr8a_ki_apopse_sta_skalopatia_sou
4144,-1.1067737,0.72213936,3 (Jazz + Pop + Rock),simac___simac_more_greek_Dionysiou_-_Na_eixa_to_kouragio
4145,-6.1958213,-1.7741712,1 (Classical + Groove + Jazz),simac___simac_more_greek_Giannakopoulou_-_Marina
4146,-2.3372734,0.18340994,3 (Jazz + Pop + Rock),simac___simac_more_greek_Giannakopoulou_-_O_kipos_empaine_sti_8alassa
4147,4.878806,3.8317912,3 (Jazz + Pop + Rock),simac___simac_more_greek_Gkoles_-_Filenaditsa_mou
4148,4.4439616,5.091241,3 (Jazz + Pop + Rock),simac___simac_more_greek_Gkoles_-_H_tsigkouna
4149,5.3311095,3.8806095,3 (Jazz + Pop + Rock),simac___simac_more_greek_Gkoles_-_Keravnoi_ki_astropelekia
4150,-1.6370517,5.239857,3 (Jazz + Pop + Rock),simac___simac_more_greek_Gkoles_-_Kori_paraxaidemeni
4151,3.9798112,4.8999987,3 (Jazz + Pop + Rock),simac___simac_more_greek_Gkoles_-_Ksaveriwtissa
4152,3.4057338,5.1392517,3 (Jazz + Pop + Rock),simac___simac_more_greek_Gkoles_-_Mortissa_ki_alanis
4153,2.825183,5.1248217,3 (Jazz + Pop + Rock),simac___simac_more_greek_Gkoles_-_O_8ermastis
4154,4.4811773,4.7741365,3 (Jazz + Pop + Rock),simac___simac_more_greek_Gkoles_-_O_pasatempos
4155,4.1662936,5.0899215,3 (Jazz + Pop + Rock),simac___simac_more_greek_Gkoles_-_Peristeriwtissa
4156,3.3344748,4.728464,3 (Jazz + Pop + Rock),simac___simac_more_greek_Gkoles_-_Rimakse_to_spitiko_mas
4157,5.1540675,4.3798113,3 (Jazz + Pop + Rock),simac___simac_more_greek_Gkoles_-_Xatzikyriakeio
4158,-0.5484584,2.8342795,3 (Jazz + Pop + Rock),simac___simac_more_greek_Glykeria_-_Den_les_kouventa
4159,-3.094282,0.5702009,3 (Jazz + Pop + Rock),simac___simac_more_greek_Glykeria_-_Odos_Aristotelous
4160,0.2659493,2.5875993,3 (Jazz + Pop + Rock),simac___simac_more_greek_Glykeria_-_To_agalma
4161,1.7961667,1.9437736,3 (Jazz + Pop + Rock),simac___simac_more_greek_Kazantzidis_-_Oti_agapaw_egw_pe8ainei
4162,2.639729,1.8408637,3 (Jazz + Pop + Rock),simac___simac_more_greek_Ksylouris_-_Afton_ton_kosmo_ton_kalo
4163,2.5022013,2.3494256,3 (Jazz + Pop + Rock),simac___simac_more_greek_Ksylouris_-_Erwtiko_tragoudi_(Palikarou_palikarou)
4164,-2.8179984,0.90126854,3 (Jazz + Pop + Rock),simac___simac_more_greek_Ksylouris_-_Evale_o_8eos_simadi
4165,1.2808803,1.4427538,3 (Jazz + Pop + Rock),simac___simac_more_greek_Ksylouris_-_Filentem
4166,-5.7302423,0.74173474,1 (Classical + Groove + Jazz),simac___simac_more_greek_Ksylouris_-_Htane_mia_fora
4167,-5.2140117,0.33792645,3 (Jazz + Pop + Rock),simac___simac_more_greek_Ksylouris_-_Pote_8a_kanei_ksasteria
4168,-1.7752126,3.2773952,3 (Jazz + Pop + Rock),simac___simac_more_greek_Ksylouris_-_Xilia_myria_kymata
4169,2.8964894,2.067943,3 (Jazz + Pop + Rock),simac___simac_more_greek_Makedonas_-_Ena_deilino
4170,-0.012067158,-0.9532658,3 (Jazz + Pop + Rock),simac___simac_more_greek_Makedonas_-_Savvatovrado_stin_Kaisariani
4171,-4.1211267,1.3336064,3 (Jazz + Pop + Rock),simac___simac_more_greek_Marinella_-_Agapi_pou_gines_dikopo_maxairi
4172,1.402695,-0.20909877,3 (Jazz + Pop + Rock),simac___simac_more_greek_Marinella_-_Kane_ligaki_ypomoni
4173,1.5346982,1.7969067,3 (Jazz + Pop + Rock),simac___simac_more_greek_Marinella_-_Koita_me_sta_matia
4174,-6.253207,-0.3610292,1 (Classical + Groove + Jazz),simac___simac_more_greek_Marinella_-_Omorfi_poli
4175,-0.56114537,-0.121715814,3 (Jazz + Pop + Rock),simac___simac_more_greek_Marinella_-_Pes_pws_m_antamwses
4176,1.7665942,2.154995,3 (Jazz + Pop + Rock),simac___simac_more_greek_Marinella_-_Prin_to_xarama
4177,3.4546533,2.7442145,3 (Jazz + Pop + Rock),simac___simac_more_greek_Marinella_-_Stalia_stalia
4178,-0.12218793,1.8415309,3 (Jazz + Pop + Rock),simac___simac_more_greek_Mitropanos_-_8essaloniki
4179,4.6019616,1.2945664,3 (Jazz + Pop + Rock),simac___simac_more_greek_Mitropanos_-_Brexei_sti_ftwxogeitonia
4180,2.2836509,2.496644,3 (Jazz + Pop + Rock),simac___simac_more_greek_Mitsias_-_Apopse_f8inopwriase
4181,1.1108953,5.1298614,3 (Jazz + Pop + Rock),simac___simac_more_greek_Mosxoliou_-_Eipa_na_svisw_ta_palia
4182,-0.7530462,-1.2537432,3 (Jazz + Pop + Rock),simac___simac_more_greek_Mosxoliou_-_Koimisou_palikari
4183,-1.6299157,1.3369526,3 (Jazz + Pop + Rock),simac___simac_more_greek_Mosxoliou_-_Ta_deilina
4184,1.1017464,2.4556296,3 (Jazz + Pop + Rock),simac___simac_more_greek_Mosxoliou_-_Xwrismos
4185,-3.0608563,0.04588696,3 (Jazz + Pop + Rock),simac___simac_more_greek_Mosxoliou_Gkika_-_Den_klaiw_gia_twra
4186,-2.082431,0.42608324,3 (Jazz + Pop + Rock),simac___simac_more_greek_Mosxoliou_Gkika_-_Pira_ap_to_xeri_sou_nero
4187,-1.7881852,1.2488726,3 (Jazz + Pop + Rock),simac___simac_more_greek_Mpellou_-_Anastenazw_kai_ponw
4188,2.062645,4.665752,3 (Jazz + Pop + Rock),simac___simac_more_greek_Mpellou_-_Antilaloune_ta_vouna
4189,-0.572715,5.564492,3 (Jazz + Pop + Rock),simac___simac_more_greek_Mpellou_-_Apopse_kaneis_mpam
4190,-2.0701673,2.2987535,3 (Jazz + Pop + Rock),simac___simac_more_greek_Mpellou_-_De_les_kouventa
4191,2.4906948,1.3761567,3 (Jazz + Pop + Rock),simac___simac_more_greek_Mpellou_-_Kane_ligaki_ypomoni
4192,1.6759517,3.7018094,3 (Jazz + Pop + Rock),simac___simac_more_greek_Mpellou_-_Kapoio_vrady_t_oneiro_mou
4193,3.6622515,4.08581,3 (Jazz + Pop + Rock),simac___simac_more_greek_Mpellou_-_Kardia_paraponiara
4194,2.5431063,4.273254,3 (Jazz + Pop + Rock),simac___simac_more_greek_Mpellou_-_Ksimerwnei_kai_vradiazei
4195,2.9054677,4.6725974,3 (Jazz + Pop + Rock),simac___simac_more_greek_Mpellou_-_Liga_psixoula_agapis_sou_gyrevw
4196,-4.908125,2.6453445,3 (Jazz + Pop + Rock),simac___simac_more_greek_Mpellou_-_Min_klais
4197,1.9743956,3.259762,3 (Jazz + Pop + Rock),simac___simac_more_greek_Mpellou_-_O_kosmos_einai_san_mpakses
4198,3.892608,3.9835114,3 (Jazz + Pop + Rock),simac___simac_more_greek_Mpellou_-_Peftoun_tis_vroxis_oi_stales
4199,1.5959451,4.4908,3 (Jazz + Pop + Rock),simac___simac_more_greek_Mpellou_-_Prin_to_xarama_monaxos
4200,-2.8996186,2.735903,3 (Jazz + Pop + Rock),simac___simac_more_greek_Mpellou_-_To_minore_tis_avgis
4201,0.3147332,4.417942,3 (Jazz + Pop + Rock),simac___simac_more_greek_Mpellou_-_To_teleftaio_gramma_sou
4202,1.5804282,3.3601637,3 (Jazz + Pop + Rock),simac___simac_more_greek_Mpellou_-_Xwrisame_ena_deilino
4203,-0.040450815,4.545571,3 (Jazz + Pop + Rock),simac___simac_more_greek_Mpellou_-_Zeimpekiko
4204,-6.1285405,-3.7832565,1 (Classical + Groove + Jazz),simac___simac_more_greek_Mpi8ikwtsis_-_Aspri_mera
4205,-1.1921074,0.69071764,3 (Jazz + Pop + Rock),simac___simac_more_greek_Mpi8ikwtsis_-_Brexei_sti_ftwxogeitonia
4206,3.7300036,-0.075862855,3 (Jazz + Pop + Rock),simac___simac_more_greek_Mpi8ikwtsis_-_Drapetswna
4207,-2.0405722,0.91651124,3 (Jazz + Pop + Rock),simac___simac_more_greek_Mpi8ikwtsis_-_Eimai_aitos_xwris_ftera
4208,-1.4158033,0.52222437,3 (Jazz + Pop + Rock),simac___simac_more_greek_Mpi8ikwtsis_-_Gwnia_gwnia
4209,1.026962,-7.2248197,3 (Jazz + Pop + Rock),simac___simac_more_greek_Mpi8ikwtsis_-_H_kyra
4210,-0.00093894027,1.9675398,3 (Jazz + Pop + Rock),simac___simac_more_greek_Mpi8ikwtsis_-_H_mpalanta_tou_Antrikou
4211,-10.491206,-1.2946241,1 (Classical + Groove + Jazz),simac___simac_more_greek_Mpi8ikwtsis_-_Kokotas_-_Stou_O8wna_ta_xronia
4212,-1.0692941,2.5300882,3 (Jazz + Pop + Rock),simac___simac_more_greek_Mpi8ikwtsis_-_Mana_mou_kai_Panagia
4213,-1.4588912,0.28927448,3 (Jazz + Pop + Rock),simac___simac_more_greek_Mpi8ikwtsis_-_Matia_vourkwmena
4214,0.13028057,1.9443656,3 (Jazz + Pop + Rock),simac___simac_more_greek_Mpi8ikwtsis_-_Mia_Kyriaki
4215,-4.197601,2.3232117,3 (Jazz + Pop + Rock),simac___simac_more_greek_Mpi8ikwtsis_-_Paei_o_kairos
4216,1.0782065,2.2875257,3 (Jazz + Pop + Rock),simac___simac_more_greek_Mpi8ikwtsis_-_Sta_xeria_sou_megalwsan
4217,-6.9469595,-0.8691972,1 (Classical + Groove + Jazz),simac___simac_more_greek_Mpi8ikwtsis_-_Sto_perigiali_to_kryfo
4218,1.8427713,3.3750584,3 (Jazz + Pop + Rock),simac___simac_more_greek_Mpi8ikwtsis_-_Xrysoprasino_fyllo
4219,0.53655154,1.4360632,3 (Jazz + Pop + Rock),simac___simac_more_greek_Mpi8ikwtsis_Xiwtis_-_Myrtia
4220,0.8211327,1.5216168,3 (Jazz + Pop + Rock),simac___simac_more_greek_NinouTsitsanis_-_Synnefiasmeni_Kyriaki
4221,1.1253335,2.3202612,3 (Jazz + Pop + Rock),simac___simac_more_greek_Ninou_-_Apopse_kaneis_mpam
4222,6.3974714,1.2842978,2 (Pop + Rock + HJDB + Hip-Hop),simac___simac_more_greek_Ntalaras_-_Ta_matoklada_sou_lampoun
4223,2.811294,3.85304,3 (Jazz + Pop + Rock),simac___simac_more_greek_Panou_Dionysiou_Tsitsanis_-_Axaristi
4224,-2.8718965,1.6621181,3 (Jazz + Pop + Rock),simac___simac_more_greek_Poulopoulos_-_Kamaroula_mia_stalia
4225,-1.044618,0.6188388,3 (Jazz + Pop + Rock),simac___simac_more_greek_Smokovitis_-_Mi_mou_8ymwneis_matia_mou
4226,-10.004616,-1.3870581,1 (Classical + Groove + Jazz),simac___simac_more_greek_Smokovitis_-_Prwino_tsigaro
4227,-7.540357,-1.1845468,1 (Classical + Groove + Jazz),simac___simac_more_greek_Vamvakaris_-_Fragkosyriani
4228,-7.7844524,2.8330102,1 (Classical + Groove + Jazz),simac___simac_selected_ambient_works_8592_actium
4229,-11.731565,7.026192,1 (Classical + Groove + Jazz),simac___simac_selected_ambient_works_8592_ageispolis
4230,-8.093459,3.035792,1 (Classical + Groove + Jazz),simac___simac_selected_ambient_works_8592_delphium
4231,2.1918597,2.1724663,3 (Jazz + Pop + Rock),simac___simac_selected_ambient_works_8592_green_calx
4232,-0.6589883,-4.476304,3 (Jazz + Pop + Rock),simac___simac_selected_ambient_works_8592_hedphelym
4233,2.7966514,-5.118615,3 (Jazz + Pop + Rock),simac___simac_selected_ambient_works_8592_heliosphan
4234,-0.021983542,0.8129824,3 (Jazz + Pop + Rock),simac___simac_selected_ambient_works_8592_ptolemy
4235,-6.9151473,1.9429178,1 (Classical + Groove + Jazz),simac___simac_selected_ambient_works_8592_pulsewidth
4236,0.088104926,-4.614755,3 (Jazz + Pop + Rock),simac___simac_selected_ambient_works_8592_schottkey_7th_path
4237,-3.501874,0.16772556,3 (Jazz + Pop + Rock),simac___simac_selected_ambient_works_8592_we_are_the_music_makers
4238,-0.2004071,-4.7568336,3 (Jazz + Pop + Rock),simac___simac_selected_ambient_works_8592_xtal
4239,-12.671715,-2.560347,1 (Classical + Groove + Jazz),smc___smc_001
4240,-10.37141,-1.2460347,1 (Classical + Groove + Jazz),smc___smc_002
4241,-11.933327,-3.7806418,1 (Classical + Groove + Jazz),smc___smc_003
4242,-14.167798,-2.9569616,1 (Classical + Groove + Jazz),smc___smc_004
4243,-15.473644,-4.902913,1 (Classical + Groove + Jazz),smc___smc_005
4244,-15.306923,-3.948351,1 (Classical + Groove + Jazz),smc___smc_006
4245,-16.840115,-4.4933796,1 (Classical + Groove + Jazz),smc___smc_007
4246,-11.96625,-6.7729497,1 (Classical + Groove + Jazz),smc___smc_008
4247,-5.8359156,2.4993992,1 (Classical + Groove + Jazz),smc___smc_009
4248,-16.243439,-2.908434,1 (Classical + Groove + Jazz),smc___smc_010
4249,-12.50986,-2.2841892,1 (Classical + Groove + Jazz),smc___smc_011
4250,-6.6209793,1.1648667,1 (Classical + Groove + Jazz),smc___smc_012
4251,-11.275536,-1.3687271,1 (Classical + Groove + Jazz),smc___smc_013
4252,-17.170723,-4.349948,1 (Classical + Groove + Jazz),smc___smc_014
4253,-10.813689,-5.7846513,1 (Classical + Groove + Jazz),smc___smc_015
4254,-14.0041065,-5.9134636,1 (Classical + Groove + Jazz),smc___smc_016
4255,-6.1443014,-5.888288,1 (Classical + Groove + Jazz),smc___smc_017
4256,-14.627001,-4.1256146,1 (Classical + Groove + Jazz),smc___smc_018
4257,-13.9756565,-2.6445153,1 (Classical + Groove + Jazz),smc___smc_019
4258,-6.248249,-6.183263,1 (Classical + Groove + Jazz),smc___smc_021
4259,-15.104787,-3.3168986,1 (Classical + Groove + Jazz),smc___smc_022
4260,-13.483479,-3.4506845,1 (Classical + Groove + Jazz),smc___smc_023
4261,-13.615684,-3.8435678,1 (Classical + Groove + Jazz),smc___smc_024
4262,-15.415282,-5.915052,1 (Classical + Groove + Jazz),smc___smc_026
4263,-4.0349417,1.9970387,3 (Jazz + Pop + Rock),smc___smc_027
4264,-15.667991,-3.0969367,1 (Classical + Groove + Jazz),smc___smc_028
4265,5.6711926,0.7302957,3 (Jazz + Pop + Rock),smc___smc_030
4266,-4.202439,2.7691464,3 (Jazz + Pop + Rock),smc___smc_032
4267,-14.4786625,-3.6476526,1 (Classical + Groove + Jazz),smc___smc_033
4268,-12.662262,-3.006286,1 (Classical + Groove + Jazz),smc___smc_034
4269,-15.253866,-5.854812,1 (Classical + Groove + Jazz),smc___smc_035
4270,-15.208982,-2.894679,1 (Classical + Groove + Jazz),smc___smc_036
4271,-17.096136,-4.4509377,1 (Classical + Groove + Jazz),smc___smc_037
4272,-15.429486,-3.0072596,1 (Classical + Groove + Jazz),smc___smc_038
4273,-8.118948,3.0702586,1 (Classical + Groove + Jazz),smc___smc_041
4274,-14.140403,-2.8477707,1 (Classical + Groove + Jazz),smc___smc_042
4275,-14.278243,-1.9575073,1 (Classical + Groove + Jazz),smc___smc_043
4276,-15.960419,-4.61903,1 (Classical + Groove + Jazz),smc___smc_044
4277,-7.9022737,1.2181015,1 (Classical + Groove + Jazz),smc___smc_046
4278,-15.648618,-4.9680386,1 (Classical + Groove + Jazz),smc___smc_047
4279,-16.518349,-4.269833,1 (Classical + Groove + Jazz),smc___smc_048
4280,-4.705978,1.3222089,3 (Jazz + Pop + Rock),smc___smc_051
4281,-5.0002503,0.9310078,3 (Jazz + Pop + Rock),smc___smc_052
4282,-12.66736,1.9630924,1 (Classical + Groove + Jazz),smc___smc_054
4283,-15.778379,-5.1060677,1 (Classical + Groove + Jazz),smc___smc_055
4284,-13.711923,-4.7514668,1 (Classical + Groove + Jazz),smc___smc_056
4285,-12.900404,-0.49248016,1 (Classical + Groove + Jazz),smc___smc_057
4286,-13.308044,-3.3768733,1 (Classical + Groove + Jazz),smc___smc_058
4287,-6.4103694,-0.6874306,1 (Classical + Groove + Jazz),smc___smc_059
4288,-16.897673,-4.2783184,1 (Classical + Groove + Jazz),smc___smc_060
4289,-16.873327,-4.1032553,1 (Classical + Groove + Jazz),smc___smc_061
4290,-10.676791,-7.6142054,1 (Classical + Groove + Jazz),smc___smc_063
4291,-11.020121,-7.5399113,1 (Classical + Groove + Jazz),smc___smc_064
4292,-15.653649,-3.3954077,1 (Classical + Groove + Jazz),smc___smc_065
4293,-4.191652,-4.591914,3 (Jazz + Pop + Rock),smc___smc_066
4294,-5.5011315,2.3142102,3 (Jazz + Pop + Rock),smc___smc_067
4295,-13.765005,-2.9111707,1 (Classical + Groove + Jazz),smc___smc_068
4296,-14.51116,-4.6802864,1 (Classical + Groove + Jazz),smc___smc_069
4297,-13.872898,-1.8730688,1 (Classical + Groove + Jazz),smc___smc_071
4298,-4.747801,0.78261805,3 (Jazz + Pop + Rock),smc___smc_072
4299,-5.956156,2.2271016,1 (Classical + Groove + Jazz),smc___smc_073
4300,-15.481804,-4.9421,1 (Classical + Groove + Jazz),smc___smc_074
4301,-9.726445,-2.19425,1 (Classical + Groove + Jazz),smc___smc_075
4302,-14.437199,-4.3656135,1 (Classical + Groove + Jazz),smc___smc_076
4303,-11.250613,-6.4717574,1 (Classical + Groove + Jazz),smc___smc_079
4304,-14.290627,-2.1715257,1 (Classical + Groove + Jazz),smc___smc_080
4305,-9.122998,1.4296472,1 (Classical + Groove + Jazz),smc___smc_082
4306,-17.064537,-4.5761695,1 (Classical + Groove + Jazz),smc___smc_084
4307,-12.635467,-3.8756766,1 (Classical + Groove + Jazz),smc___smc_085
4308,-5.7187023,0.7650271,1 (Classical + Groove + Jazz),smc___smc_086
4309,-10.533126,-2.4011817,1 (Classical + Groove + Jazz),smc___smc_087
4310,-5.4356833,-5.6036625,1 (Classical + Groove + Jazz),smc___smc_088
4311,-15.499935,-5.8608117,1 (Classical + Groove + Jazz),smc___smc_089
4312,-9.50921,-3.7684913,1 (Classical + Groove + Jazz),smc___smc_092
4313,-14.456654,-4.561509,1 (Classical + Groove + Jazz),smc___smc_093
4314,-13.064639,-3.3717997,1 (Classical + Groove + Jazz),smc___smc_095
4315,-11.929554,-2.877905,1 (Classical + Groove + Jazz),smc___smc_096
4316,-10.981329,-0.8684823,1 (Classical + Groove + Jazz),smc___smc_098
4317,-15.502277,-4.740789,1 (Classical + Groove + Jazz),smc___smc_099
4318,-6.4855647,0.97341883,1 (Classical + Groove + Jazz),smc___smc_100
4319,-16.500023,-4.602163,1 (Classical + Groove + Jazz),smc___smc_101
4320,-14.60045,-3.3739536,1 (Classical + Groove + Jazz),smc___smc_103
4321,-16.923452,-4.410623,1 (Classical + Groove + Jazz),smc___smc_104
4322,-14.985668,-3.395551,1 (Classical + Groove + Jazz),smc___smc_105
4323,-13.318056,-5.9331098,1 (Classical + Groove + Jazz),smc___smc_106
4324,1.150888,-4.678738,3 (Jazz + Pop + Rock),smc___smc_109
4325,-13.335359,-5.4189906,1 (Classical + Groove + Jazz),smc___smc_111
4326,-16.653154,-4.443888,1 (Classical + Groove + Jazz),smc___smc_113
4327,-16.90548,-3.254842,1 (Classical + Groove + Jazz),smc___smc_114
4328,-1.1005881,-1.7555609,3 (Jazz + Pop + Rock),smc___smc_116
4329,-10.393478,-1.4421436,1 (Classical + Groove + Jazz),smc___smc_117
4330,-15.191071,-4.5140896,1 (Classical + Groove + Jazz),smc___smc_118
4331,-7.0441523,-6.404927,1 (Classical + Groove + Jazz),smc___smc_119
4332,-13.119482,-1.9105986,1 (Classical + Groove + Jazz),smc___smc_120
4333,-14.275749,-2.9709692,1 (Classical + Groove + Jazz),smc___smc_121
4334,-14.431132,-2.775814,1 (Classical + Groove + Jazz),smc___smc_124
4335,-15.415487,-5.493859,1 (Classical + Groove + Jazz),smc___smc_126
4336,-10.697593,-3.9078915,1 (Classical + Groove + Jazz),smc___smc_127
4337,-14.406067,-1.8194789,1 (Classical + Groove + Jazz),smc___smc_130
4338,-4.2376966,-5.5098295,3 (Jazz + Pop + Rock),smc___smc_133
4339,-16.009478,-2.108868,1 (Classical + Groove + Jazz),smc___smc_135
4340,-14.15319,-2.981193,1 (Classical + Groove + Jazz),smc___smc_137
4341,-1.5205415,3.088943,3 (Jazz + Pop + Rock),smc___smc_139
4342,-6.447735,-5.745834,1 (Classical + Groove + Jazz),smc___smc_140
4343,-12.773809,1.132647,1 (Classical + Groove + Jazz),smc___smc_142
4344,2.0846462,0.589773,3 (Jazz + Pop + Rock),smc___smc_143
4345,-15.337149,-4.438545,1 (Classical + Groove + Jazz),smc___smc_146
4346,-5.222105,-4.566175,1 (Classical + Groove + Jazz),smc___smc_147
4347,-11.559186,3.4442105,1 (Classical + Groove + Jazz),smc___smc_148
4348,-9.08024,-3.1538434,1 (Classical + Groove + Jazz),smc___smc_149
4349,-9.491314,-3.1120226,1 (Classical + Groove + Jazz),smc___smc_150
4350,-7.4145412,-4.4530344,1 (Classical + Groove + Jazz),smc___smc_151
4351,-14.738334,-5.279681,1 (Classical + Groove + Jazz),smc___smc_152
4352,-16.147865,-5.4338074,1 (Classical + Groove + Jazz),smc___smc_153
4353,-13.668266,-3.5720065,1 (Classical + Groove + Jazz),smc___smc_154
4354,-8.562881,2.8005857,1 (Classical + Groove + Jazz),smc___smc_157
4355,-13.517611,-0.76413673,1 (Classical + Groove + Jazz),smc___smc_158
4356,-12.875403,-2.805117,1 (Classical + Groove + Jazz),smc___smc_159
4357,-13.837329,-2.2268722,1 (Classical + Groove + Jazz),smc___smc_161
4358,-16.513144,-3.1267595,1 (Classical + Groove + Jazz),smc___smc_166
4359,-16.856604,-4.242547,1 (Classical + Groove + Jazz),smc___smc_167
4360,-13.442073,-3.9833038,1 (Classical + Groove + Jazz),smc___smc_168
4361,-13.759637,-2.3672528,1 (Classical + Groove + Jazz),smc___smc_169
4362,-7.153516,-4.318477,1 (Classical + Groove + Jazz),smc___smc_170
4363,-6.890046,2.1985083,1 (Classical + Groove + Jazz),smc___smc_171
4364,-3.0460308,3.3618026,3 (Jazz + Pop + Rock),smc___smc_172
4365,-2.6996877,2.1386952,3 (Jazz + Pop + Rock),smc___smc_173
4366,-13.95872,-3.540399,1 (Classical + Groove + Jazz),smc___smc_174
4367,-15.758752,-3.7259536,1 (Classical + Groove + Jazz),smc___smc_175
4368,-16.471209,-4.485131,1 (Classical + Groove + Jazz),smc___smc_176
4369,-11.81324,-3.7343557,1 (Classical + Groove + Jazz),smc___smc_178
4370,-15.523454,-2.8915353,1 (Classical + Groove + Jazz),smc___smc_179
4371,-7.1885676,-5.3873463,1 (Classical + Groove + Jazz),smc___smc_181
4372,-7.157333,-4.3402233,1 (Classical + Groove + Jazz),smc___smc_182
4373,-14.636601,-5.770067,1 (Classical + Groove + Jazz),smc___smc_184
4374,-14.965283,-4.3378935,1 (Classical + Groove + Jazz),smc___smc_187
4375,-12.78308,-3.07469,1 (Classical + Groove + Jazz),smc___smc_188
4376,-2.2214813,-3.2773292,3 (Jazz + Pop + Rock),smc___smc_190
4377,-12.758648,-4.9406834,1 (Classical + Groove + Jazz),smc___smc_192
4378,6.25202,-5.2942204,2 (Pop + Rock + HJDB + Hip-Hop),smc___smc_193
4379,-6.9354815,2.4936163,1 (Classical + Groove + Jazz),smc___smc_194
4380,-15.533305,-3.4813538,1 (Classical + Groove + Jazz),smc___smc_195
4381,-15.6859,-3.9292433,1 (Classical + Groove + Jazz),smc___smc_197
4382,-4.290819,-5.471947,3 (Jazz + Pop + Rock),smc___smc_198
4383,-5.698601,-0.48715633,1 (Classical + Groove + Jazz),smc___smc_199
4384,-7.086345,-0.3038428,1 (Classical + Groove + Jazz),smc___smc_202
4385,-13.257242,-2.0862155,1 (Classical + Groove + Jazz),smc___smc_203
4386,-7.15392,-0.63899577,1 (Classical + Groove + Jazz),smc___smc_204
4387,-7.756864,-1.5410523,1 (Classical + Groove + Jazz),smc___smc_205
4388,-11.871544,-1.8720942,1 (Classical + Groove + Jazz),smc___smc_206
4389,-5.4004397,2.5001137,3 (Jazz + Pop + Rock),smc___smc_207
4390,-12.787071,-2.8055441,1 (Classical + Groove + Jazz),smc___smc_208
4391,-8.382744,0.9261094,1 (Classical + Groove + Jazz),smc___smc_209
4392,-10.949731,1.6842693,1 (Classical + Groove + Jazz),smc___smc_211
4393,-13.674766,-2.5971606,1 (Classical + Groove + Jazz),smc___smc_212
4394,-10.880361,-4.253577,1 (Classical + Groove + Jazz),smc___smc_213
4395,-16.682575,-4.1733575,1 (Classical + Groove + Jazz),smc___smc_214
4396,-14.898246,-5.003539,1 (Classical + Groove + Jazz),smc___smc_215
4397,-5.0636697,-6.0026035,1 (Classical + Groove + Jazz),smc___smc_216
4398,-15.94673,-4.771571,1 (Classical + Groove + Jazz),smc___smc_217
4399,-8.306707,-1.3528485,1 (Classical + Groove + Jazz),smc___smc_219
4400,6.339925,-5.215026,2 (Pop + Rock + HJDB + Hip-Hop),smc___smc_220
4401,-4.3878636,-6.0756607,3 (Jazz + Pop + Rock),smc___smc_221
4402,-4.614554,-5.481649,1 (Classical + Groove + Jazz),smc___smc_222
4403,-8.427429,-0.40650958,1 (Classical + Groove + Jazz),smc___smc_223
4404,-4.0244274,-5.856791,3 (Jazz + Pop + Rock),smc___smc_224
4405,-4.293395,-6.0411816,3 (Jazz + Pop + Rock),smc___smc_225
4406,-14.398163,-2.702055,1 (Classical + Groove + Jazz),smc___smc_226
4407,-16.15837,-4.4395885,1 (Classical + Groove + Jazz),smc___smc_227
4408,-10.863245,-1.120273,1 (Classical + Groove + Jazz),smc___smc_229
4409,-13.762693,-2.145895,1 (Classical + Groove + Jazz),smc___smc_232
4410,-9.533984,-6.336835,1 (Classical + Groove + Jazz),smc___smc_235
4411,-5.7055564,-5.069942,1 (Classical + Groove + Jazz),smc___smc_236
4412,-8.2544985,-0.35588163,1 (Classical + Groove + Jazz),smc___smc_237
4413,-14.7472105,-4.956942,1 (Classical + Groove + Jazz),smc___smc_239
4414,-8.155331,-5.39428,1 (Classical + Groove + Jazz),smc___smc_241
4415,-5.3658624,-4.206444,1 (Classical + Groove + Jazz),smc___smc_242
4416,-12.665295,4.106714,1 (Classical + Groove + Jazz),smc___smc_243
4417,-7.053251,-4.843107,1 (Classical + Groove + Jazz),smc___smc_244
4418,-15.470196,-4.1386814,1 (Classical + Groove + Jazz),smc___smc_248
4419,-6.052522,-5.43727,1 (Classical + Groove + Jazz),smc___smc_249
4420,-12.508579,-3.0392547,1 (Classical + Groove + Jazz),smc___smc_251
4421,-8.84898,1.7564672,1 (Classical + Groove + Jazz),smc___smc_252
4422,-3.3844957,-1.9906378,3 (Jazz + Pop + Rock),smc___smc_253
4423,-15.41135,-4.5899987,1 (Classical + Groove + Jazz),smc___smc_254
4424,-16.261866,-4.064959,1 (Classical + Groove + Jazz),smc___smc_255
4425,-15.079145,-4.862611,1 (Classical + Groove + Jazz),smc___smc_256
4426,-14.398737,-3.9564803,1 (Classical + Groove + Jazz),smc___smc_257
4427,-11.108046,-6.6538405,1 (Classical + Groove + Jazz),smc___smc_258
4428,-7.329381,-5.6807013,1 (Classical + Groove + Jazz),smc___smc_259
4429,-10.011608,0.971557,1 (Classical + Groove + Jazz),smc___smc_260
4430,-13.164933,-2.291886,1 (Classical + Groove + Jazz),smc___smc_261
4431,-17.147434,-4.4462976,1 (Classical + Groove + Jazz),smc___smc_262
4432,-10.35646,4.069907,1 (Classical + Groove + Jazz),smc___smc_263
4433,-8.023533,-5.6499076,1 (Classical + Groove + Jazz),smc___smc_264
4434,-6.579908,-5.669965,1 (Classical + Groove + Jazz),smc___smc_265
4435,-16.969517,-4.3153377,1 (Classical + Groove + Jazz),smc___smc_266
4436,-15.0481,-3.9125462,1 (Classical + Groove + Jazz),smc___smc_269
4437,-2.1864278,4.561711,3 (Jazz + Pop + Rock),smc___smc_271
4438,7.7849665,3.9196777,2 (Pop + Rock + HJDB + Hip-Hop),smc___smc_272
4439,2.2412171,5.155971,3 (Jazz + Pop + Rock),smc___smc_273
4440,-0.86118376,4.2860794,3 (Jazz + Pop + Rock),smc___smc_274
4441,-8.783961,3.1446028,1 (Classical + Groove + Jazz),smc___smc_275
4442,-6.143795,4.198403,1 (Classical + Groove + Jazz),smc___smc_276
4443,14.824217,2.2778993,2 (Pop + Rock + HJDB + Hip-Hop),smc___smc_277
4444,-0.51972014,5.8286357,3 (Jazz + Pop + Rock),smc___smc_278
4445,7.149429,4.8886437,2 (Pop + Rock + HJDB + Hip-Hop),smc___smc_279
4446,1.7855725,5.17627,3 (Jazz + Pop + Rock),smc___smc_280
4447,4.7172384,2.1933744,3 (Jazz + Pop + Rock),smc___smc_281
4448,2.5325742,3.847613,3 (Jazz + Pop + Rock),smc___smc_282
4449,8.996468,0.8487672,2 (Pop + Rock + HJDB + Hip-Hop),smc___smc_283
4450,11.437915,3.3472655,2 (Pop + Rock + HJDB + Hip-Hop),smc___smc_284
4451,-0.080205604,-0.37344068,3 (Jazz + Pop + Rock),smc___smc_285
4452,-2.3619664,2.9075856,3 (Jazz + Pop + Rock),smc___smc_286
4453,3.881562,4.0077357,3 (Jazz + Pop + Rock),smc___smc_287
4454,1.6374259,4.6994386,3 (Jazz + Pop + Rock),smc___smc_288
4455,-2.703955,1.4730926,3 (Jazz + Pop + Rock),smc___smc_289
4456,14.56652,1.4450718,2 (Pop + Rock + HJDB + Hip-Hop),tapcorrect___001_youtube_fV4DiAyExN0
4457,4.2119675,0.8425889,3 (Jazz + Pop + Rock),tapcorrect___002_youtube_CvMfvuJsYmE
4458,12.280931,-1.6353158,2 (Pop + Rock + HJDB + Hip-Hop),tapcorrect___003_youtube_tXjqKzX28LI
4459,13.371058,0.742246,2 (Pop + Rock + HJDB + Hip-Hop),tapcorrect___004_youtube_IwOfCgkyEj0
4460,4.077468,-3.9285464,3 (Jazz + Pop + Rock),tapcorrect___005_youtube_RB-RcX5DS5A
4461,0.9351652,-0.378198,3 (Jazz + Pop + Rock),tapcorrect___006_youtube_I3gHugP6bPE
4462,16.644184,-1.6393709,2 (Pop + Rock + HJDB + Hip-Hop),tapcorrect___007_youtube_9QnUOrTsxXA
4463,0.20859249,5.4060006,3 (Jazz + Pop + Rock),tapcorrect___008_youtube_bg7RjxsghNY
4464,10.274652,0.6376419,2 (Pop + Rock + HJDB + Hip-Hop),tapcorrect___009_youtube_hRFLv29K__o
4465,9.935015,-2.6580465,2 (Pop + Rock + HJDB + Hip-Hop),tapcorrect___010_youtube_80tX5MLX8QY
4466,7.07985,-0.5546335,2 (Pop + Rock + HJDB + Hip-Hop),tapcorrect___011_youtube_M7u5SdjDSQQ
4467,1.597367,2.704664,3 (Jazz + Pop + Rock),tapcorrect___012_youtube_Va0vs1fhhNI
4468,12.36603,1.1064594,2 (Pop + Rock + HJDB + Hip-Hop),tapcorrect___013_youtube_6iGpdkgr57g
4469,9.3354845,2.181498,2 (Pop + Rock + HJDB + Hip-Hop),tapcorrect___014_youtube_53FGAgfYVsw
4470,17.136345,-2.7842782,2 (Pop + Rock + HJDB + Hip-Hop),tapcorrect___015_youtube_ltRgb4SJ1uk
4471,9.629997,-0.68388283,2 (Pop + Rock + HJDB + Hip-Hop),tapcorrect___016_youtube_eelfrHtmk68
4472,6.990829,0.5594766,2 (Pop + Rock + HJDB + Hip-Hop),tapcorrect___017_youtube_S6Nt1ssPLBA
4473,-2.1319306,2.1545825,3 (Jazz + Pop + Rock),tapcorrect___018_youtube_wVyggTKDcOE
4474,8.684429,-4.8167524,2 (Pop + Rock + HJDB + Hip-Hop),tapcorrect___019_youtube_jSDukB1pc30
4475,9.278668,-4.0236416,2 (Pop + Rock + HJDB + Hip-Hop),tapcorrect___020_youtube_0WrjMeHsfgM
4476,14.907019,-2.3616948,2 (Pop + Rock + HJDB + Hip-Hop),tapcorrect___021_youtube_lzdGpNGH9BI
4477,12.633962,-1.1008195,2 (Pop + Rock + HJDB + Hip-Hop),tapcorrect___022_youtube_Z4z0LjchwOo
4478,-5.0500426,-0.7975695,3 (Jazz + Pop + Rock),tapcorrect___024_youtube_S4X_l8PIobc
4479,8.571098,0.40330395,2 (Pop + Rock + HJDB + Hip-Hop),tapcorrect___025_youtube_8jsFGdeWNPo
4480,13.601121,-3.9371767,2 (Pop + Rock + HJDB + Hip-Hop),tapcorrect___026_youtube__X6DCz3pkYA
4481,5.0394597,-2.3926334,3 (Jazz + Pop + Rock),tapcorrect___027_youtube_iYYRH4apXDo
4482,14.610369,-2.7071562,2 (Pop + Rock + HJDB + Hip-Hop),tapcorrect___028_youtube_StFfXP4eAgU
4483,-3.517961,-3.9926603,3 (Jazz + Pop + Rock),tapcorrect___029_youtube_41TNDPn9x2Y
4484,16.085085,0.2122618,2 (Pop + Rock + HJDB + Hip-Hop),tapcorrect___030_youtube_U8EDgciZZFc
4485,-0.84716606,-1.3273207,3 (Jazz + Pop + Rock),tapcorrect___031_youtube_Y8R9ZPT2T-I
4486,12.481951,-1.8323318,2 (Pop + Rock + HJDB + Hip-Hop),tapcorrect___032_youtube_zsmUOdmm02A
4487,1.4078385,3.7307103,3 (Jazz + Pop + Rock),tapcorrect___033_youtube_0Jj9rOwkfLM
4488,9.445866,-1.438936,2 (Pop + Rock + HJDB + Hip-Hop),tapcorrect___034_youtube_F6Dw6ZFmM4c
4489,2.1571958,-2.7011647,3 (Jazz + Pop + Rock),tapcorrect___035_youtube_NCnT_grZvLE
4490,2.9229944,6.1359115,3 (Jazz + Pop + Rock),tapcorrect___036_youtube__-xZYhm6QgQ
4491,-7.692202,-6.4712915,1 (Classical + Groove + Jazz),tapcorrect___037_youtube_VYCOg-yglNM
4492,16.773869,-1.721287,2 (Pop + Rock + HJDB + Hip-Hop),tapcorrect___038_youtube_eVTXPUF4Oz4
4493,13.451054,2.1559806,2 (Pop + Rock + HJDB + Hip-Hop),tapcorrect___039_youtube_ph9NQ8ASmX4
4494,-1.243492,3.5877352,3 (Jazz + Pop + Rock),tapcorrect___040_youtube_1zrxnqejwCk
4495,-13.811711,-2.5226097,1 (Classical + Groove + Jazz),tapcorrect___041_youtube_Eh44QPT1mPE
4496,17.145803,-3.0100718,2 (Pop + Rock + HJDB + Hip-Hop),tapcorrect___042_youtube_uBMtdaRhDMY
4497,-8.936092,-6.751149,1 (Classical + Groove + Jazz),tapcorrect___043_youtube_CWEqbuJ6DlQ
4498,3.5492358,1.5611361,3 (Jazz + Pop + Rock),tapcorrect___044_youtube_BwKPJJxSnOE
4499,-4.3654947,1.6450367,3 (Jazz + Pop + Rock),tapcorrect___045_youtube_SYUgGs9IStY
4500,-4.479032,1.030976,3 (Jazz + Pop + Rock),tapcorrect___046_youtube_ebZZpVFUQDY
4501,10.659479,0.45998845,2 (Pop + Rock + HJDB + Hip-Hop),tapcorrect___047_youtube_WNa60w5HOB4
4502,12.047621,-3.2954273,2 (Pop + Rock + HJDB + Hip-Hop),tapcorrect___048_youtube_B_e7QbWc5mI
4503,-11.26864,2.405628,1 (Classical + Groove + Jazz),tapcorrect___049_youtube_rSktfVJc_IM
4504,13.7372465,2.3391566,2 (Pop + Rock + HJDB + Hip-Hop),tapcorrect___050_youtube_vx2u5uUu3DE
4505,7.7216105,1.5933902,2 (Pop + Rock + HJDB + Hip-Hop),tapcorrect___051_youtube_InYVlCCEqFc
4506,17.117321,-2.2924387,2 (Pop + Rock + HJDB + Hip-Hop),tapcorrect___052_youtube_LjffPO71TJs
4507,3.0388677,-0.9043776,3 (Jazz + Pop + Rock),tapcorrect___053_youtube_yuxchcK5Gek
4508,14.785142,1.0799221,2 (Pop + Rock + HJDB + Hip-Hop),tapcorrect___054_youtube_UgL4N4Hf1dk
4509,-2.1538725,-4.418543,3 (Jazz + Pop + Rock),tapcorrect___055_youtube_LzLt9X4hoIE
4510,2.5928476,-4.639963,3 (Jazz + Pop + Rock),tapcorrect___056_youtube_alYFdNGVL1E
4511,13.053858,-1.9661502,2 (Pop + Rock + HJDB + Hip-Hop),tapcorrect___057_youtube_UrN3-lDk9Rs
4512,-1.4252927,-1.6673167,3 (Jazz + Pop + Rock),tapcorrect___058_youtube_c5dwksSbD34
4513,-0.4879603,5.410201,3 (Jazz + Pop + Rock),tapcorrect___059_youtube_-tJYN-eG1zk
4514,10.993595,-1.2063601,2 (Pop + Rock + HJDB + Hip-Hop),tapcorrect___060_youtube_FY9v147BZuE
4515,-2.3391821,6.8714366,3 (Jazz + Pop + Rock),tapcorrect___061_youtube_KlujizeNNQM
4516,0.1864582,-2.4687858,3 (Jazz + Pop + Rock),tapcorrect___062_youtube_Yi3GJEEMX4s
4517,5.540436,-2.5451841,3 (Jazz + Pop + Rock),tapcorrect___063_youtube_uFEK4fpYOS4
4518,2.7362096,-2.5433633,3 (Jazz + Pop + Rock),tapcorrect___064_youtube_Xlv1tm2h7pY
4519,10.869879,-3.564962,2 (Pop + Rock + HJDB + Hip-Hop),tapcorrect___065_youtube_u9Dg-g7t2l4
4520,12.875852,-0.4635092,2 (Pop + Rock + HJDB + Hip-Hop),tapcorrect___066_youtube_H4BB9eGUEaE
4521,9.5854845,-4.494389,2 (Pop + Rock + HJDB + Hip-Hop),tapcorrect___067_youtube_MbmFqUtK2aw
4522,11.636962,-2.5497305,2 (Pop + Rock + HJDB + Hip-Hop),tapcorrect___068_youtube_a8LcePfI6Hs
4523,16.490286,-0.75896823,2 (Pop + Rock + HJDB + Hip-Hop),tapcorrect___069_youtube_8kl6q_9qZOs
4524,2.574578,4.56257,3 (Jazz + Pop + Rock),tapcorrect___070_youtube_m-M1AtrxztU
4525,9.230613,-1.582075,2 (Pop + Rock + HJDB + Hip-Hop),tapcorrect___071_youtube_WBQ03PXMpqY
4526,11.883939,-2.468201,2 (Pop + Rock + HJDB + Hip-Hop),tapcorrect___072_youtube_sABVieMgwlA
4527,3.5894046,2.6613646,3 (Jazz + Pop + Rock),tapcorrect___073_youtube_qZuH-5St80A
4528,7.7387986,0.53919667,2 (Pop + Rock + HJDB + Hip-Hop),tapcorrect___074_youtube_aBqT2qWxDL8
4529,2.5637197,-1.1256357,3 (Jazz + Pop + Rock),tapcorrect___075_youtube_p_6F5K_xP6Q
4530,-0.29151437,3.072947,3 (Jazz + Pop + Rock),tapcorrect___076_youtube_pjcOzqxu4JQ
4531,16.75244,-1.2889707,2 (Pop + Rock + HJDB + Hip-Hop),tapcorrect___077_youtube_g6FU3s6mbGI
4532,10.039835,-1.0381409,2 (Pop + Rock + HJDB + Hip-Hop),tapcorrect___078_youtube_DL_uU76w5eQ
4533,-3.183543,-0.42666507,3 (Jazz + Pop + Rock),tapcorrect___079_youtube_aEW001GcS9s
4534,4.218616,-3.505341,3 (Jazz + Pop + Rock),tapcorrect___080_youtube_9z1A1R8RQZs
4535,3.4026594,2.1438093,3 (Jazz + Pop + Rock),tapcorrect___081_youtube_pSdUOTuQzWQ
4536,-0.5889817,5.242502,3 (Jazz + Pop + Rock),tapcorrect___082_youtube_M84S81FL5FY
4537,-0.890899,-2.679496,3 (Jazz + Pop + Rock),tapcorrect___083_youtube_HfUoCF3dmbU
4538,8.674289,-2.1191974,2 (Pop + Rock + HJDB + Hip-Hop),tapcorrect___084_youtube_zH9sXggRlxc
4539,0.13935558,-1.9486821,3 (Jazz + Pop + Rock),tapcorrect___085_youtube_KEl7WjfbnSA
4540,14.413438,-2.1056836,2 (Pop + Rock + HJDB + Hip-Hop),tapcorrect___086_youtube_-2WQ_caqBiY
4541,13.566455,1.0655059,2 (Pop + Rock + HJDB + Hip-Hop),tapcorrect___087_youtube_ej93qIAlhXs
4542,2.5225067,1.5068609,3 (Jazz + Pop + Rock),tapcorrect___088_youtube_D1ACUFvxAGQ
4543,3.8436618,5.141167,3 (Jazz + Pop + Rock),tapcorrect___089_youtube_Ghg70fI6HLI
4544,17.268406,-1.616213,2 (Pop + Rock + HJDB + Hip-Hop),tapcorrect___090_youtube_2tmc8rJgxUI
4545,9.661728,-1.6225307,2 (Pop + Rock + HJDB + Hip-Hop),tapcorrect___091_youtube_NCtzkaL2t_Y
4546,12.855623,-3.4387279,2 (Pop + Rock + HJDB + Hip-Hop),tapcorrect___092_youtube_oh2LWWORoiM
4547,13.738931,-0.68109727,2 (Pop + Rock + HJDB + Hip-Hop),tapcorrect___093_youtube_C1lbOgBtE3w
4548,8.612256,0.5191149,2 (Pop + Rock + HJDB + Hip-Hop),tapcorrect___094_youtube_FrGARptU-kQ
4549,3.4109237,-1.6889806,3 (Jazz + Pop + Rock),tapcorrect___095_youtube_zO6D_BAuYCI
4550,1.904135,7.121718,3 (Jazz + Pop + Rock),tapcorrect___096_youtube_XAYhNHhxN0A
4551,11.93492,-1.2796121,2 (Pop + Rock + HJDB + Hip-Hop),tapcorrect___097_youtube_Nco69szMp0Y
4552,4.6662264,-1.5791132,3 (Jazz + Pop + Rock),tapcorrect___098_youtube_MsduHmjQlgI
4553,-4.2759295,-4.253719,3 (Jazz + Pop + Rock),tapcorrect___099_youtube_WHWqj6gKS9g
4554,0.9102701,-4.3774257,3 (Jazz + Pop + Rock),tapcorrect___100_youtube_QinABEXzutY
4555,-2.0994847,1.1663146,3 (Jazz + Pop + Rock),tapcorrect___101_youtube_O64IDCVI3eM
4556,3.7826724,-3.52477,3 (Jazz + Pop + Rock),tapcorrect___102_youtube_4aiWPx8RU7I
4557,6.235472,-3.9130185,2 (Pop + Rock + HJDB + Hip-Hop),gtzan___gtzan_blues_00000
4558,-4.5371113,1.0883522,3 (Jazz + Pop + Rock),gtzan___gtzan_blues_00001
4559,6.7073073,-2.884941,2 (Pop + Rock + HJDB + Hip-Hop),gtzan___gtzan_blues_00002
4560,-3.4164279,-0.9294093,3 (Jazz + Pop + Rock),gtzan___gtzan_blues_00003
4561,-1.7224567,0.826416,3 (Jazz + Pop + Rock),gtzan___gtzan_blues_00004
4562,-3.7140293,3.6014016,3 (Jazz + Pop + Rock),gtzan___gtzan_blues_00005
4563,-5.225927,3.4250498,3 (Jazz + Pop + Rock),gtzan___gtzan_blues_00006
4564,-3.8773515,2.6395707,3 (Jazz + Pop + Rock),gtzan___gtzan_blues_00007
4565,6.058122,-3.9965343,3 (Jazz + Pop + Rock),gtzan___gtzan_blues_00008
4566,-6.3904824,0.16411054,1 (Classical + Groove + Jazz),gtzan___gtzan_blues_00009
4567,-4.8226457,3.6542304,3 (Jazz + Pop + Rock),gtzan___gtzan_blues_00010
4568,-10.128156,-0.7098683,1 (Classical + Groove + Jazz),gtzan___gtzan_blues_00011
4569,-6.7447863,-0.40483913,1 (Classical + Groove + Jazz),gtzan___gtzan_blues_00012
4570,-5.744333,-3.1709716,1 (Classical + Groove + Jazz),gtzan___gtzan_blues_00013
4571,-11.225112,0.32464668,1 (Classical + Groove + Jazz),gtzan___gtzan_blues_00014
4572,-7.951914,-0.8068679,1 (Classical + Groove + Jazz),gtzan___gtzan_blues_00015
4573,-7.803514,-0.68308777,1 (Classical + Groove + Jazz),gtzan___gtzan_blues_00016
4574,-7.8015003,-0.43018204,1 (Classical + Groove + Jazz),gtzan___gtzan_blues_00017
4575,-9.344948,-2.0576582,1 (Classical + Groove + Jazz),gtzan___gtzan_blues_00018
4576,-7.499564,-0.4936371,1 (Classical + Groove + Jazz),gtzan___gtzan_blues_00019
4577,-6.011822,-3.1367714,1 (Classical + Groove + Jazz),gtzan___gtzan_blues_00020
4578,-8.363673,-0.14358069,1 (Classical + Groove + Jazz),gtzan___gtzan_blues_00021
4579,-7.635084,-0.15319502,1 (Classical + Groove + Jazz),gtzan___gtzan_blues_00022
4580,-7.541318,-0.9711444,1 (Classical + Groove + Jazz),gtzan___gtzan_blues_00023
4581,-9.8510475,-1.0068808,1 (Classical + Groove + Jazz),gtzan___gtzan_blues_00024
4582,-8.297594,-1.159391,1 (Classical + Groove + Jazz),gtzan___gtzan_blues_00025
4583,-10.663545,-0.2700866,1 (Classical + Groove + Jazz),gtzan___gtzan_blues_00026
4584,-7.618619,-1.2308346,1 (Classical + Groove + Jazz),gtzan___gtzan_blues_00027
4585,-8.251636,-1.1345525,1 (Classical + Groove + Jazz),gtzan___gtzan_blues_00028
4586,-5.7162333,0.36698267,1 (Classical + Groove + Jazz),gtzan___gtzan_blues_00029
4587,-4.0629096,-0.70090204,3 (Jazz + Pop + Rock),gtzan___gtzan_blues_00030
4588,-5.1177063,-0.057126746,3 (Jazz + Pop + Rock),gtzan___gtzan_blues_00031
4589,-10.265661,-0.41670674,1 (Classical + Groove + Jazz),gtzan___gtzan_blues_00032
4590,-4.788981,-0.2148661,3 (Jazz + Pop + Rock),gtzan___gtzan_blues_00033
4591,-4.9796724,0.18586102,3 (Jazz + Pop + Rock),gtzan___gtzan_blues_00034
4592,-1.9709992,-1.5334976,3 (Jazz + Pop + Rock),gtzan___gtzan_blues_00035
4593,-4.3872113,-0.3427861,3 (Jazz + Pop + Rock),gtzan___gtzan_blues_00036
4594,-11.497822,0.16855654,1 (Classical + Groove + Jazz),gtzan___gtzan_blues_00037
4595,-4.1510997,-0.25554404,3 (Jazz + Pop + Rock),gtzan___gtzan_blues_00038
4596,-10.778051,-0.4525636,1 (Classical + Groove + Jazz),gtzan___gtzan_blues_00039
4597,6.5300813,-4.745482,2 (Pop + Rock + HJDB + Hip-Hop),gtzan___gtzan_blues_00040
4598,6.663472,-4.527802,2 (Pop + Rock + HJDB + Hip-Hop),gtzan___gtzan_blues_00041
4599,0.076414436,-3.173237,3 (Jazz + Pop + Rock),gtzan___gtzan_blues_00042
4600,6.50782,-4.2589417,2 (Pop + Rock + HJDB + Hip-Hop),gtzan___gtzan_blues_00043
4601,14.192655,4.29852,2 (Pop + Rock + HJDB + Hip-Hop),gtzan___gtzan_blues_00044
4602,13.624783,6.055727,2 (Pop + Rock + HJDB + Hip-Hop),gtzan___gtzan_blues_00045
4603,-1.2519364,-4.3711004,3 (Jazz + Pop + Rock),gtzan___gtzan_blues_00046
4604,13.653434,5.976874,2 (Pop + Rock + HJDB + Hip-Hop),gtzan___gtzan_blues_00047
4605,6.830583,-4.3659606,2 (Pop + Rock + HJDB + Hip-Hop),gtzan___gtzan_blues_00048
4606,-3.9928873,-2.7913997,3 (Jazz + Pop + Rock),gtzan___gtzan_blues_00049
4607,7.490605,-3.6705,2 (Pop + Rock + HJDB + Hip-Hop),gtzan___gtzan_blues_00050
4608,16.737059,1.6274959,2 (Pop + Rock + HJDB + Hip-Hop),gtzan___gtzan_blues_00051
4609,-6.1991363,1.4495838,1 (Classical + Groove + Jazz),gtzan___gtzan_blues_00052
4610,7.558827,-3.4693553,2 (Pop + Rock + HJDB + Hip-Hop),gtzan___gtzan_blues_00053
4611,8.545592,-3.868428,2 (Pop + Rock + HJDB + Hip-Hop),gtzan___gtzan_blues_00054
4612,6.945829,-3.4794946,2 (Pop + Rock + HJDB + Hip-Hop),gtzan___gtzan_blues_00055
4613,-0.36676276,-0.054989345,3 (Jazz + Pop + Rock),gtzan___gtzan_blues_00056
4614,6.9267797,-3.4804757,2 (Pop + Rock + HJDB + Hip-Hop),gtzan___gtzan_blues_00057
4615,6.641563,-3.2906,2 (Pop + Rock + HJDB + Hip-Hop),gtzan___gtzan_blues_00058
4616,7.751995,-3.9489012,2 (Pop + Rock + HJDB + Hip-Hop),gtzan___gtzan_blues_00059
4617,8.116679,-3.8585083,2 (Pop + Rock + HJDB + Hip-Hop),gtzan___gtzan_blues_00060
4618,8.124739,-4.6023765,2 (Pop + Rock + HJDB + Hip-Hop),gtzan___gtzan_blues_00061
4619,0.7358526,-1.0037988,3 (Jazz + Pop + Rock),gtzan___gtzan_blues_00062
4620,5.6789103,-4.557206,3 (Jazz + Pop + Rock),gtzan___gtzan_blues_00063
4621,15.300553,3.07377,2 (Pop + Rock + HJDB + Hip-Hop),gtzan___gtzan_blues_00064
4622,6.152932,-4.5227714,2 (Pop + Rock + HJDB + Hip-Hop),gtzan___gtzan_blues_00065
4623,5.974735,-3.9233387,3 (Jazz + Pop + Rock),gtzan___gtzan_blues_00066
4624,7.296413,-4.0495796,2 (Pop + Rock + HJDB + Hip-Hop),gtzan___gtzan_blues_00067
4625,6.4658265,-4.733821,2 (Pop + Rock + HJDB + Hip-Hop),gtzan___gtzan_blues_00068
4626,6.105747,-4.4690967,2 (Pop + Rock + HJDB + Hip-Hop),gtzan___gtzan_blues_00069
4627,1.2604295,-0.8915431,3 (Jazz + Pop + Rock),gtzan___gtzan_blues_00070
4628,15.289925,3.085087,2 (Pop + Rock + HJDB + Hip-Hop),gtzan___gtzan_blues_00071
4629,14.844186,4.2118435,2 (Pop + Rock + HJDB + Hip-Hop),gtzan___gtzan_blues_00072
4630,12.526531,-4.2356286,2 (Pop + Rock + HJDB + Hip-Hop),gtzan___gtzan_blues_00073
4631,8.036973,-2.2843733,2 (Pop + Rock + HJDB + Hip-Hop),gtzan___gtzan_blues_00074
4632,3.3097637,4.2358847,3 (Jazz + Pop + Rock),gtzan___gtzan_blues_00075
4633,9.234534,-3.826442,2 (Pop + Rock + HJDB + Hip-Hop),gtzan___gtzan_blues_00076
4634,11.146623,-3.8555744,2 (Pop + Rock + HJDB + Hip-Hop),gtzan___gtzan_blues_00077
4635,17.704979,0.016882027,2 (Pop + Rock + HJDB + Hip-Hop),gtzan___gtzan_blues_00078
4636,17.603882,-0.055021774,2 (Pop + Rock + HJDB + Hip-Hop),gtzan___gtzan_blues_00079
4637,8.336301,-3.2427144,2 (Pop + Rock + HJDB + Hip-Hop),gtzan___gtzan_blues_00080
4638,11.811068,-4.120636,2 (Pop + Rock + HJDB + Hip-Hop),gtzan___gtzan_blues_00081
4639,11.716625,-4.041432,2 (Pop + Rock + HJDB + Hip-Hop),gtzan___gtzan_blues_00082
4640,17.194803,0.6794154,2 (Pop + Rock + HJDB + Hip-Hop),gtzan___gtzan_blues_00083
4641,9.0616255,-2.873665,2 (Pop + Rock + HJDB + Hip-Hop),gtzan___gtzan_blues_00084
4642,-4.270692,1.216231,3 (Jazz + Pop + Rock),gtzan___gtzan_blues_00085
4643,-5.0127716,1.5813397,3 (Jazz + Pop + Rock),gtzan___gtzan_blues_00086
4644,-0.25612992,-0.57382244,3 (Jazz + Pop + Rock),gtzan___gtzan_blues_00087
4645,-2.823349,-3.3161964,3 (Jazz + Pop + Rock),gtzan___gtzan_blues_00088
4646,-13.113264,-1.383021,1 (Classical + Groove + Jazz),gtzan___gtzan_blues_00089
4647,-3.3839478,1.241342,3 (Jazz + Pop + Rock),gtzan___gtzan_blues_00090
4648,-5.626259,1.0141532,1 (Classical + Groove + Jazz),gtzan___gtzan_blues_00091
4649,-11.234194,-0.281278,1 (Classical + Groove + Jazz),gtzan___gtzan_blues_00092
4650,-14.740043,-4.251781,1 (Classical + Groove + Jazz),gtzan___gtzan_blues_00093
4651,-5.2092094,1.2527151,3 (Jazz + Pop + Rock),gtzan___gtzan_blues_00094
4652,1.4279972,-0.9907713,3 (Jazz + Pop + Rock),gtzan___gtzan_blues_00095
4653,-11.318107,-1.1278692,1 (Classical + Groove + Jazz),gtzan___gtzan_blues_00096
4654,0.030881327,-0.41576087,3 (Jazz + Pop + Rock),gtzan___gtzan_blues_00097
4655,7.4784617,-3.7702115,2 (Pop + Rock + HJDB + Hip-Hop),gtzan___gtzan_blues_00098
4656,-2.8654952,4.727802,3 (Jazz + Pop + Rock),gtzan___gtzan_blues_00099
4657,-6.909376,-3.254535,1 (Classical + Groove + Jazz),gtzan___gtzan_classical_00000
4658,-12.803239,-3.1545088,1 (Classical + Groove + Jazz),gtzan___gtzan_classical_00001
4659,-5.351524,-4.153653,1 (Classical + Groove + Jazz),gtzan___gtzan_classical_00002
4660,-12.259604,-1.890769,1 (Classical + Groove + Jazz),gtzan___gtzan_classical_00003
4661,-7.569284,-2.5404446,1 (Classical + Groove + Jazz),gtzan___gtzan_classical_00004
4662,-8.826462,-0.68866515,1 (Classical + Groove + Jazz),gtzan___gtzan_classical_00005
4663,-10.684728,-2.133506,1 (Classical + Groove + Jazz),gtzan___gtzan_classical_00006
4664,-8.89611,-0.33462998,1 (Classical + Groove + Jazz),gtzan___gtzan_classical_00007
4665,-8.658668,-2.028369,1 (Classical + Groove + Jazz),gtzan___gtzan_classical_00008
4666,-13.72475,-2.1721497,1 (Classical + Groove + Jazz),gtzan___gtzan_classical_00009
4667,-10.23373,-1.3541001,1 (Classical + Groove + Jazz),gtzan___gtzan_classical_00010
4668,-14.748543,-4.9832454,1 (Classical + Groove + Jazz),gtzan___gtzan_classical_00011
4669,-12.115271,-1.0269924,1 (Classical + Groove + Jazz),gtzan___gtzan_classical_00012
4670,-11.5957985,0.039454117,1 (Classical + Groove + Jazz),gtzan___gtzan_classical_00013
4671,-10.976499,-2.008817,1 (Classical + Groove + Jazz),gtzan___gtzan_classical_00014
4672,-15.373515,-2.5530183,1 (Classical + Groove + Jazz),gtzan___gtzan_classical_00015
4673,-16.80071,-3.995589,1 (Classical + Groove + Jazz),gtzan___gtzan_classical_00016
4674,-9.320814,-0.03613493,1 (Classical + Groove + Jazz),gtzan___gtzan_classical_00017
4675,-15.57007,-2.881816,1 (Classical + Groove + Jazz),gtzan___gtzan_classical_00018
4676,-16.467505,-3.6562717,1 (Classical + Groove + Jazz),gtzan___gtzan_classical_00019
4677,-10.060047,-1.7329184,1 (Classical + Groove + Jazz),gtzan___gtzan_classical_00020
4678,-12.461611,-2.8195693,1 (Classical + Groove + Jazz),gtzan___gtzan_classical_00021
4679,-8.373006,-0.38060325,1 (Classical + Groove + Jazz),gtzan___gtzan_classical_00022
4680,-14.705006,-3.4998143,1 (Classical + Groove + Jazz),gtzan___gtzan_classical_00023
4681,-5.5553393,-4.5138135,1 (Classical + Groove + Jazz),gtzan___gtzan_classical_00024
4682,-6.5060577,-5.8028193,1 (Classical + Groove + Jazz),gtzan___gtzan_classical_00025
4683,-12.19411,-2.3666477,1 (Classical + Groove + Jazz),gtzan___gtzan_classical_00026
4684,-12.976468,-4.408657,1 (Classical + Groove + Jazz),gtzan___gtzan_classical_00027
4685,-7.151621,-3.6546314,1 (Classical + Groove + Jazz),gtzan___gtzan_classical_00028
4686,-9.356303,-0.49993008,1 (Classical + Groove + Jazz),gtzan___gtzan_classical_00029
4687,-10.635115,-3.2382777,1 (Classical + Groove + Jazz),gtzan___gtzan_classical_00030
4688,-13.723953,-3.0452259,1 (Classical + Groove + Jazz),gtzan___gtzan_classical_00031
4689,-16.687588,-4.4263005,1 (Classical + Groove + Jazz),gtzan___gtzan_classical_00032
4690,-15.166411,-1.8297827,1 (Classical + Groove + Jazz),gtzan___gtzan_classical_00033
4691,-10.859735,-1.3959506,1 (Classical + Groove + Jazz),gtzan___gtzan_classical_00034
4692,-12.588493,-3.6451373,1 (Classical + Groove + Jazz),gtzan___gtzan_classical_00035
4693,-15.338981,-2.6892738,1 (Classical + Groove + Jazz),gtzan___gtzan_classical_00036
4694,-8.86913,-1.6643507,1 (Classical + Groove + Jazz),gtzan___gtzan_classical_00037
4695,-8.861067,-2.1280603,1 (Classical + Groove + Jazz),gtzan___gtzan_classical_00038
4696,-14.362593,-1.0621933,1 (Classical + Groove + Jazz),gtzan___gtzan_classical_00039
4697,-13.795419,-2.3103502,1 (Classical + Groove + Jazz),gtzan___gtzan_classical_00040
4698,-13.510256,-1.8359741,1 (Classical + Groove + Jazz),gtzan___gtzan_classical_00041
4699,-3.0256653,-6.394985,3 (Jazz + Pop + Rock),gtzan___gtzan_classical_00042
4700,-10.076874,-6.2449102,1 (Classical + Groove + Jazz),gtzan___gtzan_classical_00043
4701,-14.147345,-3.3886955,1 (Classical + Groove + Jazz),gtzan___gtzan_classical_00044
4702,-2.9882076,-6.127004,3 (Jazz + Pop + Rock),gtzan___gtzan_classical_00045
4703,10.359352,-4.170639,2 (Pop + Rock + HJDB + Hip-Hop),gtzan___gtzan_classical_00046
4704,-15.598543,-3.698834,1 (Classical + Groove + Jazz),gtzan___gtzan_classical_00047
4705,5.3751082,0.18673615,3 (Jazz + Pop + Rock),gtzan___gtzan_classical_00048
4706,7.150108,-1.7513431,2 (Pop + Rock + HJDB + Hip-Hop),gtzan___gtzan_classical_00049
4707,-16.821098,-4.3507504,1 (Classical + Groove + Jazz),gtzan___gtzan_classical_00050
4708,-9.883568,2.015496,1 (Classical + Groove + Jazz),gtzan___gtzan_classical_00051
4709,-0.20190287,1.5139062,3 (Jazz + Pop + Rock),gtzan___gtzan_classical_00052
4710,4.2912025,-1.9432714,3 (Jazz + Pop + Rock),gtzan___gtzan_classical_00053
4711,6.973137,-5.5318174,2 (Pop + Rock + HJDB + Hip-Hop),gtzan___gtzan_classical_00054
4712,-16.427456,-3.8782923,1 (Classical + Groove + Jazz),gtzan___gtzan_classical_00055
4713,9.234624,-3.0849879,2 (Pop + Rock + HJDB + Hip-Hop),gtzan___gtzan_classical_00056
4714,-13.780535,-0.0916549,1 (Classical + Groove + Jazz),gtzan___gtzan_classical_00057
4715,-13.488642,-4.1806216,1 (Classical + Groove + Jazz),gtzan___gtzan_classical_00058
4716,-1.1327369,0.12275213,3 (Jazz + Pop + Rock),gtzan___gtzan_classical_00059
4717,-1.0697478,-1.8794185,3 (Jazz + Pop + Rock),gtzan___gtzan_classical_00060
4718,-7.1115627,-1.9575406,1 (Classical + Groove + Jazz),gtzan___gtzan_classical_00061
4719,-10.287825,1.4590843,1 (Classical + Groove + Jazz),gtzan___gtzan_classical_00062
4720,-16.364906,-4.779704,1 (Classical + Groove + Jazz),gtzan___gtzan_classical_00063
4721,-16.428776,-3.830919,1 (Classical + Groove + Jazz),gtzan___gtzan_classical_00064
4722,-15.678547,-4.340171,1 (Classical + Groove + Jazz),gtzan___gtzan_classical_00065
4723,-16.074152,-4.649112,1 (Classical + Groove + Jazz),gtzan___gtzan_classical_00066
4724,-15.112099,-2.1274412,1 (Classical + Groove + Jazz),gtzan___gtzan_classical_00067
4725,-6.8596764,-2.6065793,1 (Classical + Groove + Jazz),gtzan___gtzan_classical_00068
4726,-11.991269,-3.268653,1 (Classical + Groove + Jazz),gtzan___gtzan_classical_00069
4727,-11.5393,-1.7851362,1 (Classical + Groove + Jazz),gtzan___gtzan_classical_00070
4728,-8.429675,-1.766108,1 (Classical + Groove + Jazz),gtzan___gtzan_classical_00071
4729,-13.830529,-1.8758874,1 (Classical + Groove + Jazz),gtzan___gtzan_classical_00072
4730,-10.110563,-1.856477,1 (Classical + Groove + Jazz),gtzan___gtzan_classical_00073
4731,-11.873011,-2.367032,1 (Classical + Groove + Jazz),gtzan___gtzan_classical_00074
4732,-15.401949,-2.8771923,1 (Classical + Groove + Jazz),gtzan___gtzan_classical_00075
4733,-5.924288,-3.3134322,1 (Classical + Groove + Jazz),gtzan___gtzan_classical_00076
4734,-16.36018,-3.9938793,1 (Classical + Groove + Jazz),gtzan___gtzan_classical_00077
4735,-16.973833,-4.464196,1 (Classical + Groove + Jazz),gtzan___gtzan_classical_00078
4736,-15.148741,-4.1583047,1 (Classical + Groove + Jazz),gtzan___gtzan_classical_00079
4737,-17.222992,-4.1925187,1 (Classical + Groove + Jazz),gtzan___gtzan_classical_00080
4738,-14.655582,-3.2938125,1 (Classical + Groove + Jazz),gtzan___gtzan_classical_00081
4739,-8.005578,-3.1578574,1 (Classical + Groove + Jazz),gtzan___gtzan_classical_00082
4740,-11.111665,-4.92145,1 (Classical + Groove + Jazz),gtzan___gtzan_classical_00083
4741,-13.569358,-3.5976734,1 (Classical + Groove + Jazz),gtzan___gtzan_classical_00084
4742,-5.516475,-2.7043378,1 (Classical + Groove + Jazz),gtzan___gtzan_classical_00085
4743,-6.105234,-3.0766516,1 (Classical + Groove + Jazz),gtzan___gtzan_classical_00086
4744,-13.79654,-4.1475005,1 (Classical + Groove + Jazz),gtzan___gtzan_classical_00087
4745,-10.24445,-3.892823,1 (Classical + Groove + Jazz),gtzan___gtzan_classical_00088
4746,-13.632868,2.8436167,1 (Classical + Groove + Jazz),gtzan___gtzan_classical_00089
4747,-14.352449,-0.16730456,1 (Classical + Groove + Jazz),gtzan___gtzan_classical_00090
4748,-8.114134,2.1607866,1 (Classical + Groove + Jazz),gtzan___gtzan_classical_00091
4749,-10.946732,-0.90723187,1 (Classical + Groove + Jazz),gtzan___gtzan_classical_00092
4750,-5.1932664,-3.1636083,1 (Classical + Groove + Jazz),gtzan___gtzan_classical_00093
4751,-13.982777,-1.647416,1 (Classical + Groove + Jazz),gtzan___gtzan_classical_00094
4752,-14.470099,0.06330229,1 (Classical + Groove + Jazz),gtzan___gtzan_classical_00095
4753,-3.899093,-2.3657947,3 (Jazz + Pop + Rock),gtzan___gtzan_classical_00096
4754,-11.530842,-3.0025947,1 (Classical + Groove + Jazz),gtzan___gtzan_classical_00097
4755,-9.253274,-1.4237533,1 (Classical + Groove + Jazz),gtzan___gtzan_classical_00098
4756,-16.174074,-3.2276688,1 (Classical + Groove + Jazz),gtzan___gtzan_classical_00099
4757,14.642189,-1.2944264,2 (Pop + Rock + HJDB + Hip-Hop),gtzan___gtzan_country_00000
4758,16.344303,-1.1034501,2 (Pop + Rock + HJDB + Hip-Hop),gtzan___gtzan_country_00001
4759,9.684468,4.8443737,2 (Pop + Rock + HJDB + Hip-Hop),gtzan___gtzan_country_00002
4760,9.426693,-1.5078952,2 (Pop + Rock + HJDB + Hip-Hop),gtzan___gtzan_country_00003
4761,16.18318,-0.65745264,2 (Pop + Rock + HJDB + Hip-Hop),gtzan___gtzan_country_00004
4762,15.037378,-0.81016165,2 (Pop + Rock + HJDB + Hip-Hop),gtzan___gtzan_country_00005
4763,15.189919,-1.0311835,2 (Pop + Rock + HJDB + Hip-Hop),gtzan___gtzan_country_00006
4764,15.174594,-0.7968589,2 (Pop + Rock + HJDB + Hip-Hop),gtzan___gtzan_country_00007
4765,15.171665,-1.3935306,2 (Pop + Rock + HJDB + Hip-Hop),gtzan___gtzan_country_00008
4766,17.278118,-1.842268,2 (Pop + Rock + HJDB + Hip-Hop),gtzan___gtzan_country_00009
4767,-3.4463594,0.48152754,3 (Jazz + Pop + Rock),gtzan___gtzan_country_00010
4768,-4.143597,3.9968498,3 (Jazz + Pop + Rock),gtzan___gtzan_country_00011
4769,1.5733575,-2.6197898,3 (Jazz + Pop + Rock),gtzan___gtzan_country_00012
4770,2.9886186,-2.8065243,3 (Jazz + Pop + Rock),gtzan___gtzan_country_00013
4771,2.690059,-2.2584774,3 (Jazz + Pop + Rock),gtzan___gtzan_country_00014
4772,4.3596005,-2.7938168,3 (Jazz + Pop + Rock),gtzan___gtzan_country_00015
4773,-4.368958,-2.561336,3 (Jazz + Pop + Rock),gtzan___gtzan_country_00016
4774,-0.33734816,-2.2921045,3 (Jazz + Pop + Rock),gtzan___gtzan_country_00017
4775,3.36024,-2.3746684,3 (Jazz + Pop + Rock),gtzan___gtzan_country_00018
4776,-7.443278,-1.5394974,1 (Classical + Groove + Jazz),gtzan___gtzan_country_00019
4777,0.19832608,1.1309669,3 (Jazz + Pop + Rock),gtzan___gtzan_country_00020
4778,-5.1351247,-3.915334,1 (Classical + Groove + Jazz),gtzan___gtzan_country_00021
4779,-2.7786088,-1.8075498,3 (Jazz + Pop + Rock),gtzan___gtzan_country_00022
4780,-12.440524,-0.86193854,1 (Classical + Groove + Jazz),gtzan___gtzan_country_00023
4781,-4.0519614,1.8348086,3 (Jazz + Pop + Rock),gtzan___gtzan_country_00024
4782,-2.5451264,-0.5650058,3 (Jazz + Pop + Rock),gtzan___gtzan_country_00025
4783,-3.727671,-2.0625346,3 (Jazz + Pop + Rock),gtzan___gtzan_country_00026
4784,6.291022,-2.261759,2 (Pop + Rock + HJDB + Hip-Hop),gtzan___gtzan_country_00027
4785,0.74305606,-3.6000803,3 (Jazz + Pop + Rock),gtzan___gtzan_country_00028
4786,-1.2881372,-3.12456,3 (Jazz + Pop + Rock),gtzan___gtzan_country_00029
4787,-6.553105,-1.2720275,1 (Classical + Groove + Jazz),gtzan___gtzan_country_00030
4788,3.4541926,-2.6674504,3 (Jazz + Pop + Rock),gtzan___gtzan_country_00031
4789,-5.023649,-0.64800006,3 (Jazz + Pop + Rock),gtzan___gtzan_country_00032
4790,1.1200564,1.1594628,3 (Jazz + Pop + Rock),gtzan___gtzan_country_00033
4791,0.14606303,-0.6306968,3 (Jazz + Pop + Rock),gtzan___gtzan_country_00034
4792,3.451766,-3.0855188,3 (Jazz + Pop + Rock),gtzan___gtzan_country_00035
4793,-12.228802,3.310582,1 (Classical + Groove + Jazz),gtzan___gtzan_country_00036
4794,-0.65470064,-2.319058,3 (Jazz + Pop + Rock),gtzan___gtzan_country_00037
4795,4.0430646,-2.6375976,3 (Jazz + Pop + Rock),gtzan___gtzan_country_00038
4796,10.636981,4.0057597,2 (Pop + Rock + HJDB + Hip-Hop),gtzan___gtzan_country_00039
4797,4.9198217,-1.663029,3 (Jazz + Pop + Rock),gtzan___gtzan_country_00040
4798,3.3011699,-2.7819397,3 (Jazz + Pop + Rock),gtzan___gtzan_country_00041
4799,12.104874,2.8107412,2 (Pop + Rock + HJDB + Hip-Hop),gtzan___gtzan_country_00042
4800,5.633975,-1.879901,3 (Jazz + Pop + Rock),gtzan___gtzan_country_00043
4801,-1.181166,2.2759237,3 (Jazz + Pop + Rock),gtzan___gtzan_country_00044
4802,10.767684,0.52303046,2 (Pop + Rock + HJDB + Hip-Hop),gtzan___gtzan_country_00045
4803,3.1324768,-1.8026357,3 (Jazz + Pop + Rock),gtzan___gtzan_country_00046
4804,-0.11839318,-2.135107,3 (Jazz + Pop + Rock),gtzan___gtzan_country_00047
4805,1.7755803,0.7588958,3 (Jazz + Pop + Rock),gtzan___gtzan_country_00048
4806,4.8790107,-2.4891222,3 (Jazz + Pop + Rock),gtzan___gtzan_country_00049
4807,5.01037,-4.011171,3 (Jazz + Pop + Rock),gtzan___gtzan_country_00050
4808,-3.7061262,-1.3631115,3 (Jazz + Pop + Rock),gtzan___gtzan_country_00051
4809,-6.823807,-1.6590469,1 (Classical + Groove + Jazz),gtzan___gtzan_country_00052
4810,7.8565226,-4.132421,2 (Pop + Rock + HJDB + Hip-Hop),gtzan___gtzan_country_00053
4811,-1.0614382,-3.7890217,3 (Jazz + Pop + Rock),gtzan___gtzan_country_00054
4812,8.34853,-4.1806345,2 (Pop + Rock + HJDB + Hip-Hop),gtzan___gtzan_country_00055
4813,-0.8466761,0.6016092,3 (Jazz + Pop + Rock),gtzan___gtzan_country_00056
4814,1.2178686,-1.9075248,3 (Jazz + Pop + Rock),gtzan___gtzan_country_00057
4815,6.2084374,-3.6200457,2 (Pop + Rock + HJDB + Hip-Hop),gtzan___gtzan_country_00058
4816,-4.405822,2.1664202,3 (Jazz + Pop + Rock),gtzan___gtzan_country_00059
4817,-2.5047083,-1.1378536,3 (Jazz + Pop + Rock),gtzan___gtzan_country_00060
4818,-3.254501,-0.9008301,3 (Jazz + Pop + Rock),gtzan___gtzan_country_00061
4819,7.530415,-4.0245914,2 (Pop + Rock + HJDB + Hip-Hop),gtzan___gtzan_country_00062
4820,-3.9998808,1.8164723,3 (Jazz + Pop + Rock),gtzan___gtzan_country_00063
4821,-3.4472733,-1.348514,3 (Jazz + Pop + Rock),gtzan___gtzan_country_00064
4822,-6.885506,-0.5311624,1 (Classical + Groove + Jazz),gtzan___gtzan_country_00065
4823,7.587087,-4.6613064,2 (Pop + Rock + HJDB + Hip-Hop),gtzan___gtzan_country_00066
4824,-11.241923,-0.8721364,1 (Classical + Groove + Jazz),gtzan___gtzan_country_00067
4825,-5.182017,-3.1769564,1 (Classical + Groove + Jazz),gtzan___gtzan_country_00068
4826,-5.131691,-2.4533486,1 (Classical + Groove + Jazz),gtzan___gtzan_country_00069
4827,7.863105,-3.9793599,2 (Pop + Rock + HJDB + Hip-Hop),gtzan___gtzan_country_00070
4828,-3.6759791,2.4707184,3 (Jazz + Pop + Rock),gtzan___gtzan_country_00071
4829,8.106557,-4.423707,2 (Pop + Rock + HJDB + Hip-Hop),gtzan___gtzan_country_00072
4830,-0.042901956,-1.7185407,3 (Jazz + Pop + Rock),gtzan___gtzan_country_00073
4831,-4.3558,2.5677004,3 (Jazz + Pop + Rock),gtzan___gtzan_country_00074
4832,16.668865,1.3201975,2 (Pop + Rock + HJDB + Hip-Hop),gtzan___gtzan_country_00075
4833,-3.7405093,2.2897565,3 (Jazz + Pop + Rock),gtzan___gtzan_country_00076
4834,7.0884776,-4.9599237,2 (Pop + Rock + HJDB + Hip-Hop),gtzan___gtzan_country_00077
4835,-14.074061,-3.3226984,1 (Classical + Groove + Jazz),gtzan___gtzan_country_00078
4836,-4.6692514,1.1553048,3 (Jazz + Pop + Rock),gtzan___gtzan_country_00079
4837,6.443885,-3.146233,2 (Pop + Rock + HJDB + Hip-Hop),gtzan___gtzan_country_00080
4838,7.5144095,-3.4312327,2 (Pop + Rock + HJDB + Hip-Hop),gtzan___gtzan_country_00081
4839,7.9696016,-3.7867858,2 (Pop + Rock + HJDB + Hip-Hop),gtzan___gtzan_country_00082
4840,0.6844148,-1.0686525,3 (Jazz + Pop + Rock),gtzan___gtzan_country_00083
4841,7.51685,-3.5463982,2 (Pop + Rock + HJDB + Hip-Hop),gtzan___gtzan_country_00084
4842,-0.10746475,-0.51142097,3 (Jazz + Pop + Rock),gtzan___gtzan_country_00085
4843,1.2296916,0.4228662,3 (Jazz + Pop + Rock),gtzan___gtzan_country_00086
4844,-2.8412669,0.74822134,3 (Jazz + Pop + Rock),gtzan___gtzan_country_00087
4845,0.764218,-0.9039536,3 (Jazz + Pop + Rock),gtzan___gtzan_country_00088
4846,-4.7431493,0.8132857,3 (Jazz + Pop + Rock),gtzan___gtzan_country_00089
4847,7.3046308,-3.9499807,2 (Pop + Rock + HJDB + Hip-Hop),gtzan___gtzan_country_00090
4848,-3.743678,0.46000156,3 (Jazz + Pop + Rock),gtzan___gtzan_country_00091
4849,16.928473,1.2715069,2 (Pop + Rock + HJDB + Hip-Hop),gtzan___gtzan_country_00092
4850,-5.693922,0.40613145,1 (Classical + Groove + Jazz),gtzan___gtzan_country_00093
4851,6.1990757,-3.233375,2 (Pop + Rock + HJDB + Hip-Hop),gtzan___gtzan_country_00094
4852,1.8585206,-1.2941228,3 (Jazz + Pop + Rock),gtzan___gtzan_country_00095
4853,7.8225703,-3.384712,2 (Pop + Rock + HJDB + Hip-Hop),gtzan___gtzan_country_00096
4854,-0.3569103,-0.35084578,3 (Jazz + Pop + Rock),gtzan___gtzan_country_00097
4855,1.5931808,-1.4725605,3 (Jazz + Pop + Rock),gtzan___gtzan_country_00098
4856,11.29667,-3.9648185,2 (Pop + Rock + HJDB + Hip-Hop),gtzan___gtzan_country_00099
4857,2.6787505,0.7146383,3 (Jazz + Pop + Rock),gtzan___gtzan_disco_00000
4858,13.004706,-0.51379144,2 (Pop + Rock + HJDB + Hip-Hop),gtzan___gtzan_disco_00001
4859,12.427644,1.5363692,2 (Pop + Rock + HJDB + Hip-Hop),gtzan___gtzan_disco_00002
4860,8.677485,2.0657794,2 (Pop + Rock + HJDB + Hip-Hop),gtzan___gtzan_disco_00003
4861,10.8908205,2.6876695,2 (Pop + Rock + HJDB + Hip-Hop),gtzan___gtzan_disco_00004
4862,13.052173,-1.1941439,2 (Pop + Rock + HJDB + Hip-Hop),gtzan___gtzan_disco_00005
4863,15.82445,-1.624633,2 (Pop + Rock + HJDB + Hip-Hop),gtzan___gtzan_disco_00006
4864,11.31604,1.4273615,2 (Pop + Rock + HJDB + Hip-Hop),gtzan___gtzan_disco_00007
4865,12.956081,-0.8651285,2 (Pop + Rock + HJDB + Hip-Hop),gtzan___gtzan_disco_00008
4866,8.543063,1.3742479,2 (Pop + Rock + HJDB + Hip-Hop),gtzan___gtzan_disco_00009
4867,15.502608,-1.7202779,2 (Pop + Rock + HJDB + Hip-Hop),gtzan___gtzan_disco_00010
4868,13.206768,0.35269737,2 (Pop + Rock + HJDB + Hip-Hop),gtzan___gtzan_disco_00011
4869,10.465163,1.137033,2 (Pop + Rock + HJDB + Hip-Hop),gtzan___gtzan_disco_00012
4870,13.057263,-0.30569124,2 (Pop + Rock + HJDB + Hip-Hop),gtzan___gtzan_disco_00013
4871,15.357498,-0.99417967,2 (Pop + Rock + HJDB + Hip-Hop),gtzan___gtzan_disco_00014
4872,10.183776,-2.480702,2 (Pop + Rock + HJDB + Hip-Hop),gtzan___gtzan_disco_00015
4873,12.297013,-0.8649853,2 (Pop + Rock + HJDB + Hip-Hop),gtzan___gtzan_disco_00016
4874,5.6859717,-0.8210044,3 (Jazz + Pop + Rock),gtzan___gtzan_disco_00017
4875,4.73296,3.1698015,3 (Jazz + Pop + Rock),gtzan___gtzan_disco_00018
4876,3.2833784,4.8192425,3 (Jazz + Pop + Rock),gtzan___gtzan_disco_00019
4877,6.088019,-1.1130221,3 (Jazz + Pop + Rock),gtzan___gtzan_disco_00020
4878,2.7602627,-3.112282,3 (Jazz + Pop + Rock),gtzan___gtzan_disco_00021
4879,11.998731,3.2190223,2 (Pop + Rock + HJDB + Hip-Hop),gtzan___gtzan_disco_00022
4880,11.586935,-0.8391638,2 (Pop + Rock + HJDB + Hip-Hop),gtzan___gtzan_disco_00023
4881,12.238111,0.35544506,2 (Pop + Rock + HJDB + Hip-Hop),gtzan___gtzan_disco_00024
4882,2.3482862,0.6004648,3 (Jazz + Pop + Rock),gtzan___gtzan_disco_00025
4883,8.033157,2.1570048,2 (Pop + Rock + HJDB + Hip-Hop),gtzan___gtzan_disco_00026
4884,-2.0995324,4.127664,3 (Jazz + Pop + Rock),gtzan___gtzan_disco_00027
4885,14.188792,-1.0090985,2 (Pop + Rock + HJDB + Hip-Hop),gtzan___gtzan_disco_00028
4886,12.001518,0.7275498,2 (Pop + Rock + HJDB + Hip-Hop),gtzan___gtzan_disco_00029
4887,12.249503,0.3725414,2 (Pop + Rock + HJDB + Hip-Hop),gtzan___gtzan_disco_00030
4888,12.695646,1.0902479,2 (Pop + Rock + HJDB + Hip-Hop),gtzan___gtzan_disco_00031
4889,1.7045269,3.6167722,3 (Jazz + Pop + Rock),gtzan___gtzan_disco_00032
4890,11.993677,-0.20296107,2 (Pop + Rock + HJDB + Hip-Hop),gtzan___gtzan_disco_00033
4891,13.155943,1.2632085,2 (Pop + Rock + HJDB + Hip-Hop),gtzan___gtzan_disco_00034
4892,12.4309635,1.2771956,2 (Pop + Rock + HJDB + Hip-Hop),gtzan___gtzan_disco_00035
4893,13.275281,-0.7292997,2 (Pop + Rock + HJDB + Hip-Hop),gtzan___gtzan_disco_00036
4894,13.884598,-0.38621545,2 (Pop + Rock + HJDB + Hip-Hop),gtzan___gtzan_disco_00037
4895,10.478817,3.3702776,2 (Pop + Rock + HJDB + Hip-Hop),gtzan___gtzan_disco_00038
4896,5.2836227,-0.33553013,3 (Jazz + Pop + Rock),gtzan___gtzan_disco_00039
4897,9.10988,1.4023978,2 (Pop + Rock + HJDB + Hip-Hop),gtzan___gtzan_disco_00040
4898,2.2818322,-0.8636102,3 (Jazz + Pop + Rock),gtzan___gtzan_disco_00041
4899,10.084405,-0.85333145,2 (Pop + Rock + HJDB + Hip-Hop),gtzan___gtzan_disco_00042
4900,8.262166,-0.9638192,2 (Pop + Rock + HJDB + Hip-Hop),gtzan___gtzan_disco_00043
4901,7.4769607,0.019471556,2 (Pop + Rock + HJDB + Hip-Hop),gtzan___gtzan_disco_00044
4902,6.6888843,-0.8292048,2 (Pop + Rock + HJDB + Hip-Hop),gtzan___gtzan_disco_00045
4903,1.5061129,-0.47853354,3 (Jazz + Pop + Rock),gtzan___gtzan_disco_00046
4904,-9.438259,-1.3692437,1 (Classical + Groove + Jazz),gtzan___gtzan_disco_00047
4905,6.5546594,-3.442598,2 (Pop + Rock + HJDB + Hip-Hop),gtzan___gtzan_disco_00048
4906,8.570819,-2.5165873,2 (Pop + Rock + HJDB + Hip-Hop),gtzan___gtzan_disco_00049
4907,16.42527,1.4617817,2 (Pop + Rock + HJDB + Hip-Hop),gtzan___gtzan_disco_00050
4908,15.370645,2.648938,2 (Pop + Rock + HJDB + Hip-Hop),gtzan___gtzan_disco_00051
4909,8.188212,-3.7763338,2 (Pop + Rock + HJDB + Hip-Hop),gtzan___gtzan_disco_00052
4910,2.0528595,5.871986,3 (Jazz + Pop + Rock),gtzan___gtzan_disco_00053
4911,-6.9544964,2.1500664,1 (Classical + Groove + Jazz),gtzan___gtzan_disco_00054
4912,7.149735,-3.6522744,2 (Pop + Rock + HJDB + Hip-Hop),gtzan___gtzan_disco_00055
4913,-2.8568647,-1.4053893,3 (Jazz + Pop + Rock),gtzan___gtzan_disco_00056
4914,5.3691688,-4.2498817,3 (Jazz + Pop + Rock),gtzan___gtzan_disco_00057
4915,5.579799,-3.5213413,3 (Jazz + Pop + Rock),gtzan___gtzan_disco_00058
4916,4.304991,-0.59412825,3 (Jazz + Pop + Rock),gtzan___gtzan_disco_00059
4917,6.2745433,-3.432891,2 (Pop + Rock + HJDB + Hip-Hop),gtzan___gtzan_disco_00060
4918,2.9877608,4.0706196,3 (Jazz + Pop + Rock),gtzan___gtzan_disco_00061
4919,2.6774693,3.7089424,3 (Jazz + Pop + Rock),gtzan___gtzan_disco_00062
4920,10.297399,1.0610282,2 (Pop + Rock + HJDB + Hip-Hop),gtzan___gtzan_disco_00063
4921,-4.1373425,3.017621,3 (Jazz + Pop + Rock),gtzan___gtzan_disco_00064
4922,2.8000567,0.47661334,3 (Jazz + Pop + Rock),gtzan___gtzan_disco_00065
4923,7.663172,-2.3421457,2 (Pop + Rock + HJDB + Hip-Hop),gtzan___gtzan_disco_00066
4924,6.665006,-4.069553,2 (Pop + Rock + HJDB + Hip-Hop),gtzan___gtzan_disco_00067
4925,6.963195,-3.9842238,2 (Pop + Rock + HJDB + Hip-Hop),gtzan___gtzan_disco_00068
4926,7.311312,-4.6319165,2 (Pop + Rock + HJDB + Hip-Hop),gtzan___gtzan_disco_00069
4927,15.295641,2.6544511,2 (Pop + Rock + HJDB + Hip-Hop),gtzan___gtzan_disco_00070
4928,14.116542,3.922183,2 (Pop + Rock + HJDB + Hip-Hop),gtzan___gtzan_disco_00071
4929,4.3255553,0.055282496,3 (Jazz + Pop + Rock),gtzan___gtzan_disco_00072
4930,7.140571,-3.542473,2 (Pop + Rock + HJDB + Hip-Hop),gtzan___gtzan_disco_00073
4931,12.070867,-4.126805,2 (Pop + Rock + HJDB + Hip-Hop),gtzan___gtzan_disco_00074
4932,15.085401,3.0103645,2 (Pop + Rock + HJDB + Hip-Hop),gtzan___gtzan_disco_00075
4933,8.035933,-3.844174,2 (Pop + Rock + HJDB + Hip-Hop),gtzan___gtzan_disco_00076
4934,7.9220653,-2.7037277,2 (Pop + Rock + HJDB + Hip-Hop),gtzan___gtzan_disco_00077
4935,1.5313994,-3.3789644,3 (Jazz + Pop + Rock),gtzan___gtzan_disco_00078
4936,-0.3732662,-1.0489933,3 (Jazz + Pop + Rock),gtzan___gtzan_disco_00079
4937,-4.297634,-1.5216969,3 (Jazz + Pop + Rock),gtzan___gtzan_disco_00080
4938,-2.4295318,3.512276,3 (Jazz + Pop + Rock),gtzan___gtzan_disco_00081
4939,5.5404344,0.3729006,3 (Jazz + Pop + Rock),gtzan___gtzan_disco_00082
4940,-2.3830106,-0.2962195,3 (Jazz + Pop + Rock),gtzan___gtzan_disco_00083
4941,-3.6072526,3.3844965,3 (Jazz + Pop + Rock),gtzan___gtzan_disco_00084
4942,-4.241776,4.158025,3 (Jazz + Pop + Rock),gtzan___gtzan_disco_00085
4943,6.2754803,-2.5851054,2 (Pop + Rock + HJDB + Hip-Hop),gtzan___gtzan_disco_00086
4944,7.3828316,-4.012811,2 (Pop + Rock + HJDB + Hip-Hop),gtzan___gtzan_disco_00087
4945,7.562668,-4.133645,2 (Pop + Rock + HJDB + Hip-Hop),gtzan___gtzan_disco_00088
4946,6.6297393,-3.5233564,2 (Pop + Rock + HJDB + Hip-Hop),gtzan___gtzan_disco_00089
4947,5.7037954,-4.4591584,3 (Jazz + Pop + Rock),gtzan___gtzan_disco_00090
4948,-0.60375834,3.9863238,3 (Jazz + Pop + Rock),gtzan___gtzan_disco_00091
4949,5.7846684,-3.9460998,3 (Jazz + Pop + Rock),gtzan___gtzan_disco_00092
4950,4.9703593,-0.52510065,3 (Jazz + Pop + Rock),gtzan___gtzan_disco_00093
4951,5.053491,-4.8532605,3 (Jazz + Pop + Rock),gtzan___gtzan_disco_00094
4952,-1.7800618,1.1633143,3 (Jazz + Pop + Rock),gtzan___gtzan_disco_00095
4953,5.6020045,-3.8065858,3 (Jazz + Pop + Rock),gtzan___gtzan_disco_00096
4954,5.4653583,-4.3949013,3 (Jazz + Pop + Rock),gtzan___gtzan_disco_00097
4955,6.9530277,-3.7447312,2 (Pop + Rock + HJDB + Hip-Hop),gtzan___gtzan_disco_00098
4956,6.953022,-3.7447326,2 (Pop + Rock + HJDB + Hip-Hop),gtzan___gtzan_disco_00099
4957,3.4700215,3.8979023,3 (Jazz + Pop + Rock),gtzan___gtzan_hiphop_00000
4958,5.5646033,6.2667675,3 (Jazz + Pop + Rock),gtzan___gtzan_hiphop_00001
4959,-4.243071,0.2856577,3 (Jazz + Pop + Rock),gtzan___gtzan_hiphop_00002
4960,5.320788,4.8936124,3 (Jazz + Pop + Rock),gtzan___gtzan_hiphop_00003
4961,-0.85264117,6.179885,3 (Jazz + Pop + Rock),gtzan___gtzan_hiphop_00004
4962,17.349327,0.12513416,2 (Pop + Rock + HJDB + Hip-Hop),gtzan___gtzan_hiphop_00005
4963,4.1376853,5.3511686,3 (Jazz + Pop + Rock),gtzan___gtzan_hiphop_00006
4964,7.6777215,-1.4378328,2 (Pop + Rock + HJDB + Hip-Hop),gtzan___gtzan_hiphop_00007
4965,1.2053711,6.317196,3 (Jazz + Pop + Rock),gtzan___gtzan_hiphop_00008
4966,4.926735,0.11160232,3 (Jazz + Pop + Rock),gtzan___gtzan_hiphop_00009
4967,8.548851,-3.9066412,2 (Pop + Rock + HJDB + Hip-Hop),gtzan___gtzan_hiphop_00010
4968,7.29919,-3.001476,2 (Pop + Rock + HJDB + Hip-Hop),gtzan___gtzan_hiphop_00011
4969,7.8356743,-3.6497445,2 (Pop + Rock + HJDB + Hip-Hop),gtzan___gtzan_hiphop_00012
4970,-1.3881147,3.322988,3 (Jazz + Pop + Rock),gtzan___gtzan_hiphop_00013
4971,8.642275,-3.1864376,2 (Pop + Rock + HJDB + Hip-Hop),gtzan___gtzan_hiphop_00014
4972,7.509479,-3.7881756,2 (Pop + Rock + HJDB + Hip-Hop),gtzan___gtzan_hiphop_00015
4973,4.6079497,1.8020241,3 (Jazz + Pop + Rock),gtzan___gtzan_hiphop_00016
4974,7.5841484,-3.6269288,2 (Pop + Rock + HJDB + Hip-Hop),gtzan___gtzan_hiphop_00017
4975,0.9284474,6.4589124,3 (Jazz + Pop + Rock),gtzan___gtzan_hiphop_00018
4976,5.1044555,2.343425,3 (Jazz + Pop + Rock),gtzan___gtzan_hiphop_00019
4977,0.7387887,6.631943,3 (Jazz + Pop + Rock),gtzan___gtzan_hiphop_00020
4978,12.127755,-3.8996105,2 (Pop + Rock + HJDB + Hip-Hop),gtzan___gtzan_hiphop_00021
4979,2.5278935,2.112422,3 (Jazz + Pop + Rock),gtzan___gtzan_hiphop_00022
4980,16.71008,1.4476868,2 (Pop + Rock + HJDB + Hip-Hop),gtzan___gtzan_hiphop_00023
4981,5.869896,1.2869266,3 (Jazz + Pop + Rock),gtzan___gtzan_hiphop_00024
4982,8.743696,-3.440627,2 (Pop + Rock + HJDB + Hip-Hop),gtzan___gtzan_hiphop_00025
4983,2.2119503,5.9988594,3 (Jazz + Pop + Rock),gtzan___gtzan_hiphop_00026
4984,2.150796,3.8358114,3 (Jazz + Pop + Rock),gtzan___gtzan_hiphop_00027
4985,7.1226254,3.202079,2 (Pop + Rock + HJDB + Hip-Hop),gtzan___gtzan_hiphop_00028
4986,9.128034,2.622755,2 (Pop + Rock + HJDB + Hip-Hop),gtzan___gtzan_hiphop_00029
4987,14.931818,0.36657122,2 (Pop + Rock + HJDB + Hip-Hop),gtzan___gtzan_hiphop_00030
4988,13.308559,-1.1267897,2 (Pop + Rock + HJDB + Hip-Hop),gtzan___gtzan_hiphop_00031
4989,-0.17205219,1.0167055,3 (Jazz + Pop + Rock),gtzan___gtzan_hiphop_00032
4990,12.07217,-1.2437268,2 (Pop + Rock + HJDB + Hip-Hop),gtzan___gtzan_hiphop_00033
4991,16.058537,-1.7264488,2 (Pop + Rock + HJDB + Hip-Hop),gtzan___gtzan_hiphop_00034
4992,7.563589,4.360373,2 (Pop + Rock + HJDB + Hip-Hop),gtzan___gtzan_hiphop_00035
4993,-1.7472656,6.367145,3 (Jazz + Pop + Rock),gtzan___gtzan_hiphop_00036
4994,1.4174502,6.178554,3 (Jazz + Pop + Rock),gtzan___gtzan_hiphop_00037
4995,8.846765,-0.7240233,2 (Pop + Rock + HJDB + Hip-Hop),gtzan___gtzan_hiphop_00038
4996,1.7797146,5.129057,3 (Jazz + Pop + Rock),gtzan___gtzan_hiphop_00039
4997,-2.8035016,3.7269905,3 (Jazz + Pop + Rock),gtzan___gtzan_hiphop_00040
4998,8.077293,2.8495672,2 (Pop + Rock + HJDB + Hip-Hop),gtzan___gtzan_hiphop_00041
4999,6.3586445,4.691555,3 (Jazz + Pop + Rock),gtzan___gtzan_hiphop_00042
5000,1.4109119,-1.0553774,3 (Jazz + Pop + Rock),gtzan___gtzan_hiphop_00043
5001,-7.171906,1.8926302,1 (Classical + Groove + Jazz),gtzan___gtzan_hiphop_00044
5002,1.7797146,5.129057,3 (Jazz + Pop + Rock),gtzan___gtzan_hiphop_00045
5003,5.3269744,2.446438,3 (Jazz + Pop + Rock),gtzan___gtzan_hiphop_00046
5004,7.756202,4.1234236,2 (Pop + Rock + HJDB + Hip-Hop),gtzan___gtzan_hiphop_00047
5005,6.0239825,2.2269976,3 (Jazz + Pop + Rock),gtzan___gtzan_hiphop_00048
5006,8.409565,4.3781176,2 (Pop + Rock + HJDB + Hip-Hop),gtzan___gtzan_hiphop_00049
5007,1.6869637,1.7084618,3 (Jazz + Pop + Rock),gtzan___gtzan_hiphop_00050
5008,3.9968014,3.425899,3 (Jazz + Pop + Rock),gtzan___gtzan_hiphop_00051
5009,-0.13468808,1.236301,3 (Jazz + Pop + Rock),gtzan___gtzan_hiphop_00052
5010,-1.2224302,4.598714,3 (Jazz + Pop + Rock),gtzan___gtzan_hiphop_00053
5011,6.921972,5.912354,2 (Pop + Rock + HJDB + Hip-Hop),gtzan___gtzan_hiphop_00054
5012,-0.77099955,-1.8798052,3 (Jazz + Pop + Rock),gtzan___gtzan_hiphop_00055
5013,8.901665,4.903117,2 (Pop + Rock + HJDB + Hip-Hop),gtzan___gtzan_hiphop_00056
5014,8.449317,5.033391,2 (Pop + Rock + HJDB + Hip-Hop),gtzan___gtzan_hiphop_00057
5015,3.3765707,2.951309,3 (Jazz + Pop + Rock),gtzan___gtzan_hiphop_00058
5016,1.8517898,-0.6350794,3 (Jazz + Pop + Rock),gtzan___gtzan_hiphop_00059
5017,-1.515243,2.2948227,3 (Jazz + Pop + Rock),gtzan___gtzan_hiphop_00060
5018,1.4412708,0.4354112,3 (Jazz + Pop + Rock),gtzan___gtzan_hiphop_00061
5019,-0.92254376,5.5930157,3 (Jazz + Pop + Rock),gtzan___gtzan_hiphop_00062
5020,3.1348133,3.3786206,3 (Jazz + Pop + Rock),gtzan___gtzan_hiphop_00063
5021,5.696613,3.1620464,3 (Jazz + Pop + Rock),gtzan___gtzan_hiphop_00064
5022,-1.3952227,4.6980476,3 (Jazz + Pop + Rock),gtzan___gtzan_hiphop_00065
5023,3.5801625,2.2334456,3 (Jazz + Pop + Rock),gtzan___gtzan_hiphop_00066
5024,8.368384,3.290888,2 (Pop + Rock + HJDB + Hip-Hop),gtzan___gtzan_hiphop_00067
5025,6.5304046,2.4276316,2 (Pop + Rock + HJDB + Hip-Hop),gtzan___gtzan_hiphop_00068
5026,7.432823,4.9010835,2 (Pop + Rock + HJDB + Hip-Hop),gtzan___gtzan_hiphop_00069
5027,4.312397,2.2040536,3 (Jazz + Pop + Rock),gtzan___gtzan_hiphop_00070
5028,11.409147,4.1293426,2 (Pop + Rock + HJDB + Hip-Hop),gtzan___gtzan_hiphop_00071
5029,2.350188,1.0216523,3 (Jazz + Pop + Rock),gtzan___gtzan_hiphop_00072
5030,6.0060806,2.6172884,3 (Jazz + Pop + Rock),gtzan___gtzan_hiphop_00073
5031,7.608045,3.966371,2 (Pop + Rock + HJDB + Hip-Hop),gtzan___gtzan_hiphop_00074
5032,2.371493,5.2123356,3 (Jazz + Pop + Rock),gtzan___gtzan_hiphop_00075
5033,1.5818242,5.2894077,3 (Jazz + Pop + Rock),gtzan___gtzan_hiphop_00076
5034,8.634306,0.3459718,2 (Pop + Rock + HJDB + Hip-Hop),gtzan___gtzan_hiphop_00077
5035,1.5818309,5.2894087,3 (Jazz + Pop + Rock),gtzan___gtzan_hiphop_00078
5036,3.3764067,5.3725686,3 (Jazz + Pop + Rock),gtzan___gtzan_hiphop_00079
5037,8.63031,3.3810613,2 (Pop + Rock + HJDB + Hip-Hop),gtzan___gtzan_hiphop_00080
5038,-4.329097,-0.6612903,3 (Jazz + Pop + Rock),gtzan___gtzan_hiphop_00081
5039,14.791374,3.9123461,2 (Pop + Rock + HJDB + Hip-Hop),gtzan___gtzan_hiphop_00082
5040,5.6452785,-4.0063457,3 (Jazz + Pop + Rock),gtzan___gtzan_hiphop_00083
5041,-3.4894066,-2.2222798,3 (Jazz + Pop + Rock),gtzan___gtzan_hiphop_00084
5042,12.985414,5.2607603,2 (Pop + Rock + HJDB + Hip-Hop),gtzan___gtzan_hiphop_00085
5043,-3.6935816,-1.8976033,3 (Jazz + Pop + Rock),gtzan___gtzan_hiphop_00086
5044,-0.9878273,-4.8557014,3 (Jazz + Pop + Rock),gtzan___gtzan_hiphop_00087
5045,7.310134,-3.673778,2 (Pop + Rock + HJDB + Hip-Hop),gtzan___gtzan_hiphop_00088
5046,13.935852,4.367192,2 (Pop + Rock + HJDB + Hip-Hop),gtzan___gtzan_hiphop_00089
5047,14.332161,3.9392292,2 (Pop + Rock + HJDB + Hip-Hop),gtzan___gtzan_hiphop_00090
5048,13.690279,4.2052755,2 (Pop + Rock + HJDB + Hip-Hop),gtzan___gtzan_hiphop_00091
5049,0.04091696,-3.5624359,3 (Jazz + Pop + Rock),gtzan___gtzan_hiphop_00092
5050,-6.049426,5.3150787,3 (Jazz + Pop + Rock),gtzan___gtzan_hiphop_00093
5051,-2.8328264,-1.3370582,3 (Jazz + Pop + Rock),gtzan___gtzan_hiphop_00094
5052,15.455532,3.1795053,2 (Pop + Rock + HJDB + Hip-Hop),gtzan___gtzan_hiphop_00095
5053,5.3538656,-4.0725236,3 (Jazz + Pop + Rock),gtzan___gtzan_hiphop_00096
5054,12.8813305,5.094371,2 (Pop + Rock + HJDB + Hip-Hop),gtzan___gtzan_hiphop_00097
5055,12.460849,5.7110343,2 (Pop + Rock + HJDB + Hip-Hop),gtzan___gtzan_hiphop_00098
5056,-1.1668591,2.5263708,3 (Jazz + Pop + Rock),gtzan___gtzan_hiphop_00099
5057,-4.5988464,2.8685539,3 (Jazz + Pop + Rock),gtzan___gtzan_jazz_00000
5058,-10.969045,-0.16048625,1 (Classical + Groove + Jazz),gtzan___gtzan_jazz_00001
5059,-8.471904,-1.527615,1 (Classical + Groove + Jazz),gtzan___gtzan_jazz_00002
5060,-7.928325,-2.7660537,1 (Classical + Groove + Jazz),gtzan___gtzan_jazz_00003
5061,-8.595349,-1.1018367,1 (Classical + Groove + Jazz),gtzan___gtzan_jazz_00004
5062,-9.532563,1.5364717,1 (Classical + Groove + Jazz),gtzan___gtzan_jazz_00005
5063,-5.840383,1.407712,1 (Classical + Groove + Jazz),gtzan___gtzan_jazz_00006
5064,-9.931054,-1.233707,1 (Classical + Groove + Jazz),gtzan___gtzan_jazz_00007
5065,-2.854787,-1.5326385,3 (Jazz + Pop + Rock),gtzan___gtzan_jazz_00008
5066,-12.236661,-6.7043395,1 (Classical + Groove + Jazz),gtzan___gtzan_jazz_00009
5067,-9.732114,-0.17516916,1 (Classical + Groove + Jazz),gtzan___gtzan_jazz_00010
5068,-3.8013344,-3.1604958,3 (Jazz + Pop + Rock),gtzan___gtzan_jazz_00011
5069,-5.699524,-2.9841645,1 (Classical + Groove + Jazz),gtzan___gtzan_jazz_00012
5070,-3.202437,-4.0445943,3 (Jazz + Pop + Rock),gtzan___gtzan_jazz_00013
5071,-12.565224,-1.6467625,1 (Classical + Groove + Jazz),gtzan___gtzan_jazz_00014
5072,-4.0515623,-3.1770704,3 (Jazz + Pop + Rock),gtzan___gtzan_jazz_00015
5073,-8.030372,-1.0313686,1 (Classical + Groove + Jazz),gtzan___gtzan_jazz_00016
5074,-5.010271,-2.7556152,1 (Classical + Groove + Jazz),gtzan___gtzan_jazz_00017
5075,-1.8109788,-4.9216967,3 (Jazz + Pop + Rock),gtzan___gtzan_jazz_00018
5076,-7.3897805,-2.6463764,1 (Classical + Groove + Jazz),gtzan___gtzan_jazz_00019
5077,-14.991822,-2.445053,1 (Classical + Groove + Jazz),gtzan___gtzan_jazz_00020
5078,-1.1294401,-4.7236166,3 (Jazz + Pop + Rock),gtzan___gtzan_jazz_00021
5079,-11.520291,-2.0310593,1 (Classical + Groove + Jazz),gtzan___gtzan_jazz_00022
5080,-2.038663,-4.0259624,3 (Jazz + Pop + Rock),gtzan___gtzan_jazz_00023
5081,-4.003162,-2.035878,3 (Jazz + Pop + Rock),gtzan___gtzan_jazz_00024
5082,-6.2721367,-2.0190566,1 (Classical + Groove + Jazz),gtzan___gtzan_jazz_00025
5083,-15.271181,-1.5839292,1 (Classical + Groove + Jazz),gtzan___gtzan_jazz_00026
5084,-6.557215,-2.7490509,1 (Classical + Groove + Jazz),gtzan___gtzan_jazz_00027
5085,-5.359701,-2.7538195,1 (Classical + Groove + Jazz),gtzan___gtzan_jazz_00028
5086,-4.4683294,-3.0162432,3 (Jazz + Pop + Rock),gtzan___gtzan_jazz_00029
5087,-11.552885,-1.6607233,1 (Classical + Groove + Jazz),gtzan___gtzan_jazz_00030
5088,-5.5031843,-2.854538,1 (Classical + Groove + Jazz),gtzan___gtzan_jazz_00031
5089,-13.160442,-1.9153556,1 (Classical + Groove + Jazz),gtzan___gtzan_jazz_00032
5090,-8.62745,-1.1918131,1 (Classical + Groove + Jazz),gtzan___gtzan_jazz_00033
5091,-0.66352206,-0.10942648,3 (Jazz + Pop + Rock),gtzan___gtzan_jazz_00034
5092,-8.328342,-4.4900694,1 (Classical + Groove + Jazz),gtzan___gtzan_jazz_00035
5093,-5.639234,-4.9148793,1 (Classical + Groove + Jazz),gtzan___gtzan_jazz_00036
5094,-4.776918,-2.9544,3 (Jazz + Pop + Rock),gtzan___gtzan_jazz_00037
5095,-2.277388,-2.7244225,3 (Jazz + Pop + Rock),gtzan___gtzan_jazz_00038
5096,-7.716783,-0.6841215,1 (Classical + Groove + Jazz),gtzan___gtzan_jazz_00039
5097,-4.582733,-5.000067,1 (Classical + Groove + Jazz),gtzan___gtzan_jazz_00040
5098,-7.025539,0.10437394,1 (Classical + Groove + Jazz),gtzan___gtzan_jazz_00041
5099,-5.474909,-0.091477156,1 (Classical + Groove + Jazz),gtzan___gtzan_jazz_00042
5100,-3.0571976,0.009896439,3 (Jazz + Pop + Rock),gtzan___gtzan_jazz_00043
5101,-7.6656227,-2.5851493,1 (Classical + Groove + Jazz),gtzan___gtzan_jazz_00044
5102,-7.187669,-3.8362246,1 (Classical + Groove + Jazz),gtzan___gtzan_jazz_00045
5103,-6.7720838,-1.7537729,1 (Classical + Groove + Jazz),gtzan___gtzan_jazz_00046
5104,-3.1841755,-3.5946295,3 (Jazz + Pop + Rock),gtzan___gtzan_jazz_00047
5105,-3.5418367,-3.4528275,3 (Jazz + Pop + Rock),gtzan___gtzan_jazz_00048
5106,-1.1418808,1.6798267,3 (Jazz + Pop + Rock),gtzan___gtzan_jazz_00049
5107,14.929131,1.0329053,2 (Pop + Rock + HJDB + Hip-Hop),gtzan___gtzan_jazz_00050
5108,-8.545845,-1.13663,1 (Classical + Groove + Jazz),gtzan___gtzan_jazz_00051
5109,9.80507,2.4267323,2 (Pop + Rock + HJDB + Hip-Hop),gtzan___gtzan_jazz_00052
5110,-0.4433576,0.16531211,3 (Jazz + Pop + Rock),gtzan___gtzan_jazz_00053
5111,5.018614,-2.8101757,3 (Jazz + Pop + Rock),gtzan___gtzan_jazz_00054
5112,-8.215863,-4.4120555,1 (Classical + Groove + Jazz),gtzan___gtzan_jazz_00055
5113,14.831689,0.27942032,2 (Pop + Rock + HJDB + Hip-Hop),gtzan___gtzan_jazz_00056
5114,-8.42237,-1.5870543,1 (Classical + Groove + Jazz),gtzan___gtzan_jazz_00057
5115,-5.416503,-4.818689,1 (Classical + Groove + Jazz),gtzan___gtzan_jazz_00058
5116,-3.077242,-1.1866745,3 (Jazz + Pop + Rock),gtzan___gtzan_jazz_00059
5117,-3.9103208,-2.673146,3 (Jazz + Pop + Rock),gtzan___gtzan_jazz_00060
5118,14.935203,-1.3491,2 (Pop + Rock + HJDB + Hip-Hop),gtzan___gtzan_jazz_00061
5119,-1.7584425,-2.6426296,3 (Jazz + Pop + Rock),gtzan___gtzan_jazz_00062
5120,14.440843,0.4006771,2 (Pop + Rock + HJDB + Hip-Hop),gtzan___gtzan_jazz_00063
5121,11.5797205,-3.8310723,2 (Pop + Rock + HJDB + Hip-Hop),gtzan___gtzan_jazz_00064
5122,-7.626792,-0.58896106,1 (Classical + Groove + Jazz),gtzan___gtzan_jazz_00065
5123,3.2667794,-1.3261695,3 (Jazz + Pop + Rock),gtzan___gtzan_jazz_00066
5124,-4.332735,-4.8310003,3 (Jazz + Pop + Rock),gtzan___gtzan_jazz_00067
5125,-5.320403,0.026843186,3 (Jazz + Pop + Rock),gtzan___gtzan_jazz_00068
5126,-1.8629687,0.8974489,3 (Jazz + Pop + Rock),gtzan___gtzan_jazz_00069
5127,-7.1832952,-2.333934,1 (Classical + Groove + Jazz),gtzan___gtzan_jazz_00070
5128,-7.0124288,-3.6648672,1 (Classical + Groove + Jazz),gtzan___gtzan_jazz_00071
5129,-6.595977,-1.6464863,1 (Classical + Groove + Jazz),gtzan___gtzan_jazz_00072
5130,10.388439,2.8857863,2 (Pop + Rock + HJDB + Hip-Hop),gtzan___gtzan_jazz_00073
5131,-0.763024,1.6787634,3 (Jazz + Pop + Rock),gtzan___gtzan_jazz_00074
5132,10.390919,2.7935562,2 (Pop + Rock + HJDB + Hip-Hop),gtzan___gtzan_jazz_00075
5133,0.22388881,1.34426,3 (Jazz + Pop + Rock),gtzan___gtzan_jazz_00076
5134,10.0409155,2.5948126,2 (Pop + Rock + HJDB + Hip-Hop),gtzan___gtzan_jazz_00077
5135,0.33004063,1.8255635,3 (Jazz + Pop + Rock),gtzan___gtzan_jazz_00078
5136,-0.035505317,-4.449935,3 (Jazz + Pop + Rock),gtzan___gtzan_jazz_00079
5137,10.949427,4.677799,2 (Pop + Rock + HJDB + Hip-Hop),gtzan___gtzan_jazz_00080
5138,-3.2475667,-3.2104495,3 (Jazz + Pop + Rock),gtzan___gtzan_jazz_00081
5139,9.840063,6.16937,2 (Pop + Rock + HJDB + Hip-Hop),gtzan___gtzan_jazz_00082
5140,10.276664,5.443478,2 (Pop + Rock + HJDB + Hip-Hop),gtzan___gtzan_jazz_00083
5141,-0.17598324,-4.2913685,3 (Jazz + Pop + Rock),gtzan___gtzan_jazz_00084
5142,1.4427302,-4.4967985,3 (Jazz + Pop + Rock),gtzan___gtzan_jazz_00085
5143,9.5060005,7.185498,2 (Pop + Rock + HJDB + Hip-Hop),gtzan___gtzan_jazz_00086
5144,-14.161497,-1.2215621,1 (Classical + Groove + Jazz),gtzan___gtzan_jazz_00087
5145,-2.709912,-2.8424013,3 (Jazz + Pop + Rock),gtzan___gtzan_jazz_00088
5146,-15.807787,-1.7179763,1 (Classical + Groove + Jazz),gtzan___gtzan_jazz_00089
5147,-3.0283809,-3.9689574,3 (Jazz + Pop + Rock),gtzan___gtzan_jazz_00090
5148,-11.102805,5.761734,1 (Classical + Groove + Jazz),gtzan___gtzan_jazz_00091
5149,-15.679037,-0.8106281,1 (Classical + Groove + Jazz),gtzan___gtzan_jazz_00092
5150,-3.104182,-3.557892,3 (Jazz + Pop + Rock),gtzan___gtzan_jazz_00093
5151,-13.894385,-1.8973807,1 (Classical + Groove + Jazz),gtzan___gtzan_jazz_00094
5152,-4.0851355,-2.670184,3 (Jazz + Pop + Rock),gtzan___gtzan_jazz_00095
5153,-8.675724,2.3919752,1 (Classical + Groove + Jazz),gtzan___gtzan_jazz_00096
5154,-16.454798,-3.615672,1 (Classical + Groove + Jazz),gtzan___gtzan_jazz_00097
5155,-4.3220754,-2.748778,3 (Jazz + Pop + Rock),gtzan___gtzan_jazz_00098
5156,-13.291535,-1.9591403,1 (Classical + Groove + Jazz),gtzan___gtzan_jazz_00099
5157,15.734251,1.6841968,2 (Pop + Rock + HJDB + Hip-Hop),gtzan___gtzan_metal_00000
5158,15.711405,2.9924135,2 (Pop + Rock + HJDB + Hip-Hop),gtzan___gtzan_metal_00001
5159,17.022131,1.458334,2 (Pop + Rock + HJDB + Hip-Hop),gtzan___gtzan_metal_00002
5160,16.947119,1.6519672,2 (Pop + Rock + HJDB + Hip-Hop),gtzan___gtzan_metal_00003
5161,13.016908,4.9146137,2 (Pop + Rock + HJDB + Hip-Hop),gtzan___gtzan_metal_00004
5162,16.23872,2.4648094,2 (Pop + Rock + HJDB + Hip-Hop),gtzan___gtzan_metal_00005
5163,12.453785,5.5776567,2 (Pop + Rock + HJDB + Hip-Hop),gtzan___gtzan_metal_00006
5164,15.799273,3.267557,2 (Pop + Rock + HJDB + Hip-Hop),gtzan___gtzan_metal_00007
5165,2.0831592,-4.928489,3 (Jazz + Pop + Rock),gtzan___gtzan_metal_00008
5166,18.195353,-0.81559247,2 (Pop + Rock + HJDB + Hip-Hop),gtzan___gtzan_metal_00009
5167,16.514946,2.436948,2 (Pop + Rock + HJDB + Hip-Hop),gtzan___gtzan_metal_00010
5168,18.187347,-0.5888325,2 (Pop + Rock + HJDB + Hip-Hop),gtzan___gtzan_metal_00011
5169,16.54787,2.3272674,2 (Pop + Rock + HJDB + Hip-Hop),gtzan___gtzan_metal_00012
5170,15.868284,3.0225222,2 (Pop + Rock + HJDB + Hip-Hop),gtzan___gtzan_metal_00013
5171,15.316493,3.800951,2 (Pop + Rock + HJDB + Hip-Hop),gtzan___gtzan_metal_00014
5172,16.24389,2.815346,2 (Pop + Rock + HJDB + Hip-Hop),gtzan___gtzan_metal_00015
5173,18.304832,-0.903323,2 (Pop + Rock + HJDB + Hip-Hop),gtzan___gtzan_metal_00016
5174,16.227001,2.6118007,2 (Pop + Rock + HJDB + Hip-Hop),gtzan___gtzan_metal_00017
5175,17.005762,2.197877,2 (Pop + Rock + HJDB + Hip-Hop),gtzan___gtzan_metal_00018
5176,15.10808,2.9808228,2 (Pop + Rock + HJDB + Hip-Hop),gtzan___gtzan_metal_00019
5177,16.188868,2.6159928,2 (Pop + Rock + HJDB + Hip-Hop),gtzan___gtzan_metal_00020
5178,16.101429,2.8301141,2 (Pop + Rock + HJDB + Hip-Hop),gtzan___gtzan_metal_00021
5179,17.262316,1.3154849,2 (Pop + Rock + HJDB + Hip-Hop),gtzan___gtzan_metal_00022
5180,17.169464,1.4393378,2 (Pop + Rock + HJDB + Hip-Hop),gtzan___gtzan_metal_00023
5181,17.629395,0.3392485,2 (Pop + Rock + HJDB + Hip-Hop),gtzan___gtzan_metal_00024
5182,15.156638,3.680218,2 (Pop + Rock + HJDB + Hip-Hop),gtzan___gtzan_metal_00025
5183,16.466433,2.4305725,2 (Pop + Rock + HJDB + Hip-Hop),gtzan___gtzan_metal_00026
5184,17.460617,0.6257624,2 (Pop + Rock + HJDB + Hip-Hop),gtzan___gtzan_metal_00027
5185,17.752106,0.37379488,2 (Pop + Rock + HJDB + Hip-Hop),gtzan___gtzan_metal_00028
5186,14.195438,3.9164891,2 (Pop + Rock + HJDB + Hip-Hop),gtzan___gtzan_metal_00029
5187,16.808224,2.1817667,2 (Pop + Rock + HJDB + Hip-Hop),gtzan___gtzan_metal_00030
5188,17.608595,0.03650719,2 (Pop + Rock + HJDB + Hip-Hop),gtzan___gtzan_metal_00031
5189,8.764529,-3.818319,2 (Pop + Rock + HJDB + Hip-Hop),gtzan___gtzan_metal_00032
5190,17.376375,1.6684859,2 (Pop + Rock + HJDB + Hip-Hop),gtzan___gtzan_metal_00033
5191,4.4833837,-0.09210903,3 (Jazz + Pop + Rock),gtzan___gtzan_metal_00034
5192,18.328566,-0.7116496,2 (Pop + Rock + HJDB + Hip-Hop),gtzan___gtzan_metal_00035
5193,16.099062,2.5147662,2 (Pop + Rock + HJDB + Hip-Hop),gtzan___gtzan_metal_00036
5194,16.534628,2.1992576,2 (Pop + Rock + HJDB + Hip-Hop),gtzan___gtzan_metal_00037
5195,4.7171597,-0.39175946,3 (Jazz + Pop + Rock),gtzan___gtzan_metal_00038
5196,16.312553,2.6294298,2 (Pop + Rock + HJDB + Hip-Hop),gtzan___gtzan_metal_00039
5197,16.16925,2.5985847,2 (Pop + Rock + HJDB + Hip-Hop),gtzan___gtzan_metal_00040
5198,16.012718,2.8464737,2 (Pop + Rock + HJDB + Hip-Hop),gtzan___gtzan_metal_00041
5199,16.105793,2.837723,2 (Pop + Rock + HJDB + Hip-Hop),gtzan___gtzan_metal_00042
5200,7.0375466,-3.4056096,2 (Pop + Rock + HJDB + Hip-Hop),gtzan___gtzan_metal_00043
5201,16.006735,2.8640025,2 (Pop + Rock + HJDB + Hip-Hop),gtzan___gtzan_metal_00044
5202,-1.1838073,2.9217868,3 (Jazz + Pop + Rock),gtzan___gtzan_metal_00045
5203,18.071552,-0.41025963,2 (Pop + Rock + HJDB + Hip-Hop),gtzan___gtzan_metal_00046
5204,18.080114,-0.35643283,2 (Pop + Rock + HJDB + Hip-Hop),gtzan___gtzan_metal_00047
5205,18.156872,-0.60272026,2 (Pop + Rock + HJDB + Hip-Hop),gtzan___gtzan_metal_00048
5206,18.220146,-0.61655885,2 (Pop + Rock + HJDB + Hip-Hop),gtzan___gtzan_metal_00049
5207,18.23624,-0.7330121,2 (Pop + Rock + HJDB + Hip-Hop),gtzan___gtzan_metal_00050
5208,18.235678,-0.58979714,2 (Pop + Rock + HJDB + Hip-Hop),gtzan___gtzan_metal_00051
5209,17.916725,-0.08583347,2 (Pop + Rock + HJDB + Hip-Hop),gtzan___gtzan_metal_00052
5210,18.132679,-0.6094699,2 (Pop + Rock + HJDB + Hip-Hop),gtzan___gtzan_metal_00053
5211,18.13568,-0.48813385,2 (Pop + Rock + HJDB + Hip-Hop),gtzan___gtzan_metal_00054
5212,18.213427,-0.5954878,2 (Pop + Rock + HJDB + Hip-Hop),gtzan___gtzan_metal_00055
5213,18.200169,-0.69064623,2 (Pop + Rock + HJDB + Hip-Hop),gtzan___gtzan_metal_00056
5214,17.531664,0.47172776,2 (Pop + Rock + HJDB + Hip-Hop),gtzan___gtzan_metal_00057
5215,17.763765,0.12800321,2 (Pop + Rock + HJDB + Hip-Hop),gtzan___gtzan_metal_00058
5216,18.06158,-0.09898332,2 (Pop + Rock + HJDB + Hip-Hop),gtzan___gtzan_metal_00059
5217,17.166113,1.4790498,2 (Pop + Rock + HJDB + Hip-Hop),gtzan___gtzan_metal_00060
5218,16.16925,2.5985847,2 (Pop + Rock + HJDB + Hip-Hop),gtzan___gtzan_metal_00061
5219,16.012716,2.8464732,2 (Pop + Rock + HJDB + Hip-Hop),gtzan___gtzan_metal_00062
5220,16.105791,2.8377216,2 (Pop + Rock + HJDB + Hip-Hop),gtzan___gtzan_metal_00063
5221,7.037534,-3.40561,2 (Pop + Rock + HJDB + Hip-Hop),gtzan___gtzan_metal_00064
5222,16.006786,2.8640044,2 (Pop + Rock + HJDB + Hip-Hop),gtzan___gtzan_metal_00065
5223,-1.1838014,2.9217854,3 (Jazz + Pop + Rock),gtzan___gtzan_metal_00066
5224,15.814756,2.6232784,2 (Pop + Rock + HJDB + Hip-Hop),gtzan___gtzan_metal_00067
5225,7.0335307,-3.450694,2 (Pop + Rock + HJDB + Hip-Hop),gtzan___gtzan_metal_00068
5226,6.9870105,-4.4715366,2 (Pop + Rock + HJDB + Hip-Hop),gtzan___gtzan_metal_00069
5227,-3.5944514,-1.8164726,3 (Jazz + Pop + Rock),gtzan___gtzan_metal_00070
5228,8.162619,-3.7221646,2 (Pop + Rock + HJDB + Hip-Hop),gtzan___gtzan_metal_00071
5229,17.376966,0.838582,2 (Pop + Rock + HJDB + Hip-Hop),gtzan___gtzan_metal_00072
5230,17.774994,-0.2868584,2 (Pop + Rock + HJDB + Hip-Hop),gtzan___gtzan_metal_00073
5231,-1.2725798,-5.012442,3 (Jazz + Pop + Rock),gtzan___gtzan_metal_00074
5232,9.8598795,-3.2950447,2 (Pop + Rock + HJDB + Hip-Hop),gtzan___gtzan_metal_00075
5233,15.968544,2.9310155,2 (Pop + Rock + HJDB + Hip-Hop),gtzan___gtzan_metal_00076
5234,17.24575,1.0977019,2 (Pop + Rock + HJDB + Hip-Hop),gtzan___gtzan_metal_00077
5235,17.827415,-0.11404852,2 (Pop + Rock + HJDB + Hip-Hop),gtzan___gtzan_metal_00078
5236,15.978609,2.5388098,2 (Pop + Rock + HJDB + Hip-Hop),gtzan___gtzan_metal_00079
5237,14.660718,3.1727543,2 (Pop + Rock + HJDB + Hip-Hop),gtzan___gtzan_metal_00080
5238,18.027725,0.110278204,2 (Pop + Rock + HJDB + Hip-Hop),gtzan___gtzan_metal_00081
5239,16.6197,1.9618531,2 (Pop + Rock + HJDB + Hip-Hop),gtzan___gtzan_metal_00082
5240,17.626955,0.8656138,2 (Pop + Rock + HJDB + Hip-Hop),gtzan___gtzan_metal_00083
5241,17.847456,-0.3604204,2 (Pop + Rock + HJDB + Hip-Hop),gtzan___gtzan_metal_00084
5242,16.814098,1.275282,2 (Pop + Rock + HJDB + Hip-Hop),gtzan___gtzan_metal_00085
5243,14.993858,3.1140282,2 (Pop + Rock + HJDB + Hip-Hop),gtzan___gtzan_metal_00086
5244,18.156153,-0.80674464,2 (Pop + Rock + HJDB + Hip-Hop),gtzan___gtzan_metal_00087
5245,-1.6292003,1.5320091,3 (Jazz + Pop + Rock),gtzan___gtzan_metal_00088
5246,8.388229,-4.997434,2 (Pop + Rock + HJDB + Hip-Hop),gtzan___gtzan_metal_00089
5247,15.459507,3.206402,2 (Pop + Rock + HJDB + Hip-Hop),gtzan___gtzan_metal_00090
5248,7.2436433,-4.2020106,2 (Pop + Rock + HJDB + Hip-Hop),gtzan___gtzan_metal_00091
5249,16.504429,1.841461,2 (Pop + Rock + HJDB + Hip-Hop),gtzan___gtzan_metal_00092
5250,16.01761,3.06965,2 (Pop + Rock + HJDB + Hip-Hop),gtzan___gtzan_metal_00093
5251,4.4833784,-0.09209951,3 (Jazz + Pop + Rock),gtzan___gtzan_metal_00094
5252,17.15635,0.8181588,2 (Pop + Rock + HJDB + Hip-Hop),gtzan___gtzan_metal_00095
5253,11.390448,-3.7440727,2 (Pop + Rock + HJDB + Hip-Hop),gtzan___gtzan_metal_00096
5254,15.894989,1.9889615,2 (Pop + Rock + HJDB + Hip-Hop),gtzan___gtzan_metal_00097
5255,8.147843,-3.6642842,2 (Pop + Rock + HJDB + Hip-Hop),gtzan___gtzan_metal_00098
5256,15.466227,2.163328,2 (Pop + Rock + HJDB + Hip-Hop),gtzan___gtzan_metal_00099
5257,7.8953934,4.8734436,2 (Pop + Rock + HJDB + Hip-Hop),gtzan___gtzan_pop_00000
5258,4.4633965,5.8252425,3 (Jazz + Pop + Rock),gtzan___gtzan_pop_00001
5259,10.93792,1.3988407,2 (Pop + Rock + HJDB + Hip-Hop),gtzan___gtzan_pop_00002
5260,3.8344429,-2.4728906,3 (Jazz + Pop + Rock),gtzan___gtzan_pop_00003
5261,15.890113,-1.6915542,2 (Pop + Rock + HJDB + Hip-Hop),gtzan___gtzan_pop_00004
5262,3.623423,6.173733,3 (Jazz + Pop + Rock),gtzan___gtzan_pop_00005
5263,-0.6769575,-3.403492,3 (Jazz + Pop + Rock),gtzan___gtzan_pop_00006
5264,-6.0645986,2.406363,1 (Classical + Groove + Jazz),gtzan___gtzan_pop_00007
5265,13.729915,0.39497423,2 (Pop + Rock + HJDB + Hip-Hop),gtzan___gtzan_pop_00008
5266,14.255431,-0.43998867,2 (Pop + Rock + HJDB + Hip-Hop),gtzan___gtzan_pop_00009
5267,3.4645727,-0.2509729,3 (Jazz + Pop + Rock),gtzan___gtzan_pop_00010
5268,-5.459481,-1.5866221,1 (Classical + Groove + Jazz),gtzan___gtzan_pop_00011
5269,10.557839,0.27700534,2 (Pop + Rock + HJDB + Hip-Hop),gtzan___gtzan_pop_00012
5270,-2.6135812,0.8532547,3 (Jazz + Pop + Rock),gtzan___gtzan_pop_00013
5271,2.714901,-3.4919538,3 (Jazz + Pop + Rock),gtzan___gtzan_pop_00014
5272,7.778976,2.0126476,2 (Pop + Rock + HJDB + Hip-Hop),gtzan___gtzan_pop_00015
5273,3.668271,4.4339437,3 (Jazz + Pop + Rock),gtzan___gtzan_pop_00016
5274,14.073774,0.4834378,2 (Pop + Rock + HJDB + Hip-Hop),gtzan___gtzan_pop_00017
5275,10.283469,1.5695562,2 (Pop + Rock + HJDB + Hip-Hop),gtzan___gtzan_pop_00018
5276,9.00913,-0.014642893,2 (Pop + Rock + HJDB + Hip-Hop),gtzan___gtzan_pop_00019
5277,13.232103,-3.0964139,2 (Pop + Rock + HJDB + Hip-Hop),gtzan___gtzan_pop_00020
5278,9.172217,-0.2195825,2 (Pop + Rock + HJDB + Hip-Hop),gtzan___gtzan_pop_00021
5279,7.7770734,2.012882,2 (Pop + Rock + HJDB + Hip-Hop),gtzan___gtzan_pop_00022
5280,5.996689,3.4219036,3 (Jazz + Pop + Rock),gtzan___gtzan_pop_00023
5281,9.849702,0.5100917,2 (Pop + Rock + HJDB + Hip-Hop),gtzan___gtzan_pop_00024
5282,3.214029,1.6591682,3 (Jazz + Pop + Rock),gtzan___gtzan_pop_00025
5283,7.260406,0.317391,2 (Pop + Rock + HJDB + Hip-Hop),gtzan___gtzan_pop_00026
5284,4.387549,2.5088823,3 (Jazz + Pop + Rock),gtzan___gtzan_pop_00027
5285,10.376274,0.63304836,2 (Pop + Rock + HJDB + Hip-Hop),gtzan___gtzan_pop_00028
5286,9.947272,0.308816,2 (Pop + Rock + HJDB + Hip-Hop),gtzan___gtzan_pop_00029
5287,12.300556,-2.694251,2 (Pop + Rock + HJDB + Hip-Hop),gtzan___gtzan_pop_00030
5288,11.881846,-2.6408563,2 (Pop + Rock + HJDB + Hip-Hop),gtzan___gtzan_pop_00031
5289,2.0831027,4.6012506,3 (Jazz + Pop + Rock),gtzan___gtzan_pop_00032
5290,3.4339304,5.4656672,3 (Jazz + Pop + Rock),gtzan___gtzan_pop_00033
5291,6.3491983,2.3692122,2 (Pop + Rock + HJDB + Hip-Hop),gtzan___gtzan_pop_00034
5292,14.459888,-3.7255366,2 (Pop + Rock + HJDB + Hip-Hop),gtzan___gtzan_pop_00035
5293,6.4038677,2.713302,2 (Pop + Rock + HJDB + Hip-Hop),gtzan___gtzan_pop_00036
5294,10.6006365,-1.9475235,2 (Pop + Rock + HJDB + Hip-Hop),gtzan___gtzan_pop_00037
5295,11.173138,-1.5275173,2 (Pop + Rock + HJDB + Hip-Hop),gtzan___gtzan_pop_00038
5296,9.164492,0.7289508,2 (Pop + Rock + HJDB + Hip-Hop),gtzan___gtzan_pop_00039
5297,9.087331,-1.3866667,2 (Pop + Rock + HJDB + Hip-Hop),gtzan___gtzan_pop_00040
5298,-3.946279,0.26327074,3 (Jazz + Pop + Rock),gtzan___gtzan_pop_00041
5299,8.349438,1.4588815,2 (Pop + Rock + HJDB + Hip-Hop),gtzan___gtzan_pop_00042
5300,9.713486,1.4866959,2 (Pop + Rock + HJDB + Hip-Hop),gtzan___gtzan_pop_00043
5301,7.6725903,2.7781057,2 (Pop + Rock + HJDB + Hip-Hop),gtzan___gtzan_pop_00044
5302,4.6162257,4.242539,3 (Jazz + Pop + Rock),gtzan___gtzan_pop_00045
5303,4.5551853,4.285242,3 (Jazz + Pop + Rock),gtzan___gtzan_pop_00046
5304,8.21303,1.3941704,2 (Pop + Rock + HJDB + Hip-Hop),gtzan___gtzan_pop_00047
5305,9.061263,2.6908772,2 (Pop + Rock + HJDB + Hip-Hop),gtzan___gtzan_pop_00048
5306,-3.2555141,1.65088,3 (Jazz + Pop + Rock),gtzan___gtzan_pop_00049
5307,5.5666494,3.2009373,3 (Jazz + Pop + Rock),gtzan___gtzan_pop_00050
5308,9.905589,0.013736444,2 (Pop + Rock + HJDB + Hip-Hop),gtzan___gtzan_pop_00051
5309,7.0530906,4.7028294,2 (Pop + Rock + HJDB + Hip-Hop),gtzan___gtzan_pop_00052
5310,0.18852937,6.3672304,3 (Jazz + Pop + Rock),gtzan___gtzan_pop_00053
5311,5.6045647,3.872975,3 (Jazz + Pop + Rock),gtzan___gtzan_pop_00054
5312,6.6996922,4.6724586,2 (Pop + Rock + HJDB + Hip-Hop),gtzan___gtzan_pop_00055
5313,2.6805902,5.9760523,3 (Jazz + Pop + Rock),gtzan___gtzan_pop_00056
5314,7.1467824,4.684725,2 (Pop + Rock + HJDB + Hip-Hop),gtzan___gtzan_pop_00057
5315,3.5225542,5.578088,3 (Jazz + Pop + Rock),gtzan___gtzan_pop_00058
5316,2.819698,6.066192,3 (Jazz + Pop + Rock),gtzan___gtzan_pop_00059
5317,5.6045637,3.8729813,3 (Jazz + Pop + Rock),gtzan___gtzan_pop_00060
5318,7.9492164,2.8598948,2 (Pop + Rock + HJDB + Hip-Hop),gtzan___gtzan_pop_00061
5319,8.729939,-0.9665558,2 (Pop + Rock + HJDB + Hip-Hop),gtzan___gtzan_pop_00062
5320,3.275459,-2.3717384,3 (Jazz + Pop + Rock),gtzan___gtzan_pop_00063
5321,1.9695923,6.354603,3 (Jazz + Pop + Rock),gtzan___gtzan_pop_00064
5322,3.7269099,1.145537,3 (Jazz + Pop + Rock),gtzan___gtzan_pop_00065
5323,4.6865416,2.9246542,3 (Jazz + Pop + Rock),gtzan___gtzan_pop_00066
5324,9.1585245,3.166291,2 (Pop + Rock + HJDB + Hip-Hop),gtzan___gtzan_pop_00067
5325,7.883881,2.0617855,2 (Pop + Rock + HJDB + Hip-Hop),gtzan___gtzan_pop_00068
5326,14.173037,-1.0789216,2 (Pop + Rock + HJDB + Hip-Hop),gtzan___gtzan_pop_00069
5327,8.501498,2.947177,2 (Pop + Rock + HJDB + Hip-Hop),gtzan___gtzan_pop_00070
5328,9.158524,3.1662889,2 (Pop + Rock + HJDB + Hip-Hop),gtzan___gtzan_pop_00071
5329,14.928479,-3.1799166,2 (Pop + Rock + HJDB + Hip-Hop),gtzan___gtzan_pop_00072
5330,12.092473,-2.058008,2 (Pop + Rock + HJDB + Hip-Hop),gtzan___gtzan_pop_00073
5331,4.6719217,5.900385,3 (Jazz + Pop + Rock),gtzan___gtzan_pop_00074
5332,8.165501,4.162377,2 (Pop + Rock + HJDB + Hip-Hop),gtzan___gtzan_pop_00075
5333,7.1829486,3.0371883,2 (Pop + Rock + HJDB + Hip-Hop),gtzan___gtzan_pop_00076
5334,6.419863,3.8430994,2 (Pop + Rock + HJDB + Hip-Hop),gtzan___gtzan_pop_00077
5335,6.843443,2.6651988,2 (Pop + Rock + HJDB + Hip-Hop),gtzan___gtzan_pop_00078
5336,-7.820733,1.8519441,1 (Classical + Groove + Jazz),gtzan___gtzan_pop_00079
5337,8.225852,1.3857147,2 (Pop + Rock + HJDB + Hip-Hop),gtzan___gtzan_pop_00080
5338,0.26659036,-1.1663179,3 (Jazz + Pop + Rock),gtzan___gtzan_pop_00081
5339,11.469306,1.6663026,2 (Pop + Rock + HJDB + Hip-Hop),gtzan___gtzan_pop_00082
5340,4.0631065,-1.5822015,3 (Jazz + Pop + Rock),gtzan___gtzan_pop_00083
5341,1.7644547,5.1804776,3 (Jazz + Pop + Rock),gtzan___gtzan_pop_00084
5342,3.774226,5.261419,3 (Jazz + Pop + Rock),gtzan___gtzan_pop_00085
5343,12.841937,0.6202244,2 (Pop + Rock + HJDB + Hip-Hop),gtzan___gtzan_pop_00086
5344,11.10613,1.3406138,2 (Pop + Rock + HJDB + Hip-Hop),gtzan___gtzan_pop_00087
5345,6.063056,3.6258485,3 (Jazz + Pop + Rock),gtzan___gtzan_pop_00088
5346,3.9175508,5.5356984,3 (Jazz + Pop + Rock),gtzan___gtzan_pop_00089
5347,11.163159,1.3183781,2 (Pop + Rock + HJDB + Hip-Hop),gtzan___gtzan_pop_00090
5348,8.834157,1.5520247,2 (Pop + Rock + HJDB + Hip-Hop),gtzan___gtzan_pop_00091
5349,13.98331,-2.0012538,2 (Pop + Rock + HJDB + Hip-Hop),gtzan___gtzan_pop_00092
5350,13.827381,-0.7140878,2 (Pop + Rock + HJDB + Hip-Hop),gtzan___gtzan_pop_00093
5351,10.638859,-1.284102,2 (Pop + Rock + HJDB + Hip-Hop),gtzan___gtzan_pop_00094
5352,8.771404,0.93981135,2 (Pop + Rock + HJDB + Hip-Hop),gtzan___gtzan_pop_00095
5353,7.4227233,2.9415746,2 (Pop + Rock + HJDB + Hip-Hop),gtzan___gtzan_pop_00096
5354,0.86654544,4.2615013,3 (Jazz + Pop + Rock),gtzan___gtzan_pop_00097
5355,6.9411464,3.2812154,2 (Pop + Rock + HJDB + Hip-Hop),gtzan___gtzan_pop_00098
5356,2.568751,2.1480556,3 (Jazz + Pop + Rock),gtzan___gtzan_pop_00099
5357,-1.9009588,-0.17307654,3 (Jazz + Pop + Rock),gtzan___gtzan_reggae_00000
5358,-3.2727284,-3.0090652,3 (Jazz + Pop + Rock),gtzan___gtzan_reggae_00001
5359,-4.6393914,1.9242495,3 (Jazz + Pop + Rock),gtzan___gtzan_reggae_00002
5360,-4.83785,1.7364767,3 (Jazz + Pop + Rock),gtzan___gtzan_reggae_00003
5361,-2.7422457,2.6859512,3 (Jazz + Pop + Rock),gtzan___gtzan_reggae_00004
5362,-3.7022505,1.1970508,3 (Jazz + Pop + Rock),gtzan___gtzan_reggae_00005
5363,-4.490919,1.0356076,3 (Jazz + Pop + Rock),gtzan___gtzan_reggae_00006
5364,-4.096079,1.4771845,3 (Jazz + Pop + Rock),gtzan___gtzan_reggae_00007
5365,-4.52581,1.9361682,3 (Jazz + Pop + Rock),gtzan___gtzan_reggae_00008
5366,-6.228241,1.2431883,1 (Classical + Groove + Jazz),gtzan___gtzan_reggae_00009
5367,-5.5166874,1.3592758,3 (Jazz + Pop + Rock),gtzan___gtzan_reggae_00010
5368,-3.8117266,-0.3462424,3 (Jazz + Pop + Rock),gtzan___gtzan_reggae_00011
5369,-3.7958336,0.97526234,3 (Jazz + Pop + Rock),gtzan___gtzan_reggae_00012
5370,-4.410866,1.6316131,3 (Jazz + Pop + Rock),gtzan___gtzan_reggae_00013
5371,-5.1233006,1.6423204,3 (Jazz + Pop + Rock),gtzan___gtzan_reggae_00014
5372,-1.7927344,0.08109436,3 (Jazz + Pop + Rock),gtzan___gtzan_reggae_00015
5373,7.2285414,-2.6877155,2 (Pop + Rock + HJDB + Hip-Hop),gtzan___gtzan_reggae_00016
5374,-1.4186561,1.2155671,3 (Jazz + Pop + Rock),gtzan___gtzan_reggae_00017
5375,-2.934296,0.8703601,3 (Jazz + Pop + Rock),gtzan___gtzan_reggae_00018
5376,-4.100974,3.250952,3 (Jazz + Pop + Rock),gtzan___gtzan_reggae_00019
5377,-3.930314,1.8238051,3 (Jazz + Pop + Rock),gtzan___gtzan_reggae_00020
5378,7.5412407,-4.0754666,2 (Pop + Rock + HJDB + Hip-Hop),gtzan___gtzan_reggae_00021
5379,7.094214,-3.388336,2 (Pop + Rock + HJDB + Hip-Hop),gtzan___gtzan_reggae_00022
5380,-3.1598547,-1.5492442,3 (Jazz + Pop + Rock),gtzan___gtzan_reggae_00023
5381,-3.1953754,2.0409932,3 (Jazz + Pop + Rock),gtzan___gtzan_reggae_00024
5382,-4.067919,3.2835803,3 (Jazz + Pop + Rock),gtzan___gtzan_reggae_00025
5383,-3.655978,3.0673325,3 (Jazz + Pop + Rock),gtzan___gtzan_reggae_00026
5384,-3.4489985,3.224556,3 (Jazz + Pop + Rock),gtzan___gtzan_reggae_00027
5385,-6.994406,1.6743511,1 (Classical + Groove + Jazz),gtzan___gtzan_reggae_00028
5386,-4.3909574,0.48447016,3 (Jazz + Pop + Rock),gtzan___gtzan_reggae_00029
5387,-6.812566,1.9388355,1 (Classical + Groove + Jazz),gtzan___gtzan_reggae_00030
5388,-6.609336,1.913977,1 (Classical + Groove + Jazz),gtzan___gtzan_reggae_00031
5389,-6.2989025,0.8481704,1 (Classical + Groove + Jazz),gtzan___gtzan_reggae_00032
5390,-6.950111,1.4291452,1 (Classical + Groove + Jazz),gtzan___gtzan_reggae_00033
5391,-6.299355,1.100232,1 (Classical + Groove + Jazz),gtzan___gtzan_reggae_00034
5392,-6.161564,1.1529884,1 (Classical + Groove + Jazz),gtzan___gtzan_reggae_00035
5393,-7.1122203,1.9489487,1 (Classical + Groove + Jazz),gtzan___gtzan_reggae_00036
5394,-6.8528757,1.9289331,1 (Classical + Groove + Jazz),gtzan___gtzan_reggae_00037
5395,-6.504687,1.3801072,1 (Classical + Groove + Jazz),gtzan___gtzan_reggae_00038
5396,-9.977924,2.536283,1 (Classical + Groove + Jazz),gtzan___gtzan_reggae_00039
5397,-8.114882,2.139329,1 (Classical + Groove + Jazz),gtzan___gtzan_reggae_00040
5398,-2.7235703,1.303965,3 (Jazz + Pop + Rock),gtzan___gtzan_reggae_00041
5399,-1.8031894,0.02264384,3 (Jazz + Pop + Rock),gtzan___gtzan_reggae_00042
5400,-0.2988622,-1.9544014,3 (Jazz + Pop + Rock),gtzan___gtzan_reggae_00043
5401,3.5361524,0.3667771,3 (Jazz + Pop + Rock),gtzan___gtzan_reggae_00044
5402,0.57866377,6.1839166,3 (Jazz + Pop + Rock),gtzan___gtzan_reggae_00045
5403,-1.2454699,-2.4090235,3 (Jazz + Pop + Rock),gtzan___gtzan_reggae_00046
5404,-0.029132046,3.1359494,3 (Jazz + Pop + Rock),gtzan___gtzan_reggae_00047
5405,1.2809479,2.7281563,3 (Jazz + Pop + Rock),gtzan___gtzan_reggae_00048
5406,2.1939108,0.8249527,3 (Jazz + Pop + Rock),gtzan___gtzan_reggae_00049
5407,3.311778,2.656273,3 (Jazz + Pop + Rock),gtzan___gtzan_reggae_00050
5408,-4.4927244,5.885236,3 (Jazz + Pop + Rock),gtzan___gtzan_reggae_00051
5409,6.8363824,4.1158485,2 (Pop + Rock + HJDB + Hip-Hop),gtzan___gtzan_reggae_00052
5410,-7.2606406,2.0271287,1 (Classical + Groove + Jazz),gtzan___gtzan_reggae_00053
5411,-3.0284398,3.7603507,3 (Jazz + Pop + Rock),gtzan___gtzan_reggae_00054
5412,-0.27813858,0.9308832,3 (Jazz + Pop + Rock),gtzan___gtzan_reggae_00055
5413,-2.2553108,2.599288,3 (Jazz + Pop + Rock),gtzan___gtzan_reggae_00056
5414,-3.1731381,3.2248936,3 (Jazz + Pop + Rock),gtzan___gtzan_reggae_00057
5415,-1.7867124,3.608367,3 (Jazz + Pop + Rock),gtzan___gtzan_reggae_00058
5416,4.3711348,2.414794,3 (Jazz + Pop + Rock),gtzan___gtzan_reggae_00059
5417,-10.391812,4.0230427,1 (Classical + Groove + Jazz),gtzan___gtzan_reggae_00060
5418,6.1361504,2.9266112,3 (Jazz + Pop + Rock),gtzan___gtzan_reggae_00061
5419,-10.1081295,4.253978,1 (Classical + Groove + Jazz),gtzan___gtzan_reggae_00062
5420,-1.188403,0.11445497,3 (Jazz + Pop + Rock),gtzan___gtzan_reggae_00063
5421,7.4062448,3.9510624,2 (Pop + Rock + HJDB + Hip-Hop),gtzan___gtzan_reggae_00064
5422,3.5430508,4.933427,3 (Jazz + Pop + Rock),gtzan___gtzan_reggae_00065
5423,0.022647543,0.22069672,3 (Jazz + Pop + Rock),gtzan___gtzan_reggae_00066
5424,2.1085045,-2.5852475,3 (Jazz + Pop + Rock),gtzan___gtzan_reggae_00067
5425,-3.9736924,3.6990063,3 (Jazz + Pop + Rock),gtzan___gtzan_reggae_00068
5426,0.95754063,1.4344325,3 (Jazz + Pop + Rock),gtzan___gtzan_reggae_00069
5427,-0.144854,3.454942,3 (Jazz + Pop + Rock),gtzan___gtzan_reggae_00070
5428,-1.4664298,5.372376,3 (Jazz + Pop + Rock),gtzan___gtzan_reggae_00071
5429,3.40437,4.74298,3 (Jazz + Pop + Rock),gtzan___gtzan_reggae_00072
5430,3.2184305,-2.998705,3 (Jazz + Pop + Rock),gtzan___gtzan_reggae_00073
5431,3.2262495,-2.9960766,3 (Jazz + Pop + Rock),gtzan___gtzan_reggae_00074
5432,9.271897,-0.49313846,2 (Pop + Rock + HJDB + Hip-Hop),gtzan___gtzan_reggae_00075
5433,-0.015293666,5.6146464,3 (Jazz + Pop + Rock),gtzan___gtzan_reggae_00076
5434,0.46950442,-2.4566615,3 (Jazz + Pop + Rock),gtzan___gtzan_reggae_00077
5435,-2.6502898,3.7005932,3 (Jazz + Pop + Rock),gtzan___gtzan_reggae_00078
5436,7.135173,7.5390825,2 (Pop + Rock + HJDB + Hip-Hop),gtzan___gtzan_reggae_00079
5437,1.8575637,4.63511,3 (Jazz + Pop + Rock),gtzan___gtzan_reggae_00080
5438,1.2199458,4.7744174,3 (Jazz + Pop + Rock),gtzan___gtzan_reggae_00081
5439,1.2199458,4.7744174,3 (Jazz + Pop + Rock),gtzan___gtzan_reggae_00082
5440,-7.662126,1.1647695,1 (Classical + Groove + Jazz),gtzan___gtzan_reggae_00083
5441,-1.0622159,0.9425035,3 (Jazz + Pop + Rock),gtzan___gtzan_reggae_00084
5442,-2.0039167,2.8619041,3 (Jazz + Pop + Rock),gtzan___gtzan_reggae_00085
5443,2.036517,5.189696,3 (Jazz + Pop + Rock),gtzan___gtzan_reggae_00087
5444,8.713,3.5470178,2 (Pop + Rock + HJDB + Hip-Hop),gtzan___gtzan_reggae_00088
5445,-4.7227383,2.2623794,3 (Jazz + Pop + Rock),gtzan___gtzan_reggae_00089
5446,0.9653233,3.2259717,3 (Jazz + Pop + Rock),gtzan___gtzan_reggae_00090
5447,0.6700784,-0.89055884,3 (Jazz + Pop + Rock),gtzan___gtzan_reggae_00091
5448,1.537386,-0.71884286,3 (Jazz + Pop + Rock),gtzan___gtzan_reggae_00092
5449,0.352287,2.4517732,3 (Jazz + Pop + Rock),gtzan___gtzan_reggae_00093
5450,6.098631,-1.9099627,3 (Jazz + Pop + Rock),gtzan___gtzan_reggae_00094
5451,11.19218,1.6505984,2 (Pop + Rock + HJDB + Hip-Hop),gtzan___gtzan_reggae_00095
5452,-2.1024837,2.8273323,3 (Jazz + Pop + Rock),gtzan___gtzan_reggae_00096
5453,-0.24099675,0.20992748,3 (Jazz + Pop + Rock),gtzan___gtzan_reggae_00097
5454,0.21252747,1.2010787,3 (Jazz + Pop + Rock),gtzan___gtzan_reggae_00098
5455,7.794432,-2.3539274,2 (Pop + Rock + HJDB + Hip-Hop),gtzan___gtzan_reggae_00099
5456,2.3762856,-0.08007654,3 (Jazz + Pop + Rock),gtzan___gtzan_rock_00000
5457,7.1280274,-4.0195923,2 (Pop + Rock + HJDB + Hip-Hop),gtzan___gtzan_rock_00001
5458,-0.18330733,3.4078062,3 (Jazz + Pop + Rock),gtzan___gtzan_rock_00002
5459,-0.33536628,-0.49891928,3 (Jazz + Pop + Rock),gtzan___gtzan_rock_00003
5460,5.563492,-3.9131746,3 (Jazz + Pop + Rock),gtzan___gtzan_rock_00004
5461,10.359962,-4.9129267,2 (Pop + Rock + HJDB + Hip-Hop),gtzan___gtzan_rock_00005
5462,6.689364,-3.1744883,2 (Pop + Rock + HJDB + Hip-Hop),gtzan___gtzan_rock_00006
5463,5.092282,-3.6703598,3 (Jazz + Pop + Rock),gtzan___gtzan_rock_00007
5464,18.105696,0.17893894,2 (Pop + Rock + HJDB + Hip-Hop),gtzan___gtzan_rock_00008
5465,-2.1923895,-1.3898163,3 (Jazz + Pop + Rock),gtzan___gtzan_rock_00009
5466,6.4185286,-3.8637908,2 (Pop + Rock + HJDB + Hip-Hop),gtzan___gtzan_rock_00010
5467,-1.0193986,-2.6360774,3 (Jazz + Pop + Rock),gtzan___gtzan_rock_00011
5468,-4.7101865,0.9393648,3 (Jazz + Pop + Rock),gtzan___gtzan_rock_00012
5469,-4.274854,-0.3845092,3 (Jazz + Pop + Rock),gtzan___gtzan_rock_00013
5470,-5.905665,1.3751975,1 (Classical + Groove + Jazz),gtzan___gtzan_rock_00014
5471,-2.3191917,0.63603437,3 (Jazz + Pop + Rock),gtzan___gtzan_rock_00015
5472,17.763765,0.12800321,2 (Pop + Rock + HJDB + Hip-Hop),gtzan___gtzan_rock_00016
5473,16.911644,1.2704797,2 (Pop + Rock + HJDB + Hip-Hop),gtzan___gtzan_rock_00017
5474,16.168724,1.9016746,2 (Pop + Rock + HJDB + Hip-Hop),gtzan___gtzan_rock_00018
5475,16.16288,2.1945763,2 (Pop + Rock + HJDB + Hip-Hop),gtzan___gtzan_rock_00019
5476,9.31372,-4.2273817,2 (Pop + Rock + HJDB + Hip-Hop),gtzan___gtzan_rock_00020
5477,10.670067,-4.2324204,2 (Pop + Rock + HJDB + Hip-Hop),gtzan___gtzan_rock_00021
5478,17.432322,0.66507727,2 (Pop + Rock + HJDB + Hip-Hop),gtzan___gtzan_rock_00022
5479,7.9135303,-3.911391,2 (Pop + Rock + HJDB + Hip-Hop),gtzan___gtzan_rock_00023
5480,16.953436,1.220665,2 (Pop + Rock + HJDB + Hip-Hop),gtzan___gtzan_rock_00024
5481,17.0266,1.1489842,2 (Pop + Rock + HJDB + Hip-Hop),gtzan___gtzan_rock_00025
5482,16.51605,1.5955582,2 (Pop + Rock + HJDB + Hip-Hop),gtzan___gtzan_rock_00026
5483,9.909859,4.193003,2 (Pop + Rock + HJDB + Hip-Hop),gtzan___gtzan_rock_00027
5484,12.093412,1.93932,2 (Pop + Rock + HJDB + Hip-Hop),gtzan___gtzan_rock_00028
5485,15.717467,-0.12725317,2 (Pop + Rock + HJDB + Hip-Hop),gtzan___gtzan_rock_00029
5486,1.4847935,-1.5977206,3 (Jazz + Pop + Rock),gtzan___gtzan_rock_00030
5487,5.8673277,1.9953164,3 (Jazz + Pop + Rock),gtzan___gtzan_rock_00031
5488,15.472914,-1.1871887,2 (Pop + Rock + HJDB + Hip-Hop),gtzan___gtzan_rock_00032
5489,4.7895823,-2.716061,3 (Jazz + Pop + Rock),gtzan___gtzan_rock_00033
5490,15.397373,-0.54620445,2 (Pop + Rock + HJDB + Hip-Hop),gtzan___gtzan_rock_00034
5491,3.1076152,-3.5926635,3 (Jazz + Pop + Rock),gtzan___gtzan_rock_00035
5492,15.963445,-1.9136581,2 (Pop + Rock + HJDB + Hip-Hop),gtzan___gtzan_rock_00036
5493,12.468785,1.1306134,2 (Pop + Rock + HJDB + Hip-Hop),gtzan___gtzan_rock_00037
5494,15.035545,-1.7600498,2 (Pop + Rock + HJDB + Hip-Hop),gtzan___gtzan_rock_00038
5495,15.412298,0.27921465,2 (Pop + Rock + HJDB + Hip-Hop),gtzan___gtzan_rock_00039
5496,10.259725,2.440672,2 (Pop + Rock + HJDB + Hip-Hop),gtzan___gtzan_rock_00040
5497,14.614117,-0.34443104,2 (Pop + Rock + HJDB + Hip-Hop),gtzan___gtzan_rock_00041
5498,10.872701,0.7109091,2 (Pop + Rock + HJDB + Hip-Hop),gtzan___gtzan_rock_00042
5499,8.23156,0.9455874,2 (Pop + Rock + HJDB + Hip-Hop),gtzan___gtzan_rock_00043
5500,5.039153,-2.4947479,3 (Jazz + Pop + Rock),gtzan___gtzan_rock_00044
5501,4.1250253,-5.507754,3 (Jazz + Pop + Rock),gtzan___gtzan_rock_00045
5502,12.012994,1.6803035,2 (Pop + Rock + HJDB + Hip-Hop),gtzan___gtzan_rock_00046
5503,12.479333,1.33426,2 (Pop + Rock + HJDB + Hip-Hop),gtzan___gtzan_rock_00047
5504,9.24594,-4.535599,2 (Pop + Rock + HJDB + Hip-Hop),gtzan___gtzan_rock_00048
5505,3.1502829,-0.3476859,3 (Jazz + Pop + Rock),gtzan___gtzan_rock_00049
5506,0.9995959,-2.946534,3 (Jazz + Pop + Rock),gtzan___gtzan_rock_00050
5507,11.525513,2.0401967,2 (Pop + Rock + HJDB + Hip-Hop),gtzan___gtzan_rock_00051
5508,-3.9735584,3.2282248,3 (Jazz + Pop + Rock),gtzan___gtzan_rock_00052
5509,16.657833,-1.6162599,2 (Pop + Rock + HJDB + Hip-Hop),gtzan___gtzan_rock_00053
5510,2.022884,-3.22235,3 (Jazz + Pop + Rock),gtzan___gtzan_rock_00054
5511,5.423426,-3.1087162,3 (Jazz + Pop + Rock),gtzan___gtzan_rock_00055
5512,16.585777,-1.4833932,2 (Pop + Rock + HJDB + Hip-Hop),gtzan___gtzan_rock_00056
5513,12.986033,1.1014223,2 (Pop + Rock + HJDB + Hip-Hop),gtzan___gtzan_rock_00057
5514,1.6012074,-3.3288677,3 (Jazz + Pop + Rock),gtzan___gtzan_rock_00058
5515,-3.2294986,-3.017866,3 (Jazz + Pop + Rock),gtzan___gtzan_rock_00059
5516,12.504883,1.7601713,2 (Pop + Rock + HJDB + Hip-Hop),gtzan___gtzan_rock_00060
5517,-3.5226955,-0.2164425,3 (Jazz + Pop + Rock),gtzan___gtzan_rock_00061
5518,-4.526307,-1.0419165,3 (Jazz + Pop + Rock),gtzan___gtzan_rock_00062
5519,-7.884155,2.1428869,1 (Classical + Groove + Jazz),gtzan___gtzan_rock_00063
5520,6.4939938,-3.963015,2 (Pop + Rock + HJDB + Hip-Hop),gtzan___gtzan_rock_00064
5521,7.4638453,-3.8172743,2 (Pop + Rock + HJDB + Hip-Hop),gtzan___gtzan_rock_00065
5522,-6.753526,1.1206198,1 (Classical + Groove + Jazz),gtzan___gtzan_rock_00066
5523,5.8091035,-3.779365,3 (Jazz + Pop + Rock),gtzan___gtzan_rock_00067
5524,6.4485264,-4.1684394,2 (Pop + Rock + HJDB + Hip-Hop),gtzan___gtzan_rock_00068
5525,-3.055254,-2.2052464,3 (Jazz + Pop + Rock),gtzan___gtzan_rock_00069
5526,-4.654923,0.44373962,3 (Jazz + Pop + Rock),gtzan___gtzan_rock_00070
5527,7.315449,-3.4545765,2 (Pop + Rock + HJDB + Hip-Hop),gtzan___gtzan_rock_00071
5528,6.393112,-3.7075717,2 (Pop + Rock + HJDB + Hip-Hop),gtzan___gtzan_rock_00072
5529,8.949763,-4.0813,2 (Pop + Rock + HJDB + Hip-Hop),gtzan___gtzan_rock_00073
5530,7.9016256,-4.184729,2 (Pop + Rock + HJDB + Hip-Hop),gtzan___gtzan_rock_00074
5531,6.09353,-3.4022024,3 (Jazz + Pop + Rock),gtzan___gtzan_rock_00075
5532,5.3222876,-3.8978274,3 (Jazz + Pop + Rock),gtzan___gtzan_rock_00076
5533,6.808338,-3.780472,2 (Pop + Rock + HJDB + Hip-Hop),gtzan___gtzan_rock_00077
5534,5.504391,-3.8362443,3 (Jazz + Pop + Rock),gtzan___gtzan_rock_00078
5535,7.449356,-4.0018816,2 (Pop + Rock + HJDB + Hip-Hop),gtzan___gtzan_rock_00079
5536,8.081443,-4.174622,2 (Pop + Rock + HJDB + Hip-Hop),gtzan___gtzan_rock_00080
5537,3.3731387,0.56094563,3 (Jazz + Pop + Rock),gtzan___gtzan_rock_00081
5538,7.063441,-3.8605807,2 (Pop + Rock + HJDB + Hip-Hop),gtzan___gtzan_rock_00082
5539,6.490437,-4.334387,2 (Pop + Rock + HJDB + Hip-Hop),gtzan___gtzan_rock_00083
5540,7.419767,-4.050063,2 (Pop + Rock + HJDB + Hip-Hop),gtzan___gtzan_rock_00084
5541,-2.0891,-0.03277819,3 (Jazz + Pop + Rock),gtzan___gtzan_rock_00085
5542,-1.4452199,5.693987,3 (Jazz + Pop + Rock),gtzan___gtzan_rock_00086
5543,17.23743,0.86336,2 (Pop + Rock + HJDB + Hip-Hop),gtzan___gtzan_rock_00087
5544,3.7991292,0.21502583,3 (Jazz + Pop + Rock),gtzan___gtzan_rock_00088
5545,1.6436772,-2.5522397,3 (Jazz + Pop + Rock),gtzan___gtzan_rock_00089
5546,7.365421,-3.180027,2 (Pop + Rock + HJDB + Hip-Hop),gtzan___gtzan_rock_00090
5547,16.26415,2.0956352,2 (Pop + Rock + HJDB + Hip-Hop),gtzan___gtzan_rock_00091
5548,16.552742,2.0119376,2 (Pop + Rock + HJDB + Hip-Hop),gtzan___gtzan_rock_00092
5549,15.93255,3.3633454,2 (Pop + Rock + HJDB + Hip-Hop),gtzan___gtzan_rock_00093
5550,16.24465,2.80877,2 (Pop + Rock + HJDB + Hip-Hop),gtzan___gtzan_rock_00094
5551,5.0125866,-4.2701297,3 (Jazz + Pop + Rock),gtzan___gtzan_rock_00095
5552,5.965674,-4.0747848,3 (Jazz + Pop + Rock),gtzan___gtzan_rock_00096
5553,7.4456573,-4.7696166,2 (Pop + Rock + HJDB + Hip-Hop),gtzan___gtzan_rock_00097
5554,-3.8444002,1.4899182,3 (Jazz + Pop + Rock),gtzan___gtzan_rock_00098
5555,-5.008222,1.9536762,3 (Jazz + Pop + Rock),gtzan___gtzan_rock_00099
